location_id,location_name,year,cause_name,measure,rate_age_std_combined,rate_combined,rate_lower_combined,rate_upper_combined
298,American Samoa,1990,Cardiovascular diseases,dalys,8451.09,4442.25,3710.62,5220.94
298,American Samoa,1991,Cardiovascular diseases,dalys,8567.37,4501.0,3787.88,5286.2
298,American Samoa,1992,Cardiovascular diseases,dalys,8662.75,4550.69,3829.38,5288.83
298,American Samoa,1993,Cardiovascular diseases,dalys,8789.45,4623.65,3925.16,5409.81
298,American Samoa,1994,Cardiovascular diseases,dalys,8841.2,4661.44,3986.94,5461.25
298,American Samoa,1995,Cardiovascular diseases,dalys,8866.92,4682.86,4032.38,5396.09
298,American Samoa,1996,Cardiovascular diseases,dalys,8913.77,4734.93,4080.34,5394.04
298,American Samoa,1997,Cardiovascular diseases,dalys,8968.98,4803.86,4131.42,5412.65
298,American Samoa,1998,Cardiovascular diseases,dalys,8995.35,4862.12,4154.6,5500.6
74,Andorra,1990,Cardiovascular diseases,dalys,3050.19,3198.36,2579.94,3781.53
74,Andorra,1991,Cardiovascular diseases,dalys,3002.62,3131.49,2551.37,3685.96
74,Andorra,1992,Cardiovascular diseases,dalys,2953.58,3151.33,2587.86,3670.59
74,Andorra,1993,Cardiovascular diseases,dalys,2917.03,3194.18,2657.79,3693.74
74,Andorra,1994,Cardiovascular diseases,dalys,2850.89,3239.07,2711.89,3702.02
74,Andorra,1995,Cardiovascular diseases,dalys,2782.27,3289.67,2759.94,3735.83
74,Andorra,1996,Cardiovascular diseases,dalys,2715.61,3334.49,2798.96,3792.37
74,Andorra,1997,Cardiovascular diseases,dalys,2648.41,3358.65,2797.85,3809.18
74,Andorra,1998,Cardiovascular diseases,dalys,2597.15,3395.32,2834.87,3881.57
105,Antigua and Barbuda,1990,Cardiovascular diseases,dalys,6850.52,5878.75,5530.18,6213.59
105,Antigua and Barbuda,1991,Cardiovascular diseases,dalys,6633.77,5690.88,5346.0,6039.71
105,Antigua and Barbuda,1992,Cardiovascular diseases,dalys,6539.11,5598.34,5308.16,5936.5
105,Antigua and Barbuda,1993,Cardiovascular diseases,dalys,6409.94,5412.84,5118.84,5714.67
105,Antigua and Barbuda,1994,Cardiovascular diseases,dalys,6314.11,5310.49,5011.1,5603.52
105,Antigua and Barbuda,1995,Cardiovascular diseases,dalys,6424.85,5372.42,5046.51,5686.78
105,Antigua and Barbuda,1996,Cardiovascular diseases,dalys,6219.75,5124.29,4791.98,5406.37
105,Antigua and Barbuda,1997,Cardiovascular diseases,dalys,6089.47,5042.88,4712.62,5302.73
105,Antigua and Barbuda,1998,Cardiovascular diseases,dalys,5886.98,4836.3,4542.13,5121.86
71,Australia,1990,Cardiovascular diseases,dalys,5275.15,5992.56,5676.86,6197.34
71,Australia,1991,Cardiovascular diseases,dalys,5004.27,5759.87,5426.38,5980.04
71,Australia,1992,Cardiovascular diseases,dalys,4897.77,5735.27,5404.01,5954.95
71,Australia,1993,Cardiovascular diseases,dalys,4687.53,5557.14,5238.99,5780.16
71,Australia,1994,Cardiovascular diseases,dalys,4580.44,5536.32,5192.04,5765.69
71,Australia,1995,Cardiovascular diseases,dalys,4379.47,5365.76,5031.01,5592.36
71,Australia,1996,Cardiovascular diseases,dalys,4229.29,5283.51,4943.94,5524.35
71,Australia,1997,Cardiovascular diseases,dalys,4005.39,5090.21,4744.08,5331.09
71,Australia,1998,Cardiovascular diseases,dalys,3840.12,4944.09,4587.55,5190.51
75,Austria,1990,Cardiovascular diseases,dalys,6089.18,9248.12,8721.46,9629.6
75,Austria,1991,Cardiovascular diseases,dalys,6078.81,9283.67,8775.84,9655.92
75,Austria,1992,Cardiovascular diseases,dalys,6003.8,9207.93,8669.28,9611.02
75,Austria,1993,Cardiovascular diseases,dalys,5904.21,9090.53,8547.59,9512.53
75,Austria,1994,Cardiovascular diseases,dalys,5761.8,8901.77,8337.7,9287.09
75,Austria,1995,Cardiovascular diseases,dalys,5701.07,8908.43,8352.51,9343.34
75,Austria,1996,Cardiovascular diseases,dalys,5648.76,8892.94,8334.86,9307.1
75,Austria,1997,Cardiovascular diseases,dalys,5519.05,8740.75,8179.67,9147.18
75,Austria,1998,Cardiovascular diseases,dalys,5367.66,8562.72,8033.54,8967.47
106,Bahamas,1990,Cardiovascular diseases,dalys,7141.73,4561.24,4302.16,4784.09
106,Bahamas,1991,Cardiovascular diseases,dalys,7051.13,4558.07,4254.68,4803.75
106,Bahamas,1992,Cardiovascular diseases,dalys,6970.59,4543.91,4227.08,4789.18
106,Bahamas,1993,Cardiovascular diseases,dalys,6810.33,4466.21,4169.09,4687.98
106,Bahamas,1994,Cardiovascular diseases,dalys,6591.72,4364.5,4096.68,4604.92
106,Bahamas,1995,Cardiovascular diseases,dalys,6613.05,4426.0,4182.63,4648.54
106,Bahamas,1996,Cardiovascular diseases,dalys,6483.13,4401.9,4171.29,4621.65
106,Bahamas,1997,Cardiovascular diseases,dalys,6473.64,4456.14,4239.76,4680.61
106,Bahamas,1998,Cardiovascular diseases,dalys,6353.12,4436.87,4226.23,4655.64
140,Bahrain,1990,Cardiovascular diseases,dalys,11456.98,4217.23,3796.09,4587.16
140,Bahrain,1991,Cardiovascular diseases,dalys,11121.45,4137.86,3762.26,4492.19
140,Bahrain,1992,Cardiovascular diseases,dalys,10989.45,4139.11,3708.82,4539.55
140,Bahrain,1993,Cardiovascular diseases,dalys,10755.37,4107.98,3691.68,4480.42
140,Bahrain,1994,Cardiovascular diseases,dalys,10488.21,4074.49,3647.66,4472.73
140,Bahrain,1995,Cardiovascular diseases,dalys,10457.55,4123.59,3707.81,4501.84
140,Bahrain,1996,Cardiovascular diseases,dalys,10435.17,4142.84,3705.11,4539.91
140,Bahrain,1997,Cardiovascular diseases,dalys,10390.59,4148.6,3739.46,4478.39
140,Bahrain,1998,Cardiovascular diseases,dalys,10173.94,4093.04,3748.71,4387.21
107,Barbados,1990,Cardiovascular diseases,dalys,5656.49,6470.44,6093.34,6778.38
107,Barbados,1991,Cardiovascular diseases,dalys,5621.84,6522.57,6129.64,6838.88
107,Barbados,1992,Cardiovascular diseases,dalys,5575.07,6562.04,6228.22,6870.14
107,Barbados,1993,Cardiovascular diseases,dalys,5421.48,6445.57,6103.28,6758.08
107,Barbados,1994,Cardiovascular diseases,dalys,5457.07,6547.18,6201.36,6898.74
107,Barbados,1995,Cardiovascular diseases,dalys,5345.71,6483.52,6155.01,6834.88
107,Barbados,1996,Cardiovascular diseases,dalys,5246.61,6368.48,6038.5,6711.35
107,Barbados,1997,Cardiovascular diseases,dalys,5080.28,6202.61,5822.18,6545.13
107,Barbados,1998,Cardiovascular diseases,dalys,4732.64,5808.64,5416.95,6139.1
76,Belgium,1990,Cardiovascular diseases,dalys,4802.76,7301.03,6846.31,7639.44
76,Belgium,1991,Cardiovascular diseases,dalys,4630.89,7109.3,6703.57,7436.27
76,Belgium,1992,Cardiovascular diseases,dalys,4440.19,6897.63,6497.21,7255.01
76,Belgium,1993,Cardiovascular diseases,dalys,4357.77,6858.04,6390.81,7215.84
76,Belgium,1994,Cardiovascular diseases,dalys,4181.72,6619.12,6181.02,6953.46
76,Belgium,1995,Cardiovascular diseases,dalys,4097.97,6552.35,6064.61,6884.87
76,Belgium,1996,Cardiovascular diseases,dalys,4047.96,6548.4,6026.11,6874.15
76,Belgium,1997,Cardiovascular diseases,dalys,3886.73,6349.78,5872.99,6664.14
76,Belgium,1998,Cardiovascular diseases,dalys,3832.95,6323.03,5844.68,6660.74
305,Bermuda,1990,Cardiovascular diseases,dalys,6947.16,7116.95,6736.37,7452.59
305,Bermuda,1991,Cardiovascular diseases,dalys,6698.08,6955.66,6610.87,7299.73
305,Bermuda,1992,Cardiovascular diseases,dalys,6477.97,6762.87,6406.07,7120.52
305,Bermuda,1993,Cardiovascular diseases,dalys,6241.37,6679.9,6309.65,7086.9
305,Bermuda,1994,Cardiovascular diseases,dalys,6219.56,6740.24,6382.24,7143.2
305,Bermuda,1995,Cardiovascular diseases,dalys,6201.97,6749.86,6386.42,7138.22
305,Bermuda,1996,Cardiovascular diseases,dalys,5883.61,6515.58,6127.55,6874.5
305,Bermuda,1997,Cardiovascular diseases,dalys,5463.19,6161.53,5834.72,6488.6
305,Bermuda,1998,Cardiovascular diseases,dalys,5214.27,6011.07,5663.52,6338.46
66,Brunei Darussalam,1990,Cardiovascular diseases,dalys,6687.69,3039.21,2312.96,3627.29
66,Brunei Darussalam,1991,Cardiovascular diseases,dalys,6696.89,3038.89,2396.9,3522.95
66,Brunei Darussalam,1992,Cardiovascular diseases,dalys,6655.01,3023.86,2468.03,3449.68
66,Brunei Darussalam,1993,Cardiovascular diseases,dalys,6581.49,2996.23,2528.81,3380.94
66,Brunei Darussalam,1994,Cardiovascular diseases,dalys,6487.0,2950.55,2526.61,3279.08
66,Brunei Darussalam,1995,Cardiovascular diseases,dalys,6421.42,2943.38,2555.37,3229.85
66,Brunei Darussalam,1996,Cardiovascular diseases,dalys,6270.86,2883.33,2535.47,3138.28
66,Brunei Darussalam,1997,Cardiovascular diseases,dalys,6153.16,2859.09,2543.1,3102.78
66,Brunei Darussalam,1998,Cardiovascular diseases,dalys,6041.66,2843.7,2541.14,3057.14
45,Bulgaria,1990,Cardiovascular diseases,dalys,12101.92,16167.39,15666.16,16622.46
45,Bulgaria,1991,Cardiovascular diseases,dalys,12278.12,16713.98,16222.24,17209.18
45,Bulgaria,1992,Cardiovascular diseases,dalys,12191.03,16601.03,16087.26,17095.53
45,Bulgaria,1993,Cardiovascular diseases,dalys,12643.39,17435.9,16814.94,17955.08
45,Bulgaria,1994,Cardiovascular diseases,dalys,12588.49,17608.42,17009.31,18129.48
45,Bulgaria,1995,Cardiovascular diseases,dalys,12704.39,18386.15,17797.03,18913.3
45,Bulgaria,1996,Cardiovascular diseases,dalys,12799.38,18984.76,18417.61,19500.9
45,Bulgaria,1997,Cardiovascular diseases,dalys,13009.57,19725.76,19175.86,20228.16
45,Bulgaria,1998,Cardiovascular diseases,dalys,12818.91,19534.18,18939.13,20047.2
101,Canada,1990,Cardiovascular diseases,dalys,4699.89,5515.49,5194.47,5781.35
101,Canada,1991,Cardiovascular diseases,dalys,4545.72,5407.07,5100.24,5671.59
101,Canada,1992,Cardiovascular diseases,dalys,4410.48,5309.22,5008.77,5561.91
101,Canada,1993,Cardiovascular diseases,dalys,4381.16,5355.08,5059.05,5618.54
101,Canada,1994,Cardiovascular diseases,dalys,4272.21,5289.37,4983.59,5554.8
101,Canada,1995,Cardiovascular diseases,dalys,4150.39,5216.36,4910.94,5486.99
101,Canada,1996,Cardiovascular diseases,dalys,4039.75,5157.67,4834.76,5431.67
101,Canada,1997,Cardiovascular diseases,dalys,3938.01,5118.09,4785.73,5391.76
101,Canada,1998,Cardiovascular diseases,dalys,3792.21,5016.67,4687.1,5292.25
98,Chile,1990,Cardiovascular diseases,dalys,5033.7,3765.1,3596.0,3901.08
98,Chile,1991,Cardiovascular diseases,dalys,4767.51,3582.93,3428.6,3728.54
98,Chile,1992,Cardiovascular diseases,dalys,4597.78,3499.21,3341.46,3637.42
98,Chile,1993,Cardiovascular diseases,dalys,4462.23,3466.72,3316.32,3605.67
98,Chile,1994,Cardiovascular diseases,dalys,4310.76,3385.83,3231.02,3520.95
98,Chile,1995,Cardiovascular diseases,dalys,4192.42,3367.8,3215.38,3497.85
98,Chile,1996,Cardiovascular diseases,dalys,4055.69,3318.39,3164.88,3466.13
98,Chile,1997,Cardiovascular diseases,dalys,3844.92,3214.23,3060.76,3361.07
98,Chile,1998,Cardiovascular diseases,dalys,3782.8,3231.6,3070.18,3381.22
46,Croatia,1990,Cardiovascular diseases,dalys,8728.58,10647.64,10267.07,10966.61
46,Croatia,1991,Cardiovascular diseases,dalys,8515.79,10506.43,10055.17,10809.77
46,Croatia,1992,Cardiovascular diseases,dalys,8235.84,10285.93,9863.37,10584.53
46,Croatia,1993,Cardiovascular diseases,dalys,8129.9,10312.01,9883.2,10592.15
46,Croatia,1994,Cardiovascular diseases,dalys,8032.4,10340.34,9961.94,10650.68
46,Croatia,1995,Cardiovascular diseases,dalys,8047.96,10599.32,10224.08,10934.48
46,Croatia,1996,Cardiovascular diseases,dalys,7884.29,10557.41,10198.71,10868.03
46,Croatia,1997,Cardiovascular diseases,dalys,7806.69,10645.81,10277.33,10958.02
46,Croatia,1998,Cardiovascular diseases,dalys,7678.04,10668.79,10300.44,10982.69
77,Cyprus,1990,Cardiovascular diseases,dalys,6669.19,6812.42,5639.18,7908.56
77,Cyprus,1991,Cardiovascular diseases,dalys,6538.7,6860.07,5757.78,7888.73
77,Cyprus,1992,Cardiovascular diseases,dalys,6368.48,6923.81,5765.05,8016.14
77,Cyprus,1993,Cardiovascular diseases,dalys,6250.97,6437.06,5323.31,7391.02
77,Cyprus,1994,Cardiovascular diseases,dalys,6067.27,6330.68,5281.67,7291.78
77,Cyprus,1995,Cardiovascular diseases,dalys,5981.52,6283.99,5283.74,7096.3
77,Cyprus,1996,Cardiovascular diseases,dalys,5872.03,6296.81,5411.16,7164.53
77,Cyprus,1997,Cardiovascular diseases,dalys,5813.63,6398.74,5481.93,7344.88
77,Cyprus,1998,Cardiovascular diseases,dalys,5666.33,6471.55,5443.4,7415.98
47,Czechia,1990,Cardiovascular diseases,dalys,10483.39,13521.59,13003.44,13886.58
47,Czechia,1991,Cardiovascular diseases,dalys,10124.32,13092.82,12611.4,13439.13
47,Czechia,1992,Cardiovascular diseases,dalys,9704.33,12593.33,12114.22,12962.89
47,Czechia,1993,Cardiovascular diseases,dalys,9391.07,12274.43,11824.22,12676.48
47,Czechia,1994,Cardiovascular diseases,dalys,9094.25,12005.24,11533.47,12384.76
47,Czechia,1995,Cardiovascular diseases,dalys,8884.47,11844.8,11397.91,12198.07
47,Czechia,1996,Cardiovascular diseases,dalys,8573.02,11535.81,11076.8,11918.97
47,Czechia,1997,Cardiovascular diseases,dalys,8322.54,11333.0,10905.36,11688.0
47,Czechia,1998,Cardiovascular diseases,dalys,7972.31,10959.26,10533.49,11297.8
78,Denmark,1990,Cardiovascular diseases,dalys,6003.75,9363.02,8889.15,9736.44
78,Denmark,1991,Cardiovascular diseases,dalys,5839.86,9163.53,8676.2,9555.31
78,Denmark,1992,Cardiovascular diseases,dalys,5743.59,9101.9,8604.03,9477.16
78,Denmark,1993,Cardiovascular diseases,dalys,5716.82,9114.53,8695.99,9485.29
78,Denmark,1994,Cardiovascular diseases,dalys,5429.26,8649.69,8197.87,8996.14
78,Denmark,1995,Cardiovascular diseases,dalys,5268.57,8454.55,7989.69,8809.89
78,Denmark,1996,Cardiovascular diseases,dalys,5011.22,8028.39,7601.57,8381.11
78,Denmark,1997,Cardiovascular diseases,dalys,4719.81,7585.5,7148.51,7927.35
78,Denmark,1998,Cardiovascular diseases,dalys,4532.07,7278.91,6834.05,7589.11
58,Estonia,1990,Cardiovascular diseases,dalys,11340.04,14342.87,13763.78,14823.51
58,Estonia,1991,Cardiovascular diseases,dalys,11381.68,14537.51,13992.19,15046.94
58,Estonia,1992,Cardiovascular diseases,dalys,11690.78,15161.73,14644.23,15636.5
58,Estonia,1993,Cardiovascular diseases,dalys,11840.98,15677.46,15084.05,16108.34
58,Estonia,1994,Cardiovascular diseases,dalys,11971.42,16116.08,15580.42,16571.64
58,Estonia,1995,Cardiovascular diseases,dalys,11663.35,15954.93,15412.89,16434.45
58,Estonia,1996,Cardiovascular diseases,dalys,11137.4,15435.4,14925.06,15892.79
58,Estonia,1997,Cardiovascular diseases,dalys,10587.73,14926.45,14358.58,15407.96
58,Estonia,1998,Cardiovascular diseases,dalys,10342.26,14819.75,14242.41,15279.43
79,Finland,1990,Cardiovascular diseases,dalys,7026.27,9721.75,9259.41,10070.45
79,Finland,1991,Cardiovascular diseases,dalys,6799.42,9524.69,9042.06,9847.82
79,Finland,1992,Cardiovascular diseases,dalys,6593.29,9354.45,8850.0,9693.54
79,Finland,1993,Cardiovascular diseases,dalys,6371.08,9183.46,8680.55,9535.65
79,Finland,1994,Cardiovascular diseases,dalys,6027.45,8737.54,8214.05,9083.87
79,Finland,1995,Cardiovascular diseases,dalys,5878.2,8652.53,8110.12,9026.59
79,Finland,1996,Cardiovascular diseases,dalys,5656.5,8458.71,7955.34,8830.88
79,Finland,1997,Cardiovascular diseases,dalys,5461.89,8278.55,7806.92,8631.91
79,Finland,1998,Cardiovascular diseases,dalys,5345.32,8209.82,7745.71,8549.16
80,France,1990,Cardiovascular diseases,dalys,3721.56,5491.42,5094.34,5852.87
80,France,1991,Cardiovascular diseases,dalys,3635.95,5407.62,5007.82,5779.7
80,France,1992,Cardiovascular diseases,dalys,3520.08,5302.16,4910.59,5681.56
80,France,1993,Cardiovascular diseases,dalys,3454.79,5303.23,4902.73,5696.01
80,France,1994,Cardiovascular diseases,dalys,3332.96,5156.3,4768.23,5540.03
80,France,1995,Cardiovascular diseases,dalys,3314.11,5199.93,4795.89,5598.39
80,France,1996,Cardiovascular diseases,dalys,3284.49,5207.24,4788.32,5599.81
80,France,1997,Cardiovascular diseases,dalys,3200.6,5124.8,4722.21,5507.75
80,France,1998,Cardiovascular diseases,dalys,3188.95,5113.75,4712.76,5495.82
81,Germany,1990,Cardiovascular diseases,dalys,6285.02,10033.71,9441.63,10460.74
81,Germany,1991,Cardiovascular diseases,dalys,6114.18,9754.67,9157.51,10180.05
81,Germany,1992,Cardiovascular diseases,dalys,5886.95,9347.49,8757.42,9743.57
81,Germany,1993,Cardiovascular diseases,dalys,5821.29,9307.0,8710.33,9675.1
81,Germany,1994,Cardiovascular diseases,dalys,5614.52,9072.96,8497.51,9461.47
81,Germany,1995,Cardiovascular diseases,dalys,5416.43,8904.75,8308.89,9315.19
81,Germany,1996,Cardiovascular diseases,dalys,5275.89,8772.95,8175.18,9187.5
81,Germany,1997,Cardiovascular diseases,dalys,5117.7,8525.66,7908.19,8924.58
81,Germany,1998,Cardiovascular diseases,dalys,4979.87,8374.45,7736.29,8776.01
82,Greece,1990,Cardiovascular diseases,dalys,5863.91,8153.56,7751.85,8442.32
82,Greece,1991,Cardiovascular diseases,dalys,5834.24,8232.76,7813.98,8547.66
82,Greece,1992,Cardiovascular diseases,dalys,5766.52,8192.62,7755.71,8505.04
82,Greece,1993,Cardiovascular diseases,dalys,5618.49,8024.92,7552.93,8336.52
82,Greece,1994,Cardiovascular diseases,dalys,5543.62,7974.89,7519.94,8288.1
82,Greece,1995,Cardiovascular diseases,dalys,5524.91,8047.34,7577.43,8355.61
82,Greece,1996,Cardiovascular diseases,dalys,5437.71,7992.12,7531.64,8308.36
82,Greece,1997,Cardiovascular diseases,dalys,5326.31,7903.45,7440.11,8218.4
82,Greece,1998,Cardiovascular diseases,dalys,5276.35,7950.21,7463.05,8277.84
349,Greenland,1990,Cardiovascular diseases,dalys,11188.51,6217.55,5313.47,6962.0
349,Greenland,1991,Cardiovascular diseases,dalys,11097.52,6263.1,5343.7,6978.0
349,Greenland,1992,Cardiovascular diseases,dalys,11033.09,6342.67,5525.26,7017.51
349,Greenland,1993,Cardiovascular diseases,dalys,10911.36,6329.51,5624.2,6976.26
349,Greenland,1994,Cardiovascular diseases,dalys,10689.9,6285.48,5646.8,6880.95
349,Greenland,1995,Cardiovascular diseases,dalys,10579.68,6250.03,5621.2,6826.67
349,Greenland,1996,Cardiovascular diseases,dalys,10409.33,6219.89,5609.76,6790.44
349,Greenland,1997,Cardiovascular diseases,dalys,10277.52,6217.41,5589.29,6768.08
349,Greenland,1998,Cardiovascular diseases,dalys,10079.75,6180.62,5582.19,6759.42
351,Guam,1990,Cardiovascular diseases,dalys,6854.76,4079.25,3812.9,4329.08
351,Guam,1991,Cardiovascular diseases,dalys,6894.9,4178.14,3909.7,4427.78
351,Guam,1992,Cardiovascular diseases,dalys,6897.24,4248.09,3968.49,4497.45
351,Guam,1993,Cardiovascular diseases,dalys,6837.73,4275.55,4016.06,4502.17
351,Guam,1994,Cardiovascular diseases,dalys,6777.79,4301.68,4048.2,4530.13
351,Guam,1995,Cardiovascular diseases,dalys,6637.4,4305.13,4061.67,4534.08
351,Guam,1996,Cardiovascular diseases,dalys,6541.9,4321.09,4078.05,4542.88
351,Guam,1997,Cardiovascular diseases,dalys,6837.65,4626.89,4375.93,4854.47
351,Guam,1998,Cardiovascular diseases,dalys,6705.7,4672.51,4396.39,4910.71
113,Guyana,1990,Cardiovascular diseases,dalys,12879.11,6726.04,6315.58,7115.9
113,Guyana,1991,Cardiovascular diseases,dalys,12275.09,6420.99,5971.57,6785.12
113,Guyana,1992,Cardiovascular diseases,dalys,12074.55,6344.8,5914.1,6729.92
113,Guyana,1993,Cardiovascular diseases,dalys,12057.76,6395.24,6033.08,6748.43
113,Guyana,1994,Cardiovascular diseases,dalys,11976.05,6368.3,6031.06,6719.64
113,Guyana,1995,Cardiovascular diseases,dalys,11564.22,6201.67,5829.36,6560.28
113,Guyana,1996,Cardiovascular diseases,dalys,11425.28,6227.96,5862.6,6563.08
113,Guyana,1997,Cardiovascular diseases,dalys,11326.51,6321.32,5943.02,6670.33
113,Guyana,1998,Cardiovascular diseases,dalys,10578.03,5946.77,5575.63,6288.58
354,Hong Kong Special Administrative Region of China,1990,Cardiovascular diseases,dalys,3521.38,3306.09,3039.64,3773.71
354,Hong Kong Special Administrative Region of China,1991,Cardiovascular diseases,dalys,3464.96,3315.56,3060.02,3773.45
354,Hong Kong Special Administrative Region of China,1992,Cardiovascular diseases,dalys,3407.69,3321.76,3059.19,3772.44
354,Hong Kong Special Administrative Region of China,1993,Cardiovascular diseases,dalys,3291.97,3269.32,3002.31,3713.17
354,Hong Kong Special Administrative Region of China,1994,Cardiovascular diseases,dalys,3156.64,3192.63,2929.06,3622.59
354,Hong Kong Special Administrative Region of China,1995,Cardiovascular diseases,dalys,3053.79,3146.27,2892.87,3540.82
354,Hong Kong Special Administrative Region of China,1996,Cardiovascular diseases,dalys,2914.54,3063.24,2789.23,3465.6
354,Hong Kong Special Administrative Region of China,1997,Cardiovascular diseases,dalys,2761.1,2966.63,2702.18,3337.83
354,Hong Kong Special Administrative Region of China,1998,Cardiovascular diseases,dalys,2680.67,2937.15,2674.33,3296.57
48,Hungary,1990,Cardiovascular diseases,dalys,11072.11,15066.6,14620.09,15408.44
48,Hungary,1991,Cardiovascular diseases,dalys,11086.78,15173.69,14697.14,15537.41
48,Hungary,1992,Cardiovascular diseases,dalys,11041.97,15201.27,14742.16,15586.8
48,Hungary,1993,Cardiovascular diseases,dalys,10994.4,15263.91,14824.3,15658.24
48,Hungary,1994,Cardiovascular diseases,dalys,10573.91,14788.22,14326.23,15144.4
48,Hungary,1995,Cardiovascular diseases,dalys,10267.51,14512.02,14026.41,14907.71
48,Hungary,1996,Cardiovascular diseases,dalys,10015.39,14293.17,13790.53,14684.49
48,Hungary,1997,Cardiovascular diseases,dalys,9714.72,13996.62,13490.11,14386.27
48,Hungary,1998,Cardiovascular diseases,dalys,9625.12,14038.71,13592.85,14457.22
83,Iceland,1990,Cardiovascular diseases,dalys,4844.18,5412.01,5128.07,5681.28
83,Iceland,1991,Cardiovascular diseases,dalys,4754.12,5395.26,5061.02,5658.08
83,Iceland,1992,Cardiovascular diseases,dalys,4618.56,5285.54,4913.08,5582.87
83,Iceland,1993,Cardiovascular diseases,dalys,4505.57,5189.49,4826.69,5479.84
83,Iceland,1994,Cardiovascular diseases,dalys,4545.37,5275.46,4920.09,5576.14
83,Iceland,1995,Cardiovascular diseases,dalys,4328.43,5114.81,4751.74,5408.73
83,Iceland,1996,Cardiovascular diseases,dalys,4223.46,5066.72,4738.75,5375.45
83,Iceland,1997,Cardiovascular diseases,dalys,4102.43,4958.29,4621.66,5222.63
83,Iceland,1998,Cardiovascular diseases,dalys,3986.94,4873.25,4532.08,5132.21
84,Ireland,1990,Cardiovascular diseases,dalys,6772.2,7585.28,7275.43,7844.78
84,Ireland,1991,Cardiovascular diseases,dalys,6537.5,7419.97,7092.0,7688.47
84,Ireland,1992,Cardiovascular diseases,dalys,6374.26,7292.97,6955.71,7538.68
84,Ireland,1993,Cardiovascular diseases,dalys,6328.66,7315.13,6951.6,7583.86
84,Ireland,1994,Cardiovascular diseases,dalys,6152.57,7153.05,6807.48,7404.5
84,Ireland,1995,Cardiovascular diseases,dalys,5991.06,7024.02,6660.87,7281.96
84,Ireland,1996,Cardiovascular diseases,dalys,5810.51,6852.21,6485.87,7085.32
84,Ireland,1997,Cardiovascular diseases,dalys,5537.66,6548.15,6215.41,6792.01
84,Ireland,1998,Cardiovascular diseases,dalys,5401.93,6407.54,6073.97,6646.29
85,Israel,1990,Cardiovascular diseases,dalys,5029.22,4804.93,4579.87,4997.23
85,Israel,1991,Cardiovascular diseases,dalys,5126.81,4996.35,4748.08,5187.2
85,Israel,1992,Cardiovascular diseases,dalys,5169.31,5131.16,4880.35,5340.83
85,Israel,1993,Cardiovascular diseases,dalys,5061.87,5024.02,4773.12,5236.21
85,Israel,1994,Cardiovascular diseases,dalys,4869.77,4871.34,4601.71,5082.39
85,Israel,1995,Cardiovascular diseases,dalys,4503.51,4632.45,4340.33,4844.08
85,Israel,1996,Cardiovascular diseases,dalys,4079.45,4202.39,3927.92,4418.5
85,Israel,1997,Cardiovascular diseases,dalys,3853.77,4024.76,3768.48,4238.64
85,Israel,1998,Cardiovascular diseases,dalys,3763.46,4220.22,3925.84,4455.27
86,Italy,1990,Cardiovascular diseases,dalys,4618.75,7049.44,6562.62,7430.34
86,Italy,1991,Cardiovascular diseases,dalys,4562.15,7123.56,6638.23,7521.76
86,Italy,1992,Cardiovascular diseases,dalys,4403.97,6991.24,6473.9,7381.79
86,Italy,1993,Cardiovascular diseases,dalys,4326.14,7004.05,6468.53,7396.68
86,Italy,1994,Cardiovascular diseases,dalys,4210.62,6950.38,6358.58,7329.23
86,Italy,1995,Cardiovascular diseases,dalys,4054.81,6826.61,6207.14,7221.42
86,Italy,1996,Cardiovascular diseases,dalys,3895.11,6698.56,6058.39,7080.9
86,Italy,1997,Cardiovascular diseases,dalys,3815.37,6718.76,6096.96,7096.82
86,Italy,1998,Cardiovascular diseases,dalys,3789.46,6816.69,6207.21,7206.91
67,Japan,1990,Cardiovascular diseases,dalys,3582.15,4611.47,4299.77,4871.6
67,Japan,1991,Cardiovascular diseases,dalys,3450.5,4560.04,4241.3,4819.75
67,Japan,1992,Cardiovascular diseases,dalys,3370.48,4595.32,4268.84,4847.93
67,Japan,1993,Cardiovascular diseases,dalys,3282.95,4612.3,4269.81,4875.47
67,Japan,1994,Cardiovascular diseases,dalys,3099.18,4474.9,4145.53,4742.07
67,Japan,1995,Cardiovascular diseases,dalys,3056.37,4559.08,4217.4,4844.28
67,Japan,1996,Cardiovascular diseases,dalys,2894.49,4410.33,4066.78,4690.89
67,Japan,1997,Cardiovascular diseases,dalys,2794.13,4383.89,4026.83,4664.4
67,Japan,1998,Cardiovascular diseases,dalys,2720.63,4390.28,4026.76,4679.34
145,Kuwait,1990,Cardiovascular diseases,dalys,8495.64,2717.64,2573.62,2870.71
145,Kuwait,1991,Cardiovascular diseases,dalys,8413.27,2770.0,2625.42,2933.05
145,Kuwait,1992,Cardiovascular diseases,dalys,8059.44,2639.44,2502.36,2804.49
145,Kuwait,1993,Cardiovascular diseases,dalys,8062.37,2658.58,2525.31,2817.2
145,Kuwait,1994,Cardiovascular diseases,dalys,8048.94,2701.85,2565.72,2859.18
145,Kuwait,1995,Cardiovascular diseases,dalys,8166.66,2794.39,2645.81,2945.47
145,Kuwait,1996,Cardiovascular diseases,dalys,8009.51,2843.77,2699.91,3003.24
145,Kuwait,1997,Cardiovascular diseases,dalys,8158.07,2927.75,2779.78,3084.82
145,Kuwait,1998,Cardiovascular diseases,dalys,7999.02,2885.61,2735.67,3043.35
59,Latvia,1990,Cardiovascular diseases,dalys,11419.48,14694.04,14027.73,15204.36
59,Latvia,1991,Cardiovascular diseases,dalys,11590.99,14965.1,14303.69,15503.51
59,Latvia,1992,Cardiovascular diseases,dalys,12055.03,15676.58,14979.05,16188.32
59,Latvia,1993,Cardiovascular diseases,dalys,12555.51,16524.52,15757.03,17103.26
59,Latvia,1994,Cardiovascular diseases,dalys,12725.86,16959.64,16219.42,17560.14
59,Latvia,1995,Cardiovascular diseases,dalys,12426.31,16678.52,16003.45,17244.09
59,Latvia,1996,Cardiovascular diseases,dalys,12070.66,16298.08,15743.03,16805.42
59,Latvia,1997,Cardiovascular diseases,dalys,11368.86,15636.38,15108.45,16062.78
59,Latvia,1998,Cardiovascular diseases,dalys,11007.32,15424.14,14881.46,15882.98
60,Lithuania,1990,Cardiovascular diseases,dalys,10138.82,11949.82,11445.79,12312.71
60,Lithuania,1991,Cardiovascular diseases,dalys,10243.48,12127.11,11644.62,12524.59
60,Lithuania,1992,Cardiovascular diseases,dalys,10539.52,12568.55,12082.47,12916.68
60,Lithuania,1993,Cardiovascular diseases,dalys,10958.68,13255.95,12800.61,13616.15
60,Lithuania,1994,Cardiovascular diseases,dalys,11028.73,13433.86,12957.65,13814.87
60,Lithuania,1995,Cardiovascular diseases,dalys,10670.79,13088.57,12637.71,13468.62
60,Lithuania,1996,Cardiovascular diseases,dalys,10204.73,12636.37,12167.23,13045.42
60,Lithuania,1997,Cardiovascular diseases,dalys,9715.73,12199.02,11718.34,12655.32
60,Lithuania,1998,Cardiovascular diseases,dalys,9351.51,11935.86,11448.58,12375.84
87,Luxembourg,1990,Cardiovascular diseases,dalys,6063.91,8509.12,8133.33,8899.78
87,Luxembourg,1991,Cardiovascular diseases,dalys,5841.0,8217.2,7785.01,8576.79
87,Luxembourg,1992,Cardiovascular diseases,dalys,5649.6,7950.07,7546.02,8263.04
87,Luxembourg,1993,Cardiovascular diseases,dalys,5465.75,7693.24,7311.4,8020.53
87,Luxembourg,1994,Cardiovascular diseases,dalys,5282.58,7424.79,7061.48,7750.05
87,Luxembourg,1995,Cardiovascular diseases,dalys,5103.87,7179.32,6804.89,7503.84
87,Luxembourg,1996,Cardiovascular diseases,dalys,5039.19,7134.76,6768.5,7473.31
87,Luxembourg,1997,Cardiovascular diseases,dalys,4807.61,6820.49,6448.54,7173.75
87,Luxembourg,1998,Cardiovascular diseases,dalys,4582.89,6497.72,6154.76,6872.17
361,Macao Special Administrative Region of China,1990,Cardiovascular diseases,dalys,5522.76,4212.78,3637.07,4869.8
361,Macao Special Administrative Region of China,1991,Cardiovascular diseases,dalys,5375.66,4072.0,3502.58,4762.81
361,Macao Special Administrative Region of China,1992,Cardiovascular diseases,dalys,5239.54,3961.78,3486.55,4599.29
361,Macao Special Administrative Region of China,1993,Cardiovascular diseases,dalys,5080.2,3851.75,3370.95,4445.48
361,Macao Special Administrative Region of China,1994,Cardiovascular diseases,dalys,4843.0,3697.17,3201.36,4120.28
361,Macao Special Administrative Region of China,1995,Cardiovascular diseases,dalys,4587.32,3545.51,3092.83,4009.64
361,Macao Special Administrative Region of China,1996,Cardiovascular diseases,dalys,4339.96,3411.17,2943.07,3836.52
361,Macao Special Administrative Region of China,1997,Cardiovascular diseases,dalys,4107.19,3292.8,2872.14,3777.41
361,Macao Special Administrative Region of China,1998,Cardiovascular diseases,dalys,3930.63,3222.76,2774.63,3722.94
88,Malta,1990,Cardiovascular diseases,dalys,6392.22,7053.39,6704.1,7367.25
88,Malta,1991,Cardiovascular diseases,dalys,6206.0,6959.67,6594.95,7284.26
88,Malta,1992,Cardiovascular diseases,dalys,5899.69,6680.35,6339.43,6975.54
88,Malta,1993,Cardiovascular diseases,dalys,5577.33,6384.95,6059.02,6674.88
88,Malta,1994,Cardiovascular diseases,dalys,5236.95,6114.06,5762.65,6416.67
88,Malta,1995,Cardiovascular diseases,dalys,5073.71,6022.89,5662.65,6304.52
88,Malta,1996,Cardiovascular diseases,dalys,5074.0,6127.55,5773.86,6433.87
88,Malta,1997,Cardiovascular diseases,dalys,5029.48,6193.17,5818.08,6480.05
88,Malta,1998,Cardiovascular diseases,dalys,4867.52,6124.63,5743.44,6400.06
367,Monaco,1990,Cardiovascular diseases,dalys,5476.92,12613.74,10975.4,14099.98
367,Monaco,1991,Cardiovascular diseases,dalys,5422.84,12541.61,10932.22,13992.98
367,Monaco,1992,Cardiovascular diseases,dalys,5351.41,12415.52,10835.03,14015.23
367,Monaco,1993,Cardiovascular diseases,dalys,5290.8,12295.51,10700.5,13963.74
367,Monaco,1994,Cardiovascular diseases,dalys,5204.25,12109.38,10618.71,13826.16
367,Monaco,1995,Cardiovascular diseases,dalys,5112.05,11914.35,10315.48,13596.6
367,Monaco,1996,Cardiovascular diseases,dalys,5063.39,11813.3,10212.04,13761.8
367,Monaco,1997,Cardiovascular diseases,dalys,5017.76,11695.95,10113.99,13898.2
367,Monaco,1998,Cardiovascular diseases,dalys,4993.85,11632.54,9892.73,14010.31
369,Nauru,1990,Cardiovascular diseases,dalys,19946.87,9210.81,6402.13,11526.7
369,Nauru,1991,Cardiovascular diseases,dalys,20316.33,9366.77,6603.68,11769.68
369,Nauru,1992,Cardiovascular diseases,dalys,20624.42,9454.07,6758.38,11789.52
369,Nauru,1993,Cardiovascular diseases,dalys,20988.2,9574.78,6799.85,11987.5
369,Nauru,1994,Cardiovascular diseases,dalys,21300.67,9655.76,6931.26,11931.53
369,Nauru,1995,Cardiovascular diseases,dalys,21626.27,9777.19,7084.33,11907.46
369,Nauru,1996,Cardiovascular diseases,dalys,21911.91,9874.63,7266.26,12147.07
369,Nauru,1997,Cardiovascular diseases,dalys,22171.99,10007.64,7444.95,12209.77
369,Nauru,1998,Cardiovascular diseases,dalys,22463.7,10177.49,7545.97,12501.38
89,Netherlands,1990,Cardiovascular diseases,dalys,4895.96,6446.38,6076.28,6731.66
89,Netherlands,1991,Cardiovascular diseases,dalys,4787.64,6363.68,6019.11,6654.45
89,Netherlands,1992,Cardiovascular diseases,dalys,4705.14,6313.12,5958.68,6594.92
89,Netherlands,1993,Cardiovascular diseases,dalys,4734.26,6450.43,6098.84,6740.03
89,Netherlands,1994,Cardiovascular diseases,dalys,4552.62,6233.77,5909.9,6505.53
89,Netherlands,1995,Cardiovascular diseases,dalys,4465.35,6176.52,5822.67,6469.54
89,Netherlands,1996,Cardiovascular diseases,dalys,4361.45,6093.39,5765.68,6370.54
89,Netherlands,1997,Cardiovascular diseases,dalys,4197.32,5916.95,5596.06,6189.49
89,Netherlands,1998,Cardiovascular diseases,dalys,4098.53,5836.72,5506.29,6102.69
72,New Zealand,1990,Cardiovascular diseases,dalys,5995.92,6757.1,6412.23,7017.61
72,New Zealand,1991,Cardiovascular diseases,dalys,5834.93,6651.03,6295.39,6924.75
72,New Zealand,1992,Cardiovascular diseases,dalys,5776.64,6660.76,6320.05,6939.26
72,New Zealand,1993,Cardiovascular diseases,dalys,5572.46,6491.0,6113.87,6768.39
72,New Zealand,1994,Cardiovascular diseases,dalys,5317.42,6254.37,5882.74,6501.19
72,New Zealand,1995,Cardiovascular diseases,dalys,5105.34,6063.94,5661.37,6328.84
72,New Zealand,1996,Cardiovascular diseases,dalys,4927.18,5907.1,5481.77,6167.91
72,New Zealand,1997,Cardiovascular diseases,dalys,4670.45,5636.17,5197.7,5894.65
72,New Zealand,1998,Cardiovascular diseases,dalys,4448.65,5404.42,5011.75,5643.84
376,Northern Mariana Islands,1990,Cardiovascular diseases,dalys,8373.84,3627.55,2942.72,4343.19
376,Northern Mariana Islands,1991,Cardiovascular diseases,dalys,8374.65,3659.2,2988.04,4316.43
376,Northern Mariana Islands,1992,Cardiovascular diseases,dalys,8302.33,3633.21,2992.68,4272.78
376,Northern Mariana Islands,1993,Cardiovascular diseases,dalys,8260.8,3588.94,2998.54,4195.79
376,Northern Mariana Islands,1994,Cardiovascular diseases,dalys,8237.46,3545.48,2979.01,4103.18
376,Northern Mariana Islands,1995,Cardiovascular diseases,dalys,8236.4,3535.06,2980.31,4059.08
376,Northern Mariana Islands,1996,Cardiovascular diseases,dalys,8244.26,3518.04,2986.07,4009.52
376,Northern Mariana Islands,1997,Cardiovascular diseases,dalys,8242.19,3467.47,2949.47,3941.78
376,Northern Mariana Islands,1998,Cardiovascular diseases,dalys,8246.89,3400.2,2900.86,3878.72
90,Norway,1990,Cardiovascular diseases,dalys,5765.81,9155.17,8681.89,9596.54
90,Norway,1991,Cardiovascular diseases,dalys,5569.89,8895.81,8383.5,9328.3
90,Norway,1992,Cardiovascular diseases,dalys,5449.97,8713.8,8146.86,9159.12
90,Norway,1993,Cardiovascular diseases,dalys,5275.19,8532.73,8017.27,8953.57
90,Norway,1994,Cardiovascular diseases,dalys,5045.45,8134.21,7584.37,8537.72
90,Norway,1995,Cardiovascular diseases,dalys,4908.5,7948.67,7434.97,8335.4
90,Norway,1996,Cardiovascular diseases,dalys,4719.84,7697.03,7163.75,8072.94
90,Norway,1997,Cardiovascular diseases,dalys,4539.22,7488.59,6971.66,7877.0
90,Norway,1998,Cardiovascular diseases,dalys,4466.92,7375.08,6872.8,7757.78
150,Oman,1990,Cardiovascular diseases,dalys,11919.56,4822.05,4082.31,5595.72
150,Oman,1991,Cardiovascular diseases,dalys,11287.4,4560.68,3906.21,5227.17
150,Oman,1992,Cardiovascular diseases,dalys,11039.94,4464.81,3862.91,5121.29
150,Oman,1993,Cardiovascular diseases,dalys,10754.22,4334.16,3760.14,4890.48
150,Oman,1994,Cardiovascular diseases,dalys,10513.13,4242.38,3681.66,4850.67
150,Oman,1995,Cardiovascular diseases,dalys,10227.97,4148.75,3578.01,4767.52
150,Oman,1996,Cardiovascular diseases,dalys,9990.52,4073.16,3521.08,4697.22
150,Oman,1997,Cardiovascular diseases,dalys,9784.55,4011.23,3463.12,4660.1
150,Oman,1998,Cardiovascular diseases,dalys,9614.49,3960.65,3401.79,4566.89
380,Palau,1990,Cardiovascular diseases,dalys,11344.2,7661.7,6422.55,9004.72
380,Palau,1991,Cardiovascular diseases,dalys,11263.32,7689.26,6455.62,8921.0
380,Palau,1992,Cardiovascular diseases,dalys,11183.36,7708.66,6481.61,8954.82
380,Palau,1993,Cardiovascular diseases,dalys,11137.86,7747.56,6603.2,8905.94
380,Palau,1994,Cardiovascular diseases,dalys,11249.56,7896.73,6804.69,8966.27
380,Palau,1995,Cardiovascular diseases,dalys,11238.21,7975.02,6928.31,8970.43
380,Palau,1996,Cardiovascular diseases,dalys,11237.71,8031.26,6971.32,9015.52
380,Palau,1997,Cardiovascular diseases,dalys,11195.96,8058.74,7012.87,9005.79
380,Palau,1998,Cardiovascular diseases,dalys,11200.75,8128.86,7095.9,9126.9
132,Panama,1990,Cardiovascular diseases,dalys,4386.45,2740.97,2570.34,2905.24
132,Panama,1991,Cardiovascular diseases,dalys,4325.79,2732.84,2565.62,2903.38
132,Panama,1992,Cardiovascular diseases,dalys,4294.66,2759.38,2595.64,2925.85
132,Panama,1993,Cardiovascular diseases,dalys,4267.71,2784.19,2633.83,2955.49
132,Panama,1994,Cardiovascular diseases,dalys,4214.25,2793.01,2622.67,2957.53
132,Panama,1995,Cardiovascular diseases,dalys,4137.01,2770.3,2607.54,2917.7
132,Panama,1996,Cardiovascular diseases,dalys,4125.41,2809.69,2645.22,2955.41
132,Panama,1997,Cardiovascular diseases,dalys,4048.42,2799.63,2640.54,2947.49
132,Panama,1998,Cardiovascular diseases,dalys,3647.35,2543.47,2403.76,2688.33
51,Poland,1990,Cardiovascular diseases,dalys,10145.13,11025.08,10640.99,11378.19
51,Poland,1991,Cardiovascular diseases,dalys,10290.87,11281.19,10845.99,11643.18
51,Poland,1992,Cardiovascular diseases,dalys,9968.15,11004.45,10536.35,11361.18
51,Poland,1993,Cardiovascular diseases,dalys,9625.39,10723.72,10296.14,11085.91
51,Poland,1994,Cardiovascular diseases,dalys,9255.72,10414.27,9947.1,10790.6
51,Poland,1995,Cardiovascular diseases,dalys,9034.38,10284.45,9812.17,10648.37
51,Poland,1996,Cardiovascular diseases,dalys,8844.32,10179.19,9727.0,10555.06
51,Poland,1997,Cardiovascular diseases,dalys,8555.71,9959.71,9555.12,10327.67
51,Poland,1998,Cardiovascular diseases,dalys,8194.26,9671.03,9247.92,10053.16
91,Portugal,1990,Cardiovascular diseases,dalys,6506.38,8620.42,8216.69,8986.81
91,Portugal,1991,Cardiovascular diseases,dalys,6451.8,8704.37,8284.09,9070.09
91,Portugal,1992,Cardiovascular diseases,dalys,6165.42,8434.6,8036.31,8778.46
91,Portugal,1993,Cardiovascular diseases,dalys,6069.25,8485.41,8038.48,8813.41
91,Portugal,1994,Cardiovascular diseases,dalys,5668.14,8014.41,7567.98,8327.81
91,Portugal,1995,Cardiovascular diseases,dalys,5503.89,7951.89,7489.22,8279.0
91,Portugal,1996,Cardiovascular diseases,dalys,5460.29,8050.16,7556.99,8397.0
91,Portugal,1997,Cardiovascular diseases,dalys,5193.52,7753.77,7259.94,8090.62
91,Portugal,1998,Cardiovascular diseases,dalys,5057.38,7671.5,7208.27,8006.82
385,Puerto Rico,1990,Cardiovascular diseases,dalys,4660.04,4852.94,4641.37,5056.38
385,Puerto Rico,1991,Cardiovascular diseases,dalys,4466.32,4722.45,4502.15,4921.93
385,Puerto Rico,1992,Cardiovascular diseases,dalys,4353.83,4686.8,4474.06,4905.35
385,Puerto Rico,1993,Cardiovascular diseases,dalys,4311.29,4720.81,4508.28,4910.77
385,Puerto Rico,1994,Cardiovascular diseases,dalys,4333.8,4805.77,4564.66,4995.12
385,Puerto Rico,1995,Cardiovascular diseases,dalys,4241.92,4799.1,4553.77,4983.45
385,Puerto Rico,1996,Cardiovascular diseases,dalys,4196.16,4807.97,4583.23,4992.68
385,Puerto Rico,1997,Cardiovascular diseases,dalys,4099.11,4769.44,4550.69,4974.89
385,Puerto Rico,1998,Cardiovascular diseases,dalys,3990.79,4723.34,4476.54,4932.04
151,Qatar,1990,Cardiovascular diseases,dalys,8868.28,2672.32,2117.66,3156.27
151,Qatar,1991,Cardiovascular diseases,dalys,8897.19,2695.25,2229.19,3145.05
151,Qatar,1992,Cardiovascular diseases,dalys,8932.27,2720.93,2324.78,3160.95
151,Qatar,1993,Cardiovascular diseases,dalys,8892.96,2743.11,2417.07,3129.67
151,Qatar,1994,Cardiovascular diseases,dalys,8869.4,2699.14,2389.37,3046.23
151,Qatar,1995,Cardiovascular diseases,dalys,8811.4,2636.29,2330.01,2963.68
151,Qatar,1996,Cardiovascular diseases,dalys,8638.67,2690.02,2382.78,3047.31
151,Qatar,1997,Cardiovascular diseases,dalys,8392.98,2733.95,2440.23,3084.05
151,Qatar,1998,Cardiovascular diseases,dalys,8238.27,2736.0,2461.01,3144.87
68,Republic of Korea,1990,Cardiovascular diseases,dalys,6873.97,4321.48,3641.88,4877.41
68,Republic of Korea,1991,Cardiovascular diseases,dalys,6641.2,4276.98,3670.1,4762.4
68,Republic of Korea,1992,Cardiovascular diseases,dalys,6209.97,4122.67,3620.64,4570.08
68,Republic of Korea,1993,Cardiovascular diseases,dalys,5893.41,4027.83,3612.81,4408.27
68,Republic of Korea,1994,Cardiovascular diseases,dalys,5735.52,4026.08,3681.69,4356.14
68,Republic of Korea,1995,Cardiovascular diseases,dalys,5368.97,3884.67,3585.29,4203.74
68,Republic of Korea,1996,Cardiovascular diseases,dalys,5032.3,3758.0,3482.52,4050.33
68,Republic of Korea,1997,Cardiovascular diseases,dalys,4896.41,3775.39,3497.48,4065.91
68,Republic of Korea,1998,Cardiovascular diseases,dalys,4684.13,3708.11,3435.68,4007.84
52,Romania,1990,Cardiovascular diseases,dalys,10784.91,11961.93,11585.18,12286.25
52,Romania,1991,Cardiovascular diseases,dalys,11199.3,12612.78,12211.59,12917.69
52,Romania,1992,Cardiovascular diseases,dalys,11574.49,13240.0,12787.13,13564.09
52,Romania,1993,Cardiovascular diseases,dalys,11712.4,13578.82,13097.85,13924.96
52,Romania,1994,Cardiovascular diseases,dalys,11697.71,13742.25,13326.38,14059.42
52,Romania,1995,Cardiovascular diseases,dalys,11966.1,14302.18,13848.11,14643.51
52,Romania,1996,Cardiovascular diseases,dalys,12262.97,14885.05,14404.96,15247.3
52,Romania,1997,Cardiovascular diseases,dalys,11978.36,14726.04,14264.88,15060.18
52,Romania,1998,Cardiovascular diseases,dalys,11490.79,14309.96,13857.08,14625.09
62,Russian Federation,1990,Cardiovascular diseases,dalys,11381.14,12714.73,12245.68,13041.4
62,Russian Federation,1991,Cardiovascular diseases,dalys,11480.1,12988.95,12524.69,13361.33
62,Russian Federation,1992,Cardiovascular diseases,dalys,12213.3,14010.01,13527.54,14393.37
62,Russian Federation,1993,Cardiovascular diseases,dalys,14357.58,16783.52,16273.6,17190.07
62,Russian Federation,1994,Cardiovascular diseases,dalys,15729.11,18632.77,18069.95,19068.68
62,Russian Federation,1995,Cardiovascular diseases,dalys,14892.31,17764.1,17273.61,18167.33
62,Russian Federation,1996,Cardiovascular diseases,dalys,13967.62,16801.85,16359.4,17222.53
62,Russian Federation,1997,Cardiovascular diseases,dalys,13372.06,16285.43,15896.42,16710.25
62,Russian Federation,1998,Cardiovascular diseases,dalys,13200.96,16246.87,15817.32,16658.33
393,Saint Kitts and Nevis,1990,Cardiovascular diseases,dalys,9826.68,8938.19,8569.34,9301.52
393,Saint Kitts and Nevis,1991,Cardiovascular diseases,dalys,9529.69,8522.62,8146.99,8881.18
393,Saint Kitts and Nevis,1992,Cardiovascular diseases,dalys,9458.84,8474.48,8076.32,8806.33
393,Saint Kitts and Nevis,1993,Cardiovascular diseases,dalys,9132.03,8083.63,7720.0,8414.95
393,Saint Kitts and Nevis,1994,Cardiovascular diseases,dalys,8939.64,7962.33,7575.72,8339.21
393,Saint Kitts and Nevis,1995,Cardiovascular diseases,dalys,8938.44,7891.79,7478.18,8313.28
393,Saint Kitts and Nevis,1996,Cardiovascular diseases,dalys,8655.65,7639.34,7258.74,8060.48
393,Saint Kitts and Nevis,1997,Cardiovascular diseases,dalys,8240.53,7191.5,6786.58,7518.96
393,Saint Kitts and Nevis,1998,Cardiovascular diseases,dalys,7879.83,6824.49,6422.79,7150.17
396,San Marino,1990,Cardiovascular diseases,dalys,4521.01,6502.41,5616.67,7365.86
396,San Marino,1991,Cardiovascular diseases,dalys,4357.27,6382.08,5497.24,7127.91
396,San Marino,1992,Cardiovascular diseases,dalys,4202.83,6276.04,5577.43,6990.78
396,San Marino,1993,Cardiovascular diseases,dalys,4050.85,6233.9,5499.06,6881.95
396,San Marino,1994,Cardiovascular diseases,dalys,3907.83,6167.04,5459.27,6752.55
396,San Marino,1995,Cardiovascular diseases,dalys,3785.53,6102.65,5368.3,6785.13
396,San Marino,1996,Cardiovascular diseases,dalys,3678.26,5957.0,5162.09,6587.06
396,San Marino,1997,Cardiovascular diseases,dalys,3583.6,5967.57,5149.08,6615.51
396,San Marino,1998,Cardiovascular diseases,dalys,3488.94,5954.38,5176.16,6614.16
152,Saudi Arabia,1990,Cardiovascular diseases,dalys,9958.87,3835.73,3134.08,4531.82
152,Saudi Arabia,1991,Cardiovascular diseases,dalys,9531.02,3693.83,3031.43,4339.24
152,Saudi Arabia,1992,Cardiovascular diseases,dalys,9091.89,3555.09,2957.58,4131.63
152,Saudi Arabia,1993,Cardiovascular diseases,dalys,8714.19,3446.57,2899.15,3983.55
152,Saudi Arabia,1994,Cardiovascular diseases,dalys,8321.92,3340.33,2846.25,3809.62
152,Saudi Arabia,1995,Cardiovascular diseases,dalys,7943.07,3241.37,2779.09,3716.3
152,Saudi Arabia,1996,Cardiovascular diseases,dalys,7613.46,3158.24,2711.26,3598.51
152,Saudi Arabia,1997,Cardiovascular diseases,dalys,7313.25,3090.16,2677.02,3486.51
152,Saudi Arabia,1998,Cardiovascular diseases,dalys,7110.91,3059.04,2681.01,3422.74
186,Seychelles,1990,Cardiovascular diseases,dalys,7729.7,6041.2,5513.34,6574.66
186,Seychelles,1991,Cardiovascular diseases,dalys,7771.38,6107.25,5523.91,6709.76
186,Seychelles,1992,Cardiovascular diseases,dalys,7741.55,6115.49,5479.41,6715.41
186,Seychelles,1993,Cardiovascular diseases,dalys,7681.66,6090.31,5403.88,6742.42
186,Seychelles,1994,Cardiovascular diseases,dalys,7526.55,6009.08,5318.57,6669.06
186,Seychelles,1995,Cardiovascular diseases,dalys,7408.67,5956.46,5293.79,6684.08
186,Seychelles,1996,Cardiovascular diseases,dalys,7259.95,5901.41,5276.1,6629.69
186,Seychelles,1997,Cardiovascular diseases,dalys,7101.06,5874.54,5274.51,6503.3
186,Seychelles,1998,Cardiovascular diseases,dalys,6945.23,5783.71,5197.47,6414.52
69,Singapore,1990,Cardiovascular diseases,dalys,6178.58,4540.9,4374.17,4707.99
69,Singapore,1991,Cardiovascular diseases,dalys,5870.65,4353.42,4167.69,4524.86
69,Singapore,1992,Cardiovascular diseases,dalys,5699.42,4253.36,4081.46,4421.08
69,Singapore,1993,Cardiovascular diseases,dalys,5546.86,4187.09,4028.62,4357.25
69,Singapore,1994,Cardiovascular diseases,dalys,5432.61,4135.74,3974.32,4300.17
69,Singapore,1995,Cardiovascular diseases,dalys,5242.97,4028.6,3872.46,4202.54
69,Singapore,1996,Cardiovascular diseases,dalys,5191.92,3972.42,3811.43,4131.49
69,Singapore,1997,Cardiovascular diseases,dalys,4947.86,3788.48,3618.91,3946.64
69,Singapore,1998,Cardiovascular diseases,dalys,4679.22,3609.82,3454.12,3781.54
54,Slovakia,1990,Cardiovascular diseases,dalys,10335.33,11323.42,10430.79,12047.22
54,Slovakia,1991,Cardiovascular diseases,dalys,10162.51,11181.37,10476.45,11834.06
54,Slovakia,1992,Cardiovascular diseases,dalys,9893.92,10935.61,10339.62,11514.53
54,Slovakia,1993,Cardiovascular diseases,dalys,9634.53,10721.41,10211.84,11243.67
54,Slovakia,1994,Cardiovascular diseases,dalys,9402.9,10544.39,10043.76,11039.44
54,Slovakia,1995,Cardiovascular diseases,dalys,9256.63,10488.79,9955.96,10970.23
54,Slovakia,1996,Cardiovascular diseases,dalys,9148.69,10452.42,9942.15,10965.17
54,Slovakia,1997,Cardiovascular diseases,dalys,9061.46,10450.66,9882.45,10988.87
54,Slovakia,1998,Cardiovascular diseases,dalys,8974.31,10453.88,9867.06,10958.34
55,Slovenia,1990,Cardiovascular diseases,dalys,7031.3,8205.96,7847.25,8467.53
55,Slovenia,1991,Cardiovascular diseases,dalys,6965.78,8254.92,7918.9,8536.96
55,Slovenia,1992,Cardiovascular diseases,dalys,6900.91,8280.35,7942.87,8590.67
55,Slovenia,1993,Cardiovascular diseases,dalys,6737.66,8208.63,7859.33,8493.2
55,Slovenia,1994,Cardiovascular diseases,dalys,6493.35,8032.48,7672.27,8306.5
55,Slovenia,1995,Cardiovascular diseases,dalys,6114.94,7706.19,7332.3,7979.71
55,Slovenia,1996,Cardiovascular diseases,dalys,5859.33,7511.72,7148.42,7803.56
55,Slovenia,1997,Cardiovascular diseases,dalys,5617.04,7344.19,6984.28,7630.98
55,Slovenia,1998,Cardiovascular diseases,dalys,5544.74,7388.71,7046.95,7674.01
92,Spain,1990,Cardiovascular diseases,dalys,4344.97,5917.73,5532.61,6166.84
92,Spain,1991,Cardiovascular diseases,dalys,4273.37,5944.46,5561.23,6204.35
92,Spain,1992,Cardiovascular diseases,dalys,4078.91,5781.48,5371.67,6051.87
92,Spain,1993,Cardiovascular diseases,dalys,3983.31,5796.56,5387.52,6088.0
92,Spain,1994,Cardiovascular diseases,dalys,3815.49,5671.41,5261.2,5930.28
92,Spain,1995,Cardiovascular diseases,dalys,3717.96,5650.01,5245.23,5920.64
92,Spain,1996,Cardiovascular diseases,dalys,3647.44,5666.14,5260.59,5940.53
92,Spain,1997,Cardiovascular diseases,dalys,3515.59,5573.83,5151.41,5840.8
92,Spain,1998,Cardiovascular diseases,dalys,3483.78,5647.27,5213.4,5920.41
93,Sweden,1990,Cardiovascular diseases,dalys,5453.0,9652.77,9065.44,10063.14
93,Sweden,1991,Cardiovascular diseases,dalys,5351.53,9511.4,8928.05,9920.13
93,Sweden,1992,Cardiovascular diseases,dalys,5205.88,9307.91,8736.97,9714.66
93,Sweden,1993,Cardiovascular diseases,dalys,5070.47,9165.93,8590.07,9610.86
93,Sweden,1994,Cardiovascular diseases,dalys,4820.17,8702.95,8112.14,9119.66
93,Sweden,1995,Cardiovascular diseases,dalys,4723.24,8636.81,8045.92,9086.26
93,Sweden,1996,Cardiovascular diseases,dalys,4619.48,8541.51,7943.61,8965.11
93,Sweden,1997,Cardiovascular diseases,dalys,4512.31,8415.0,7822.98,8856.57
93,Sweden,1998,Cardiovascular diseases,dalys,4433.56,8347.08,7735.52,8787.47
94,Switzerland,1990,Cardiovascular diseases,dalys,4348.54,6645.84,6219.0,6953.03
94,Switzerland,1991,Cardiovascular diseases,dalys,4252.66,6518.28,6125.98,6809.74
94,Switzerland,1992,Cardiovascular diseases,dalys,4110.34,6348.01,5937.31,6617.6
94,Switzerland,1993,Cardiovascular diseases,dalys,3972.56,6215.49,5802.22,6494.88
94,Switzerland,1994,Cardiovascular diseases,dalys,3834.25,6061.43,5641.89,6351.55
94,Switzerland,1995,Cardiovascular diseases,dalys,3669.44,5905.39,5483.99,6203.53
94,Switzerland,1996,Cardiovascular diseases,dalys,3513.89,5736.54,5292.66,6024.61
94,Switzerland,1997,Cardiovascular diseases,dalys,3412.5,5626.36,5175.86,5924.68
94,Switzerland,1998,Cardiovascular diseases,dalys,3308.18,5499.0,5045.88,5768.42
8,Taiwan,1990,Cardiovascular diseases,dalys,5006.3,3644.14,3484.75,3773.55
8,Taiwan,1991,Cardiovascular diseases,dalys,4822.49,3611.03,3464.78,3742.39
8,Taiwan,1992,Cardiovascular diseases,dalys,4671.02,3598.4,3452.59,3727.77
8,Taiwan,1993,Cardiovascular diseases,dalys,4436.73,3500.45,3351.13,3642.49
8,Taiwan,1994,Cardiovascular diseases,dalys,4244.41,3435.03,3282.2,3585.26
8,Taiwan,1995,Cardiovascular diseases,dalys,4102.77,3405.37,3250.82,3554.3
8,Taiwan,1996,Cardiovascular diseases,dalys,3919.3,3340.21,3190.61,3499.54
8,Taiwan,1997,Cardiovascular diseases,dalys,3671.48,3210.52,3054.95,3363.23
8,Taiwan,1998,Cardiovascular diseases,dalys,3493.07,3135.91,2985.52,3281.38
119,Trinidad and Tobago,1990,Cardiovascular diseases,dalys,10020.95,6362.33,6171.69,6584.95
119,Trinidad and Tobago,1991,Cardiovascular diseases,dalys,10006.74,6441.71,6232.5,6649.97
119,Trinidad and Tobago,1992,Cardiovascular diseases,dalys,9846.7,6411.96,6176.26,6587.61
119,Trinidad and Tobago,1993,Cardiovascular diseases,dalys,9735.8,6447.04,6212.11,6600.63
119,Trinidad and Tobago,1994,Cardiovascular diseases,dalys,9701.15,6556.13,6308.49,6742.04
119,Trinidad and Tobago,1995,Cardiovascular diseases,dalys,9573.73,6591.31,6347.76,6817.11
119,Trinidad and Tobago,1996,Cardiovascular diseases,dalys,9500.85,6684.16,6458.98,6894.43
119,Trinidad and Tobago,1997,Cardiovascular diseases,dalys,9511.2,6835.21,6594.85,7076.86
119,Trinidad and Tobago,1998,Cardiovascular diseases,dalys,9235.25,6754.15,6528.45,6974.33
156,United Arab Emirates,1990,Cardiovascular diseases,dalys,7570.66,2263.44,1136.16,3234.99
156,United Arab Emirates,1991,Cardiovascular diseases,dalys,7384.53,2241.79,1182.99,3217.08
156,United Arab Emirates,1992,Cardiovascular diseases,dalys,7080.65,2191.92,1183.66,3136.53
156,United Arab Emirates,1993,Cardiovascular diseases,dalys,6963.29,2189.62,1205.9,3048.55
156,United Arab Emirates,1994,Cardiovascular diseases,dalys,6856.13,2182.63,1209.67,3057.39
156,United Arab Emirates,1995,Cardiovascular diseases,dalys,6605.71,2144.49,1191.27,2988.06
156,United Arab Emirates,1996,Cardiovascular diseases,dalys,6411.17,2106.11,1205.84,2976.21
156,United Arab Emirates,1997,Cardiovascular diseases,dalys,6208.71,2044.05,1158.98,2896.71
156,United Arab Emirates,1998,Cardiovascular diseases,dalys,6301.24,2037.46,1165.85,2876.47
95,United Kingdom,1990,Cardiovascular diseases,dalys,6251.05,9698.44,9216.07,10031.54
95,United Kingdom,1991,Cardiovascular diseases,dalys,6115.36,9562.8,9122.18,9923.37
95,United Kingdom,1992,Cardiovascular diseases,dalys,5908.34,9272.08,8802.48,9627.41
95,United Kingdom,1993,Cardiovascular diseases,dalys,5837.86,9262.16,8762.47,9612.24
95,United Kingdom,1994,Cardiovascular diseases,dalys,5470.32,8672.55,8194.71,9005.29
95,United Kingdom,1995,Cardiovascular diseases,dalys,5369.18,8601.26,8116.88,8934.7
95,United Kingdom,1996,Cardiovascular diseases,dalys,5181.29,8342.04,7861.79,8679.59
95,United Kingdom,1997,Cardiovascular diseases,dalys,4963.03,8047.85,7582.85,8399.57
95,United Kingdom,1998,Cardiovascular diseases,dalys,4831.37,7891.86,7420.77,8230.59
422,United States Virgin Islands,1990,Cardiovascular diseases,dalys,8652.8,5641.83,5267.77,6001.82
422,United States Virgin Islands,1991,Cardiovascular diseases,dalys,8277.64,5589.3,5257.39,5945.7
422,United States Virgin Islands,1992,Cardiovascular diseases,dalys,7977.11,5592.96,5239.87,5970.89
422,United States Virgin Islands,1993,Cardiovascular diseases,dalys,7693.0,5605.52,5247.36,5948.53
422,United States Virgin Islands,1994,Cardiovascular diseases,dalys,7422.59,5622.58,5239.78,6001.48
422,United States Virgin Islands,1995,Cardiovascular diseases,dalys,7163.65,5619.75,5278.33,6004.13
422,United States Virgin Islands,1996,Cardiovascular diseases,dalys,6936.93,5638.13,5292.49,6006.14
422,United States Virgin Islands,1997,Cardiovascular diseases,dalys,6737.74,5717.73,5405.64,6060.14
422,United States Virgin Islands,1998,Cardiovascular diseases,dalys,6574.88,5821.26,5458.2,6178.53
102,United States of America,1990,Cardiovascular diseases,dalys,5612.29,6920.76,6482.03,7271.71
102,United States of America,1991,Cardiovascular diseases,dalys,5488.09,6802.17,6362.33,7157.16
102,United States of America,1992,Cardiovascular diseases,dalys,5359.54,6676.35,6241.54,7019.24
102,United States of America,1993,Cardiovascular diseases,dalys,5383.35,6779.58,6335.83,7116.52
102,United States of America,1994,Cardiovascular diseases,dalys,5286.87,6685.19,6250.81,7013.86
102,United States of America,1995,Cardiovascular diseases,dalys,5228.76,6664.51,6244.21,6973.39
102,United States of America,1996,Cardiovascular diseases,dalys,5119.95,6570.18,6146.7,6874.22
102,United States of America,1997,Cardiovascular diseases,dalys,4983.67,6448.44,6023.87,6751.19
102,United States of America,1998,Cardiovascular diseases,dalys,4886.43,6381.78,5949.94,6692.23
99,Uruguay,1990,Cardiovascular diseases,dalys,6374.44,7641.18,7260.26,7906.0
99,Uruguay,1991,Cardiovascular diseases,dalys,6223.66,7522.38,7143.3,7809.44
99,Uruguay,1992,Cardiovascular diseases,dalys,6112.49,7443.68,7067.12,7734.85
99,Uruguay,1993,Cardiovascular diseases,dalys,6092.7,7478.23,7119.79,7775.89
99,Uruguay,1994,Cardiovascular diseases,dalys,5836.97,7196.92,6837.13,7490.11
99,Uruguay,1995,Cardiovascular diseases,dalys,5775.75,7188.86,6836.71,7454.52
99,Uruguay,1996,Cardiovascular diseases,dalys,5587.2,6989.38,6662.87,7263.47
99,Uruguay,1997,Cardiovascular diseases,dalys,5295.29,6660.65,6338.57,6913.12
99,Uruguay,1998,Cardiovascular diseases,dalys,5299.89,6744.59,6372.2,6999.49
298,American Samoa,1999,Cardiovascular diseases,dalys,9083.5,4956.89,4305.2,5592.06
298,American Samoa,2000,Cardiovascular diseases,dalys,8919.61,4908.16,4357.0,5468.67
298,American Samoa,2001,Cardiovascular diseases,dalys,8901.81,4955.44,4379.08,5497.18
298,American Samoa,2002,Cardiovascular diseases,dalys,8851.06,4991.4,4414.01,5544.36
298,American Samoa,2003,Cardiovascular diseases,dalys,8756.76,5009.23,4470.77,5582.94
298,American Samoa,2004,Cardiovascular diseases,dalys,8645.93,5024.63,4439.41,5691.24
298,American Samoa,2005,Cardiovascular diseases,dalys,8597.19,5076.78,4527.03,5763.41
298,American Samoa,2006,Cardiovascular diseases,dalys,8559.82,5152.62,4595.64,5805.79
298,American Samoa,2007,Cardiovascular diseases,dalys,8470.37,5204.4,4619.95,5845.07
74,Andorra,1999,Cardiovascular diseases,dalys,2549.99,3449.12,2909.97,3946.16
74,Andorra,2000,Cardiovascular diseases,dalys,2509.14,3535.48,3033.54,4055.15
74,Andorra,2001,Cardiovascular diseases,dalys,2423.0,3550.15,3064.43,4077.93
74,Andorra,2002,Cardiovascular diseases,dalys,2367.48,3597.49,3107.08,4128.18
74,Andorra,2003,Cardiovascular diseases,dalys,2273.44,3410.71,2925.82,3914.51
74,Andorra,2004,Cardiovascular diseases,dalys,2194.29,3221.94,2741.31,3672.79
74,Andorra,2005,Cardiovascular diseases,dalys,2132.71,3126.77,2647.23,3572.56
74,Andorra,2006,Cardiovascular diseases,dalys,2063.42,3062.65,2575.48,3538.41
74,Andorra,2007,Cardiovascular diseases,dalys,2008.88,3076.93,2603.88,3547.81
105,Antigua and Barbuda,1999,Cardiovascular diseases,dalys,5611.38,4585.28,4258.97,4857.28
105,Antigua and Barbuda,2000,Cardiovascular diseases,dalys,5179.55,4213.72,3927.95,4446.53
105,Antigua and Barbuda,2001,Cardiovascular diseases,dalys,5096.51,4187.25,3873.37,4421.99
105,Antigua and Barbuda,2002,Cardiovascular diseases,dalys,4985.98,4152.52,3858.18,4387.05
105,Antigua and Barbuda,2003,Cardiovascular diseases,dalys,4934.65,4172.41,3861.87,4422.24
105,Antigua and Barbuda,2004,Cardiovascular diseases,dalys,4742.91,4016.57,3736.82,4246.66
105,Antigua and Barbuda,2005,Cardiovascular diseases,dalys,4701.28,4133.39,3832.9,4380.1
105,Antigua and Barbuda,2006,Cardiovascular diseases,dalys,4496.83,3975.16,3701.76,4237.02
105,Antigua and Barbuda,2007,Cardiovascular diseases,dalys,4401.83,3935.63,3657.18,4200.15
71,Australia,1999,Cardiovascular diseases,dalys,3656.05,4787.43,4432.81,5030.06
71,Australia,2000,Cardiovascular diseases,dalys,3456.65,4617.71,4251.58,4867.81
71,Australia,2001,Cardiovascular diseases,dalys,3323.09,4507.44,4137.96,4749.76
71,Australia,2002,Cardiovascular diseases,dalys,3199.29,4442.45,4091.02,4700.82
71,Australia,2003,Cardiovascular diseases,dalys,3046.9,4289.04,3951.15,4543.97
71,Australia,2004,Cardiovascular diseases,dalys,2905.07,4141.12,3804.84,4397.91
71,Australia,2005,Cardiovascular diseases,dalys,2756.09,3986.1,3647.45,4230.81
71,Australia,2006,Cardiovascular diseases,dalys,2661.1,3927.51,3581.93,4170.85
71,Australia,2007,Cardiovascular diseases,dalys,2616.09,3923.58,3568.2,4176.39
75,Austria,1999,Cardiovascular diseases,dalys,5179.2,8339.72,7821.4,8745.99
75,Austria,2000,Cardiovascular diseases,dalys,4868.32,7925.68,7372.94,8357.84
75,Austria,2001,Cardiovascular diseases,dalys,4610.77,7579.1,7040.98,7961.24
75,Austria,2002,Cardiovascular diseases,dalys,4383.1,7337.31,6830.09,7735.46
75,Austria,2003,Cardiovascular diseases,dalys,4106.99,6955.95,6429.6,7351.93
75,Austria,2004,Cardiovascular diseases,dalys,3850.88,6542.74,6028.79,6937.5
75,Austria,2005,Cardiovascular diseases,dalys,3727.97,6425.5,5872.61,6817.02
75,Austria,2006,Cardiovascular diseases,dalys,3628.0,6342.93,5802.19,6709.87
75,Austria,2007,Cardiovascular diseases,dalys,3525.53,6260.34,5722.35,6654.35
106,Bahamas,1999,Cardiovascular diseases,dalys,6369.82,4522.55,4299.39,4739.61
106,Bahamas,2000,Cardiovascular diseases,dalys,6329.79,4558.02,4323.06,4759.04
106,Bahamas,2001,Cardiovascular diseases,dalys,6392.24,4694.69,4457.5,4922.99
106,Bahamas,2002,Cardiovascular diseases,dalys,6501.2,4855.85,4633.34,5102.93
106,Bahamas,2003,Cardiovascular diseases,dalys,6248.28,4754.98,4512.69,5016.96
106,Bahamas,2004,Cardiovascular diseases,dalys,6360.55,4893.0,4658.49,5171.6
106,Bahamas,2005,Cardiovascular diseases,dalys,6291.69,4907.65,4692.56,5198.8
106,Bahamas,2006,Cardiovascular diseases,dalys,6080.36,4826.58,4601.67,5110.27
106,Bahamas,2007,Cardiovascular diseases,dalys,5941.7,4789.37,4584.77,5053.0
140,Bahrain,1999,Cardiovascular diseases,dalys,9882.2,3998.67,3669.68,4309.21
140,Bahrain,2000,Cardiovascular diseases,dalys,9681.47,3917.17,3572.17,4207.34
140,Bahrain,2001,Cardiovascular diseases,dalys,9308.73,3765.31,3442.41,4048.16
140,Bahrain,2002,Cardiovascular diseases,dalys,9066.58,3668.7,3369.42,3917.35
140,Bahrain,2003,Cardiovascular diseases,dalys,8831.22,3535.61,3256.56,3802.54
140,Bahrain,2004,Cardiovascular diseases,dalys,8445.59,3303.59,3010.0,3582.33
140,Bahrain,2005,Cardiovascular diseases,dalys,8011.41,3098.22,2790.23,3381.93
140,Bahrain,2006,Cardiovascular diseases,dalys,7589.35,2930.26,2645.67,3197.13
140,Bahrain,2007,Cardiovascular diseases,dalys,7092.6,2758.36,2471.74,3010.37
107,Barbados,1999,Cardiovascular diseases,dalys,4496.25,5571.92,5177.12,5884.09
107,Barbados,2000,Cardiovascular diseases,dalys,4376.79,5480.83,5103.65,5785.78
107,Barbados,2001,Cardiovascular diseases,dalys,4271.58,5232.76,4895.93,5524.46
107,Barbados,2002,Cardiovascular diseases,dalys,4127.59,5192.36,4881.66,5493.15
107,Barbados,2003,Cardiovascular diseases,dalys,4108.4,5266.62,4978.11,5585.17
107,Barbados,2004,Cardiovascular diseases,dalys,3901.05,4981.79,4687.79,5279.63
107,Barbados,2005,Cardiovascular diseases,dalys,3752.44,4903.69,4600.93,5191.96
107,Barbados,2006,Cardiovascular diseases,dalys,3777.98,4949.13,4611.95,5234.15
107,Barbados,2007,Cardiovascular diseases,dalys,3786.04,5018.77,4673.4,5302.0
76,Belgium,1999,Cardiovascular diseases,dalys,3761.55,6273.55,5795.09,6610.32
76,Belgium,2000,Cardiovascular diseases,dalys,3625.51,6117.37,5638.84,6453.32
76,Belgium,2001,Cardiovascular diseases,dalys,3457.39,5903.53,5422.97,6220.25
76,Belgium,2002,Cardiovascular diseases,dalys,3406.03,5889.5,5427.5,6207.24
76,Belgium,2003,Cardiovascular diseases,dalys,3305.58,5784.75,5311.14,6098.72
76,Belgium,2004,Cardiovascular diseases,dalys,3132.21,5478.14,5013.83,5777.7
76,Belgium,2005,Cardiovascular diseases,dalys,3000.67,5319.28,4865.77,5606.84
76,Belgium,2006,Cardiovascular diseases,dalys,2859.0,5096.75,4660.63,5369.78
76,Belgium,2007,Cardiovascular diseases,dalys,2780.15,5016.17,4581.82,5292.1
305,Bermuda,1999,Cardiovascular diseases,dalys,5120.51,6021.13,5671.21,6352.79
305,Bermuda,2000,Cardiovascular diseases,dalys,4885.74,5851.05,5493.93,6157.47
305,Bermuda,2001,Cardiovascular diseases,dalys,4625.9,5550.5,5215.87,5870.35
305,Bermuda,2002,Cardiovascular diseases,dalys,4240.54,5139.28,4842.32,5474.96
305,Bermuda,2003,Cardiovascular diseases,dalys,4030.62,5123.07,4801.96,5456.49
305,Bermuda,2004,Cardiovascular diseases,dalys,4049.9,5154.99,4838.69,5487.33
305,Bermuda,2005,Cardiovascular diseases,dalys,3989.11,5200.3,4895.69,5521.92
305,Bermuda,2006,Cardiovascular diseases,dalys,3912.75,5174.71,4857.1,5488.06
305,Bermuda,2007,Cardiovascular diseases,dalys,3779.97,5184.91,4785.02,5513.92
66,Brunei Darussalam,1999,Cardiovascular diseases,dalys,5872.74,2799.68,2540.78,3002.75
66,Brunei Darussalam,2000,Cardiovascular diseases,dalys,5742.91,2781.21,2545.85,2991.51
66,Brunei Darussalam,2001,Cardiovascular diseases,dalys,5618.21,2750.56,2532.88,2954.25
66,Brunei Darussalam,2002,Cardiovascular diseases,dalys,5515.54,2732.22,2525.8,2949.66
66,Brunei Darussalam,2003,Cardiovascular diseases,dalys,5375.19,2707.47,2493.4,2929.16
66,Brunei Darussalam,2004,Cardiovascular diseases,dalys,5179.38,2659.51,2431.48,2888.64
66,Brunei Darussalam,2005,Cardiovascular diseases,dalys,5069.92,2653.2,2430.45,2898.18
66,Brunei Darussalam,2006,Cardiovascular diseases,dalys,4888.51,2616.44,2385.32,2864.62
66,Brunei Darussalam,2007,Cardiovascular diseases,dalys,4672.35,2570.47,2348.32,2820.55
45,Bulgaria,1999,Cardiovascular diseases,dalys,12369.48,18849.25,18248.76,19307.24
45,Bulgaria,2000,Cardiovascular diseases,dalys,12184.63,18960.6,18286.69,19468.42
45,Bulgaria,2001,Cardiovascular diseases,dalys,12018.56,18840.53,18131.19,19360.47
45,Bulgaria,2002,Cardiovascular diseases,dalys,11826.28,18881.91,18205.19,19438.09
45,Bulgaria,2003,Cardiovascular diseases,dalys,11586.93,18723.11,18075.24,19285.97
45,Bulgaria,2004,Cardiovascular diseases,dalys,11285.93,18418.4,17818.04,18955.45
45,Bulgaria,2005,Cardiovascular diseases,dalys,11217.95,18602.57,17966.44,19097.34
45,Bulgaria,2006,Cardiovascular diseases,dalys,11020.45,18543.47,17893.08,19052.35
45,Bulgaria,2007,Cardiovascular diseases,dalys,10562.63,18091.52,17415.72,18605.33
101,Canada,1999,Cardiovascular diseases,dalys,3657.42,4918.15,4579.73,5186.13
101,Canada,2000,Cardiovascular diseases,dalys,3511.19,4795.0,4457.44,5054.67
101,Canada,2001,Cardiovascular diseases,dalys,3365.34,4682.41,4345.07,4951.84
101,Canada,2002,Cardiovascular diseases,dalys,3272.64,4640.89,4302.28,4902.64
101,Canada,2003,Cardiovascular diseases,dalys,3175.88,4581.44,4237.99,4848.88
101,Canada,2004,Cardiovascular diseases,dalys,3052.38,4471.93,4126.8,4746.19
101,Canada,2005,Cardiovascular diseases,dalys,2952.32,4400.65,4048.52,4686.56
101,Canada,2006,Cardiovascular diseases,dalys,2829.31,4278.0,3923.48,4576.22
101,Canada,2007,Cardiovascular diseases,dalys,2769.38,4266.09,3904.29,4553.97
98,Chile,1999,Cardiovascular diseases,dalys,3701.86,3246.38,3079.66,3383.28
98,Chile,2000,Cardiovascular diseases,dalys,3602.82,3160.56,3013.61,3293.11
98,Chile,2001,Cardiovascular diseases,dalys,3565.32,3196.47,3046.46,3325.71
98,Chile,2002,Cardiovascular diseases,dalys,3495.41,3184.46,3033.0,3323.4
98,Chile,2003,Cardiovascular diseases,dalys,3457.31,3238.47,3077.46,3378.18
98,Chile,2004,Cardiovascular diseases,dalys,3353.14,3223.34,3064.39,3359.6
98,Chile,2005,Cardiovascular diseases,dalys,3247.95,3178.32,3002.4,3325.08
98,Chile,2006,Cardiovascular diseases,dalys,3152.08,3128.78,2964.16,3267.09
98,Chile,2007,Cardiovascular diseases,dalys,3108.11,3187.56,3003.71,3331.1
46,Croatia,1999,Cardiovascular diseases,dalys,7484.65,10579.02,10197.58,10887.05
46,Croatia,2000,Cardiovascular diseases,dalys,7278.88,10494.13,10096.67,10833.89
46,Croatia,2001,Cardiovascular diseases,dalys,7081.44,10415.93,10049.22,10763.02
46,Croatia,2002,Cardiovascular diseases,dalys,6928.12,10430.07,10063.23,10800.28
46,Croatia,2003,Cardiovascular diseases,dalys,6813.99,10470.86,10098.67,10821.85
46,Croatia,2004,Cardiovascular diseases,dalys,6419.11,9997.79,9610.27,10319.16
46,Croatia,2005,Cardiovascular diseases,dalys,6283.21,10004.58,9599.23,10297.01
46,Croatia,2006,Cardiovascular diseases,dalys,6146.06,9951.09,9535.99,10264.44
46,Croatia,2007,Cardiovascular diseases,dalys,6027.89,9993.75,9490.61,10293.98
77,Cyprus,1999,Cardiovascular diseases,dalys,5425.08,6021.38,5088.64,6798.47
77,Cyprus,2000,Cardiovascular diseases,dalys,5239.15,6110.74,5271.88,6820.59
77,Cyprus,2001,Cardiovascular diseases,dalys,5015.79,5564.73,4919.33,6233.37
77,Cyprus,2002,Cardiovascular diseases,dalys,4826.76,5692.03,4997.03,6340.06
77,Cyprus,2003,Cardiovascular diseases,dalys,4632.45,5436.32,4812.98,5971.65
77,Cyprus,2004,Cardiovascular diseases,dalys,4483.01,5275.17,4714.46,5822.5
77,Cyprus,2005,Cardiovascular diseases,dalys,4300.69,5230.17,4693.81,5720.19
77,Cyprus,2006,Cardiovascular diseases,dalys,4143.66,4963.24,4486.17,5399.09
77,Cyprus,2007,Cardiovascular diseases,dalys,4028.31,4947.51,4422.21,5423.75
47,Czechia,1999,Cardiovascular diseases,dalys,7682.27,10730.97,10280.37,11066.2
47,Czechia,2000,Cardiovascular diseases,dalys,7308.33,10355.04,9915.03,10760.87
47,Czechia,2001,Cardiovascular diseases,dalys,7112.75,10217.24,9758.73,10574.74
47,Czechia,2002,Cardiovascular diseases,dalys,6969.92,10151.13,9671.86,10533.59
47,Czechia,2003,Cardiovascular diseases,dalys,6781.6,10045.73,9556.85,10409.92
47,Czechia,2004,Cardiovascular diseases,dalys,6518.43,9766.19,9293.52,10163.98
47,Czechia,2005,Cardiovascular diseases,dalys,6219.04,9513.06,9047.02,9902.48
47,Czechia,2006,Cardiovascular diseases,dalys,5915.57,9177.35,8707.54,9565.39
47,Czechia,2007,Cardiovascular diseases,dalys,5720.07,9019.46,8545.87,9413.35
78,Denmark,1999,Cardiovascular diseases,dalys,4416.25,7084.86,6652.69,7425.57
78,Denmark,2000,Cardiovascular diseases,dalys,4158.6,6752.92,6323.13,7084.59
78,Denmark,2001,Cardiovascular diseases,dalys,4071.73,6682.79,6217.35,7005.58
78,Denmark,2002,Cardiovascular diseases,dalys,3953.59,6544.61,6079.58,6900.72
78,Denmark,2003,Cardiovascular diseases,dalys,3806.51,6317.81,5865.03,6639.19
78,Denmark,2004,Cardiovascular diseases,dalys,3581.93,5964.24,5540.12,6311.72
78,Denmark,2005,Cardiovascular diseases,dalys,3377.02,5671.2,5245.73,5989.88
78,Denmark,2006,Cardiovascular diseases,dalys,3248.77,5503.83,5101.56,5824.12
78,Denmark,2007,Cardiovascular diseases,dalys,3125.78,5341.18,4941.31,5639.64
58,Estonia,1999,Cardiovascular diseases,dalys,10182.99,14774.33,14154.11,15248.09
58,Estonia,2000,Cardiovascular diseases,dalys,9904.2,14528.84,13902.11,14952.28
58,Estonia,2001,Cardiovascular diseases,dalys,9574.89,14260.01,13711.13,14714.35
58,Estonia,2002,Cardiovascular diseases,dalys,9475.22,14315.17,13742.85,14797.85
58,Estonia,2003,Cardiovascular diseases,dalys,9219.22,14177.14,13537.31,14653.84
58,Estonia,2004,Cardiovascular diseases,dalys,8813.4,13746.08,13169.55,14211.63
58,Estonia,2005,Cardiovascular diseases,dalys,8522.49,13510.78,12943.27,13979.21
58,Estonia,2006,Cardiovascular diseases,dalys,8200.84,13188.34,12594.52,13636.04
58,Estonia,2007,Cardiovascular diseases,dalys,7833.79,12831.4,12274.05,13344.86
79,Finland,1999,Cardiovascular diseases,dalys,5186.66,8078.26,7580.42,8461.21
79,Finland,2000,Cardiovascular diseases,dalys,5000.06,7924.84,7393.33,8293.76
79,Finland,2001,Cardiovascular diseases,dalys,4793.12,7737.45,7193.09,8086.85
79,Finland,2002,Cardiovascular diseases,dalys,4705.17,7744.33,7157.4,8143.25
79,Finland,2003,Cardiovascular diseases,dalys,4570.01,7630.04,7069.92,8016.19
79,Finland,2004,Cardiovascular diseases,dalys,4374.96,7369.27,6819.61,7773.87
79,Finland,2005,Cardiovascular diseases,dalys,4228.38,7253.26,6693.87,7649.15
79,Finland,2006,Cardiovascular diseases,dalys,4133.3,7245.28,6663.48,7647.7
79,Finland,2007,Cardiovascular diseases,dalys,4036.97,7222.98,6628.36,7625.54
80,France,1999,Cardiovascular diseases,dalys,3144.17,5098.97,4677.22,5480.84
80,France,2000,Cardiovascular diseases,dalys,3067.71,5011.95,4583.85,5397.22
80,France,2001,Cardiovascular diseases,dalys,3007.4,4953.83,4521.87,5350.58
80,France,2002,Cardiovascular diseases,dalys,2952.34,4918.69,4470.73,5334.96
80,France,2003,Cardiovascular diseases,dalys,2908.18,4941.15,4489.01,5357.89
80,France,2004,Cardiovascular diseases,dalys,2712.69,4601.18,4165.73,5005.75
80,France,2005,Cardiovascular diseases,dalys,2672.54,4634.71,4201.56,5047.74
80,France,2006,Cardiovascular diseases,dalys,2582.78,4491.6,4052.31,4885.62
80,France,2007,Cardiovascular diseases,dalys,2521.18,4445.47,4023.88,4842.05
81,Germany,1999,Cardiovascular diseases,dalys,4798.72,8217.57,7566.68,8630.35
81,Germany,2000,Cardiovascular diseases,dalys,4552.62,7964.16,7297.95,8385.82
81,Germany,2001,Cardiovascular diseases,dalys,4391.97,7791.81,7121.34,8219.42
81,Germany,2002,Cardiovascular diseases,dalys,4303.55,7778.69,7091.04,8223.95
81,Germany,2003,Cardiovascular diseases,dalys,4219.16,7759.27,7074.02,8194.7
81,Germany,2004,Cardiovascular diseases,dalys,4000.83,7359.69,6710.92,7780.72
81,Germany,2005,Cardiovascular diseases,dalys,3874.71,7301.33,6648.18,7716.54
81,Germany,2006,Cardiovascular diseases,dalys,3744.38,7158.45,6505.69,7575.15
81,Germany,2007,Cardiovascular diseases,dalys,3634.39,7091.83,6406.29,7515.88
82,Greece,1999,Cardiovascular diseases,dalys,5168.01,7864.06,7364.91,8209.91
82,Greece,2000,Cardiovascular diseases,dalys,5004.87,7785.25,7330.56,8127.65
82,Greece,2001,Cardiovascular diseases,dalys,4806.46,7576.11,7102.63,7915.22
82,Greece,2002,Cardiovascular diseases,dalys,4712.66,7575.05,7080.45,7902.53
82,Greece,2003,Cardiovascular diseases,dalys,4656.07,7643.7,7178.25,7984.12
82,Greece,2004,Cardiovascular diseases,dalys,4488.15,7484.31,7025.2,7788.77
82,Greece,2005,Cardiovascular diseases,dalys,4289.8,7293.13,6829.29,7607.72
82,Greece,2006,Cardiovascular diseases,dalys,4181.85,7248.82,6765.61,7589.41
82,Greece,2007,Cardiovascular diseases,dalys,4192.69,7408.48,6922.18,7765.28
349,Greenland,1999,Cardiovascular diseases,dalys,9778.09,6145.98,5592.97,6711.71
349,Greenland,2000,Cardiovascular diseases,dalys,9523.96,6107.89,5538.5,6679.38
349,Greenland,2001,Cardiovascular diseases,dalys,9291.27,6090.66,5532.69,6662.57
349,Greenland,2002,Cardiovascular diseases,dalys,9018.0,6043.61,5515.66,6600.37
349,Greenland,2003,Cardiovascular diseases,dalys,8800.66,5980.06,5402.04,6551.33
349,Greenland,2004,Cardiovascular diseases,dalys,8466.18,5892.18,5325.9,6469.75
349,Greenland,2005,Cardiovascular diseases,dalys,8193.04,5804.72,5233.51,6400.92
349,Greenland,2006,Cardiovascular diseases,dalys,7905.84,5731.03,5176.77,6350.72
349,Greenland,2007,Cardiovascular diseases,dalys,7604.99,5668.52,5142.47,6291.19
351,Guam,1999,Cardiovascular diseases,dalys,7133.1,5091.28,4803.91,5354.44
351,Guam,2000,Cardiovascular diseases,dalys,6800.21,4956.3,4691.82,5211.8
351,Guam,2001,Cardiovascular diseases,dalys,6829.6,5079.75,4802.18,5316.03
351,Guam,2002,Cardiovascular diseases,dalys,6623.61,5061.9,4772.06,5313.44
351,Guam,2003,Cardiovascular diseases,dalys,6325.73,4935.65,4649.57,5179.01
351,Guam,2004,Cardiovascular diseases,dalys,6189.44,4954.61,4687.22,5210.75
351,Guam,2005,Cardiovascular diseases,dalys,6167.98,5055.69,4773.18,5293.28
351,Guam,2006,Cardiovascular diseases,dalys,6122.44,5118.01,4830.2,5370.86
351,Guam,2007,Cardiovascular diseases,dalys,6051.61,5233.68,4955.07,5493.55
113,Guyana,1999,Cardiovascular diseases,dalys,9814.12,5596.91,5259.65,5952.24
113,Guyana,2000,Cardiovascular diseases,dalys,8920.63,5154.55,4823.05,5476.72
113,Guyana,2001,Cardiovascular diseases,dalys,9460.67,5551.43,5195.33,5901.19
113,Guyana,2002,Cardiovascular diseases,dalys,9622.36,5751.37,5401.86,6085.68
113,Guyana,2003,Cardiovascular diseases,dalys,9801.06,5977.3,5647.9,6283.6
113,Guyana,2004,Cardiovascular diseases,dalys,9752.91,6088.68,5738.32,6389.03
113,Guyana,2005,Cardiovascular diseases,dalys,9565.69,6067.97,5718.48,6367.47
113,Guyana,2006,Cardiovascular diseases,dalys,9411.36,6102.93,5778.01,6419.87
113,Guyana,2007,Cardiovascular diseases,dalys,9439.96,6266.27,5942.35,6625.66
354,Hong Kong Special Administrative Region of China,1999,Cardiovascular diseases,dalys,2605.85,2914.58,2637.71,3293.28
354,Hong Kong Special Administrative Region of China,2000,Cardiovascular diseases,dalys,2510.93,2878.89,2598.63,3219.85
354,Hong Kong Special Administrative Region of China,2001,Cardiovascular diseases,dalys,2396.5,2804.76,2543.01,3142.91
354,Hong Kong Special Administrative Region of China,2002,Cardiovascular diseases,dalys,2340.58,2811.83,2548.92,3126.47
354,Hong Kong Special Administrative Region of China,2003,Cardiovascular diseases,dalys,2313.97,2873.72,2605.56,3188.06
354,Hong Kong Special Administrative Region of China,2004,Cardiovascular diseases,dalys,2274.64,2914.68,2635.72,3220.59
354,Hong Kong Special Administrative Region of China,2005,Cardiovascular diseases,dalys,2214.69,2932.94,2640.46,3253.88
354,Hong Kong Special Administrative Region of China,2006,Cardiovascular diseases,dalys,2142.85,2909.12,2645.61,3209.05
354,Hong Kong Special Administrative Region of China,2007,Cardiovascular diseases,dalys,2106.94,2956.66,2680.26,3268.12
48,Hungary,1999,Cardiovascular diseases,dalys,9414.14,13905.05,13432.76,14313.72
48,Hungary,2000,Cardiovascular diseases,dalys,8925.78,13327.52,12873.08,13754.71
48,Hungary,2001,Cardiovascular diseases,dalys,8527.64,12908.06,12422.25,13350.91
48,Hungary,2002,Cardiovascular diseases,dalys,8373.16,12867.51,12400.87,13280.95
48,Hungary,2003,Cardiovascular diseases,dalys,8268.17,12907.99,12433.76,13321.96
48,Hungary,2004,Cardiovascular diseases,dalys,8119.81,12805.43,12314.51,13238.9
48,Hungary,2005,Cardiovascular diseases,dalys,8135.5,12986.1,12505.02,13392.52
48,Hungary,2006,Cardiovascular diseases,dalys,7795.38,12584.21,12079.93,12960.35
48,Hungary,2007,Cardiovascular diseases,dalys,7535.43,12354.42,11879.27,12718.6
83,Iceland,1999,Cardiovascular diseases,dalys,3858.09,4767.52,4394.58,5021.79
83,Iceland,2000,Cardiovascular diseases,dalys,3633.73,4508.14,4158.16,4769.48
83,Iceland,2001,Cardiovascular diseases,dalys,3520.06,4348.19,4008.52,4597.98
83,Iceland,2002,Cardiovascular diseases,dalys,3419.13,4301.18,3941.35,4552.71
83,Iceland,2003,Cardiovascular diseases,dalys,3318.89,4306.1,3952.4,4562.58
83,Iceland,2004,Cardiovascular diseases,dalys,3202.03,4203.15,3825.43,4432.32
83,Iceland,2005,Cardiovascular diseases,dalys,3013.55,3995.07,3668.83,4246.17
83,Iceland,2006,Cardiovascular diseases,dalys,2986.95,4017.23,3673.68,4265.09
83,Iceland,2007,Cardiovascular diseases,dalys,2905.28,3885.84,3554.27,4126.06
84,Ireland,1999,Cardiovascular diseases,dalys,5228.92,6240.49,5904.4,6503.91
84,Ireland,2000,Cardiovascular diseases,dalys,4937.15,5889.72,5586.35,6126.48
84,Ireland,2001,Cardiovascular diseases,dalys,4602.85,5486.94,5195.01,5716.7
84,Ireland,2002,Cardiovascular diseases,dalys,4363.49,5212.98,4908.08,5441.54
84,Ireland,2003,Cardiovascular diseases,dalys,4088.3,4892.3,4623.08,5114.48
84,Ireland,2004,Cardiovascular diseases,dalys,3848.29,4615.86,4368.87,4823.55
84,Ireland,2005,Cardiovascular diseases,dalys,3619.86,4354.65,4083.55,4562.12
84,Ireland,2006,Cardiovascular diseases,dalys,3423.07,4153.39,3894.25,4367.74
84,Ireland,2007,Cardiovascular diseases,dalys,3323.57,4035.94,3792.41,4251.41
85,Israel,1999,Cardiovascular diseases,dalys,3462.71,3683.46,3438.65,3878.83
85,Israel,2000,Cardiovascular diseases,dalys,3289.12,3498.82,3247.38,3689.63
85,Israel,2001,Cardiovascular diseases,dalys,3132.12,3324.86,3078.92,3501.83
85,Israel,2002,Cardiovascular diseases,dalys,2988.99,3215.7,2980.24,3388.45
85,Israel,2003,Cardiovascular diseases,dalys,2852.2,3093.1,2877.89,3268.24
85,Israel,2004,Cardiovascular diseases,dalys,2742.12,2970.38,2770.56,3141.29
85,Israel,2005,Cardiovascular diseases,dalys,2624.38,2914.12,2702.85,3091.93
85,Israel,2006,Cardiovascular diseases,dalys,2532.98,2818.19,2612.8,2989.94
85,Israel,2007,Cardiovascular diseases,dalys,2444.29,2785.84,2564.35,2961.82
86,Italy,1999,Cardiovascular diseases,dalys,3625.41,6623.75,6016.43,7000.97
86,Italy,2000,Cardiovascular diseases,dalys,3438.38,6379.84,5764.42,6779.26
86,Italy,2001,Cardiovascular diseases,dalys,3296.08,6225.2,5606.5,6631.57
86,Italy,2002,Cardiovascular diseases,dalys,3244.52,6231.18,5598.06,6653.98
86,Italy,2003,Cardiovascular diseases,dalys,3282.67,6422.92,5748.87,6855.4
86,Italy,2004,Cardiovascular diseases,dalys,3029.97,5882.96,5272.59,6314.03
86,Italy,2005,Cardiovascular diseases,dalys,2979.87,5944.36,5294.93,6375.45
86,Italy,2006,Cardiovascular diseases,dalys,2842.72,5738.57,5117.99,6159.32
86,Italy,2007,Cardiovascular diseases,dalys,2772.98,5727.12,5094.94,6178.13
67,Japan,1999,Cardiovascular diseases,dalys,2689.29,4476.99,4105.93,4775.9
67,Japan,2000,Cardiovascular diseases,dalys,2542.12,4321.22,3942.19,4620.07
67,Japan,2001,Cardiovascular diseases,dalys,2466.01,4298.04,3904.28,4602.35
67,Japan,2002,Cardiovascular diseases,dalys,2408.57,4306.02,3906.72,4629.4
67,Japan,2003,Cardiovascular diseases,dalys,2371.19,4360.52,3943.2,4702.6
67,Japan,2004,Cardiovascular diseases,dalys,2299.5,4331.43,3915.77,4677.24
67,Japan,2005,Cardiovascular diseases,dalys,2283.02,4450.73,4003.24,4800.73
67,Japan,2006,Cardiovascular diseases,dalys,2203.1,4389.85,3932.31,4739.22
67,Japan,2007,Cardiovascular diseases,dalys,2148.82,4396.39,3925.7,4754.13
145,Kuwait,1999,Cardiovascular diseases,dalys,7831.84,2789.98,2641.15,2939.42
145,Kuwait,2000,Cardiovascular diseases,dalys,7552.92,2728.09,2574.77,2875.73
145,Kuwait,2001,Cardiovascular diseases,dalys,7552.31,2780.32,2631.51,2922.14
145,Kuwait,2002,Cardiovascular diseases,dalys,7590.8,2825.89,2678.42,2964.52
145,Kuwait,2003,Cardiovascular diseases,dalys,7497.05,2870.7,2727.79,3009.32
145,Kuwait,2004,Cardiovascular diseases,dalys,7218.75,2802.79,2666.34,2935.3
145,Kuwait,2005,Cardiovascular diseases,dalys,7056.17,2788.78,2657.14,2917.41
145,Kuwait,2006,Cardiovascular diseases,dalys,7025.05,2836.74,2702.36,2966.31
145,Kuwait,2007,Cardiovascular diseases,dalys,6828.47,2804.81,2671.56,2934.38
59,Latvia,1999,Cardiovascular diseases,dalys,10706.32,15266.59,14777.48,15704.22
59,Latvia,2000,Cardiovascular diseases,dalys,10663.54,15415.75,14909.3,15944.34
59,Latvia,2001,Cardiovascular diseases,dalys,10675.19,15658.11,15081.97,16141.88
59,Latvia,2002,Cardiovascular diseases,dalys,10722.68,15944.12,15316.53,16376.17
59,Latvia,2003,Cardiovascular diseases,dalys,10675.5,16165.91,15514.09,16600.45
59,Latvia,2004,Cardiovascular diseases,dalys,10728.73,16495.9,15838.49,16969.01
59,Latvia,2005,Cardiovascular diseases,dalys,10821.36,16871.95,16210.54,17359.3
59,Latvia,2006,Cardiovascular diseases,dalys,10762.18,17011.9,16413.79,17507.5
59,Latvia,2007,Cardiovascular diseases,dalys,10494.45,16901.8,16283.12,17404.02
60,Lithuania,1999,Cardiovascular diseases,dalys,9134.18,11841.03,11313.46,12275.17
60,Lithuania,2000,Cardiovascular diseases,dalys,8927.14,11796.72,11289.74,12258.45
60,Lithuania,2001,Cardiovascular diseases,dalys,8970.1,12126.71,11582.33,12527.86
60,Lithuania,2002,Cardiovascular diseases,dalys,8997.6,12484.74,11908.25,12944.4
60,Lithuania,2003,Cardiovascular diseases,dalys,9005.29,12792.03,12252.71,13230.8
60,Lithuania,2004,Cardiovascular diseases,dalys,9164.11,13303.85,12751.19,13788.87
60,Lithuania,2005,Cardiovascular diseases,dalys,9441.59,14041.68,13416.92,14536.1
60,Lithuania,2006,Cardiovascular diseases,dalys,9610.58,14580.84,13941.2,15056.33
60,Lithuania,2007,Cardiovascular diseases,dalys,9402.38,14564.37,13865.3,15071.46
87,Luxembourg,1999,Cardiovascular diseases,dalys,4364.63,6205.74,5819.96,6544.07
87,Luxembourg,2000,Cardiovascular diseases,dalys,4166.84,5937.48,5594.06,6253.76
87,Luxembourg,2001,Cardiovascular diseases,dalys,4067.83,5837.18,5475.02,6125.85
87,Luxembourg,2002,Cardiovascular diseases,dalys,3987.28,5752.67,5413.23,6046.79
87,Luxembourg,2003,Cardiovascular diseases,dalys,3873.05,5714.26,5332.16,6022.13
87,Luxembourg,2004,Cardiovascular diseases,dalys,3700.68,5417.78,5057.39,5690.0
87,Luxembourg,2005,Cardiovascular diseases,dalys,3552.29,5258.21,4959.98,5548.14
87,Luxembourg,2006,Cardiovascular diseases,dalys,3437.79,5150.45,4808.86,5443.88
87,Luxembourg,2007,Cardiovascular diseases,dalys,3217.63,4854.48,4524.54,5158.35
361,Macao Special Administrative Region of China,1999,Cardiovascular diseases,dalys,3778.15,3173.07,2708.33,3654.15
361,Macao Special Administrative Region of China,2000,Cardiovascular diseases,dalys,3637.04,3132.31,2659.71,3597.86
361,Macao Special Administrative Region of China,2001,Cardiovascular diseases,dalys,3549.55,3128.31,2670.32,3627.81
361,Macao Special Administrative Region of China,2002,Cardiovascular diseases,dalys,3462.07,3115.79,2676.35,3625.92
361,Macao Special Administrative Region of China,2003,Cardiovascular diseases,dalys,3391.2,3111.14,2655.29,3638.07
361,Macao Special Administrative Region of China,2004,Cardiovascular diseases,dalys,3280.52,3064.58,2595.17,3599.72
361,Macao Special Administrative Region of China,2005,Cardiovascular diseases,dalys,3157.5,3003.34,2541.07,3527.06
361,Macao Special Administrative Region of China,2006,Cardiovascular diseases,dalys,2994.54,2901.3,2428.29,3488.84
361,Macao Special Administrative Region of China,2007,Cardiovascular diseases,dalys,2827.54,2796.84,2306.05,3397.98
88,Malta,1999,Cardiovascular diseases,dalys,4874.73,6213.14,5831.92,6496.14
88,Malta,2000,Cardiovascular diseases,dalys,4682.61,6085.91,5702.97,6365.9
88,Malta,2001,Cardiovascular diseases,dalys,4422.79,5877.1,5498.72,6144.62
88,Malta,2002,Cardiovascular diseases,dalys,4267.27,5765.86,5373.42,6055.06
88,Malta,2003,Cardiovascular diseases,dalys,4120.89,5722.27,5289.41,6011.53
88,Malta,2004,Cardiovascular diseases,dalys,3941.87,5578.48,5194.35,5862.63
88,Malta,2005,Cardiovascular diseases,dalys,3934.56,5748.94,5341.28,6076.6
88,Malta,2006,Cardiovascular diseases,dalys,3796.05,5688.92,5261.27,5995.67
88,Malta,2007,Cardiovascular diseases,dalys,3608.52,5484.62,5093.53,5772.75
367,Monaco,1999,Cardiovascular diseases,dalys,4935.94,11498.76,9491.77,14272.84
367,Monaco,2000,Cardiovascular diseases,dalys,4848.27,11294.77,9104.1,14076.87
367,Monaco,2001,Cardiovascular diseases,dalys,4733.41,11036.23,8534.59,14209.61
367,Monaco,2002,Cardiovascular diseases,dalys,4626.13,10837.4,8493.27,14110.46
367,Monaco,2003,Cardiovascular diseases,dalys,4528.89,10660.46,8144.28,14093.36
367,Monaco,2004,Cardiovascular diseases,dalys,4411.49,10417.19,7902.86,13737.78
367,Monaco,2005,Cardiovascular diseases,dalys,4299.53,10507.37,8075.2,14005.8
367,Monaco,2006,Cardiovascular diseases,dalys,4111.53,9816.92,7596.74,12741.43
367,Monaco,2007,Cardiovascular diseases,dalys,3885.71,9149.78,7320.93,11392.84
369,Nauru,1999,Cardiovascular diseases,dalys,22670.79,10318.82,7675.77,12679.26
369,Nauru,2000,Cardiovascular diseases,dalys,22886.19,10469.06,7892.52,12986.29
369,Nauru,2001,Cardiovascular diseases,dalys,23110.38,10615.85,7962.13,13106.64
369,Nauru,2002,Cardiovascular diseases,dalys,23297.62,10714.12,8054.01,13169.15
369,Nauru,2003,Cardiovascular diseases,dalys,23518.52,10812.52,8171.31,13317.68
369,Nauru,2004,Cardiovascular diseases,dalys,23685.54,10893.24,8344.27,13556.13
369,Nauru,2005,Cardiovascular diseases,dalys,23692.21,10905.17,8363.87,13634.22
369,Nauru,2006,Cardiovascular diseases,dalys,23602.15,10876.02,8277.08,13569.24
369,Nauru,2007,Cardiovascular diseases,dalys,23535.27,10901.01,8339.68,13474.99
89,Netherlands,1999,Cardiovascular diseases,dalys,3992.22,5755.49,5440.24,6028.1
89,Netherlands,2000,Cardiovascular diseases,dalys,3834.67,5564.68,5242.77,5859.16
89,Netherlands,2001,Cardiovascular diseases,dalys,3686.47,5404.76,5083.4,5696.92
89,Netherlands,2002,Cardiovascular diseases,dalys,3594.62,5335.75,4996.03,5630.18
89,Netherlands,2003,Cardiovascular diseases,dalys,3431.09,5148.12,4811.99,5431.9
89,Netherlands,2004,Cardiovascular diseases,dalys,3195.37,4832.65,4519.06,5110.0
89,Netherlands,2005,Cardiovascular diseases,dalys,3017.87,4636.32,4323.23,4893.71
89,Netherlands,2006,Cardiovascular diseases,dalys,2838.8,4437.26,4113.41,4697.88
89,Netherlands,2007,Cardiovascular diseases,dalys,2697.4,4276.56,3955.5,4517.44
72,New Zealand,1999,Cardiovascular diseases,dalys,4322.99,5385.71,5017.67,5640.3
72,New Zealand,2000,Cardiovascular diseases,dalys,4172.43,5253.63,4851.81,5521.13
72,New Zealand,2001,Cardiovascular diseases,dalys,4059.72,5260.2,4852.88,5550.59
72,New Zealand,2002,Cardiovascular diseases,dalys,3916.68,5182.43,4791.51,5449.28
72,New Zealand,2003,Cardiovascular diseases,dalys,3743.22,4957.06,4547.39,5238.89
72,New Zealand,2004,Cardiovascular diseases,dalys,3599.76,4786.07,4403.12,5061.2
72,New Zealand,2005,Cardiovascular diseases,dalys,3401.93,4541.53,4149.26,4808.29
72,New Zealand,2006,Cardiovascular diseases,dalys,3282.01,4488.3,4114.21,4748.6
72,New Zealand,2007,Cardiovascular diseases,dalys,3166.59,4374.11,4003.17,4642.77
376,Northern Mariana Islands,1999,Cardiovascular diseases,dalys,8465.14,3462.08,2986.99,3937.65
376,Northern Mariana Islands,2000,Cardiovascular diseases,dalys,8354.73,3501.02,3032.84,3968.13
376,Northern Mariana Islands,2001,Cardiovascular diseases,dalys,8214.03,3600.24,3159.92,4057.18
376,Northern Mariana Islands,2002,Cardiovascular diseases,dalys,8073.56,3732.5,3289.27,4222.22
376,Northern Mariana Islands,2003,Cardiovascular diseases,dalys,7940.87,3853.96,3385.68,4366.18
376,Northern Mariana Islands,2004,Cardiovascular diseases,dalys,7831.5,3972.57,3512.72,4475.43
376,Northern Mariana Islands,2005,Cardiovascular diseases,dalys,7763.35,4160.3,3699.79,4678.02
376,Northern Mariana Islands,2006,Cardiovascular diseases,dalys,7790.77,4433.38,3931.81,4978.96
376,Northern Mariana Islands,2007,Cardiovascular diseases,dalys,7828.22,4697.09,4166.17,5307.5
90,Norway,1999,Cardiovascular diseases,dalys,4314.08,7195.68,6659.58,7583.34
90,Norway,2000,Cardiovascular diseases,dalys,4068.66,6781.55,6252.51,7162.85
90,Norway,2001,Cardiovascular diseases,dalys,3933.37,6605.14,6071.24,7012.6
90,Norway,2002,Cardiovascular diseases,dalys,3806.58,6436.03,5920.19,6827.09
90,Norway,2003,Cardiovascular diseases,dalys,3597.92,6087.95,5585.83,6505.82
90,Norway,2004,Cardiovascular diseases,dalys,3394.24,5742.57,5254.68,6157.3
90,Norway,2005,Cardiovascular diseases,dalys,3210.27,5456.27,4966.27,5847.81
90,Norway,2006,Cardiovascular diseases,dalys,3105.26,5343.41,4859.01,5733.21
90,Norway,2007,Cardiovascular diseases,dalys,3014.23,5222.39,4746.05,5618.93
150,Oman,1999,Cardiovascular diseases,dalys,9337.57,3868.16,3328.06,4429.32
150,Oman,2000,Cardiovascular diseases,dalys,9157.92,3841.21,3325.02,4387.98
150,Oman,2001,Cardiovascular diseases,dalys,8863.2,3755.03,3264.84,4261.13
150,Oman,2002,Cardiovascular diseases,dalys,8779.59,3747.12,3273.88,4202.93
150,Oman,2003,Cardiovascular diseases,dalys,8643.02,3705.12,3286.79,4141.28
150,Oman,2004,Cardiovascular diseases,dalys,8561.92,3678.91,3286.57,4085.4
150,Oman,2005,Cardiovascular diseases,dalys,8577.27,3705.97,3274.01,4103.11
150,Oman,2006,Cardiovascular diseases,dalys,8648.52,3738.38,3330.91,4130.49
150,Oman,2007,Cardiovascular diseases,dalys,8587.77,3707.44,3296.91,4101.12
380,Palau,1999,Cardiovascular diseases,dalys,11158.34,8189.86,7159.15,9275.8
380,Palau,2000,Cardiovascular diseases,dalys,11135.3,8286.85,7213.42,9387.16
380,Palau,2001,Cardiovascular diseases,dalys,11068.47,8329.25,7261.24,9478.23
380,Palau,2002,Cardiovascular diseases,dalys,10980.33,8363.04,7341.06,9524.87
380,Palau,2003,Cardiovascular diseases,dalys,10889.12,8411.08,7424.31,9574.06
380,Palau,2004,Cardiovascular diseases,dalys,10738.96,8444.19,7425.03,9649.43
380,Palau,2005,Cardiovascular diseases,dalys,10491.06,8434.4,7418.21,9711.88
380,Palau,2006,Cardiovascular diseases,dalys,10388.23,8495.3,7493.23,9814.02
380,Palau,2007,Cardiovascular diseases,dalys,10260.58,8543.25,7524.44,9835.52
132,Panama,1999,Cardiovascular diseases,dalys,3441.25,2439.17,2287.52,2585.77
132,Panama,2000,Cardiovascular diseases,dalys,3355.1,2402.33,2246.49,2538.84
132,Panama,2001,Cardiovascular diseases,dalys,3292.81,2412.48,2247.1,2547.74
132,Panama,2002,Cardiovascular diseases,dalys,3225.99,2390.9,2230.28,2518.55
132,Panama,2003,Cardiovascular diseases,dalys,3221.71,2436.96,2269.56,2566.5
132,Panama,2004,Cardiovascular diseases,dalys,3254.25,2519.17,2353.41,2646.69
132,Panama,2005,Cardiovascular diseases,dalys,3254.55,2570.55,2388.5,2693.08
132,Panama,2006,Cardiovascular diseases,dalys,3198.98,2560.0,2379.88,2685.11
132,Panama,2007,Cardiovascular diseases,dalys,3175.09,2596.28,2415.0,2728.85
51,Poland,1999,Cardiovascular diseases,dalys,7956.54,9552.45,9157.69,9908.58
51,Poland,2000,Cardiovascular diseases,dalys,7432.8,9062.94,8678.0,9400.98
51,Poland,2001,Cardiovascular diseases,dalys,7074.36,8763.54,8393.18,9087.85
51,Poland,2002,Cardiovascular diseases,dalys,6748.61,8503.02,8104.12,8824.2
51,Poland,2003,Cardiovascular diseases,dalys,6599.52,8502.67,8093.03,8839.1
51,Poland,2004,Cardiovascular diseases,dalys,6382.51,8397.71,7966.84,8725.51
51,Poland,2005,Cardiovascular diseases,dalys,6190.02,8355.37,7934.84,8691.44
51,Poland,2006,Cardiovascular diseases,dalys,6052.55,8329.5,7934.26,8661.26
51,Poland,2007,Cardiovascular diseases,dalys,5956.34,8373.59,7973.64,8695.64
91,Portugal,1999,Cardiovascular diseases,dalys,4887.92,7537.67,7076.91,7875.52
91,Portugal,2000,Cardiovascular diseases,dalys,4615.91,7207.84,6755.98,7556.11
91,Portugal,2001,Cardiovascular diseases,dalys,4424.03,7026.07,6604.35,7360.32
91,Portugal,2002,Cardiovascular diseases,dalys,4291.6,6950.99,6492.09,7287.96
91,Portugal,2003,Cardiovascular diseases,dalys,4114.97,6802.72,6330.34,7144.99
91,Portugal,2004,Cardiovascular diseases,dalys,3728.77,6222.81,5777.68,6540.92
91,Portugal,2005,Cardiovascular diseases,dalys,3445.06,5897.43,5448.53,6234.64
91,Portugal,2006,Cardiovascular diseases,dalys,3233.67,5672.68,5238.35,5976.5
91,Portugal,2007,Cardiovascular diseases,dalys,3131.04,5614.47,5188.43,5917.78
385,Puerto Rico,1999,Cardiovascular diseases,dalys,3912.0,4642.93,4405.35,4848.55
385,Puerto Rico,2000,Cardiovascular diseases,dalys,3732.98,4503.3,4273.99,4720.46
385,Puerto Rico,2001,Cardiovascular diseases,dalys,3632.51,4475.28,4239.16,4717.69
385,Puerto Rico,2002,Cardiovascular diseases,dalys,3487.17,4391.21,4164.61,4621.86
385,Puerto Rico,2003,Cardiovascular diseases,dalys,3407.77,4394.14,4156.12,4614.75
385,Puerto Rico,2004,Cardiovascular diseases,dalys,3326.24,4395.79,4142.54,4632.55
385,Puerto Rico,2005,Cardiovascular diseases,dalys,3296.01,4439.63,4172.93,4687.66
385,Puerto Rico,2006,Cardiovascular diseases,dalys,3212.73,4394.61,4132.59,4650.34
385,Puerto Rico,2007,Cardiovascular diseases,dalys,3076.81,4323.89,4053.55,4595.32
151,Qatar,1999,Cardiovascular diseases,dalys,7992.28,2701.76,2422.04,3063.14
151,Qatar,2000,Cardiovascular diseases,dalys,7691.55,2607.17,2298.18,2969.34
151,Qatar,2001,Cardiovascular diseases,dalys,7444.87,2532.06,2213.47,2881.04
151,Qatar,2002,Cardiovascular diseases,dalys,7213.4,2455.3,2133.14,2803.23
151,Qatar,2003,Cardiovascular diseases,dalys,7043.08,2397.8,2084.47,2732.93
151,Qatar,2004,Cardiovascular diseases,dalys,6878.75,2319.24,2028.45,2652.93
151,Qatar,2005,Cardiovascular diseases,dalys,6795.35,2229.5,1978.36,2490.28
151,Qatar,2006,Cardiovascular diseases,dalys,6612.42,2111.48,1895.69,2359.56
151,Qatar,2007,Cardiovascular diseases,dalys,6247.71,1942.69,1753.69,2152.87
68,Republic of Korea,1999,Cardiovascular diseases,dalys,4478.54,3636.52,3353.58,3916.85
68,Republic of Korea,2000,Cardiovascular diseases,dalys,4234.21,3527.74,3252.96,3799.94
68,Republic of Korea,2001,Cardiovascular diseases,dalys,4001.62,3434.13,3156.4,3673.24
68,Republic of Korea,2002,Cardiovascular diseases,dalys,3845.19,3417.2,3168.03,3657.4
68,Republic of Korea,2003,Cardiovascular diseases,dalys,3630.01,3334.63,3078.33,3586.62
68,Republic of Korea,2004,Cardiovascular diseases,dalys,3409.29,3237.07,2991.19,3498.13
68,Republic of Korea,2005,Cardiovascular diseases,dalys,3174.82,3112.42,2830.02,3381.48
68,Republic of Korea,2006,Cardiovascular diseases,dalys,2961.24,3002.91,2751.5,3261.54
68,Republic of Korea,2007,Cardiovascular diseases,dalys,2762.01,2918.81,2677.95,3179.05
52,Romania,1999,Cardiovascular diseases,dalys,11068.92,13986.5,13555.58,14306.13
52,Romania,2000,Cardiovascular diseases,dalys,10591.6,13627.31,13170.2,13978.9
52,Romania,2001,Cardiovascular diseases,dalys,10492.67,13795.98,13368.83,14157.97
52,Romania,2002,Cardiovascular diseases,dalys,10578.89,14258.4,13805.96,14613.56
52,Romania,2003,Cardiovascular diseases,dalys,10366.83,14256.05,13765.5,14627.59
52,Romania,2004,Cardiovascular diseases,dalys,9910.29,13889.82,13411.8,14242.59
52,Romania,2005,Cardiovascular diseases,dalys,9701.81,13936.71,13469.87,14285.19
52,Romania,2006,Cardiovascular diseases,dalys,9331.63,13688.63,13215.73,14060.57
52,Romania,2007,Cardiovascular diseases,dalys,8924.3,13354.66,12857.21,13744.95
62,Russian Federation,1999,Cardiovascular diseases,dalys,14076.42,17624.92,17169.31,18035.33
62,Russian Federation,2000,Cardiovascular diseases,dalys,14698.87,18634.16,18191.73,19051.22
62,Russian Federation,2001,Cardiovascular diseases,dalys,14994.94,19240.53,18783.0,19639.52
62,Russian Federation,2002,Cardiovascular diseases,dalys,15579.34,20216.47,19704.13,20619.97
62,Russian Federation,2003,Cardiovascular diseases,dalys,15857.23,20679.07,20150.93,21119.23
62,Russian Federation,2004,Cardiovascular diseases,dalys,15591.8,20419.7,19885.24,20849.19
62,Russian Federation,2005,Cardiovascular diseases,dalys,15660.48,20665.27,20127.11,21128.34
62,Russian Federation,2006,Cardiovascular diseases,dalys,14626.61,19462.26,18920.21,19877.71
62,Russian Federation,2007,Cardiovascular diseases,dalys,13743.74,18489.14,17935.2,18928.47
393,Saint Kitts and Nevis,1999,Cardiovascular diseases,dalys,7634.86,6692.77,6305.98,6993.18
393,Saint Kitts and Nevis,2000,Cardiovascular diseases,dalys,7429.94,6490.68,6142.98,6803.76
393,Saint Kitts and Nevis,2001,Cardiovascular diseases,dalys,7204.6,6241.98,5911.88,6539.34
393,Saint Kitts and Nevis,2002,Cardiovascular diseases,dalys,7026.43,6225.06,5888.11,6526.33
393,Saint Kitts and Nevis,2003,Cardiovascular diseases,dalys,6715.28,5850.94,5540.08,6131.17
393,Saint Kitts and Nevis,2004,Cardiovascular diseases,dalys,6521.36,5803.34,5494.82,6073.24
393,Saint Kitts and Nevis,2005,Cardiovascular diseases,dalys,6265.5,5599.78,5332.8,5874.42
393,Saint Kitts and Nevis,2006,Cardiovascular diseases,dalys,6035.21,5391.52,5125.67,5672.38
393,Saint Kitts and Nevis,2007,Cardiovascular diseases,dalys,5737.17,5164.42,4876.92,5460.15
396,San Marino,1999,Cardiovascular diseases,dalys,3368.13,5900.65,5208.41,6559.07
396,San Marino,2000,Cardiovascular diseases,dalys,3246.46,5668.62,5024.01,6237.71
396,San Marino,2001,Cardiovascular diseases,dalys,3153.57,5647.53,5020.95,6247.7
396,San Marino,2002,Cardiovascular diseases,dalys,3056.41,5432.71,4759.1,6030.78
396,San Marino,2003,Cardiovascular diseases,dalys,2952.03,5722.15,4936.67,6423.01
396,San Marino,2004,Cardiovascular diseases,dalys,2799.78,5151.37,4381.44,5827.78
396,San Marino,2005,Cardiovascular diseases,dalys,2700.81,5054.62,4334.0,5766.0
396,San Marino,2006,Cardiovascular diseases,dalys,2582.51,4893.12,4274.57,5587.46
396,San Marino,2007,Cardiovascular diseases,dalys,2462.2,4737.31,4132.27,5381.19
152,Saudi Arabia,1999,Cardiovascular diseases,dalys,6965.65,3052.72,2713.33,3411.64
152,Saudi Arabia,2000,Cardiovascular diseases,dalys,6943.13,3077.09,2762.95,3427.27
152,Saudi Arabia,2001,Cardiovascular diseases,dalys,6980.19,3115.28,2779.41,3440.49
152,Saudi Arabia,2002,Cardiovascular diseases,dalys,7157.24,3224.05,2904.22,3511.9
152,Saudi Arabia,2003,Cardiovascular diseases,dalys,7388.68,3366.08,3080.38,3655.6
152,Saudi Arabia,2004,Cardiovascular diseases,dalys,7680.94,3545.27,3249.23,3828.03
152,Saudi Arabia,2005,Cardiovascular diseases,dalys,7986.63,3716.35,3415.92,4016.73
152,Saudi Arabia,2006,Cardiovascular diseases,dalys,8316.74,3882.65,3539.37,4248.19
152,Saudi Arabia,2007,Cardiovascular diseases,dalys,8538.38,3993.42,3605.89,4368.07
186,Seychelles,1999,Cardiovascular diseases,dalys,6796.32,5684.32,5123.83,6288.86
186,Seychelles,2000,Cardiovascular diseases,dalys,6687.78,5629.62,5057.55,6147.58
186,Seychelles,2001,Cardiovascular diseases,dalys,6618.89,5604.5,5063.16,6088.71
186,Seychelles,2002,Cardiovascular diseases,dalys,6610.86,5693.76,5127.18,6187.17
186,Seychelles,2003,Cardiovascular diseases,dalys,6584.85,5716.52,5118.83,6190.34
186,Seychelles,2004,Cardiovascular diseases,dalys,6552.72,5733.89,5141.91,6204.71
186,Seychelles,2005,Cardiovascular diseases,dalys,6503.03,5766.59,5173.21,6219.38
186,Seychelles,2006,Cardiovascular diseases,dalys,6322.8,5657.12,5094.19,6138.35
186,Seychelles,2007,Cardiovascular diseases,dalys,6184.51,5559.86,5017.68,6041.56
69,Singapore,1999,Cardiovascular diseases,dalys,4517.7,3550.66,3400.56,3718.3
69,Singapore,2000,Cardiovascular diseases,dalys,4277.86,3424.67,3267.56,3588.9
69,Singapore,2001,Cardiovascular diseases,dalys,4116.33,3345.91,3193.38,3510.24
69,Singapore,2002,Cardiovascular diseases,dalys,3856.46,3227.11,3068.58,3385.41
69,Singapore,2003,Cardiovascular diseases,dalys,3769.43,3270.37,3110.92,3450.1
69,Singapore,2004,Cardiovascular diseases,dalys,3569.86,3180.68,3030.15,3319.52
69,Singapore,2005,Cardiovascular diseases,dalys,3394.34,3092.02,2924.4,3248.12
69,Singapore,2006,Cardiovascular diseases,dalys,3285.66,3043.56,2875.14,3197.02
69,Singapore,2007,Cardiovascular diseases,dalys,3229.45,3038.53,2855.08,3196.69
54,Slovakia,1999,Cardiovascular diseases,dalys,8852.94,10425.28,9909.22,10903.0
54,Slovakia,2000,Cardiovascular diseases,dalys,8629.61,10297.74,9754.82,10764.23
54,Slovakia,2001,Cardiovascular diseases,dalys,8417.08,10178.47,9600.62,10633.49
54,Slovakia,2002,Cardiovascular diseases,dalys,8188.5,10046.55,9467.12,10487.11
54,Slovakia,2003,Cardiovascular diseases,dalys,8054.07,10038.64,9465.45,10499.16
54,Slovakia,2004,Cardiovascular diseases,dalys,7969.54,10065.23,9439.06,10544.59
54,Slovakia,2005,Cardiovascular diseases,dalys,7879.71,10141.79,9513.1,10652.99
54,Slovakia,2006,Cardiovascular diseases,dalys,7724.11,10097.37,9505.42,10586.79
54,Slovakia,2007,Cardiovascular diseases,dalys,7501.24,9960.63,9376.52,10465.62
55,Slovenia,1999,Cardiovascular diseases,dalys,5286.62,7176.05,6852.01,7472.16
55,Slovenia,2000,Cardiovascular diseases,dalys,5057.99,7003.89,6673.91,7284.81
55,Slovenia,2001,Cardiovascular diseases,dalys,4858.81,6847.99,6522.05,7110.19
55,Slovenia,2002,Cardiovascular diseases,dalys,4667.48,6718.08,6385.82,6994.82
55,Slovenia,2003,Cardiovascular diseases,dalys,4541.11,6691.78,6358.89,6975.88
55,Slovenia,2004,Cardiovascular diseases,dalys,4370.72,6547.06,6206.03,6819.58
55,Slovenia,2005,Cardiovascular diseases,dalys,4212.61,6498.36,6132.72,6801.12
55,Slovenia,2006,Cardiovascular diseases,dalys,3995.89,6269.22,5887.31,6552.36
55,Slovenia,2007,Cardiovascular diseases,dalys,3813.45,6150.41,5753.79,6440.71
92,Spain,1999,Cardiovascular diseases,dalys,3460.67,5700.81,5245.31,5974.15
92,Spain,2000,Cardiovascular diseases,dalys,3277.82,5424.35,4979.33,5703.16
92,Spain,2001,Cardiovascular diseases,dalys,3153.15,5271.24,4834.18,5552.37
92,Spain,2002,Cardiovascular diseases,dalys,3087.39,5226.59,4776.88,5518.46
92,Spain,2003,Cardiovascular diseases,dalys,3035.64,5221.96,4772.41,5516.19
92,Spain,2004,Cardiovascular diseases,dalys,2877.76,4940.89,4496.27,5218.39
92,Spain,2005,Cardiovascular diseases,dalys,2836.2,4929.35,4483.49,5212.55
92,Spain,2006,Cardiovascular diseases,dalys,2685.91,4663.72,4245.87,4945.72
92,Spain,2007,Cardiovascular diseases,dalys,2636.18,4644.49,4206.72,4931.69
93,Sweden,1999,Cardiovascular diseases,dalys,4323.68,8241.14,7630.61,8683.67
93,Sweden,2000,Cardiovascular diseases,dalys,4159.96,7995.84,7367.56,8455.44
93,Sweden,2001,Cardiovascular diseases,dalys,4036.64,7843.75,7237.48,8331.72
93,Sweden,2002,Cardiovascular diseases,dalys,3936.8,7744.98,7158.42,8214.26
93,Sweden,2003,Cardiovascular diseases,dalys,3774.97,7432.47,6867.45,7897.92
93,Sweden,2004,Cardiovascular diseases,dalys,3600.21,7107.28,6532.22,7528.62
93,Sweden,2005,Cardiovascular diseases,dalys,3490.61,6981.38,6398.91,7390.35
93,Sweden,2006,Cardiovascular diseases,dalys,3400.94,6847.9,6276.94,7271.25
93,Sweden,2007,Cardiovascular diseases,dalys,3302.26,6703.34,6096.99,7135.62
94,Switzerland,1999,Cardiovascular diseases,dalys,3196.32,5388.13,4927.13,5685.25
94,Switzerland,2000,Cardiovascular diseases,dalys,3034.98,5161.09,4699.27,5434.41
94,Switzerland,2001,Cardiovascular diseases,dalys,2910.35,5001.45,4533.58,5273.65
94,Switzerland,2002,Cardiovascular diseases,dalys,2836.49,4929.5,4454.78,5213.82
94,Switzerland,2003,Cardiovascular diseases,dalys,2766.1,4876.31,4377.14,5149.89
94,Switzerland,2004,Cardiovascular diseases,dalys,2616.96,4621.11,4145.98,4896.81
94,Switzerland,2005,Cardiovascular diseases,dalys,2547.89,4580.22,4126.51,4858.76
94,Switzerland,2006,Cardiovascular diseases,dalys,2455.16,4442.3,4020.6,4717.14
94,Switzerland,2007,Cardiovascular diseases,dalys,2365.91,4352.39,3909.81,4626.85
8,Taiwan,1999,Cardiovascular diseases,dalys,3335.5,3079.24,2930.42,3226.89
8,Taiwan,2000,Cardiovascular diseases,dalys,3203.13,3040.9,2900.53,3189.19
8,Taiwan,2001,Cardiovascular diseases,dalys,3102.14,3027.28,2888.79,3177.23
8,Taiwan,2002,Cardiovascular diseases,dalys,2970.33,2978.56,2836.88,3127.02
8,Taiwan,2003,Cardiovascular diseases,dalys,2918.8,3014.28,2867.97,3163.03
8,Taiwan,2004,Cardiovascular diseases,dalys,2916.47,3114.31,2949.95,3259.37
8,Taiwan,2005,Cardiovascular diseases,dalys,2855.84,3150.92,2977.57,3303.46
8,Taiwan,2006,Cardiovascular diseases,dalys,2733.53,3097.26,2934.83,3249.8
8,Taiwan,2007,Cardiovascular diseases,dalys,2679.19,3132.55,2962.39,3303.21
119,Trinidad and Tobago,1999,Cardiovascular diseases,dalys,8815.38,6684.78,6440.7,6924.9
119,Trinidad and Tobago,2000,Cardiovascular diseases,dalys,8362.74,6450.49,6214.9,6685.6
119,Trinidad and Tobago,2001,Cardiovascular diseases,dalys,7983.97,6290.29,6086.74,6517.65
119,Trinidad and Tobago,2002,Cardiovascular diseases,dalys,7748.68,6243.61,6031.39,6468.5
119,Trinidad and Tobago,2003,Cardiovascular diseases,dalys,7534.18,6215.69,6004.37,6440.69
119,Trinidad and Tobago,2004,Cardiovascular diseases,dalys,7169.81,6032.52,5806.54,6242.61
119,Trinidad and Tobago,2005,Cardiovascular diseases,dalys,6920.86,5961.48,5708.25,6172.22
119,Trinidad and Tobago,2006,Cardiovascular diseases,dalys,6677.6,5880.27,5612.24,6091.59
119,Trinidad and Tobago,2007,Cardiovascular diseases,dalys,6334.25,5701.34,5439.96,5925.14
156,United Arab Emirates,1999,Cardiovascular diseases,dalys,6294.2,1992.35,1152.78,2833.53
156,United Arab Emirates,2000,Cardiovascular diseases,dalys,6249.29,1951.24,1102.13,2810.48
156,United Arab Emirates,2001,Cardiovascular diseases,dalys,6043.64,1904.0,1087.13,2736.58
156,United Arab Emirates,2002,Cardiovascular diseases,dalys,5751.92,1807.56,1056.49,2654.58
156,United Arab Emirates,2003,Cardiovascular diseases,dalys,5522.38,1719.64,1014.88,2525.95
156,United Arab Emirates,2004,Cardiovascular diseases,dalys,5359.61,1645.31,966.98,2409.37
156,United Arab Emirates,2005,Cardiovascular diseases,dalys,5340.46,1612.06,954.36,2363.24
156,United Arab Emirates,2006,Cardiovascular diseases,dalys,5168.26,1618.46,966.02,2371.66
156,United Arab Emirates,2007,Cardiovascular diseases,dalys,4994.69,1479.54,902.34,2209.63
95,United Kingdom,1999,Cardiovascular diseases,dalys,4655.55,7678.98,7221.61,8018.11
95,United Kingdom,2000,Cardiovascular diseases,dalys,4394.66,7266.51,6813.19,7619.42
95,United Kingdom,2001,Cardiovascular diseases,dalys,4296.55,7155.16,6695.7,7504.24
95,United Kingdom,2002,Cardiovascular diseases,dalys,4189.09,7029.18,6565.85,7390.93
95,United Kingdom,2003,Cardiovascular diseases,dalys,4040.15,6826.96,6367.61,7163.65
95,United Kingdom,2004,Cardiovascular diseases,dalys,3756.63,6334.22,5917.43,6656.43
95,United Kingdom,2005,Cardiovascular diseases,dalys,3578.02,6086.42,5686.79,6407.77
95,United Kingdom,2006,Cardiovascular diseases,dalys,3392.56,5790.93,5391.48,6092.2
95,United Kingdom,2007,Cardiovascular diseases,dalys,3268.37,5635.5,5236.55,5942.83
422,United States Virgin Islands,1999,Cardiovascular diseases,dalys,6409.73,5887.61,5511.94,6203.75
422,United States Virgin Islands,2000,Cardiovascular diseases,dalys,6216.15,5941.75,5577.69,6295.09
422,United States Virgin Islands,2001,Cardiovascular diseases,dalys,5933.65,5868.61,5549.26,6238.97
422,United States Virgin Islands,2002,Cardiovascular diseases,dalys,5689.76,5812.76,5459.98,6145.35
422,United States Virgin Islands,2003,Cardiovascular diseases,dalys,5487.54,5816.46,5475.99,6122.88
422,United States Virgin Islands,2004,Cardiovascular diseases,dalys,5300.17,5807.64,5449.82,6217.72
422,United States Virgin Islands,2005,Cardiovascular diseases,dalys,5190.08,5893.45,5577.92,6290.66
422,United States Virgin Islands,2006,Cardiovascular diseases,dalys,4973.59,5847.14,5483.52,6210.91
422,United States Virgin Islands,2007,Cardiovascular diseases,dalys,4927.3,5987.98,5578.14,6325.06
102,United States of America,1999,Cardiovascular diseases,dalys,4851.7,6402.99,5972.96,6736.44
102,United States of America,2000,Cardiovascular diseases,dalys,4727.24,6285.79,5850.66,6614.51
102,United States of America,2001,Cardiovascular diseases,dalys,4620.35,6165.32,5715.1,6494.12
102,United States of America,2002,Cardiovascular diseases,dalys,4549.1,6113.31,5658.85,6449.65
102,United States of America,2003,Cardiovascular diseases,dalys,4431.2,5998.67,5558.39,6344.65
102,United States of America,2004,Cardiovascular diseases,dalys,4228.91,5745.43,5311.18,6094.44
102,United States of America,2005,Cardiovascular diseases,dalys,4154.1,5711.96,5272.71,6067.1
102,United States of America,2006,Cardiovascular diseases,dalys,4014.57,5548.57,5120.67,5897.95
102,United States of America,2007,Cardiovascular diseases,dalys,3880.6,5415.32,4992.38,5767.41
99,Uruguay,1999,Cardiovascular diseases,dalys,5193.76,6673.18,6311.67,6926.78
99,Uruguay,2000,Cardiovascular diseases,dalys,4925.25,6344.17,5972.34,6634.06
99,Uruguay,2001,Cardiovascular diseases,dalys,4803.05,6247.97,5897.76,6533.88
99,Uruguay,2002,Cardiovascular diseases,dalys,4700.58,6184.31,5817.36,6499.15
99,Uruguay,2003,Cardiovascular diseases,dalys,4733.27,6320.34,5995.64,6609.87
99,Uruguay,2004,Cardiovascular diseases,dalys,4597.33,6191.68,5877.45,6465.88
99,Uruguay,2005,Cardiovascular diseases,dalys,4404.98,5971.33,5638.1,6238.11
99,Uruguay,2006,Cardiovascular diseases,dalys,4247.36,5802.8,5449.4,6074.46
99,Uruguay,2007,Cardiovascular diseases,dalys,4204.94,5859.48,5498.51,6120.89
298,American Samoa,2008,Cardiovascular diseases,dalys,8398.37,5282.7,4680.17,6008.45
298,American Samoa,2009,Cardiovascular diseases,dalys,8394.59,5407.31,4790.61,6121.12
298,American Samoa,2010,Cardiovascular diseases,dalys,8269.16,5456.71,4792.72,6179.55
298,American Samoa,2011,Cardiovascular diseases,dalys,8140.0,5518.48,4882.66,6205.58
298,American Samoa,2012,Cardiovascular diseases,dalys,8094.64,5650.96,5016.85,6326.51
298,American Samoa,2013,Cardiovascular diseases,dalys,8082.39,5818.49,5155.81,6468.5
298,American Samoa,2014,Cardiovascular diseases,dalys,8053.02,5971.5,5285.61,6619.98
298,American Samoa,2015,Cardiovascular diseases,dalys,7982.97,6095.0,5391.6,6743.16
298,American Samoa,2016,Cardiovascular diseases,dalys,7944.14,6254.76,5501.69,6964.27
74,Andorra,2008,Cardiovascular diseases,dalys,1961.41,3094.57,2615.47,3553.76
74,Andorra,2009,Cardiovascular diseases,dalys,1926.48,3155.2,2646.31,3623.55
74,Andorra,2010,Cardiovascular diseases,dalys,1916.24,3166.62,2643.93,3654.29
74,Andorra,2011,Cardiovascular diseases,dalys,1883.34,2987.87,2494.47,3421.99
74,Andorra,2012,Cardiovascular diseases,dalys,1854.45,2924.79,2464.26,3342.16
74,Andorra,2013,Cardiovascular diseases,dalys,1825.88,2939.24,2493.86,3363.92
74,Andorra,2014,Cardiovascular diseases,dalys,1798.2,2959.74,2511.76,3403.08
74,Andorra,2015,Cardiovascular diseases,dalys,1789.78,3013.94,2551.27,3441.7
74,Andorra,2016,Cardiovascular diseases,dalys,1767.21,3016.68,2564.72,3454.79
105,Antigua and Barbuda,2008,Cardiovascular diseases,dalys,4295.02,3937.83,3664.25,4202.38
105,Antigua and Barbuda,2009,Cardiovascular diseases,dalys,4167.35,3795.0,3549.44,4053.5
105,Antigua and Barbuda,2010,Cardiovascular diseases,dalys,4111.93,3820.53,3576.6,4085.09
105,Antigua and Barbuda,2011,Cardiovascular diseases,dalys,4059.65,3906.29,3668.65,4163.8
105,Antigua and Barbuda,2012,Cardiovascular diseases,dalys,3991.06,3930.08,3684.48,4183.78
105,Antigua and Barbuda,2013,Cardiovascular diseases,dalys,4015.17,4021.87,3761.42,4287.35
105,Antigua and Barbuda,2014,Cardiovascular diseases,dalys,3970.66,4112.73,3840.96,4394.1
105,Antigua and Barbuda,2015,Cardiovascular diseases,dalys,3968.46,4201.92,3932.49,4460.66
105,Antigua and Barbuda,2016,Cardiovascular diseases,dalys,3955.51,4256.82,4000.5,4519.72
71,Australia,2008,Cardiovascular diseases,dalys,2587.31,3949.5,3585.47,4220.34
71,Australia,2009,Cardiovascular diseases,dalys,2461.51,3762.69,3413.3,4026.02
71,Australia,2010,Cardiovascular diseases,dalys,2377.39,3684.22,3346.37,3929.48
71,Australia,2011,Cardiovascular diseases,dalys,2298.42,3619.71,3283.13,3867.85
71,Australia,2012,Cardiovascular diseases,dalys,2199.59,3506.06,3171.09,3752.02
71,Australia,2013,Cardiovascular diseases,dalys,2139.4,3425.36,3094.64,3692.81
71,Australia,2014,Cardiovascular diseases,dalys,2120.44,3454.41,3115.99,3723.88
71,Australia,2015,Cardiovascular diseases,dalys,2083.18,3446.07,3099.23,3725.28
71,Australia,2016,Cardiovascular diseases,dalys,2001.95,3337.6,3001.42,3614.57
75,Austria,2008,Cardiovascular diseases,dalys,3417.12,6181.43,5641.13,6580.24
75,Austria,2009,Cardiovascular diseases,dalys,3404.04,6250.58,5709.29,6638.07
75,Austria,2010,Cardiovascular diseases,dalys,3322.39,6210.39,5686.79,6593.31
75,Austria,2011,Cardiovascular diseases,dalys,3193.84,6073.56,5546.08,6448.42
75,Austria,2012,Cardiovascular diseases,dalys,3137.62,6130.95,5579.3,6486.29
75,Austria,2013,Cardiovascular diseases,dalys,3079.81,6082.49,5534.61,6428.76
75,Austria,2014,Cardiovascular diseases,dalys,2976.23,5915.51,5349.02,6287.07
75,Austria,2015,Cardiovascular diseases,dalys,2986.98,6078.75,5512.1,6419.79
75,Austria,2016,Cardiovascular diseases,dalys,2880.31,5882.54,5303.24,6233.82
106,Bahamas,2008,Cardiovascular diseases,dalys,5999.4,4909.17,4697.35,5170.22
106,Bahamas,2009,Cardiovascular diseases,dalys,5999.62,4963.16,4729.0,5210.87
106,Bahamas,2010,Cardiovascular diseases,dalys,6039.44,5069.16,4839.69,5314.43
106,Bahamas,2011,Cardiovascular diseases,dalys,5889.95,5004.73,4741.81,5252.04
106,Bahamas,2012,Cardiovascular diseases,dalys,5668.15,4905.69,4631.74,5159.08
106,Bahamas,2013,Cardiovascular diseases,dalys,5576.52,4913.4,4626.81,5167.69
106,Bahamas,2014,Cardiovascular diseases,dalys,5634.73,5081.52,4784.46,5346.31
106,Bahamas,2015,Cardiovascular diseases,dalys,5667.87,5191.18,4884.89,5461.61
106,Bahamas,2016,Cardiovascular diseases,dalys,5657.01,5276.93,4971.32,5551.98
140,Bahrain,2008,Cardiovascular diseases,dalys,6587.51,2578.92,2322.61,2818.82
140,Bahrain,2009,Cardiovascular diseases,dalys,6150.04,2427.83,2219.32,2640.36
140,Bahrain,2010,Cardiovascular diseases,dalys,5845.3,2359.72,2159.3,2556.87
140,Bahrain,2011,Cardiovascular diseases,dalys,5568.51,2326.1,2120.61,2516.62
140,Bahrain,2012,Cardiovascular diseases,dalys,5323.73,2291.54,2081.35,2506.27
140,Bahrain,2013,Cardiovascular diseases,dalys,5010.82,2201.72,1995.72,2424.12
140,Bahrain,2014,Cardiovascular diseases,dalys,4742.97,2119.84,1909.14,2348.88
140,Bahrain,2015,Cardiovascular diseases,dalys,4753.55,2183.24,1963.6,2430.04
140,Bahrain,2016,Cardiovascular diseases,dalys,4508.71,2147.64,1926.53,2368.28
107,Barbados,2008,Cardiovascular diseases,dalys,3767.79,5046.21,4708.97,5309.34
107,Barbados,2009,Cardiovascular diseases,dalys,3643.82,4938.08,4604.56,5182.76
107,Barbados,2010,Cardiovascular diseases,dalys,3533.21,4848.04,4507.96,5103.31
107,Barbados,2011,Cardiovascular diseases,dalys,3477.85,4859.03,4491.34,5130.42
107,Barbados,2012,Cardiovascular diseases,dalys,3391.25,4834.31,4489.96,5117.33
107,Barbados,2013,Cardiovascular diseases,dalys,3421.39,4975.02,4641.62,5247.72
107,Barbados,2014,Cardiovascular diseases,dalys,3446.08,5095.04,4760.12,5373.65
107,Barbados,2015,Cardiovascular diseases,dalys,3473.06,5226.59,4882.69,5519.36
107,Barbados,2016,Cardiovascular diseases,dalys,3483.34,5334.81,4978.6,5649.65
76,Belgium,2008,Cardiovascular diseases,dalys,2721.65,4978.2,4551.54,5269.06
76,Belgium,2009,Cardiovascular diseases,dalys,2627.01,4853.48,4407.4,5164.27
76,Belgium,2010,Cardiovascular diseases,dalys,2546.52,4776.63,4316.84,5082.95
76,Belgium,2011,Cardiovascular diseases,dalys,2438.81,4618.63,4161.95,4914.58
76,Belgium,2012,Cardiovascular diseases,dalys,2393.27,4636.1,4181.04,4933.85
76,Belgium,2013,Cardiovascular diseases,dalys,2319.34,4534.95,4080.04,4808.5
76,Belgium,2014,Cardiovascular diseases,dalys,2203.16,4329.67,3866.8,4597.89
76,Belgium,2015,Cardiovascular diseases,dalys,2183.06,4395.29,3931.12,4696.12
76,Belgium,2016,Cardiovascular diseases,dalys,2110.12,4264.46,3809.94,4566.82
305,Bermuda,2008,Cardiovascular diseases,dalys,3470.82,4763.77,4404.12,5073.97
305,Bermuda,2009,Cardiovascular diseases,dalys,3290.69,4600.3,4264.83,4901.54
305,Bermuda,2010,Cardiovascular diseases,dalys,3145.16,4632.99,4273.16,4948.24
305,Bermuda,2011,Cardiovascular diseases,dalys,3234.0,4761.05,4422.41,5097.79
305,Bermuda,2012,Cardiovascular diseases,dalys,3177.78,4835.27,4494.81,5165.9
305,Bermuda,2013,Cardiovascular diseases,dalys,3138.03,4949.32,4617.15,5291.82
305,Bermuda,2014,Cardiovascular diseases,dalys,3085.76,5018.32,4680.49,5354.73
305,Bermuda,2015,Cardiovascular diseases,dalys,3067.36,5134.86,4774.63,5475.45
305,Bermuda,2016,Cardiovascular diseases,dalys,3022.16,5340.67,4951.28,5724.89
66,Brunei Darussalam,2008,Cardiovascular diseases,dalys,4507.22,2556.02,2322.52,2827.45
66,Brunei Darussalam,2009,Cardiovascular diseases,dalys,4396.08,2569.89,2329.73,2837.38
66,Brunei Darussalam,2010,Cardiovascular diseases,dalys,4298.93,2590.49,2347.71,2859.36
66,Brunei Darussalam,2011,Cardiovascular diseases,dalys,4181.11,2594.76,2350.49,2859.0
66,Brunei Darussalam,2012,Cardiovascular diseases,dalys,4063.72,2595.49,2331.51,2850.46
66,Brunei Darussalam,2013,Cardiovascular diseases,dalys,3971.94,2631.23,2376.95,2894.74
66,Brunei Darussalam,2014,Cardiovascular diseases,dalys,3913.38,2682.17,2425.43,2941.18
66,Brunei Darussalam,2015,Cardiovascular diseases,dalys,3906.78,2772.96,2529.71,3027.79
66,Brunei Darussalam,2016,Cardiovascular diseases,dalys,3873.16,2856.81,2636.18,3120.68
45,Bulgaria,2008,Cardiovascular diseases,dalys,10084.7,17467.07,16792.32,17943.34
45,Bulgaria,2009,Cardiovascular diseases,dalys,9978.59,17330.95,16650.7,17848.6
45,Bulgaria,2010,Cardiovascular diseases,dalys,9877.68,17599.94,16917.83,18142.54
45,Bulgaria,2011,Cardiovascular diseases,dalys,9637.14,17301.28,16642.79,17811.34
45,Bulgaria,2012,Cardiovascular diseases,dalys,9232.5,16963.03,16273.07,17474.66
45,Bulgaria,2013,Cardiovascular diseases,dalys,8974.47,16481.59,15709.41,16989.97
45,Bulgaria,2014,Cardiovascular diseases,dalys,8935.59,16888.6,16108.68,17418.34
45,Bulgaria,2015,Cardiovascular diseases,dalys,8817.66,17063.37,16300.26,17633.54
45,Bulgaria,2016,Cardiovascular diseases,dalys,8717.88,16891.41,16156.55,17471.82
101,Canada,2008,Cardiovascular diseases,dalys,2701.59,4225.48,3861.72,4507.41
101,Canada,2009,Cardiovascular diseases,dalys,2599.56,4115.96,3752.94,4403.25
101,Canada,2010,Cardiovascular diseases,dalys,2516.6,4051.73,3698.01,4343.6
101,Canada,2011,Cardiovascular diseases,dalys,2426.64,3966.92,3618.99,4263.57
101,Canada,2012,Cardiovascular diseases,dalys,2376.98,3949.89,3600.59,4255.84
101,Canada,2013,Cardiovascular diseases,dalys,2353.33,3975.05,3623.41,4287.84
101,Canada,2014,Cardiovascular diseases,dalys,2326.61,3991.03,3620.56,4309.04
101,Canada,2015,Cardiovascular diseases,dalys,2317.34,4033.79,3658.72,4360.35
101,Canada,2016,Cardiovascular diseases,dalys,2292.9,4030.77,3648.82,4363.87
98,Chile,2008,Cardiovascular diseases,dalys,2998.77,3093.29,2907.34,3237.32
98,Chile,2009,Cardiovascular diseases,dalys,2950.64,3143.28,2964.37,3294.4
98,Chile,2010,Cardiovascular diseases,dalys,2954.82,3261.45,3062.77,3409.68
98,Chile,2011,Cardiovascular diseases,dalys,2882.54,3238.66,3053.74,3376.14
98,Chile,2012,Cardiovascular diseases,dalys,2813.39,3217.48,3022.71,3368.72
98,Chile,2013,Cardiovascular diseases,dalys,2777.98,3220.77,3027.01,3370.17
98,Chile,2014,Cardiovascular diseases,dalys,2724.69,3227.8,3039.03,3382.17
98,Chile,2015,Cardiovascular diseases,dalys,2644.77,3190.03,2991.2,3351.89
98,Chile,2016,Cardiovascular diseases,dalys,2543.41,3132.3,2938.71,3295.37
46,Croatia,2008,Cardiovascular diseases,dalys,5883.78,9926.76,9396.98,10243.98
46,Croatia,2009,Cardiovascular diseases,dalys,5746.28,9884.29,9358.98,10219.36
46,Croatia,2010,Cardiovascular diseases,dalys,5578.2,9786.89,9286.9,10142.51
46,Croatia,2011,Cardiovascular diseases,dalys,5309.12,9513.77,9028.28,9866.46
46,Croatia,2012,Cardiovascular diseases,dalys,5116.9,9397.98,8888.12,9724.66
46,Croatia,2013,Cardiovascular diseases,dalys,4944.78,9293.94,8762.16,9597.73
46,Croatia,2014,Cardiovascular diseases,dalys,4797.5,9239.21,8677.38,9555.26
46,Croatia,2015,Cardiovascular diseases,dalys,4748.31,9387.43,8797.3,9723.07
46,Croatia,2016,Cardiovascular diseases,dalys,4512.41,9065.92,8531.97,9398.61
77,Cyprus,2008,Cardiovascular diseases,dalys,3877.25,4622.05,4149.74,5087.36
77,Cyprus,2009,Cardiovascular diseases,dalys,3739.19,4433.65,3997.77,4877.46
77,Cyprus,2010,Cardiovascular diseases,dalys,3638.77,4288.47,3829.54,4742.2
77,Cyprus,2011,Cardiovascular diseases,dalys,3497.38,4239.63,3778.86,4616.94
77,Cyprus,2012,Cardiovascular diseases,dalys,3384.54,4214.62,3778.18,4646.91
77,Cyprus,2013,Cardiovascular diseases,dalys,3265.43,3955.13,3520.02,4387.2
77,Cyprus,2014,Cardiovascular diseases,dalys,3191.18,4002.38,3579.41,4377.39
77,Cyprus,2015,Cardiovascular diseases,dalys,3131.4,4113.07,3724.43,4539.17
77,Cyprus,2016,Cardiovascular diseases,dalys,3052.8,3863.77,3455.44,4226.39
47,Czechia,2008,Cardiovascular diseases,dalys,5553.69,8892.03,8394.64,9296.64
47,Czechia,2009,Cardiovascular diseases,dalys,5463.91,8891.41,8379.08,9301.04
47,Czechia,2010,Cardiovascular diseases,dalys,5345.59,8815.79,8324.1,9225.36
47,Czechia,2011,Cardiovascular diseases,dalys,5227.42,8759.0,8243.48,9151.86
47,Czechia,2012,Cardiovascular diseases,dalys,5066.51,8656.37,8105.38,9068.75
47,Czechia,2013,Cardiovascular diseases,dalys,4876.26,8481.93,7950.83,8915.93
47,Czechia,2014,Cardiovascular diseases,dalys,4623.98,8161.56,7665.55,8571.4
47,Czechia,2015,Cardiovascular diseases,dalys,4531.58,8185.39,7662.25,8588.44
47,Czechia,2016,Cardiovascular diseases,dalys,4352.44,7948.76,7452.04,8355.9
78,Denmark,2008,Cardiovascular diseases,dalys,2958.43,5110.66,4716.92,5414.49
78,Denmark,2009,Cardiovascular diseases,dalys,2843.16,4946.02,4571.4,5245.86
78,Denmark,2010,Cardiovascular diseases,dalys,2714.88,4770.7,4392.08,5062.77
78,Denmark,2011,Cardiovascular diseases,dalys,2527.27,4484.87,4114.03,4763.45
78,Denmark,2012,Cardiovascular diseases,dalys,2410.72,4328.24,3949.73,4600.39
78,Denmark,2013,Cardiovascular diseases,dalys,2304.79,4206.5,3837.44,4472.13
78,Denmark,2014,Cardiovascular diseases,dalys,2205.12,4056.95,3688.87,4334.21
78,Denmark,2015,Cardiovascular diseases,dalys,2177.51,4076.2,3710.63,4340.69
78,Denmark,2016,Cardiovascular diseases,dalys,2130.81,4027.06,3647.53,4308.34
58,Estonia,2008,Cardiovascular diseases,dalys,7532.37,12545.05,11859.37,13008.41
58,Estonia,2009,Cardiovascular diseases,dalys,7093.96,12035.86,11343.55,12525.91
58,Estonia,2010,Cardiovascular diseases,dalys,6746.76,11625.49,10984.51,12075.8
58,Estonia,2011,Cardiovascular diseases,dalys,6232.22,10961.95,10343.45,11422.97
58,Estonia,2012,Cardiovascular diseases,dalys,5950.85,10716.59,10038.35,11162.15
58,Estonia,2013,Cardiovascular diseases,dalys,5697.51,10490.65,9809.67,10958.42
58,Estonia,2014,Cardiovascular diseases,dalys,5412.0,10191.39,9558.79,10657.36
58,Estonia,2015,Cardiovascular diseases,dalys,5127.93,9819.32,9176.36,10302.92
58,Estonia,2016,Cardiovascular diseases,dalys,4960.68,9666.52,9007.23,10137.49
79,Finland,2008,Cardiovascular diseases,dalys,3941.76,7175.81,6591.93,7557.68
79,Finland,2009,Cardiovascular diseases,dalys,3861.51,7153.35,6560.58,7544.45
79,Finland,2010,Cardiovascular diseases,dalys,3773.46,7144.11,6511.15,7524.57
79,Finland,2011,Cardiovascular diseases,dalys,3637.6,7027.61,6382.04,7440.98
79,Finland,2012,Cardiovascular diseases,dalys,3530.15,6960.62,6301.68,7356.32
79,Finland,2013,Cardiovascular diseases,dalys,3398.28,6817.82,6192.29,7218.51
79,Finland,2014,Cardiovascular diseases,dalys,3308.33,6774.95,6147.03,7208.05
79,Finland,2015,Cardiovascular diseases,dalys,3226.36,6716.46,6066.63,7164.47
79,Finland,2016,Cardiovascular diseases,dalys,3151.61,6712.26,6028.6,7154.8
80,France,2008,Cardiovascular diseases,dalys,2481.78,4450.07,4026.52,4854.18
80,France,2009,Cardiovascular diseases,dalys,2417.0,4381.68,3948.01,4798.12
80,France,2010,Cardiovascular diseases,dalys,2354.37,4337.32,3900.51,4736.87
80,France,2011,Cardiovascular diseases,dalys,2265.49,4237.63,3799.65,4647.08
80,France,2012,Cardiovascular diseases,dalys,2225.8,4282.0,3794.98,4697.7
80,France,2013,Cardiovascular diseases,dalys,2159.96,4200.99,3728.8,4616.51
80,France,2014,Cardiovascular diseases,dalys,2084.99,4082.46,3581.56,4510.49
80,France,2015,Cardiovascular diseases,dalys,2084.47,4196.66,3688.78,4630.31
80,France,2016,Cardiovascular diseases,dalys,2031.23,4140.18,3642.72,4574.12
81,Germany,2008,Cardiovascular diseases,dalys,3522.87,7059.26,6366.08,7508.62
81,Germany,2009,Cardiovascular diseases,dalys,3439.38,7042.02,6346.62,7489.93
81,Germany,2010,Cardiovascular diseases,dalys,3349.05,6967.94,6275.32,7435.54
81,Germany,2011,Cardiovascular diseases,dalys,3215.19,6780.9,6095.08,7254.7
81,Germany,2012,Cardiovascular diseases,dalys,3164.57,6807.55,6084.98,7294.5
81,Germany,2013,Cardiovascular diseases,dalys,3139.77,6874.71,6170.88,7367.38
81,Germany,2014,Cardiovascular diseases,dalys,3027.56,6655.89,5957.04,7152.55
81,Germany,2015,Cardiovascular diseases,dalys,3068.19,6958.66,6234.58,7476.0
81,Germany,2016,Cardiovascular diseases,dalys,2974.77,6761.96,6054.01,7262.13
82,Greece,2008,Cardiovascular diseases,dalys,3941.76,7061.71,6575.43,7436.88
82,Greece,2009,Cardiovascular diseases,dalys,3923.02,7148.03,6662.43,7500.67
82,Greece,2010,Cardiovascular diseases,dalys,3812.81,7109.77,6588.57,7480.93
82,Greece,2011,Cardiovascular diseases,dalys,3759.45,7182.7,6692.31,7532.78
82,Greece,2012,Cardiovascular diseases,dalys,3687.93,7264.67,6680.19,7645.34
82,Greece,2013,Cardiovascular diseases,dalys,3439.95,6875.05,6319.18,7229.76
82,Greece,2014,Cardiovascular diseases,dalys,3252.93,6678.55,6131.7,7036.17
82,Greece,2015,Cardiovascular diseases,dalys,3210.48,6834.65,6257.85,7197.21
82,Greece,2016,Cardiovascular diseases,dalys,3109.16,6726.84,6111.74,7094.61
349,Greenland,2008,Cardiovascular diseases,dalys,7273.45,5603.86,5086.69,6246.53
349,Greenland,2009,Cardiovascular diseases,dalys,7012.61,5545.88,5036.8,6161.93
349,Greenland,2010,Cardiovascular diseases,dalys,6818.47,5516.92,5007.97,6112.79
349,Greenland,2011,Cardiovascular diseases,dalys,6613.93,5473.84,4954.88,6060.29
349,Greenland,2012,Cardiovascular diseases,dalys,6455.82,5476.59,4920.7,6078.72
349,Greenland,2013,Cardiovascular diseases,dalys,6211.89,5419.73,4817.51,5997.17
349,Greenland,2014,Cardiovascular diseases,dalys,6015.28,5383.84,4756.02,5949.64
349,Greenland,2015,Cardiovascular diseases,dalys,5922.4,5420.6,4795.39,5989.11
349,Greenland,2016,Cardiovascular diseases,dalys,5720.32,5373.44,4748.51,5979.29
351,Guam,2008,Cardiovascular diseases,dalys,5956.96,5247.16,4952.13,5506.05
351,Guam,2009,Cardiovascular diseases,dalys,6227.85,5600.68,5316.29,5869.5
351,Guam,2010,Cardiovascular diseases,dalys,6152.63,5704.66,5398.22,6001.75
351,Guam,2011,Cardiovascular diseases,dalys,6055.8,5751.86,5437.97,6062.21
351,Guam,2012,Cardiovascular diseases,dalys,6232.98,6076.86,5768.68,6383.96
351,Guam,2013,Cardiovascular diseases,dalys,6452.92,6466.58,6144.63,6778.09
351,Guam,2014,Cardiovascular diseases,dalys,6477.64,6675.29,6349.97,7010.43
351,Guam,2015,Cardiovascular diseases,dalys,6478.09,6825.54,6480.04,7133.7
351,Guam,2016,Cardiovascular diseases,dalys,6653.08,7195.78,6862.06,7541.56
113,Guyana,2008,Cardiovascular diseases,dalys,9449.05,6423.05,6060.99,6792.87
113,Guyana,2009,Cardiovascular diseases,dalys,9619.05,6660.5,6259.79,7115.72
113,Guyana,2010,Cardiovascular diseases,dalys,9185.1,6489.69,6131.6,6913.25
113,Guyana,2011,Cardiovascular diseases,dalys,9086.7,6568.63,6195.94,6941.22
113,Guyana,2012,Cardiovascular diseases,dalys,9074.26,6706.79,6314.98,7068.17
113,Guyana,2013,Cardiovascular diseases,dalys,8775.1,6614.81,6226.52,6989.99
113,Guyana,2014,Cardiovascular diseases,dalys,8734.34,6751.91,6325.54,7107.1
113,Guyana,2015,Cardiovascular diseases,dalys,8525.39,6741.93,6347.96,7115.23
113,Guyana,2016,Cardiovascular diseases,dalys,8231.91,6656.91,6304.63,7061.11
354,Hong Kong Special Administrative Region of China,2008,Cardiovascular diseases,dalys,2072.31,3007.17,2722.84,3315.98
354,Hong Kong Special Administrative Region of China,2009,Cardiovascular diseases,dalys,2029.16,3011.49,2728.82,3306.15
354,Hong Kong Special Administrative Region of China,2010,Cardiovascular diseases,dalys,1977.45,3030.35,2714.84,3326.18
354,Hong Kong Special Administrative Region of China,2011,Cardiovascular diseases,dalys,1927.76,3015.25,2720.46,3305.43
354,Hong Kong Special Administrative Region of China,2012,Cardiovascular diseases,dalys,1854.51,2976.17,2662.59,3283.06
354,Hong Kong Special Administrative Region of China,2013,Cardiovascular diseases,dalys,1819.12,2975.6,2660.08,3280.11
354,Hong Kong Special Administrative Region of China,2014,Cardiovascular diseases,dalys,1784.16,2996.98,2655.97,3295.92
354,Hong Kong Special Administrative Region of China,2015,Cardiovascular diseases,dalys,1735.53,2988.21,2653.02,3287.17
354,Hong Kong Special Administrative Region of China,2016,Cardiovascular diseases,dalys,1681.08,2953.56,2620.87,3255.72
48,Hungary,2008,Cardiovascular diseases,dalys,7283.44,12095.46,11613.67,12462.31
48,Hungary,2009,Cardiovascular diseases,dalys,7056.53,11936.13,11439.41,12320.24
48,Hungary,2010,Cardiovascular diseases,dalys,6918.22,11922.57,11438.21,12325.67
48,Hungary,2011,Cardiovascular diseases,dalys,6670.05,11669.59,11171.46,12099.6
48,Hungary,2012,Cardiovascular diseases,dalys,6443.35,11464.36,10916.3,11883.87
48,Hungary,2013,Cardiovascular diseases,dalys,6244.99,11247.11,10712.09,11668.12
48,Hungary,2014,Cardiovascular diseases,dalys,6133.15,11194.89,10660.19,11615.59
48,Hungary,2015,Cardiovascular diseases,dalys,6096.8,11336.08,10797.57,11777.34
48,Hungary,2016,Cardiovascular diseases,dalys,5982.43,11197.43,10650.57,11605.12
83,Iceland,2008,Cardiovascular diseases,dalys,2791.92,3783.23,3473.67,4036.22
83,Iceland,2009,Cardiovascular diseases,dalys,2705.14,3757.2,3425.72,3998.39
83,Iceland,2010,Cardiovascular diseases,dalys,2610.75,3681.7,3327.02,3911.5
83,Iceland,2011,Cardiovascular diseases,dalys,2503.07,3619.49,3281.09,3853.88
83,Iceland,2012,Cardiovascular diseases,dalys,2422.57,3556.1,3200.03,3790.76
83,Iceland,2013,Cardiovascular diseases,dalys,2358.98,3513.5,3180.74,3759.85
83,Iceland,2014,Cardiovascular diseases,dalys,2327.45,3565.36,3191.74,3830.25
83,Iceland,2015,Cardiovascular diseases,dalys,2329.49,3628.22,3228.32,3912.17
83,Iceland,2016,Cardiovascular diseases,dalys,2221.95,3517.15,3130.88,3776.19
84,Ireland,2008,Cardiovascular diseases,dalys,3188.47,3912.51,3649.48,4125.17
84,Ireland,2009,Cardiovascular diseases,dalys,3031.14,3746.98,3471.54,3953.19
84,Ireland,2010,Cardiovascular diseases,dalys,2883.14,3601.36,3352.41,3809.94
84,Ireland,2011,Cardiovascular diseases,dalys,2760.4,3520.89,3279.1,3707.79
84,Ireland,2012,Cardiovascular diseases,dalys,2715.85,3537.03,3276.49,3737.25
84,Ireland,2013,Cardiovascular diseases,dalys,2632.73,3506.58,3244.84,3705.03
84,Ireland,2014,Cardiovascular diseases,dalys,2494.44,3371.13,3092.4,3563.63
84,Ireland,2015,Cardiovascular diseases,dalys,2467.59,3432.86,3128.28,3641.52
84,Ireland,2016,Cardiovascular diseases,dalys,2373.56,3373.11,3058.4,3584.35
85,Israel,2008,Cardiovascular diseases,dalys,2289.01,2605.84,2383.67,2783.56
85,Israel,2009,Cardiovascular diseases,dalys,2174.05,2468.42,2262.48,2654.2
85,Israel,2010,Cardiovascular diseases,dalys,2100.51,2423.76,2211.64,2603.72
85,Israel,2011,Cardiovascular diseases,dalys,2057.89,2417.61,2193.56,2598.25
85,Israel,2012,Cardiovascular diseases,dalys,1977.98,2366.96,2124.62,2550.79
85,Israel,2013,Cardiovascular diseases,dalys,1910.49,2281.75,2065.75,2467.93
85,Israel,2014,Cardiovascular diseases,dalys,1841.2,2222.62,1987.24,2406.22
85,Israel,2015,Cardiovascular diseases,dalys,1827.91,2247.52,2012.71,2432.68
85,Israel,2016,Cardiovascular diseases,dalys,1785.49,2199.73,1962.49,2377.59
86,Italy,2008,Cardiovascular diseases,dalys,2713.53,5704.25,5028.44,6154.89
86,Italy,2009,Cardiovascular diseases,dalys,2628.46,5607.86,4911.9,6063.37
86,Italy,2010,Cardiovascular diseases,dalys,2520.31,5478.06,4781.84,5918.77
86,Italy,2011,Cardiovascular diseases,dalys,2466.73,5462.36,4812.46,5905.0
86,Italy,2012,Cardiovascular diseases,dalys,2434.02,5527.51,4814.52,5977.15
86,Italy,2013,Cardiovascular diseases,dalys,2332.72,5339.52,4636.64,5800.2
86,Italy,2014,Cardiovascular diseases,dalys,2273.44,5281.41,4562.56,5746.78
86,Italy,2015,Cardiovascular diseases,dalys,2324.21,5607.29,4854.9,6111.75
86,Italy,2016,Cardiovascular diseases,dalys,2198.0,5318.92,4555.09,5798.61
67,Japan,2008,Cardiovascular diseases,dalys,2110.58,4444.88,3958.14,4813.36
67,Japan,2009,Cardiovascular diseases,dalys,2044.5,4384.36,3896.45,4743.26
67,Japan,2010,Cardiovascular diseases,dalys,2028.48,4493.28,3970.35,4862.84
67,Japan,2011,Cardiovascular diseases,dalys,1998.26,4548.02,4006.97,4923.57
67,Japan,2012,Cardiovascular diseases,dalys,1950.14,4560.15,4007.61,4941.4
67,Japan,2013,Cardiovascular diseases,dalys,1891.79,4517.84,3944.76,4904.17
67,Japan,2014,Cardiovascular diseases,dalys,1840.41,4474.71,3886.82,4866.53
67,Japan,2015,Cardiovascular diseases,dalys,1797.93,4472.92,3867.48,4877.14
67,Japan,2016,Cardiovascular diseases,dalys,1772.94,4498.88,3875.74,4917.44
145,Kuwait,2008,Cardiovascular diseases,dalys,6682.19,2826.26,2694.61,2951.99
145,Kuwait,2009,Cardiovascular diseases,dalys,6098.37,2608.09,2485.13,2724.17
145,Kuwait,2010,Cardiovascular diseases,dalys,5820.72,2540.04,2422.92,2660.55
145,Kuwait,2011,Cardiovascular diseases,dalys,5574.03,2500.76,2386.76,2626.26
145,Kuwait,2012,Cardiovascular diseases,dalys,5207.67,2396.34,2286.79,2517.92
145,Kuwait,2013,Cardiovascular diseases,dalys,4890.43,2380.31,2271.4,2507.54
145,Kuwait,2014,Cardiovascular diseases,dalys,4572.74,2309.17,2174.68,2428.55
145,Kuwait,2015,Cardiovascular diseases,dalys,4490.88,2332.87,2224.06,2450.25
145,Kuwait,2016,Cardiovascular diseases,dalys,4488.67,2404.7,2288.52,2523.1
59,Latvia,2008,Cardiovascular diseases,dalys,9876.3,16185.47,15525.63,16731.75
59,Latvia,2009,Cardiovascular diseases,dalys,9284.86,15562.85,14900.56,16056.57
59,Latvia,2010,Cardiovascular diseases,dalys,8850.69,15178.0,14484.6,15661.22
59,Latvia,2011,Cardiovascular diseases,dalys,8508.18,14851.63,14149.29,15357.49
59,Latvia,2012,Cardiovascular diseases,dalys,8167.35,14584.29,13852.99,15085.4
59,Latvia,2013,Cardiovascular diseases,dalys,7826.25,14243.3,13538.12,14771.41
59,Latvia,2014,Cardiovascular diseases,dalys,7566.92,14017.86,13350.61,14485.5
59,Latvia,2015,Cardiovascular diseases,dalys,7342.45,13860.13,13182.15,14346.92
59,Latvia,2016,Cardiovascular diseases,dalys,7185.1,13730.0,12978.69,14213.6
60,Lithuania,2008,Cardiovascular diseases,dalys,8981.69,14277.94,13650.96,14750.39
60,Lithuania,2009,Cardiovascular diseases,dalys,8635.74,14058.01,13417.21,14513.57
60,Lithuania,2010,Cardiovascular diseases,dalys,8337.56,13940.8,13279.85,14435.32
60,Lithuania,2011,Cardiovascular diseases,dalys,8071.25,13799.48,13060.14,14257.54
60,Lithuania,2012,Cardiovascular diseases,dalys,7797.58,13684.5,12979.06,14149.99
60,Lithuania,2013,Cardiovascular diseases,dalys,7508.38,13541.5,12798.53,14027.65
60,Lithuania,2014,Cardiovascular diseases,dalys,7308.09,13492.7,12770.07,13953.03
60,Lithuania,2015,Cardiovascular diseases,dalys,7164.18,13571.33,12888.0,14113.68
60,Lithuania,2016,Cardiovascular diseases,dalys,6900.32,13357.06,12635.3,13883.28
87,Luxembourg,2008,Cardiovascular diseases,dalys,3083.32,4676.24,4344.45,4967.12
87,Luxembourg,2009,Cardiovascular diseases,dalys,2914.25,4437.06,4130.01,4727.97
87,Luxembourg,2010,Cardiovascular diseases,dalys,2805.9,4313.04,3994.5,4598.52
87,Luxembourg,2011,Cardiovascular diseases,dalys,2705.03,4246.43,3900.12,4527.15
87,Luxembourg,2012,Cardiovascular diseases,dalys,2594.25,4092.38,3816.68,4377.58
87,Luxembourg,2013,Cardiovascular diseases,dalys,2497.16,3934.45,3626.52,4242.58
87,Luxembourg,2014,Cardiovascular diseases,dalys,2370.11,3745.83,3420.14,4024.94
87,Luxembourg,2015,Cardiovascular diseases,dalys,2299.3,3716.42,3371.12,3980.69
87,Luxembourg,2016,Cardiovascular diseases,dalys,2276.78,3713.03,3362.01,3988.02
361,Macao Special Administrative Region of China,2008,Cardiovascular diseases,dalys,2687.92,2713.69,2192.35,3339.91
361,Macao Special Administrative Region of China,2009,Cardiovascular diseases,dalys,2591.81,2667.86,2064.18,3329.96
361,Macao Special Administrative Region of China,2010,Cardiovascular diseases,dalys,2464.82,2587.66,1914.94,3333.12
361,Macao Special Administrative Region of China,2011,Cardiovascular diseases,dalys,2310.29,2467.56,1723.59,3293.72
361,Macao Special Administrative Region of China,2012,Cardiovascular diseases,dalys,2116.97,2294.51,1504.19,3141.01
361,Macao Special Administrative Region of China,2013,Cardiovascular diseases,dalys,1967.9,2161.32,1332.57,3026.27
361,Macao Special Administrative Region of China,2014,Cardiovascular diseases,dalys,1832.34,2038.0,1196.31,2892.64
361,Macao Special Administrative Region of China,2015,Cardiovascular diseases,dalys,1759.02,1987.87,1159.18,2838.82
361,Macao Special Administrative Region of China,2016,Cardiovascular diseases,dalys,1712.48,1972.85,1142.19,2805.27
88,Malta,2008,Cardiovascular diseases,dalys,3412.7,5308.18,4916.95,5631.12
88,Malta,2009,Cardiovascular diseases,dalys,3249.85,5171.58,4820.84,5450.04
88,Malta,2010,Cardiovascular diseases,dalys,3173.78,5136.57,4743.86,5412.18
88,Malta,2011,Cardiovascular diseases,dalys,3264.11,5415.42,5003.93,5693.96
88,Malta,2012,Cardiovascular diseases,dalys,3193.02,5431.37,4994.04,5713.35
88,Malta,2013,Cardiovascular diseases,dalys,2932.85,5042.5,4604.2,5353.98
88,Malta,2014,Cardiovascular diseases,dalys,2764.73,4769.08,4353.39,5056.9
88,Malta,2015,Cardiovascular diseases,dalys,2672.51,4693.66,4236.35,4995.23
88,Malta,2016,Cardiovascular diseases,dalys,2538.72,4494.13,4052.13,4792.07
367,Monaco,2008,Cardiovascular diseases,dalys,3663.67,8803.67,7393.44,10760.7
367,Monaco,2009,Cardiovascular diseases,dalys,3496.9,8578.04,7306.38,10188.83
367,Monaco,2010,Cardiovascular diseases,dalys,3378.67,8289.17,7080.31,9548.19
367,Monaco,2011,Cardiovascular diseases,dalys,3215.76,7735.05,6724.83,8703.59
367,Monaco,2012,Cardiovascular diseases,dalys,3067.25,7568.62,6546.74,8614.47
367,Monaco,2013,Cardiovascular diseases,dalys,2886.46,7270.25,6166.93,8430.01
367,Monaco,2014,Cardiovascular diseases,dalys,2676.3,6638.97,5372.05,8045.91
367,Monaco,2015,Cardiovascular diseases,dalys,2496.84,6525.32,4898.88,8128.16
367,Monaco,2016,Cardiovascular diseases,dalys,2289.82,5782.04,4019.3,7427.02
369,Nauru,2008,Cardiovascular diseases,dalys,23294.85,10848.97,8299.95,13452.11
369,Nauru,2009,Cardiovascular diseases,dalys,23129.0,10818.33,8292.5,13364.61
369,Nauru,2010,Cardiovascular diseases,dalys,22936.26,10782.38,8345.29,13358.02
369,Nauru,2011,Cardiovascular diseases,dalys,22646.67,10724.57,8365.96,13467.32
369,Nauru,2012,Cardiovascular diseases,dalys,22270.33,10672.48,8329.43,13248.7
369,Nauru,2013,Cardiovascular diseases,dalys,21954.12,10656.39,8397.6,13060.28
369,Nauru,2014,Cardiovascular diseases,dalys,21555.16,10606.4,8478.73,13042.0
369,Nauru,2015,Cardiovascular diseases,dalys,21218.53,10602.07,8384.82,12771.6
369,Nauru,2016,Cardiovascular diseases,dalys,21038.32,10688.19,8461.57,12677.46
89,Netherlands,2008,Cardiovascular diseases,dalys,2568.91,4162.48,3817.64,4418.02
89,Netherlands,2009,Cardiovascular diseases,dalys,2455.36,4035.3,3703.9,4282.54
89,Netherlands,2010,Cardiovascular diseases,dalys,2369.44,3976.79,3647.32,4220.95
89,Netherlands,2011,Cardiovascular diseases,dalys,2262.26,3857.19,3519.83,4098.19
89,Netherlands,2012,Cardiovascular diseases,dalys,2204.34,3863.08,3497.46,4117.55
89,Netherlands,2013,Cardiovascular diseases,dalys,2150.2,3842.42,3470.48,4107.36
89,Netherlands,2014,Cardiovascular diseases,dalys,2066.66,3757.32,3375.8,4021.04
89,Netherlands,2015,Cardiovascular diseases,dalys,2060.49,3843.51,3474.35,4118.12
89,Netherlands,2016,Cardiovascular diseases,dalys,2006.6,3807.73,3409.59,4090.23
72,New Zealand,2008,Cardiovascular diseases,dalys,3045.52,4241.69,3896.76,4503.3
72,New Zealand,2009,Cardiovascular diseases,dalys,2935.7,4153.76,3800.96,4403.07
72,New Zealand,2010,Cardiovascular diseases,dalys,2844.49,4060.29,3708.06,4304.31
72,New Zealand,2011,Cardiovascular diseases,dalys,2769.96,4048.45,3674.02,4322.48
72,New Zealand,2012,Cardiovascular diseases,dalys,2680.65,3989.91,3628.46,4247.3
72,New Zealand,2013,Cardiovascular diseases,dalys,2582.13,3872.6,3526.38,4121.63
72,New Zealand,2014,Cardiovascular diseases,dalys,2571.1,3957.53,3618.86,4214.2
72,New Zealand,2015,Cardiovascular diseases,dalys,2521.64,3921.2,3539.85,4181.34
72,New Zealand,2016,Cardiovascular diseases,dalys,2459.91,3838.66,3487.32,4094.76
376,Northern Mariana Islands,2008,Cardiovascular diseases,dalys,7863.48,4942.49,4363.4,5565.47
376,Northern Mariana Islands,2009,Cardiovascular diseases,dalys,7954.03,5247.44,4620.67,5886.04
376,Northern Mariana Islands,2010,Cardiovascular diseases,dalys,7997.15,5598.89,4958.75,6261.12
376,Northern Mariana Islands,2011,Cardiovascular diseases,dalys,8007.21,5917.81,5234.75,6596.28
376,Northern Mariana Islands,2012,Cardiovascular diseases,dalys,7992.92,6130.54,5432.21,6807.09
376,Northern Mariana Islands,2013,Cardiovascular diseases,dalys,7983.16,6263.73,5567.78,7025.85
376,Northern Mariana Islands,2014,Cardiovascular diseases,dalys,7941.64,6380.34,5624.32,7109.54
376,Northern Mariana Islands,2015,Cardiovascular diseases,dalys,8015.99,6563.09,5783.25,7301.08
376,Northern Mariana Islands,2016,Cardiovascular diseases,dalys,7882.32,6734.32,5928.6,7496.06
90,Norway,2008,Cardiovascular diseases,dalys,2909.01,5052.89,4579.56,5441.76
90,Norway,2009,Cardiovascular diseases,dalys,2775.25,4818.06,4368.22,5201.24
90,Norway,2010,Cardiovascular diseases,dalys,2671.91,4664.68,4215.2,5046.43
90,Norway,2011,Cardiovascular diseases,dalys,2584.32,4524.91,4091.09,4914.36
90,Norway,2012,Cardiovascular diseases,dalys,2521.39,4456.67,4002.56,4816.95
90,Norway,2013,Cardiovascular diseases,dalys,2397.33,4219.08,3788.42,4591.46
90,Norway,2014,Cardiovascular diseases,dalys,2266.65,4020.71,3580.09,4391.23
90,Norway,2015,Cardiovascular diseases,dalys,2182.56,3906.32,3452.39,4253.89
90,Norway,2016,Cardiovascular diseases,dalys,2076.51,3745.75,3304.25,4085.6
150,Oman,2008,Cardiovascular diseases,dalys,8360.76,3605.07,3198.78,3969.48
150,Oman,2009,Cardiovascular diseases,dalys,8102.69,3481.25,3086.86,3864.48
150,Oman,2010,Cardiovascular diseases,dalys,8006.52,3434.18,3045.57,3854.48
150,Oman,2011,Cardiovascular diseases,dalys,7975.25,3410.38,3036.9,3800.24
150,Oman,2012,Cardiovascular diseases,dalys,7878.96,3364.33,2985.41,3722.86
150,Oman,2013,Cardiovascular diseases,dalys,7576.46,3216.24,2847.56,3576.53
150,Oman,2014,Cardiovascular diseases,dalys,7365.69,3101.98,2758.41,3471.01
150,Oman,2015,Cardiovascular diseases,dalys,7412.19,3125.53,2788.3,3474.77
150,Oman,2016,Cardiovascular diseases,dalys,7168.09,3022.9,2704.57,3370.48
380,Palau,2008,Cardiovascular diseases,dalys,10131.27,8608.87,7583.93,9863.77
380,Palau,2009,Cardiovascular diseases,dalys,10058.83,8751.62,7740.88,10043.95
380,Palau,2010,Cardiovascular diseases,dalys,9993.24,8916.36,7872.17,10225.84
380,Palau,2011,Cardiovascular diseases,dalys,9936.32,9045.89,7952.91,10357.53
380,Palau,2012,Cardiovascular diseases,dalys,9853.62,9158.66,7981.72,10523.08
380,Palau,2013,Cardiovascular diseases,dalys,9760.32,9285.83,8142.32,10535.16
380,Palau,2014,Cardiovascular diseases,dalys,9705.19,9494.18,8331.01,10652.49
380,Palau,2015,Cardiovascular diseases,dalys,9586.07,9656.84,8426.03,10855.42
380,Palau,2016,Cardiovascular diseases,dalys,9365.15,9651.48,8439.51,10872.61
132,Panama,2008,Cardiovascular diseases,dalys,3101.17,2586.64,2413.38,2725.96
132,Panama,2009,Cardiovascular diseases,dalys,3170.57,2684.69,2523.17,2824.61
132,Panama,2010,Cardiovascular diseases,dalys,3114.49,2715.61,2551.24,2859.83
132,Panama,2011,Cardiovascular diseases,dalys,3089.39,2719.2,2568.04,2865.55
132,Panama,2012,Cardiovascular diseases,dalys,2992.53,2697.64,2549.96,2847.49
132,Panama,2013,Cardiovascular diseases,dalys,3010.65,2777.14,2626.53,2925.28
132,Panama,2014,Cardiovascular diseases,dalys,2969.39,2798.26,2641.78,2961.21
132,Panama,2015,Cardiovascular diseases,dalys,2943.9,2822.78,2651.98,2984.89
132,Panama,2016,Cardiovascular diseases,dalys,2956.74,2903.82,2736.42,3060.49
51,Poland,2008,Cardiovascular diseases,dalys,5832.76,8367.7,7969.13,8729.55
51,Poland,2009,Cardiovascular diseases,dalys,5697.74,8332.16,7948.05,8682.61
51,Poland,2010,Cardiovascular diseases,dalys,5458.52,8147.19,7733.78,8519.59
51,Poland,2011,Cardiovascular diseases,dalys,5239.98,7969.68,7544.2,8336.28
51,Poland,2012,Cardiovascular diseases,dalys,5185.46,8070.05,7629.46,8441.46
51,Poland,2013,Cardiovascular diseases,dalys,5017.98,7985.04,7551.03,8351.5
51,Poland,2014,Cardiovascular diseases,dalys,4765.74,7727.36,7306.65,8081.16
51,Poland,2015,Cardiovascular diseases,dalys,4690.19,7807.59,7353.59,8205.09
51,Poland,2016,Cardiovascular diseases,dalys,4504.68,7634.68,7165.7,8025.42
91,Portugal,2008,Cardiovascular diseases,dalys,3011.79,5511.64,5074.98,5802.71
91,Portugal,2009,Cardiovascular diseases,dalys,2866.14,5361.0,4940.92,5673.09
91,Portugal,2010,Cardiovascular diseases,dalys,2753.02,5270.91,4803.07,5577.63
91,Portugal,2011,Cardiovascular diseases,dalys,2591.88,5045.95,4611.06,5355.48
91,Portugal,2012,Cardiovascular diseases,dalys,2526.97,5081.0,4613.65,5370.97
91,Portugal,2013,Cardiovascular diseases,dalys,2442.2,4981.35,4509.83,5275.36
91,Portugal,2014,Cardiovascular diseases,dalys,2394.16,4948.38,4437.15,5233.41
91,Portugal,2015,Cardiovascular diseases,dalys,2356.11,5005.41,4471.82,5302.81
91,Portugal,2016,Cardiovascular diseases,dalys,2328.94,5047.34,4520.93,5385.56
385,Puerto Rico,2008,Cardiovascular diseases,dalys,2957.56,4242.13,3954.09,4516.43
385,Puerto Rico,2009,Cardiovascular diseases,dalys,2848.73,4174.96,3898.86,4456.32
385,Puerto Rico,2010,Cardiovascular diseases,dalys,2782.34,4177.99,3897.16,4444.56
385,Puerto Rico,2011,Cardiovascular diseases,dalys,2707.87,4154.07,3875.63,4427.87
385,Puerto Rico,2012,Cardiovascular diseases,dalys,2605.26,4134.2,3843.17,4414.75
385,Puerto Rico,2013,Cardiovascular diseases,dalys,2511.05,4122.75,3816.44,4407.31
385,Puerto Rico,2014,Cardiovascular diseases,dalys,2431.0,4146.07,3837.2,4427.99
385,Puerto Rico,2015,Cardiovascular diseases,dalys,2375.58,4171.99,3854.18,4474.47
385,Puerto Rico,2016,Cardiovascular diseases,dalys,2324.0,4254.17,3916.67,4559.22
151,Qatar,2008,Cardiovascular diseases,dalys,5826.78,1766.03,1586.67,1965.06
151,Qatar,2009,Cardiovascular diseases,dalys,5344.54,1588.15,1413.92,1754.53
151,Qatar,2010,Cardiovascular diseases,dalys,4826.79,1417.38,1257.98,1568.04
151,Qatar,2011,Cardiovascular diseases,dalys,4362.48,1301.99,1138.89,1446.75
151,Qatar,2012,Cardiovascular diseases,dalys,3989.87,1236.99,1059.89,1387.68
151,Qatar,2013,Cardiovascular diseases,dalys,3536.68,1147.52,970.45,1301.98
151,Qatar,2014,Cardiovascular diseases,dalys,3175.21,1080.16,907.57,1232.67
151,Qatar,2015,Cardiovascular diseases,dalys,3147.37,1109.44,932.9,1274.94
151,Qatar,2016,Cardiovascular diseases,dalys,2887.99,1059.58,894.83,1218.91
68,Republic of Korea,2008,Cardiovascular diseases,dalys,2591.3,2843.2,2595.68,3099.01
68,Republic of Korea,2009,Cardiovascular diseases,dalys,2446.04,2783.93,2531.32,3024.12
68,Republic of Korea,2010,Cardiovascular diseases,dalys,2362.97,2782.92,2512.18,3018.54
68,Republic of Korea,2011,Cardiovascular diseases,dalys,2264.14,2744.18,2478.07,2993.55
68,Republic of Korea,2012,Cardiovascular diseases,dalys,2179.37,2742.37,2470.19,2976.37
68,Republic of Korea,2013,Cardiovascular diseases,dalys,2062.82,2669.4,2400.49,2901.85
68,Republic of Korea,2014,Cardiovascular diseases,dalys,1957.09,2610.56,2351.58,2868.08
68,Republic of Korea,2015,Cardiovascular diseases,dalys,1886.02,2600.35,2318.48,2858.85
68,Republic of Korea,2016,Cardiovascular diseases,dalys,1815.93,2579.67,2306.67,2846.85
52,Romania,2008,Cardiovascular diseases,dalys,8659.94,13233.35,12721.67,13576.54
52,Romania,2009,Cardiovascular diseases,dalys,8501.42,13315.97,12752.25,13669.07
52,Romania,2010,Cardiovascular diseases,dalys,8270.27,13273.07,12689.2,13631.35
52,Romania,2011,Cardiovascular diseases,dalys,7901.94,12929.97,12392.16,13273.99
52,Romania,2012,Cardiovascular diseases,dalys,7622.73,12769.3,12197.85,13137.75
52,Romania,2013,Cardiovascular diseases,dalys,7346.81,12499.48,11890.71,12876.62
52,Romania,2014,Cardiovascular diseases,dalys,7249.84,12576.58,11975.62,12908.58
52,Romania,2015,Cardiovascular diseases,dalys,7248.2,12821.61,12245.48,13164.5
52,Romania,2016,Cardiovascular diseases,dalys,7093.08,12693.62,12094.1,13047.36
62,Russian Federation,2008,Cardiovascular diseases,dalys,13428.91,18256.03,17670.15,18694.39
62,Russian Federation,2009,Cardiovascular diseases,dalys,12815.84,17593.06,17013.9,17998.56
62,Russian Federation,2010,Cardiovascular diseases,dalys,12502.78,17377.81,16843.22,17791.45
62,Russian Federation,2011,Cardiovascular diseases,dalys,11494.11,16155.89,15588.49,16585.04
62,Russian Federation,2012,Cardiovascular diseases,dalys,10889.76,15520.5,14960.22,15972.72
62,Russian Federation,2013,Cardiovascular diseases,dalys,10377.56,14914.58,14374.82,15372.67
62,Russian Federation,2014,Cardiovascular diseases,dalys,10018.61,14526.34,13976.53,14985.69
62,Russian Federation,2015,Cardiovascular diseases,dalys,9809.11,14432.74,13897.68,14881.83
62,Russian Federation,2016,Cardiovascular diseases,dalys,9444.57,14094.86,13589.81,14497.08
393,Saint Kitts and Nevis,2008,Cardiovascular diseases,dalys,5568.09,5093.8,4818.63,5390.43
393,Saint Kitts and Nevis,2009,Cardiovascular diseases,dalys,5465.95,5079.46,4807.8,5365.48
393,Saint Kitts and Nevis,2010,Cardiovascular diseases,dalys,5416.49,5103.53,4822.9,5360.07
393,Saint Kitts and Nevis,2011,Cardiovascular diseases,dalys,5406.76,5267.59,4980.69,5525.69
393,Saint Kitts and Nevis,2012,Cardiovascular diseases,dalys,5212.31,5137.03,4836.1,5399.4
393,Saint Kitts and Nevis,2013,Cardiovascular diseases,dalys,5068.68,5081.57,4781.09,5365.89
393,Saint Kitts and Nevis,2014,Cardiovascular diseases,dalys,5011.19,5046.98,4765.96,5333.94
393,Saint Kitts and Nevis,2015,Cardiovascular diseases,dalys,5013.07,5071.09,4786.3,5346.3
393,Saint Kitts and Nevis,2016,Cardiovascular diseases,dalys,4964.07,5127.26,4829.67,5417.43
396,San Marino,2008,Cardiovascular diseases,dalys,2347.17,4566.27,3919.64,5229.39
396,San Marino,2009,Cardiovascular diseases,dalys,2228.85,4444.59,3796.44,5114.55
396,San Marino,2010,Cardiovascular diseases,dalys,2146.41,4292.25,3650.63,4881.27
396,San Marino,2011,Cardiovascular diseases,dalys,2070.53,4061.76,3476.95,4589.14
396,San Marino,2012,Cardiovascular diseases,dalys,2002.17,4014.36,3446.31,4496.52
396,San Marino,2013,Cardiovascular diseases,dalys,1932.73,3843.75,3333.62,4314.34
396,San Marino,2014,Cardiovascular diseases,dalys,1880.38,3793.66,3307.92,4285.63
396,San Marino,2015,Cardiovascular diseases,dalys,1851.45,3715.71,3201.09,4206.21
396,San Marino,2016,Cardiovascular diseases,dalys,1823.11,3996.15,3455.98,4486.43
152,Saudi Arabia,2008,Cardiovascular diseases,dalys,8724.03,4083.05,3663.96,4457.63
152,Saudi Arabia,2009,Cardiovascular diseases,dalys,8850.52,4131.09,3706.25,4500.06
152,Saudi Arabia,2010,Cardiovascular diseases,dalys,8870.66,4116.82,3707.08,4509.33
152,Saudi Arabia,2011,Cardiovascular diseases,dalys,8663.87,3984.06,3618.64,4389.87
152,Saudi Arabia,2012,Cardiovascular diseases,dalys,8415.22,3832.46,3432.65,4258.83
152,Saudi Arabia,2013,Cardiovascular diseases,dalys,7988.26,3600.52,3214.85,4026.7
152,Saudi Arabia,2014,Cardiovascular diseases,dalys,7484.53,3326.97,2954.93,3737.83
152,Saudi Arabia,2015,Cardiovascular diseases,dalys,7537.54,3326.7,2911.95,3757.94
152,Saudi Arabia,2016,Cardiovascular diseases,dalys,7088.32,3091.27,2682.41,3477.62
186,Seychelles,2008,Cardiovascular diseases,dalys,6032.84,5504.72,4988.92,6000.78
186,Seychelles,2009,Cardiovascular diseases,dalys,5933.11,5486.5,4976.1,5956.83
186,Seychelles,2010,Cardiovascular diseases,dalys,5800.55,5410.44,4887.77,5866.24
186,Seychelles,2011,Cardiovascular diseases,dalys,5702.16,5393.54,4907.02,5852.64
186,Seychelles,2012,Cardiovascular diseases,dalys,5587.59,5351.11,4884.88,5744.06
186,Seychelles,2013,Cardiovascular diseases,dalys,5429.74,5318.08,4864.94,5701.07
186,Seychelles,2014,Cardiovascular diseases,dalys,5255.69,5202.0,4736.48,5592.37
186,Seychelles,2015,Cardiovascular diseases,dalys,5108.23,5140.8,4712.15,5537.41
186,Seychelles,2016,Cardiovascular diseases,dalys,5025.3,5169.97,4723.13,5604.95
69,Singapore,2008,Cardiovascular diseases,dalys,3082.56,2925.66,2747.94,3073.72
69,Singapore,2009,Cardiovascular diseases,dalys,2891.99,2809.42,2634.62,2966.96
69,Singapore,2010,Cardiovascular diseases,dalys,2760.64,2759.39,2579.02,2933.99
69,Singapore,2011,Cardiovascular diseases,dalys,2627.15,2698.59,2518.38,2870.94
69,Singapore,2012,Cardiovascular diseases,dalys,2525.0,2667.9,2498.99,2831.72
69,Singapore,2013,Cardiovascular diseases,dalys,2402.76,2617.52,2428.8,2792.08
69,Singapore,2014,Cardiovascular diseases,dalys,2345.79,2649.64,2470.15,2830.65
69,Singapore,2015,Cardiovascular diseases,dalys,2271.86,2658.91,2455.48,2843.15
69,Singapore,2016,Cardiovascular diseases,dalys,2209.98,2669.79,2475.93,2858.4
54,Slovakia,2008,Cardiovascular diseases,dalys,7228.25,9749.73,9162.11,10238.09
54,Slovakia,2009,Cardiovascular diseases,dalys,6983.75,9561.99,8987.38,10050.18
54,Slovakia,2010,Cardiovascular diseases,dalys,6733.59,9380.01,8786.89,9899.9
54,Slovakia,2011,Cardiovascular diseases,dalys,6403.77,9065.03,8461.48,9588.0
54,Slovakia,2012,Cardiovascular diseases,dalys,6082.25,8786.33,8260.25,9255.73
54,Slovakia,2013,Cardiovascular diseases,dalys,5857.28,8628.63,8098.12,9105.83
54,Slovakia,2014,Cardiovascular diseases,dalys,5640.31,8453.9,7914.18,8936.8
54,Slovakia,2015,Cardiovascular diseases,dalys,5536.12,8490.06,7937.18,8968.08
54,Slovakia,2016,Cardiovascular diseases,dalys,5399.87,8435.23,7865.7,8878.32
55,Slovenia,2008,Cardiovascular diseases,dalys,3645.93,6015.5,5625.31,6343.54
55,Slovenia,2009,Cardiovascular diseases,dalys,3516.12,5946.17,5546.69,6258.94
55,Slovenia,2010,Cardiovascular diseases,dalys,3376.14,5838.99,5449.17,6130.51
55,Slovenia,2011,Cardiovascular diseases,dalys,3227.81,5736.96,5326.53,6021.03
55,Slovenia,2012,Cardiovascular diseases,dalys,3106.91,5685.14,5250.07,5964.4
55,Slovenia,2013,Cardiovascular diseases,dalys,3008.52,5653.49,5221.48,5934.45
55,Slovenia,2014,Cardiovascular diseases,dalys,2959.11,5715.76,5272.61,6003.48
55,Slovenia,2015,Cardiovascular diseases,dalys,2872.77,5712.66,5246.64,6017.52
55,Slovenia,2016,Cardiovascular diseases,dalys,2774.52,5662.79,5183.95,5950.18
92,Spain,2008,Cardiovascular diseases,dalys,2533.47,4520.2,4086.95,4808.2
92,Spain,2009,Cardiovascular diseases,dalys,2418.23,4367.32,3932.23,4655.35
92,Spain,2010,Cardiovascular diseases,dalys,2317.42,4247.66,3814.41,4536.89
92,Spain,2011,Cardiovascular diseases,dalys,2231.14,4185.33,3758.04,4478.84
92,Spain,2012,Cardiovascular diseases,dalys,2192.71,4238.46,3788.63,4538.86
92,Spain,2013,Cardiovascular diseases,dalys,2101.18,4099.28,3645.67,4387.77
92,Spain,2014,Cardiovascular diseases,dalys,2055.88,4109.11,3647.06,4409.14
92,Spain,2015,Cardiovascular diseases,dalys,2079.27,4295.47,3793.27,4605.93
92,Spain,2016,Cardiovascular diseases,dalys,2010.8,4182.27,3684.43,4491.99
93,Sweden,2008,Cardiovascular diseases,dalys,3203.71,6537.3,5965.78,6952.65
93,Sweden,2009,Cardiovascular diseases,dalys,3100.83,6322.73,5752.31,6720.38
93,Sweden,2010,Cardiovascular diseases,dalys,3022.5,6198.68,5607.52,6601.09
93,Sweden,2011,Cardiovascular diseases,dalys,2918.39,6018.18,5441.39,6430.95
93,Sweden,2012,Cardiovascular diseases,dalys,2850.16,5939.29,5359.22,6355.22
93,Sweden,2013,Cardiovascular diseases,dalys,2758.0,5732.51,5169.68,6149.58
93,Sweden,2014,Cardiovascular diseases,dalys,2665.12,5534.57,4977.39,5943.54
93,Sweden,2015,Cardiovascular diseases,dalys,2599.56,5443.21,4874.13,5863.01
93,Sweden,2016,Cardiovascular diseases,dalys,2540.91,5346.16,4774.04,5786.29
94,Switzerland,2008,Cardiovascular diseases,dalys,2293.4,4276.49,3825.29,4557.84
94,Switzerland,2009,Cardiovascular diseases,dalys,2235.72,4217.08,3751.2,4494.96
94,Switzerland,2010,Cardiovascular diseases,dalys,2166.96,4128.53,3666.45,4398.78
94,Switzerland,2011,Cardiovascular diseases,dalys,2065.99,3964.58,3548.84,4226.12
94,Switzerland,2012,Cardiovascular diseases,dalys,2031.72,3981.1,3540.48,4252.31
94,Switzerland,2013,Cardiovascular diseases,dalys,1973.66,3907.77,3459.72,4160.71
94,Switzerland,2014,Cardiovascular diseases,dalys,1905.81,3790.44,3345.04,4055.94
94,Switzerland,2015,Cardiovascular diseases,dalys,1865.88,3818.26,3370.65,4094.8
94,Switzerland,2016,Cardiovascular diseases,dalys,1803.02,3675.47,3235.7,3932.47
8,Taiwan,2008,Cardiovascular diseases,dalys,2577.35,3082.28,2897.08,3253.47
8,Taiwan,2009,Cardiovascular diseases,dalys,2486.14,3059.82,2866.34,3242.01
8,Taiwan,2010,Cardiovascular diseases,dalys,2442.36,3099.03,2907.92,3286.77
8,Taiwan,2011,Cardiovascular diseases,dalys,2443.33,3191.45,2995.79,3383.67
8,Taiwan,2012,Cardiovascular diseases,dalys,2425.28,3247.1,3034.15,3442.55
8,Taiwan,2013,Cardiovascular diseases,dalys,2424.39,3323.63,3118.42,3513.56
8,Taiwan,2014,Cardiovascular diseases,dalys,2428.14,3438.26,3221.04,3637.69
8,Taiwan,2015,Cardiovascular diseases,dalys,2399.0,3482.35,3251.78,3691.89
8,Taiwan,2016,Cardiovascular diseases,dalys,2401.59,3584.53,3349.13,3797.14
119,Trinidad and Tobago,2008,Cardiovascular diseases,dalys,6081.14,5611.83,5380.14,5845.46
119,Trinidad and Tobago,2009,Cardiovascular diseases,dalys,5956.58,5594.39,5340.61,5817.8
119,Trinidad and Tobago,2010,Cardiovascular diseases,dalys,5768.32,5547.8,5295.84,5774.59
119,Trinidad and Tobago,2011,Cardiovascular diseases,dalys,5589.24,5394.54,5135.25,5628.24
119,Trinidad and Tobago,2012,Cardiovascular diseases,dalys,5468.43,5454.88,5201.49,5698.62
119,Trinidad and Tobago,2013,Cardiovascular diseases,dalys,5394.35,5477.65,5207.4,5739.26
119,Trinidad and Tobago,2014,Cardiovascular diseases,dalys,5414.67,5596.94,5311.91,5872.46
119,Trinidad and Tobago,2015,Cardiovascular diseases,dalys,5485.88,5782.55,5461.69,6102.47
119,Trinidad and Tobago,2016,Cardiovascular diseases,dalys,5472.8,5904.89,5574.45,6255.01
156,United Arab Emirates,2008,Cardiovascular diseases,dalys,4929.3,1374.76,846.04,1994.35
156,United Arab Emirates,2009,Cardiovascular diseases,dalys,4841.57,1247.76,815.76,1737.93
156,United Arab Emirates,2010,Cardiovascular diseases,dalys,4779.15,1271.58,865.03,1740.1
156,United Arab Emirates,2011,Cardiovascular diseases,dalys,4718.16,1328.54,938.62,1753.92
156,United Arab Emirates,2012,Cardiovascular diseases,dalys,4677.18,1386.21,1009.74,1796.99
156,United Arab Emirates,2013,Cardiovascular diseases,dalys,4615.91,1410.53,1083.96,1740.21
156,United Arab Emirates,2014,Cardiovascular diseases,dalys,4612.79,1452.21,1143.89,1736.27
156,United Arab Emirates,2015,Cardiovascular diseases,dalys,4671.6,1536.03,1229.21,1811.92
156,United Arab Emirates,2016,Cardiovascular diseases,dalys,4491.63,1542.0,1290.14,1803.63
95,United Kingdom,2008,Cardiovascular diseases,dalys,3164.13,5508.39,5085.37,5810.2
95,United Kingdom,2009,Cardiovascular diseases,dalys,2990.7,5210.79,4809.41,5509.73
95,United Kingdom,2010,Cardiovascular diseases,dalys,2879.3,5050.61,4652.78,5345.21
95,United Kingdom,2011,Cardiovascular diseases,dalys,2679.63,4717.24,4339.57,5007.42
95,United Kingdom,2012,Cardiovascular diseases,dalys,2602.26,4651.88,4272.47,4940.91
95,United Kingdom,2013,Cardiovascular diseases,dalys,2540.93,4573.65,4189.14,4856.71
95,United Kingdom,2014,Cardiovascular diseases,dalys,2453.61,4423.61,4049.76,4710.82
95,United Kingdom,2015,Cardiovascular diseases,dalys,2456.79,4504.03,4122.24,4785.47
95,United Kingdom,2016,Cardiovascular diseases,dalys,2414.9,4417.66,4052.13,4693.11
422,United States Virgin Islands,2008,Cardiovascular diseases,dalys,4789.66,6030.97,5603.7,6417.04
422,United States Virgin Islands,2009,Cardiovascular diseases,dalys,4584.93,5971.16,5569.2,6358.08
422,United States Virgin Islands,2010,Cardiovascular diseases,dalys,4459.87,6001.43,5564.97,6416.98
422,United States Virgin Islands,2011,Cardiovascular diseases,dalys,4219.31,5856.41,5420.74,6256.08
422,United States Virgin Islands,2012,Cardiovascular diseases,dalys,4137.72,5938.62,5523.91,6339.29
422,United States Virgin Islands,2013,Cardiovascular diseases,dalys,4035.05,5995.54,5530.44,6416.7
422,United States Virgin Islands,2014,Cardiovascular diseases,dalys,3931.7,6053.88,5640.12,6474.79
422,United States Virgin Islands,2015,Cardiovascular diseases,dalys,3860.1,6146.72,5713.81,6582.22
422,United States Virgin Islands,2016,Cardiovascular diseases,dalys,3834.09,6306.26,5853.54,6701.91
102,United States of America,2008,Cardiovascular diseases,dalys,3818.63,5401.58,4971.17,5769.41
102,United States of America,2009,Cardiovascular diseases,dalys,3686.78,5245.69,4820.79,5606.33
102,United States of America,2010,Cardiovascular diseases,dalys,3611.49,5222.18,4778.27,5579.15
102,United States of America,2011,Cardiovascular diseases,dalys,3559.56,5213.17,4745.46,5569.28
102,United States of America,2012,Cardiovascular diseases,dalys,3508.08,5201.1,4722.24,5574.38
102,United States of America,2013,Cardiovascular diseases,dalys,3489.98,5241.76,4757.0,5634.94
102,United States of America,2014,Cardiovascular diseases,dalys,3463.47,5248.51,4750.91,5635.13
102,United States of America,2015,Cardiovascular diseases,dalys,3484.21,5351.56,4846.78,5733.21
102,United States of America,2016,Cardiovascular diseases,dalys,3471.08,5365.26,4876.76,5752.16
99,Uruguay,2008,Cardiovascular diseases,dalys,3986.06,5552.92,5175.67,5782.79
99,Uruguay,2009,Cardiovascular diseases,dalys,3811.26,5374.95,5000.31,5618.73
99,Uruguay,2010,Cardiovascular diseases,dalys,3765.0,5421.29,5032.42,5681.55
99,Uruguay,2011,Cardiovascular diseases,dalys,3705.84,5412.82,5010.04,5693.36
99,Uruguay,2012,Cardiovascular diseases,dalys,3596.59,5306.11,4919.34,5563.03
99,Uruguay,2013,Cardiovascular diseases,dalys,3461.59,5122.38,4761.84,5367.0
99,Uruguay,2014,Cardiovascular diseases,dalys,3342.9,4992.97,4642.03,5227.63
99,Uruguay,2015,Cardiovascular diseases,dalys,3352.65,5085.84,4756.2,5333.44
99,Uruguay,2016,Cardiovascular diseases,dalys,3351.81,5143.79,4818.81,5402.89
298,American Samoa,2017,Cardiovascular diseases,dalys,7831.14,6368.4,5554.3,7161.02
298,American Samoa,2018,Cardiovascular diseases,dalys,7727.29,6486.12,5673.7,7306.83
298,American Samoa,2019,Cardiovascular diseases,dalys,7626.27,6606.44,5834.05,7501.11
298,American Samoa,2020,Cardiovascular diseases,dalys,7749.37,6919.54,6001.9,7922.9
298,American Samoa,2021,Cardiovascular diseases,dalys,8563.85,7936.63,6612.95,9406.38
298,American Samoa,2022,Cardiovascular diseases,dalys,7828.55,7375.75,6250.22,8551.39
298,American Samoa,2023,Cardiovascular diseases,dalys,7656.13,7386.21,6138.04,8501.2
74,Andorra,2017,Cardiovascular diseases,dalys,1755.14,3064.57,2602.34,3488.66
74,Andorra,2018,Cardiovascular diseases,dalys,1739.63,3135.46,2663.6,3577.56
74,Andorra,2019,Cardiovascular diseases,dalys,1718.21,3169.02,2680.64,3627.89
74,Andorra,2020,Cardiovascular diseases,dalys,1705.58,3225.72,2691.53,3699.91
74,Andorra,2021,Cardiovascular diseases,dalys,1710.67,3280.6,2730.66,3784.56
74,Andorra,2022,Cardiovascular diseases,dalys,1730.38,3377.38,2826.95,3940.26
74,Andorra,2023,Cardiovascular diseases,dalys,1719.06,3367.43,2812.36,3941.95
105,Antigua and Barbuda,2017,Cardiovascular diseases,dalys,3991.65,4389.14,4155.76,4689.87
105,Antigua and Barbuda,2018,Cardiovascular diseases,dalys,3912.92,4449.25,4179.63,4756.87
105,Antigua and Barbuda,2019,Cardiovascular diseases,dalys,3886.1,4505.6,4242.92,4802.35
105,Antigua and Barbuda,2020,Cardiovascular diseases,dalys,3904.79,4597.15,4337.84,4884.88
105,Antigua and Barbuda,2021,Cardiovascular diseases,dalys,3677.0,4398.3,4103.37,4661.42
105,Antigua and Barbuda,2022,Cardiovascular diseases,dalys,3704.28,4531.85,4196.31,4822.87
105,Antigua and Barbuda,2023,Cardiovascular diseases,dalys,3747.65,4695.84,4309.79,5067.19
71,Australia,2017,Cardiovascular diseases,dalys,1939.15,3270.63,2925.52,3550.99
71,Australia,2018,Cardiovascular diseases,dalys,1891.76,3191.31,2868.25,3465.91
71,Australia,2019,Cardiovascular diseases,dalys,1878.1,3223.62,2886.57,3502.1
71,Australia,2020,Cardiovascular diseases,dalys,1771.05,3035.74,2714.05,3309.86
71,Australia,2021,Cardiovascular diseases,dalys,1768.11,3109.46,2774.44,3403.3
71,Australia,2022,Cardiovascular diseases,dalys,1786.63,3181.46,2817.33,3456.36
71,Australia,2023,Cardiovascular diseases,dalys,1728.99,3141.16,2761.61,3422.07
75,Austria,2017,Cardiovascular diseases,dalys,2806.08,5840.31,5237.64,6215.7
75,Austria,2018,Cardiovascular diseases,dalys,2760.07,5790.27,5196.27,6175.28
75,Austria,2019,Cardiovascular diseases,dalys,2699.34,5704.09,5100.41,6082.33
75,Austria,2020,Cardiovascular diseases,dalys,2686.7,5735.87,5180.58,6122.47
75,Austria,2021,Cardiovascular diseases,dalys,2610.43,5566.68,5028.64,5973.09
75,Austria,2022,Cardiovascular diseases,dalys,2645.46,5751.25,5207.68,6187.81
75,Austria,2023,Cardiovascular diseases,dalys,2585.44,5664.48,5088.88,6084.23
106,Bahamas,2017,Cardiovascular diseases,dalys,5645.41,5359.95,5035.22,5636.16
106,Bahamas,2018,Cardiovascular diseases,dalys,5634.06,5449.13,5143.84,5719.15
106,Bahamas,2019,Cardiovascular diseases,dalys,5847.22,5761.08,5426.56,6072.61
106,Bahamas,2020,Cardiovascular diseases,dalys,5917.02,5943.37,5597.88,6296.04
106,Bahamas,2021,Cardiovascular diseases,dalys,7103.26,7343.78,6914.22,7760.0
106,Bahamas,2022,Cardiovascular diseases,dalys,5863.64,6040.35,5686.22,6411.18
106,Bahamas,2023,Cardiovascular diseases,dalys,5571.98,5835.22,5486.72,6231.82
140,Bahrain,2017,Cardiovascular diseases,dalys,4306.22,2103.2,1877.14,2327.01
140,Bahrain,2018,Cardiovascular diseases,dalys,4265.96,2140.72,1906.58,2362.41
140,Bahrain,2019,Cardiovascular diseases,dalys,3955.92,2093.82,1861.67,2329.95
140,Bahrain,2020,Cardiovascular diseases,dalys,3807.25,2057.28,1843.52,2294.94
140,Bahrain,2021,Cardiovascular diseases,dalys,3863.85,2200.55,1928.96,2507.05
140,Bahrain,2022,Cardiovascular diseases,dalys,3839.26,2359.01,2025.86,2689.97
140,Bahrain,2023,Cardiovascular diseases,dalys,3929.02,2557.51,2192.34,2924.28
107,Barbados,2017,Cardiovascular diseases,dalys,3486.73,5437.11,5079.23,5777.96
107,Barbados,2018,Cardiovascular diseases,dalys,3489.1,5539.09,5179.71,5901.43
107,Barbados,2019,Cardiovascular diseases,dalys,3475.45,5615.88,5226.67,5965.06
107,Barbados,2020,Cardiovascular diseases,dalys,3508.6,5764.48,5366.55,6137.33
107,Barbados,2021,Cardiovascular diseases,dalys,3562.82,5931.07,5484.4,6368.27
107,Barbados,2022,Cardiovascular diseases,dalys,3596.32,6080.62,5651.81,6536.44
107,Barbados,2023,Cardiovascular diseases,dalys,3544.27,6081.04,5626.44,6520.87
76,Belgium,2017,Cardiovascular diseases,dalys,2055.92,4214.62,3737.17,4522.34
76,Belgium,2018,Cardiovascular diseases,dalys,1994.25,4138.11,3681.87,4438.6
76,Belgium,2019,Cardiovascular diseases,dalys,1908.42,3990.08,3541.85,4297.44
76,Belgium,2020,Cardiovascular diseases,dalys,1861.61,3880.21,3503.14,4176.65
76,Belgium,2021,Cardiovascular diseases,dalys,1823.78,3751.14,3358.42,4059.01
76,Belgium,2022,Cardiovascular diseases,dalys,1861.66,3969.18,3524.12,4311.8
76,Belgium,2023,Cardiovascular diseases,dalys,1801.2,3855.81,3403.18,4181.89
305,Bermuda,2017,Cardiovascular diseases,dalys,2993.25,5417.34,5030.14,5806.37
305,Bermuda,2018,Cardiovascular diseases,dalys,2984.49,5554.9,5137.4,5969.66
305,Bermuda,2019,Cardiovascular diseases,dalys,2977.7,5691.62,5235.57,6083.65
305,Bermuda,2020,Cardiovascular diseases,dalys,3003.54,5858.44,5390.13,6270.83
305,Bermuda,2021,Cardiovascular diseases,dalys,3056.46,6281.62,5780.93,6742.89
305,Bermuda,2022,Cardiovascular diseases,dalys,3097.7,6266.1,5805.47,6683.12
305,Bermuda,2023,Cardiovascular diseases,dalys,3121.58,6481.53,5880.54,6987.51
66,Brunei Darussalam,2017,Cardiovascular diseases,dalys,3842.7,2929.27,2692.61,3188.96
66,Brunei Darussalam,2018,Cardiovascular diseases,dalys,3826.62,3000.42,2743.3,3272.73
66,Brunei Darussalam,2019,Cardiovascular diseases,dalys,3836.65,3101.21,2833.16,3384.53
66,Brunei Darussalam,2020,Cardiovascular diseases,dalys,3795.96,3165.42,2888.92,3484.11
66,Brunei Darussalam,2021,Cardiovascular diseases,dalys,3750.07,3255.75,2924.62,3615.89
66,Brunei Darussalam,2022,Cardiovascular diseases,dalys,3691.61,3344.67,2983.03,3751.37
66,Brunei Darussalam,2023,Cardiovascular diseases,dalys,3633.1,3406.75,3051.85,3834.07
45,Bulgaria,2017,Cardiovascular diseases,dalys,8656.61,17143.87,16374.06,17760.48
45,Bulgaria,2018,Cardiovascular diseases,dalys,8501.5,16991.96,16197.93,17623.39
45,Bulgaria,2019,Cardiovascular diseases,dalys,8424.7,17115.92,16324.24,17711.4
45,Bulgaria,2020,Cardiovascular diseases,dalys,8549.26,17769.59,16956.79,18363.08
45,Bulgaria,2021,Cardiovascular diseases,dalys,8683.23,18345.48,17547.57,18994.05
45,Bulgaria,2022,Cardiovascular diseases,dalys,8303.72,17416.8,16582.03,18077.35
45,Bulgaria,2023,Cardiovascular diseases,dalys,7886.9,16309.11,15608.34,16948.73
101,Canada,2017,Cardiovascular diseases,dalys,2272.91,4075.26,3694.19,4406.13
101,Canada,2018,Cardiovascular diseases,dalys,2251.09,4096.52,3711.47,4440.11
101,Canada,2019,Cardiovascular diseases,dalys,2216.83,4067.2,3666.82,4377.93
101,Canada,2020,Cardiovascular diseases,dalys,2262.94,4164.59,3782.76,4483.51
101,Canada,2021,Cardiovascular diseases,dalys,2230.37,4135.89,3762.55,4464.68
101,Canada,2022,Cardiovascular diseases,dalys,2224.18,4194.08,3814.59,4527.9
101,Canada,2023,Cardiovascular diseases,dalys,2244.66,4302.61,3918.17,4659.25
98,Chile,2017,Cardiovascular diseases,dalys,2470.8,3132.92,2920.78,3297.12
98,Chile,2018,Cardiovascular diseases,dalys,2406.2,3104.37,2896.53,3267.58
98,Chile,2019,Cardiovascular diseases,dalys,2369.35,3100.06,2886.46,3277.48
98,Chile,2020,Cardiovascular diseases,dalys,2276.68,2984.05,2807.21,3150.79
98,Chile,2021,Cardiovascular diseases,dalys,2270.0,3044.6,2858.84,3211.25
98,Chile,2022,Cardiovascular diseases,dalys,2308.57,3225.38,3009.97,3414.86
98,Chile,2023,Cardiovascular diseases,dalys,2239.35,3128.3,2884.99,3332.31
46,Croatia,2017,Cardiovascular diseases,dalys,4364.22,9009.84,8494.01,9358.08
46,Croatia,2018,Cardiovascular diseases,dalys,4235.55,8924.84,8406.36,9267.32
46,Croatia,2019,Cardiovascular diseases,dalys,4067.23,8707.76,8153.64,9047.11
46,Croatia,2020,Cardiovascular diseases,dalys,4046.42,8826.47,8308.26,9167.46
46,Croatia,2021,Cardiovascular diseases,dalys,4048.91,8947.73,8449.13,9298.29
46,Croatia,2022,Cardiovascular diseases,dalys,4012.01,8972.22,8487.03,9343.74
46,Croatia,2023,Cardiovascular diseases,dalys,3826.79,8608.65,8089.97,9018.79
77,Cyprus,2017,Cardiovascular diseases,dalys,2992.58,4022.39,3651.86,4406.98
77,Cyprus,2018,Cardiovascular diseases,dalys,2926.35,3855.76,3471.31,4195.58
77,Cyprus,2019,Cardiovascular diseases,dalys,2870.63,3927.55,3560.71,4303.66
77,Cyprus,2020,Cardiovascular diseases,dalys,2825.02,3768.56,3411.11,4099.29
77,Cyprus,2021,Cardiovascular diseases,dalys,2774.92,3806.89,3455.26,4144.44
77,Cyprus,2022,Cardiovascular diseases,dalys,2663.29,3771.85,3296.06,4131.91
77,Cyprus,2023,Cardiovascular diseases,dalys,2573.85,3557.82,3121.33,3990.69
47,Czechia,2017,Cardiovascular diseases,dalys,4267.66,7977.12,7466.11,8392.95
47,Czechia,2018,Cardiovascular diseases,dalys,4137.13,7860.97,7388.23,8268.58
47,Czechia,2019,Cardiovascular diseases,dalys,4036.92,7778.26,7272.1,8193.57
47,Czechia,2020,Cardiovascular diseases,dalys,4109.98,8068.74,7552.22,8472.26
47,Czechia,2021,Cardiovascular diseases,dalys,3994.33,7810.12,7305.09,8179.55
47,Czechia,2022,Cardiovascular diseases,dalys,3885.13,7726.19,7178.24,8113.46
47,Czechia,2023,Cardiovascular diseases,dalys,3702.16,7325.23,6792.77,7704.73
78,Denmark,2017,Cardiovascular diseases,dalys,2081.0,4001.39,3610.17,4284.75
78,Denmark,2018,Cardiovascular diseases,dalys,2013.41,3942.87,3548.02,4213.51
78,Denmark,2019,Cardiovascular diseases,dalys,1940.09,3821.29,3445.03,4080.78
78,Denmark,2020,Cardiovascular diseases,dalys,1889.13,3772.53,3405.3,4034.18
78,Denmark,2021,Cardiovascular diseases,dalys,1900.01,3902.01,3538.69,4174.89
78,Denmark,2022,Cardiovascular diseases,dalys,1894.81,3946.56,3579.18,4238.28
78,Denmark,2023,Cardiovascular diseases,dalys,1860.61,3932.5,3567.72,4228.77
58,Estonia,2017,Cardiovascular diseases,dalys,4732.18,9377.09,8703.63,9787.94
58,Estonia,2018,Cardiovascular diseases,dalys,4495.43,9105.34,8442.28,9519.24
58,Estonia,2019,Cardiovascular diseases,dalys,4282.0,8726.75,8086.78,9158.72
58,Estonia,2020,Cardiovascular diseases,dalys,4165.86,8623.81,7960.58,9045.2
58,Estonia,2021,Cardiovascular diseases,dalys,4226.4,8911.55,8238.84,9326.3
58,Estonia,2022,Cardiovascular diseases,dalys,4100.6,8685.75,8036.31,9150.68
58,Estonia,2023,Cardiovascular diseases,dalys,4049.8,8603.34,7877.41,9035.04
79,Finland,2017,Cardiovascular diseases,dalys,3070.58,6605.66,5921.99,7022.77
79,Finland,2018,Cardiovascular diseases,dalys,2981.34,6547.95,5868.74,6965.04
79,Finland,2019,Cardiovascular diseases,dalys,2894.58,6432.18,5757.8,6856.43
79,Finland,2020,Cardiovascular diseases,dalys,2856.85,6443.06,5777.34,6853.35
79,Finland,2021,Cardiovascular diseases,dalys,2825.14,6590.69,5880.75,7020.41
79,Finland,2022,Cardiovascular diseases,dalys,2770.68,6502.56,5873.4,6922.41
79,Finland,2023,Cardiovascular diseases,dalys,2866.28,6924.92,6169.91,7414.53
80,France,2017,Cardiovascular diseases,dalys,1990.19,4127.61,3645.59,4556.62
80,France,2018,Cardiovascular diseases,dalys,1966.62,4105.2,3634.36,4532.01
80,France,2019,Cardiovascular diseases,dalys,1932.98,4061.76,3588.43,4468.4
80,France,2020,Cardiovascular diseases,dalys,1898.57,3957.6,3528.64,4365.5
80,France,2021,Cardiovascular diseases,dalys,1806.46,3823.69,3410.23,4237.75
80,France,2022,Cardiovascular diseases,dalys,1880.04,4066.67,3625.49,4474.2
80,France,2023,Cardiovascular diseases,dalys,1900.86,4026.48,3587.34,4414.47
81,Germany,2017,Cardiovascular diseases,dalys,2917.13,6784.33,6080.78,7305.41
81,Germany,2018,Cardiovascular diseases,dalys,2885.46,6794.65,6073.3,7306.29
81,Germany,2019,Cardiovascular diseases,dalys,2800.01,6620.15,5868.36,7129.38
81,Germany,2020,Cardiovascular diseases,dalys,2774.64,6643.74,5892.57,7146.33
81,Germany,2021,Cardiovascular diseases,dalys,2754.97,6601.88,5876.23,7093.79
81,Germany,2022,Cardiovascular diseases,dalys,2757.67,6688.91,5985.07,7148.39
81,Germany,2023,Cardiovascular diseases,dalys,2770.04,6754.55,6011.31,7305.42
82,Greece,2017,Cardiovascular diseases,dalys,3085.56,6862.81,6233.96,7260.35
82,Greece,2018,Cardiovascular diseases,dalys,2966.98,6643.58,6015.22,7004.54
82,Greece,2019,Cardiovascular diseases,dalys,2923.99,6761.38,6077.01,7176.18
82,Greece,2020,Cardiovascular diseases,dalys,2904.02,6817.04,6146.67,7227.94
82,Greece,2021,Cardiovascular diseases,dalys,2923.41,6901.56,6254.53,7316.84
82,Greece,2022,Cardiovascular diseases,dalys,2864.72,6889.79,6254.11,7315.07
82,Greece,2023,Cardiovascular diseases,dalys,2829.38,6838.13,6158.19,7284.61
349,Greenland,2017,Cardiovascular diseases,dalys,5541.33,5301.62,4636.44,5918.99
349,Greenland,2018,Cardiovascular diseases,dalys,5355.23,5215.42,4569.85,5845.0
349,Greenland,2019,Cardiovascular diseases,dalys,5137.61,5079.93,4369.39,5734.98
349,Greenland,2020,Cardiovascular diseases,dalys,5361.39,5337.66,4581.85,6044.98
349,Greenland,2021,Cardiovascular diseases,dalys,5198.13,5291.12,4552.71,6022.37
349,Greenland,2022,Cardiovascular diseases,dalys,4784.21,4842.48,4104.39,5563.88
349,Greenland,2023,Cardiovascular diseases,dalys,4538.83,4591.1,3880.01,5317.78
351,Guam,2017,Cardiovascular diseases,dalys,6620.39,7390.18,7013.82,7738.52
351,Guam,2018,Cardiovascular diseases,dalys,6624.98,7565.71,7187.58,7932.09
351,Guam,2019,Cardiovascular diseases,dalys,6754.26,7882.39,7528.24,8245.88
351,Guam,2020,Cardiovascular diseases,dalys,6681.09,7955.71,7495.38,8364.29
351,Guam,2021,Cardiovascular diseases,dalys,7000.5,8528.32,8046.08,9034.59
351,Guam,2022,Cardiovascular diseases,dalys,6960.04,8580.42,8028.81,9110.36
351,Guam,2023,Cardiovascular diseases,dalys,6851.76,8613.87,8085.04,9125.49
113,Guyana,2017,Cardiovascular diseases,dalys,7761.34,6402.78,6074.96,6749.61
113,Guyana,2018,Cardiovascular diseases,dalys,7416.1,6248.9,5896.75,6551.54
113,Guyana,2019,Cardiovascular diseases,dalys,6726.16,5669.26,5334.33,5948.74
113,Guyana,2020,Cardiovascular diseases,dalys,7184.61,6177.71,5804.87,6529.8
113,Guyana,2021,Cardiovascular diseases,dalys,7602.66,6665.13,6240.42,7003.6
113,Guyana,2022,Cardiovascular diseases,dalys,7303.8,6473.42,6010.63,6990.93
113,Guyana,2023,Cardiovascular diseases,dalys,7316.7,6630.16,6090.02,7198.76
354,Hong Kong Special Administrative Region of China,2017,Cardiovascular diseases,dalys,1632.44,2929.48,2583.98,3235.65
354,Hong Kong Special Administrative Region of China,2018,Cardiovascular diseases,dalys,1583.07,2920.84,2553.11,3225.78
354,Hong Kong Special Administrative Region of China,2019,Cardiovascular diseases,dalys,1563.81,2969.22,2576.31,3280.45
354,Hong Kong Special Administrative Region of China,2020,Cardiovascular diseases,dalys,1566.66,3077.11,2669.83,3389.11
354,Hong Kong Special Administrative Region of China,2021,Cardiovascular diseases,dalys,1548.73,3118.19,2677.65,3473.21
354,Hong Kong Special Administrative Region of China,2022,Cardiovascular diseases,dalys,1523.98,3152.46,2747.81,3528.67
354,Hong Kong Special Administrative Region of China,2023,Cardiovascular diseases,dalys,1508.86,3197.18,2764.16,3594.04
48,Hungary,2017,Cardiovascular diseases,dalys,5997.82,11378.46,10796.58,11783.25
48,Hungary,2018,Cardiovascular diseases,dalys,5917.91,11349.51,10742.96,11786.56
48,Hungary,2019,Cardiovascular diseases,dalys,5819.13,11274.29,10677.48,11662.73
48,Hungary,2020,Cardiovascular diseases,dalys,5881.25,11512.17,10939.82,11922.32
48,Hungary,2021,Cardiovascular diseases,dalys,5826.07,11399.97,10861.35,11800.91
48,Hungary,2022,Cardiovascular diseases,dalys,5711.88,11294.53,10680.32,11687.79
48,Hungary,2023,Cardiovascular diseases,dalys,5562.94,11080.76,10432.23,11541.05
83,Iceland,2017,Cardiovascular diseases,dalys,2174.68,3404.23,3054.44,3637.91
83,Iceland,2018,Cardiovascular diseases,dalys,2134.2,3316.17,2992.74,3564.35
83,Iceland,2019,Cardiovascular diseases,dalys,2070.92,3282.22,2940.6,3524.82
83,Iceland,2020,Cardiovascular diseases,dalys,2022.65,3166.87,2850.58,3401.52
83,Iceland,2021,Cardiovascular diseases,dalys,1957.44,3105.04,2765.12,3338.04
83,Iceland,2022,Cardiovascular diseases,dalys,2031.59,3281.66,2919.67,3512.32
83,Iceland,2023,Cardiovascular diseases,dalys,2065.6,3298.79,2948.53,3555.38
84,Ireland,2017,Cardiovascular diseases,dalys,2279.68,3296.85,2984.68,3523.42
84,Ireland,2018,Cardiovascular diseases,dalys,2230.73,3273.21,2974.17,3481.67
84,Ireland,2019,Cardiovascular diseases,dalys,2147.34,3207.86,2910.52,3418.38
84,Ireland,2020,Cardiovascular diseases,dalys,2053.32,3088.25,2821.62,3294.36
84,Ireland,2021,Cardiovascular diseases,dalys,1907.02,2900.98,2628.12,3122.19
84,Ireland,2022,Cardiovascular diseases,dalys,1990.48,3108.05,2772.77,3365.91
84,Ireland,2023,Cardiovascular diseases,dalys,2001.77,3237.29,2807.71,3502.25
85,Israel,2017,Cardiovascular diseases,dalys,1740.67,2168.84,1939.91,2341.07
85,Israel,2018,Cardiovascular diseases,dalys,1696.77,2113.75,1887.05,2288.92
85,Israel,2019,Cardiovascular diseases,dalys,1668.3,2115.76,1878.33,2298.58
85,Israel,2020,Cardiovascular diseases,dalys,1630.01,2075.28,1848.97,2257.69
85,Israel,2021,Cardiovascular diseases,dalys,1565.46,2008.47,1816.91,2194.05
85,Israel,2022,Cardiovascular diseases,dalys,1533.78,2011.55,1808.23,2198.49
85,Israel,2023,Cardiovascular diseases,dalys,1496.88,1985.43,1779.83,2167.42
86,Italy,2017,Cardiovascular diseases,dalys,2192.98,5486.78,4712.33,5995.82
86,Italy,2018,Cardiovascular diseases,dalys,2102.17,5291.28,4558.85,5787.26
86,Italy,2019,Cardiovascular diseases,dalys,2074.39,5306.5,4536.82,5799.16
86,Italy,2020,Cardiovascular diseases,dalys,2073.61,5409.4,4679.81,5881.45
86,Italy,2021,Cardiovascular diseases,dalys,2041.83,5328.87,4583.55,5827.38
86,Italy,2022,Cardiovascular diseases,dalys,2044.26,5509.19,4737.28,6037.83
86,Italy,2023,Cardiovascular diseases,dalys,1988.39,5358.35,4558.77,5893.9
67,Japan,2017,Cardiovascular diseases,dalys,1774.95,4632.01,3975.63,5065.15
67,Japan,2018,Cardiovascular diseases,dalys,1759.58,4687.85,4015.56,5134.11
67,Japan,2019,Cardiovascular diseases,dalys,1742.85,4726.51,4046.88,5184.54
67,Japan,2020,Cardiovascular diseases,dalys,1714.86,4686.2,3999.35,5131.84
67,Japan,2021,Cardiovascular diseases,dalys,1696.74,4738.67,4049.95,5183.29
67,Japan,2022,Cardiovascular diseases,dalys,1711.13,4952.92,4245.24,5408.5
67,Japan,2023,Cardiovascular diseases,dalys,1766.32,5219.25,4365.55,5759.16
145,Kuwait,2017,Cardiovascular diseases,dalys,4437.66,2480.35,2361.0,2601.37
145,Kuwait,2018,Cardiovascular diseases,dalys,4371.52,2592.04,2471.2,2725.67
145,Kuwait,2019,Cardiovascular diseases,dalys,4312.6,2653.62,2524.08,2801.03
145,Kuwait,2020,Cardiovascular diseases,dalys,3970.02,2462.9,2339.3,2594.61
145,Kuwait,2021,Cardiovascular diseases,dalys,3898.59,2495.76,2364.4,2624.11
145,Kuwait,2022,Cardiovascular diseases,dalys,4078.83,2770.21,2628.08,2906.08
145,Kuwait,2023,Cardiovascular diseases,dalys,3890.99,2730.92,2562.2,2886.84
59,Latvia,2017,Cardiovascular diseases,dalys,6972.73,13566.45,12796.26,14072.49
59,Latvia,2018,Cardiovascular diseases,dalys,6749.26,13368.4,12670.05,13879.47
59,Latvia,2019,Cardiovascular diseases,dalys,6472.17,12991.85,12267.95,13459.51
59,Latvia,2020,Cardiovascular diseases,dalys,6479.56,13211.44,12480.21,13664.89
59,Latvia,2021,Cardiovascular diseases,dalys,6725.45,13848.25,13213.36,14322.37
59,Latvia,2022,Cardiovascular diseases,dalys,6823.64,13959.54,13275.92,14575.04
59,Latvia,2023,Cardiovascular diseases,dalys,6571.03,13526.08,12738.0,14145.35
60,Lithuania,2017,Cardiovascular diseases,dalys,6616.17,13094.41,12254.41,13652.0
60,Lithuania,2018,Cardiovascular diseases,dalys,6378.99,12876.96,12133.68,13359.15
60,Lithuania,2019,Cardiovascular diseases,dalys,6302.59,12859.08,12097.76,13353.83
60,Lithuania,2020,Cardiovascular diseases,dalys,6330.27,13116.77,12354.26,13576.28
60,Lithuania,2021,Cardiovascular diseases,dalys,6238.75,13045.57,12344.41,13500.45
60,Lithuania,2022,Cardiovascular diseases,dalys,5953.1,12536.52,11784.91,13078.83
60,Lithuania,2023,Cardiovascular diseases,dalys,5749.31,11989.44,11180.36,12477.64
87,Luxembourg,2017,Cardiovascular diseases,dalys,2229.03,3612.56,3287.88,3889.3
87,Luxembourg,2018,Cardiovascular diseases,dalys,2130.88,3497.54,3175.63,3771.48
87,Luxembourg,2019,Cardiovascular diseases,dalys,2019.15,3330.4,3051.97,3584.13
87,Luxembourg,2020,Cardiovascular diseases,dalys,1947.95,3225.08,2984.32,3457.27
87,Luxembourg,2021,Cardiovascular diseases,dalys,1856.38,3038.78,2778.63,3257.48
87,Luxembourg,2022,Cardiovascular diseases,dalys,1841.25,3045.55,2769.55,3310.7
87,Luxembourg,2023,Cardiovascular diseases,dalys,1912.6,3181.91,2881.96,3438.18
361,Macao Special Administrative Region of China,2017,Cardiovascular diseases,dalys,1666.61,1963.34,1074.39,2798.43
361,Macao Special Administrative Region of China,2018,Cardiovascular diseases,dalys,1596.42,1928.78,1062.55,2778.76
361,Macao Special Administrative Region of China,2019,Cardiovascular diseases,dalys,1552.02,1923.78,1085.38,2789.27
361,Macao Special Administrative Region of China,2020,Cardiovascular diseases,dalys,1619.57,2055.83,1270.01,2815.46
361,Macao Special Administrative Region of China,2021,Cardiovascular diseases,dalys,1733.46,2245.38,1489.23,3024.2
361,Macao Special Administrative Region of China,2022,Cardiovascular diseases,dalys,2071.67,2747.39,1944.74,3623.99
361,Macao Special Administrative Region of China,2023,Cardiovascular diseases,dalys,2153.66,2955.17,2088.78,3831.37
88,Malta,2017,Cardiovascular diseases,dalys,2485.0,4451.7,4031.96,4750.3
88,Malta,2018,Cardiovascular diseases,dalys,2441.2,4381.88,3968.94,4670.77
88,Malta,2019,Cardiovascular diseases,dalys,2431.02,4382.55,3946.45,4653.32
88,Malta,2020,Cardiovascular diseases,dalys,2336.02,4264.8,3900.74,4567.16
88,Malta,2021,Cardiovascular diseases,dalys,2295.18,4161.89,3767.51,4465.81
88,Malta,2022,Cardiovascular diseases,dalys,2256.72,4114.25,3708.75,4400.43
88,Malta,2023,Cardiovascular diseases,dalys,2177.04,4010.69,3593.24,4303.56
367,Monaco,2017,Cardiovascular diseases,dalys,2122.56,5392.66,3570.04,7093.87
367,Monaco,2018,Cardiovascular diseases,dalys,1979.88,5135.97,3278.8,6936.82
367,Monaco,2019,Cardiovascular diseases,dalys,1822.12,4826.22,2899.08,6763.72
367,Monaco,2020,Cardiovascular diseases,dalys,1781.16,4565.49,2621.95,6592.33
367,Monaco,2021,Cardiovascular diseases,dalys,1638.82,4429.21,2352.19,6487.01
367,Monaco,2022,Cardiovascular diseases,dalys,1463.97,3837.01,1963.05,5967.81
367,Monaco,2023,Cardiovascular diseases,dalys,1339.21,3656.62,1723.37,5985.67
369,Nauru,2017,Cardiovascular diseases,dalys,20820.41,10775.58,8476.46,12789.73
369,Nauru,2018,Cardiovascular diseases,dalys,20524.99,10804.57,8468.34,12908.91
369,Nauru,2019,Cardiovascular diseases,dalys,20275.84,10875.01,8601.56,12970.38
369,Nauru,2020,Cardiovascular diseases,dalys,20758.87,11399.02,8910.7,13605.37
369,Nauru,2021,Cardiovascular diseases,dalys,22767.05,12900.12,9969.23,15708.71
369,Nauru,2022,Cardiovascular diseases,dalys,21044.65,11848.56,9570.88,14123.51
369,Nauru,2023,Cardiovascular diseases,dalys,20913.71,11932.76,9702.87,14187.11
89,Netherlands,2017,Cardiovascular diseases,dalys,1952.44,3776.88,3357.42,4061.04
89,Netherlands,2018,Cardiovascular diseases,dalys,1916.52,3774.75,3341.59,4071.55
89,Netherlands,2019,Cardiovascular diseases,dalys,1861.75,3706.95,3278.22,4007.7
89,Netherlands,2020,Cardiovascular diseases,dalys,1816.67,3620.81,3259.15,3895.08
89,Netherlands,2021,Cardiovascular diseases,dalys,1815.05,3645.35,3270.27,3920.45
89,Netherlands,2022,Cardiovascular diseases,dalys,1823.61,3769.24,3341.68,4066.67
89,Netherlands,2023,Cardiovascular diseases,dalys,1790.16,3807.2,3393.03,4124.72
72,New Zealand,2017,Cardiovascular diseases,dalys,2478.63,3915.19,3539.67,4185.95
72,New Zealand,2018,Cardiovascular diseases,dalys,2469.3,3915.08,3547.19,4197.33
72,New Zealand,2019,Cardiovascular diseases,dalys,2400.68,3845.45,3470.84,4131.05
72,New Zealand,2020,Cardiovascular diseases,dalys,2311.31,3692.17,3310.54,3961.3
72,New Zealand,2021,Cardiovascular diseases,dalys,2340.41,3816.14,3441.96,4097.5
72,New Zealand,2022,Cardiovascular diseases,dalys,2383.24,3965.8,3601.09,4252.1
72,New Zealand,2023,Cardiovascular diseases,dalys,2423.67,4116.92,3740.38,4418.1
376,Northern Mariana Islands,2017,Cardiovascular diseases,dalys,7615.97,6688.9,5906.99,7458.99
376,Northern Mariana Islands,2018,Cardiovascular diseases,dalys,7470.45,6709.54,5952.01,7469.34
376,Northern Mariana Islands,2019,Cardiovascular diseases,dalys,7326.82,6751.69,5996.17,7501.98
376,Northern Mariana Islands,2020,Cardiovascular diseases,dalys,7613.43,7211.63,6334.82,8073.01
376,Northern Mariana Islands,2021,Cardiovascular diseases,dalys,7958.25,7692.41,6667.25,8694.7
376,Northern Mariana Islands,2022,Cardiovascular diseases,dalys,7496.25,7337.49,6408.25,8261.9
376,Northern Mariana Islands,2023,Cardiovascular diseases,dalys,7334.54,7240.49,6290.02,8234.17
90,Norway,2017,Cardiovascular diseases,dalys,1982.95,3611.12,3209.33,3949.01
90,Norway,2018,Cardiovascular diseases,dalys,1909.76,3523.64,3129.47,3844.16
90,Norway,2019,Cardiovascular diseases,dalys,1830.98,3416.8,3031.81,3735.92
90,Norway,2020,Cardiovascular diseases,dalys,1787.42,3356.35,2977.97,3649.63
90,Norway,2021,Cardiovascular diseases,dalys,1812.35,3459.65,3063.52,3764.95
90,Norway,2022,Cardiovascular diseases,dalys,1806.96,3491.06,3095.6,3798.03
90,Norway,2023,Cardiovascular diseases,dalys,1839.65,3589.5,3161.6,3899.51
150,Oman,2017,Cardiovascular diseases,dalys,7069.49,2981.12,2667.69,3342.63
150,Oman,2018,Cardiovascular diseases,dalys,6755.55,2862.73,2506.02,3242.02
150,Oman,2019,Cardiovascular diseases,dalys,6292.3,2710.81,2349.98,3101.39
150,Oman,2020,Cardiovascular diseases,dalys,6261.09,2675.16,2267.86,3122.38
150,Oman,2021,Cardiovascular diseases,dalys,6410.68,2751.22,2294.5,3312.69
150,Oman,2022,Cardiovascular diseases,dalys,5733.89,2539.4,2098.34,3024.36
150,Oman,2023,Cardiovascular diseases,dalys,5472.43,2576.33,2129.08,3074.29
380,Palau,2017,Cardiovascular diseases,dalys,9198.69,9680.69,8537.61,10926.96
380,Palau,2018,Cardiovascular diseases,dalys,9109.53,9792.45,8656.28,10993.75
380,Palau,2019,Cardiovascular diseases,dalys,8763.64,9609.23,8424.46,10876.21
380,Palau,2020,Cardiovascular diseases,dalys,8962.14,10049.56,8764.68,11434.59
380,Palau,2021,Cardiovascular diseases,dalys,9657.28,11070.11,9442.99,12843.53
380,Palau,2022,Cardiovascular diseases,dalys,9138.1,10570.94,9262.74,11968.61
380,Palau,2023,Cardiovascular diseases,dalys,9012.5,10607.05,9270.53,11970.83
132,Panama,2017,Cardiovascular diseases,dalys,2954.24,2958.46,2777.05,3122.41
132,Panama,2018,Cardiovascular diseases,dalys,2984.1,3081.07,2895.98,3249.76
132,Panama,2019,Cardiovascular diseases,dalys,3016.92,3111.3,2922.6,3290.27
132,Panama,2020,Cardiovascular diseases,dalys,3058.17,3204.12,3010.39,3381.08
132,Panama,2021,Cardiovascular diseases,dalys,3075.56,3253.99,3055.62,3442.06
132,Panama,2022,Cardiovascular diseases,dalys,3047.5,3329.6,3106.58,3530.98
132,Panama,2023,Cardiovascular diseases,dalys,3010.52,3276.12,3001.85,3488.59
51,Poland,2017,Cardiovascular diseases,dalys,4433.56,7722.74,7229.9,8131.03
51,Poland,2018,Cardiovascular diseases,dalys,4375.67,7769.5,7278.01,8178.66
51,Poland,2019,Cardiovascular diseases,dalys,4244.75,7663.23,7141.87,8071.1
51,Poland,2020,Cardiovascular diseases,dalys,4197.45,7718.89,7238.71,8131.31
51,Poland,2021,Cardiovascular diseases,dalys,3974.28,7277.89,6865.82,7659.85
51,Poland,2022,Cardiovascular diseases,dalys,3997.61,7521.67,7010.45,7909.67
51,Poland,2023,Cardiovascular diseases,dalys,3809.32,7197.55,6660.23,7582.39
91,Portugal,2017,Cardiovascular diseases,dalys,2274.53,5011.1,4499.61,5340.35
91,Portugal,2018,Cardiovascular diseases,dalys,2246.78,5087.86,4572.19,5432.28
91,Portugal,2019,Cardiovascular diseases,dalys,2193.84,5058.9,4503.34,5421.02
91,Portugal,2020,Cardiovascular diseases,dalys,2158.55,5082.84,4598.87,5461.71
91,Portugal,2021,Cardiovascular diseases,dalys,2042.62,4865.17,4376.81,5226.57
91,Portugal,2022,Cardiovascular diseases,dalys,2102.12,5132.76,4592.51,5517.79
91,Portugal,2023,Cardiovascular diseases,dalys,2053.51,5069.83,4504.74,5463.83
385,Puerto Rico,2017,Cardiovascular diseases,dalys,2353.46,4470.75,4130.05,4790.61
385,Puerto Rico,2018,Cardiovascular diseases,dalys,2272.06,4454.68,4115.64,4766.76
385,Puerto Rico,2019,Cardiovascular diseases,dalys,2219.83,4593.86,4235.12,4951.61
385,Puerto Rico,2020,Cardiovascular diseases,dalys,2227.62,4700.56,4332.93,5047.4
385,Puerto Rico,2021,Cardiovascular diseases,dalys,2146.83,4669.01,4292.98,5019.2
385,Puerto Rico,2022,Cardiovascular diseases,dalys,2148.97,4809.67,4431.83,5177.24
385,Puerto Rico,2023,Cardiovascular diseases,dalys,2174.34,5107.59,4677.28,5472.17
151,Qatar,2017,Cardiovascular diseases,dalys,2819.63,1064.73,901.65,1229.39
151,Qatar,2018,Cardiovascular diseases,dalys,2868.82,1113.54,934.6,1276.65
151,Qatar,2019,Cardiovascular diseases,dalys,2802.46,1114.69,958.81,1271.52
151,Qatar,2020,Cardiovascular diseases,dalys,2706.73,1083.34,946.43,1220.26
151,Qatar,2021,Cardiovascular diseases,dalys,2662.38,1102.89,962.07,1266.95
151,Qatar,2022,Cardiovascular diseases,dalys,2600.11,1130.91,955.89,1298.04
151,Qatar,2023,Cardiovascular diseases,dalys,3150.7,1374.06,1159.37,1585.07
68,Republic of Korea,2017,Cardiovascular diseases,dalys,1750.99,2586.35,2279.02,2858.6
68,Republic of Korea,2018,Cardiovascular diseases,dalys,1717.9,2632.56,2322.88,2907.59
68,Republic of Korea,2019,Cardiovascular diseases,dalys,1649.89,2603.94,2298.41,2875.63
68,Republic of Korea,2020,Cardiovascular diseases,dalys,1629.69,2664.89,2366.94,2946.69
68,Republic of Korea,2021,Cardiovascular diseases,dalys,1574.37,2650.84,2349.35,2929.39
68,Republic of Korea,2022,Cardiovascular diseases,dalys,1605.35,2840.95,2508.5,3134.69
68,Republic of Korea,2023,Cardiovascular diseases,dalys,1540.22,2827.88,2419.86,3157.23
52,Romania,2017,Cardiovascular diseases,dalys,7057.95,12782.75,12146.95,13163.7
52,Romania,2018,Cardiovascular diseases,dalys,6978.78,12795.68,12181.36,13194.08
52,Romania,2019,Cardiovascular diseases,dalys,6767.58,12524.22,11862.52,12947.1
52,Romania,2020,Cardiovascular diseases,dalys,6585.73,12283.61,11746.49,12686.76
52,Romania,2021,Cardiovascular diseases,dalys,6501.5,12208.99,11673.47,12617.03
52,Romania,2022,Cardiovascular diseases,dalys,6548.1,12407.93,11769.03,12853.19
52,Romania,2023,Cardiovascular diseases,dalys,6151.01,11692.8,11016.27,12160.12
62,Russian Federation,2017,Cardiovascular diseases,dalys,8931.36,13517.94,13009.57,13915.36
62,Russian Federation,2018,Cardiovascular diseases,dalys,8724.53,13385.26,12855.71,13799.0
62,Russian Federation,2019,Cardiovascular diseases,dalys,8473.76,13167.55,12636.18,13593.32
62,Russian Federation,2020,Cardiovascular diseases,dalys,8531.69,13495.05,12952.59,13929.62
62,Russian Federation,2021,Cardiovascular diseases,dalys,8331.83,13315.99,12826.55,13749.69
62,Russian Federation,2022,Cardiovascular diseases,dalys,7779.86,12414.5,11884.78,12856.81
62,Russian Federation,2023,Cardiovascular diseases,dalys,7914.89,12753.68,12106.53,13199.98
393,Saint Kitts and Nevis,2017,Cardiovascular diseases,dalys,4891.0,5269.12,4964.37,5545.13
393,Saint Kitts and Nevis,2018,Cardiovascular diseases,dalys,4796.05,5277.16,4993.86,5573.61
393,Saint Kitts and Nevis,2019,Cardiovascular diseases,dalys,4714.87,5258.76,4940.37,5542.86
393,Saint Kitts and Nevis,2020,Cardiovascular diseases,dalys,4786.44,5407.4,5065.8,5734.29
393,Saint Kitts and Nevis,2021,Cardiovascular diseases,dalys,4827.4,5581.3,5218.79,5944.19
393,Saint Kitts and Nevis,2022,Cardiovascular diseases,dalys,4652.85,5334.52,4971.13,5675.69
393,Saint Kitts and Nevis,2023,Cardiovascular diseases,dalys,4640.1,5419.19,5020.86,5784.77
396,San Marino,2017,Cardiovascular diseases,dalys,1780.14,4081.4,3507.56,4597.88
396,San Marino,2018,Cardiovascular diseases,dalys,1747.48,3958.93,3419.67,4490.52
396,San Marino,2019,Cardiovascular diseases,dalys,1726.63,3993.54,3425.54,4524.6
396,San Marino,2020,Cardiovascular diseases,dalys,1678.62,3761.68,3257.51,4260.59
396,San Marino,2021,Cardiovascular diseases,dalys,1630.37,3809.58,3208.57,4306.67
396,San Marino,2022,Cardiovascular diseases,dalys,1692.51,3679.39,3128.64,4199.38
396,San Marino,2023,Cardiovascular diseases,dalys,1765.9,4188.01,3540.21,4886.6
152,Saudi Arabia,2017,Cardiovascular diseases,dalys,7006.11,3032.56,2595.38,3430.89
152,Saudi Arabia,2018,Cardiovascular diseases,dalys,6919.63,2991.69,2540.93,3386.19
152,Saudi Arabia,2019,Cardiovascular diseases,dalys,6882.05,2987.53,2549.68,3409.87
152,Saudi Arabia,2020,Cardiovascular diseases,dalys,7140.53,3039.54,2548.37,3442.11
152,Saudi Arabia,2021,Cardiovascular diseases,dalys,7140.37,3104.59,2614.37,3514.19
152,Saudi Arabia,2022,Cardiovascular diseases,dalys,6927.95,3079.26,2597.44,3480.84
152,Saudi Arabia,2023,Cardiovascular diseases,dalys,6613.42,3072.23,2586.96,3523.8
186,Seychelles,2017,Cardiovascular diseases,dalys,4845.38,5074.78,4600.53,5502.47
186,Seychelles,2018,Cardiovascular diseases,dalys,4618.16,4904.7,4446.75,5343.17
186,Seychelles,2019,Cardiovascular diseases,dalys,4427.57,4791.53,4303.83,5230.77
186,Seychelles,2020,Cardiovascular diseases,dalys,4169.18,4554.66,4111.42,4977.3
186,Seychelles,2021,Cardiovascular diseases,dalys,4294.59,4749.51,4276.14,5233.19
186,Seychelles,2022,Cardiovascular diseases,dalys,4064.27,4633.2,4175.69,5080.8
186,Seychelles,2023,Cardiovascular diseases,dalys,4407.47,5122.3,4545.92,5637.53
69,Singapore,2017,Cardiovascular diseases,dalys,2171.88,2734.65,2535.81,2930.98
69,Singapore,2018,Cardiovascular diseases,dalys,2100.49,2746.35,2538.22,2935.14
69,Singapore,2019,Cardiovascular diseases,dalys,2079.93,2821.6,2609.9,3012.67
69,Singapore,2020,Cardiovascular diseases,dalys,2063.39,2908.47,2678.76,3124.21
69,Singapore,2021,Cardiovascular diseases,dalys,2052.85,3011.04,2778.73,3240.03
69,Singapore,2022,Cardiovascular diseases,dalys,2046.25,3077.74,2851.43,3322.06
69,Singapore,2023,Cardiovascular diseases,dalys,2020.12,3204.9,2794.86,3506.97
54,Slovakia,2017,Cardiovascular diseases,dalys,5279.46,8426.49,7908.5,8893.34
54,Slovakia,2018,Cardiovascular diseases,dalys,5114.56,8299.67,7795.06,8710.59
54,Slovakia,2019,Cardiovascular diseases,dalys,4937.18,8155.73,7633.96,8587.21
54,Slovakia,2020,Cardiovascular diseases,dalys,4882.67,8214.72,7659.64,8681.45
54,Slovakia,2021,Cardiovascular diseases,dalys,4854.22,8275.06,7752.06,8721.33
54,Slovakia,2022,Cardiovascular diseases,dalys,4761.48,8220.9,7619.64,8714.72
54,Slovakia,2023,Cardiovascular diseases,dalys,4582.42,8052.47,7402.39,8586.16
55,Slovenia,2017,Cardiovascular diseases,dalys,2692.99,5651.3,5160.38,5961.64
55,Slovenia,2018,Cardiovascular diseases,dalys,2627.8,5626.27,5147.6,5920.63
55,Slovenia,2019,Cardiovascular diseases,dalys,2516.76,5505.2,5006.37,5800.36
55,Slovenia,2020,Cardiovascular diseases,dalys,2451.96,5413.77,4987.76,5673.53
55,Slovenia,2021,Cardiovascular diseases,dalys,2353.37,5143.91,4755.32,5427.25
55,Slovenia,2022,Cardiovascular diseases,dalys,2352.96,5288.82,4837.03,5593.02
55,Slovenia,2023,Cardiovascular diseases,dalys,2271.92,5175.66,4717.09,5482.35
92,Spain,2017,Cardiovascular diseases,dalys,1978.83,4220.06,3729.06,4536.64
92,Spain,2018,Cardiovascular diseases,dalys,1963.65,4225.2,3737.35,4543.64
92,Spain,2019,Cardiovascular diseases,dalys,1904.89,4113.42,3612.57,4428.95
92,Spain,2020,Cardiovascular diseases,dalys,1900.1,4146.11,3696.75,4450.69
92,Spain,2021,Cardiovascular diseases,dalys,1847.22,4039.5,3560.68,4355.87
92,Spain,2022,Cardiovascular diseases,dalys,1909.2,4258.6,3761.9,4596.66
92,Spain,2023,Cardiovascular diseases,dalys,1861.8,4180.94,3646.37,4530.9
93,Sweden,2017,Cardiovascular diseases,dalys,2471.85,5237.64,4674.9,5669.63
93,Sweden,2018,Cardiovascular diseases,dalys,2398.83,5108.57,4559.57,5534.7
93,Sweden,2019,Cardiovascular diseases,dalys,2294.27,4887.12,4337.04,5293.42
93,Sweden,2020,Cardiovascular diseases,dalys,2264.06,4836.06,4329.9,5247.78
93,Sweden,2021,Cardiovascular diseases,dalys,2195.51,4672.79,4140.99,5091.56
93,Sweden,2022,Cardiovascular diseases,dalys,2189.06,4773.39,4234.2,5218.6
93,Sweden,2023,Cardiovascular diseases,dalys,2196.0,4860.36,4308.58,5302.3
94,Switzerland,2017,Cardiovascular diseases,dalys,1766.64,3675.19,3239.05,3942.74
94,Switzerland,2018,Cardiovascular diseases,dalys,1729.94,3634.9,3189.99,3905.69
94,Switzerland,2019,Cardiovascular diseases,dalys,1698.06,3610.92,3160.03,3904.25
94,Switzerland,2020,Cardiovascular diseases,dalys,1676.53,3584.82,3173.94,3845.01
94,Switzerland,2021,Cardiovascular diseases,dalys,1619.51,3451.67,3037.94,3714.95
94,Switzerland,2022,Cardiovascular diseases,dalys,1687.1,3728.21,3268.37,4031.98
94,Switzerland,2023,Cardiovascular diseases,dalys,1579.18,3576.33,3143.87,3893.57
8,Taiwan,2017,Cardiovascular diseases,dalys,2344.82,3589.95,3338.22,3825.65
8,Taiwan,2018,Cardiovascular diseases,dalys,2254.31,3533.93,3278.78,3777.02
8,Taiwan,2019,Cardiovascular diseases,dalys,2169.75,3505.31,3236.34,3773.69
8,Taiwan,2020,Cardiovascular diseases,dalys,2089.12,3453.18,3144.78,3739.02
8,Taiwan,2021,Cardiovascular diseases,dalys,2105.15,3594.83,3274.63,3888.49
8,Taiwan,2022,Cardiovascular diseases,dalys,2099.08,3668.69,3350.94,3966.45
8,Taiwan,2023,Cardiovascular diseases,dalys,2083.27,3773.75,3339.36,4098.3
119,Trinidad and Tobago,2017,Cardiovascular diseases,dalys,5492.14,6047.66,5690.01,6394.69
119,Trinidad and Tobago,2018,Cardiovascular diseases,dalys,5482.16,6155.09,5750.34,6515.81
119,Trinidad and Tobago,2019,Cardiovascular diseases,dalys,5493.31,6319.5,5916.41,6702.07
119,Trinidad and Tobago,2020,Cardiovascular diseases,dalys,5600.11,6586.03,6171.42,7001.27
119,Trinidad and Tobago,2021,Cardiovascular diseases,dalys,6040.9,7231.93,6748.65,7720.84
119,Trinidad and Tobago,2022,Cardiovascular diseases,dalys,5890.23,7155.19,6722.06,7673.3
119,Trinidad and Tobago,2023,Cardiovascular diseases,dalys,5720.62,7149.14,6662.53,7600.24
156,United Arab Emirates,2017,Cardiovascular diseases,dalys,4378.49,1559.14,1333.96,1811.36
156,United Arab Emirates,2018,Cardiovascular diseases,dalys,4268.1,1560.93,1356.77,1790.08
156,United Arab Emirates,2019,Cardiovascular diseases,dalys,4130.87,1556.41,1356.04,1772.53
156,United Arab Emirates,2020,Cardiovascular diseases,dalys,3772.77,1431.79,1227.63,1636.22
156,United Arab Emirates,2021,Cardiovascular diseases,dalys,3669.21,1443.25,1219.6,1641.15
156,United Arab Emirates,2022,Cardiovascular diseases,dalys,3609.97,1629.42,1364.13,1878.65
156,United Arab Emirates,2023,Cardiovascular diseases,dalys,3669.88,1824.82,1500.9,2112.0
95,United Kingdom,2017,Cardiovascular diseases,dalys,2384.22,4411.24,4031.5,4689.17
95,United Kingdom,2018,Cardiovascular diseases,dalys,2357.44,4393.35,4008.69,4663.1
95,United Kingdom,2019,Cardiovascular diseases,dalys,2301.55,4302.7,3923.99,4577.37
95,United Kingdom,2020,Cardiovascular diseases,dalys,2359.03,4427.92,4080.15,4688.69
95,United Kingdom,2021,Cardiovascular diseases,dalys,2349.93,4393.14,4045.8,4660.11
95,United Kingdom,2022,Cardiovascular diseases,dalys,2378.23,4531.26,4157.82,4806.93
95,United Kingdom,2023,Cardiovascular diseases,dalys,2509.7,4845.65,4444.6,5161.64
422,United States Virgin Islands,2017,Cardiovascular diseases,dalys,3794.54,6476.45,6105.4,6859.7
422,United States Virgin Islands,2018,Cardiovascular diseases,dalys,3733.75,6560.85,6122.26,6953.96
422,United States Virgin Islands,2019,Cardiovascular diseases,dalys,3720.53,6699.84,6223.72,7167.58
422,United States Virgin Islands,2020,Cardiovascular diseases,dalys,3557.39,6548.97,6035.5,6976.13
422,United States Virgin Islands,2021,Cardiovascular diseases,dalys,3734.02,7060.64,6536.1,7574.64
422,United States Virgin Islands,2022,Cardiovascular diseases,dalys,3862.86,7618.87,7002.34,8169.37
422,United States Virgin Islands,2023,Cardiovascular diseases,dalys,4103.71,8531.07,7801.91,9232.98
102,United States of America,2017,Cardiovascular diseases,dalys,3464.67,5432.85,4944.08,5827.35
102,United States of America,2018,Cardiovascular diseases,dalys,3439.05,5466.87,4965.78,5865.38
102,United States of America,2019,Cardiovascular diseases,dalys,3347.73,5384.65,4890.21,5779.36
102,United States of America,2020,Cardiovascular diseases,dalys,3433.81,5576.54,5116.56,5945.95
102,United States of America,2021,Cardiovascular diseases,dalys,3432.68,5594.5,5131.31,5959.9
102,United States of America,2022,Cardiovascular diseases,dalys,3443.83,5693.81,5187.42,6078.86
102,United States of America,2023,Cardiovascular diseases,dalys,3340.59,5582.24,5063.41,5955.83
99,Uruguay,2017,Cardiovascular diseases,dalys,3287.57,5083.39,4763.56,5344.46
99,Uruguay,2018,Cardiovascular diseases,dalys,3228.39,5063.98,4732.7,5330.88
99,Uruguay,2019,Cardiovascular diseases,dalys,3114.9,4965.89,4645.57,5251.32
99,Uruguay,2020,Cardiovascular diseases,dalys,2985.44,4789.6,4447.67,5086.98
99,Uruguay,2021,Cardiovascular diseases,dalys,3104.64,5117.66,4778.13,5410.42
99,Uruguay,2022,Cardiovascular diseases,dalys,3393.55,5591.19,5248.84,5907.14
99,Uruguay,2023,Cardiovascular diseases,dalys,3145.35,5182.62,4781.52,5473.3
168,Angola,1990,Cardiovascular diseases,dalys,7207.08,3365.81,2447.69,4294.32
168,Angola,1991,Cardiovascular diseases,dalys,7064.71,3282.75,2414.81,4175.1
168,Angola,1992,Cardiovascular diseases,dalys,6949.64,3215.39,2355.86,4091.87
168,Angola,1993,Cardiovascular diseases,dalys,6948.97,3204.71,2380.98,4145.52
168,Angola,1994,Cardiovascular diseases,dalys,6941.18,3186.77,2441.28,4104.7
168,Angola,1995,Cardiovascular diseases,dalys,6723.74,3056.8,2334.13,3931.68
168,Angola,1996,Cardiovascular diseases,dalys,6199.93,2774.55,2148.65,3541.34
168,Angola,1997,Cardiovascular diseases,dalys,6024.33,2671.23,2041.23,3416.01
168,Angola,1998,Cardiovascular diseases,dalys,6290.32,2792.22,2120.6,3558.7
168,Angola,1999,Cardiovascular diseases,dalys,6375.37,2820.25,2147.82,3633.44
168,Angola,2000,Cardiovascular diseases,dalys,6327.25,2774.65,2122.33,3551.14
168,Angola,2001,Cardiovascular diseases,dalys,6322.06,2757.46,2134.65,3534.75
161,Bangladesh,1990,Cardiovascular diseases,dalys,6668.31,3398.99,2976.63,3804.31
161,Bangladesh,1991,Cardiovascular diseases,dalys,7263.88,3640.77,3188.09,4071.89
161,Bangladesh,1992,Cardiovascular diseases,dalys,6886.72,3414.71,3023.53,3809.17
161,Bangladesh,1993,Cardiovascular diseases,dalys,6874.99,3372.16,2975.28,3761.91
161,Bangladesh,1994,Cardiovascular diseases,dalys,6883.22,3339.73,2931.44,3708.7
161,Bangladesh,1995,Cardiovascular diseases,dalys,6884.63,3311.52,2942.31,3674.3
161,Bangladesh,1996,Cardiovascular diseases,dalys,7058.81,3379.8,3009.4,3738.91
161,Bangladesh,1997,Cardiovascular diseases,dalys,7181.9,3427.92,3029.68,3758.76
161,Bangladesh,1998,Cardiovascular diseases,dalys,7403.52,3534.57,3125.85,3880.89
161,Bangladesh,1999,Cardiovascular diseases,dalys,7671.79,3687.31,3265.97,4022.23
161,Bangladesh,2000,Cardiovascular diseases,dalys,7838.96,3782.42,3334.22,4123.76
161,Bangladesh,2001,Cardiovascular diseases,dalys,8122.64,3952.37,3443.4,4336.28
200,Benin,1990,Cardiovascular diseases,dalys,6874.72,3564.07,2781.73,4386.05
200,Benin,1991,Cardiovascular diseases,dalys,6811.41,3491.04,2768.64,4334.52
200,Benin,1992,Cardiovascular diseases,dalys,6684.95,3390.95,2682.54,4239.51
200,Benin,1993,Cardiovascular diseases,dalys,6626.71,3328.8,2660.04,4152.69
200,Benin,1994,Cardiovascular diseases,dalys,6525.25,3248.09,2588.3,4037.81
200,Benin,1995,Cardiovascular diseases,dalys,6415.34,3159.35,2537.63,3875.38
200,Benin,1996,Cardiovascular diseases,dalys,6374.22,3107.17,2483.05,3781.36
200,Benin,1997,Cardiovascular diseases,dalys,6329.19,3058.74,2448.63,3707.61
200,Benin,1998,Cardiovascular diseases,dalys,6355.76,3048.82,2430.18,3679.37
200,Benin,1999,Cardiovascular diseases,dalys,6303.06,3001.69,2419.09,3660.43
200,Benin,2000,Cardiovascular diseases,dalys,6320.29,2975.84,2377.29,3613.01
200,Benin,2001,Cardiovascular diseases,dalys,6034.72,2823.7,2239.94,3465.37
162,Bhutan,1990,Cardiovascular diseases,dalys,6879.43,3321.43,2421.22,4329.02
162,Bhutan,1991,Cardiovascular diseases,dalys,7029.62,3413.3,2552.9,4425.08
162,Bhutan,1992,Cardiovascular diseases,dalys,7158.95,3517.7,2671.08,4498.3
162,Bhutan,1993,Cardiovascular diseases,dalys,7284.37,3714.22,2842.16,4630.17
162,Bhutan,1994,Cardiovascular diseases,dalys,7252.77,3866.41,2894.87,4817.84
162,Bhutan,1995,Cardiovascular diseases,dalys,7379.13,4037.68,3056.09,4971.63
162,Bhutan,1996,Cardiovascular diseases,dalys,7443.51,4161.82,3203.99,5171.96
162,Bhutan,1997,Cardiovascular diseases,dalys,7626.76,4329.5,3350.6,5352.14
162,Bhutan,1998,Cardiovascular diseases,dalys,7454.26,4277.46,3394.29,5311.54
162,Bhutan,1999,Cardiovascular diseases,dalys,7358.62,4239.52,3336.75,5298.46
162,Bhutan,2000,Cardiovascular diseases,dalys,7378.57,4343.68,3489.26,5357.21
162,Bhutan,2001,Cardiovascular diseases,dalys,7421.98,4432.98,3589.71,5471.59
121,Bolivia (Plurinational State of),1990,Cardiovascular diseases,dalys,6382.1,3679.89,2756.79,4480.49
121,Bolivia (Plurinational State of),1991,Cardiovascular diseases,dalys,6400.04,3700.91,2773.64,4501.94
121,Bolivia (Plurinational State of),1992,Cardiovascular diseases,dalys,6392.22,3710.41,2817.3,4540.74
121,Bolivia (Plurinational State of),1993,Cardiovascular diseases,dalys,6322.6,3692.32,2780.82,4557.55
121,Bolivia (Plurinational State of),1994,Cardiovascular diseases,dalys,6237.79,3665.44,2775.13,4495.29
121,Bolivia (Plurinational State of),1995,Cardiovascular diseases,dalys,6170.73,3650.18,2749.13,4411.76
121,Bolivia (Plurinational State of),1996,Cardiovascular diseases,dalys,6117.03,3645.74,2715.46,4375.3
121,Bolivia (Plurinational State of),1997,Cardiovascular diseases,dalys,5976.85,3586.75,2645.54,4280.9
121,Bolivia (Plurinational State of),1998,Cardiovascular diseases,dalys,5866.92,3552.67,2670.21,4254.76
121,Bolivia (Plurinational State of),1999,Cardiovascular diseases,dalys,5776.74,3530.71,2693.26,4233.66
121,Bolivia (Plurinational State of),2000,Cardiovascular diseases,dalys,5707.47,3526.49,2758.46,4234.21
121,Bolivia (Plurinational State of),2001,Cardiovascular diseases,dalys,5673.36,3547.67,2815.85,4294.75
203,Cabo Verde,1990,Cardiovascular diseases,dalys,4948.73,3342.26,2848.29,3863.18
203,Cabo Verde,1991,Cardiovascular diseases,dalys,4883.01,3307.39,2806.77,3816.58
203,Cabo Verde,1992,Cardiovascular diseases,dalys,4834.17,3263.14,2763.63,3744.47
203,Cabo Verde,1993,Cardiovascular diseases,dalys,4798.51,3218.97,2715.97,3687.48
203,Cabo Verde,1994,Cardiovascular diseases,dalys,4909.59,3264.49,2806.39,3719.1
203,Cabo Verde,1995,Cardiovascular diseases,dalys,5579.19,3658.21,3171.72,4140.17
203,Cabo Verde,1996,Cardiovascular diseases,dalys,4840.12,3148.36,2717.71,3563.95
203,Cabo Verde,1997,Cardiovascular diseases,dalys,4817.89,3111.05,2661.13,3514.59
203,Cabo Verde,1998,Cardiovascular diseases,dalys,4799.64,3085.37,2619.29,3512.52
203,Cabo Verde,1999,Cardiovascular diseases,dalys,4777.58,3060.75,2604.95,3481.34
203,Cabo Verde,2000,Cardiovascular diseases,dalys,4726.34,3025.32,2591.48,3447.83
203,Cabo Verde,2001,Cardiovascular diseases,dalys,4699.84,3011.79,2588.28,3418.29
10,Cambodia,1990,Cardiovascular diseases,dalys,8265.6,4546.48,3239.28,5975.12
10,Cambodia,1991,Cardiovascular diseases,dalys,8225.54,4521.91,3262.65,5961.97
10,Cambodia,1992,Cardiovascular diseases,dalys,8192.41,4507.87,3258.04,5997.31
10,Cambodia,1993,Cardiovascular diseases,dalys,8100.7,4475.05,3330.83,5976.56
10,Cambodia,1994,Cardiovascular diseases,dalys,8001.09,4436.1,3371.45,5845.95
10,Cambodia,1995,Cardiovascular diseases,dalys,7895.38,4398.82,3304.08,5646.33
10,Cambodia,1996,Cardiovascular diseases,dalys,7729.58,4326.78,3242.85,5538.04
10,Cambodia,1997,Cardiovascular diseases,dalys,7582.29,4264.57,3183.97,5408.05
10,Cambodia,1998,Cardiovascular diseases,dalys,7548.46,4271.42,3150.51,5405.85
10,Cambodia,1999,Cardiovascular diseases,dalys,7385.07,4204.74,3148.22,5297.77
10,Cambodia,2000,Cardiovascular diseases,dalys,7196.43,4106.6,3082.11,5244.43
10,Cambodia,2001,Cardiovascular diseases,dalys,7152.27,4108.89,3165.92,5311.75
202,Cameroon,1990,Cardiovascular diseases,dalys,7682.95,3888.77,3176.75,4830.65
202,Cameroon,1991,Cardiovascular diseases,dalys,7435.57,3745.6,3033.41,4577.0
202,Cameroon,1992,Cardiovascular diseases,dalys,7167.53,3583.83,2917.8,4411.38
202,Cameroon,1993,Cardiovascular diseases,dalys,6974.98,3466.71,2826.51,4247.22
202,Cameroon,1994,Cardiovascular diseases,dalys,6799.94,3362.41,2770.34,4048.48
202,Cameroon,1995,Cardiovascular diseases,dalys,6696.11,3294.45,2702.74,3928.01
202,Cameroon,1996,Cardiovascular diseases,dalys,6689.46,3269.21,2676.34,3926.54
202,Cameroon,1997,Cardiovascular diseases,dalys,6680.44,3233.4,2633.25,3917.6
202,Cameroon,1998,Cardiovascular diseases,dalys,6776.21,3264.37,2661.07,3937.02
202,Cameroon,1999,Cardiovascular diseases,dalys,6862.62,3292.34,2682.52,3991.27
202,Cameroon,2000,Cardiovascular diseases,dalys,7067.54,3361.23,2757.56,4018.74
202,Cameroon,2001,Cardiovascular diseases,dalys,6936.62,3280.2,2688.91,3938.96
176,Comoros,1990,Cardiovascular diseases,dalys,3053.77,1711.8,1308.49,2131.42
176,Comoros,1991,Cardiovascular diseases,dalys,3063.24,1731.93,1342.66,2167.72
176,Comoros,1992,Cardiovascular diseases,dalys,3056.31,1742.7,1356.11,2139.92
176,Comoros,1993,Cardiovascular diseases,dalys,3042.28,1750.06,1370.46,2155.63
176,Comoros,1994,Cardiovascular diseases,dalys,3028.19,1758.02,1376.22,2154.92
176,Comoros,1995,Cardiovascular diseases,dalys,2968.14,1740.95,1352.54,2163.22
176,Comoros,1996,Cardiovascular diseases,dalys,3006.81,1778.75,1374.36,2190.54
176,Comoros,1997,Cardiovascular diseases,dalys,2886.81,1729.68,1353.9,2137.74
176,Comoros,1998,Cardiovascular diseases,dalys,2901.63,1754.58,1374.24,2176.55
176,Comoros,1999,Cardiovascular diseases,dalys,2802.22,1713.66,1353.05,2159.45
176,Comoros,2000,Cardiovascular diseases,dalys,2867.96,1763.25,1386.41,2192.93
176,Comoros,2001,Cardiovascular diseases,dalys,2760.02,1713.3,1365.0,2131.87
170,Congo,1990,Cardiovascular diseases,dalys,6585.32,3396.64,2587.6,4192.91
170,Congo,1991,Cardiovascular diseases,dalys,6435.35,3314.48,2544.01,4073.78
170,Congo,1992,Cardiovascular diseases,dalys,6431.86,3321.95,2533.92,4092.35
170,Congo,1993,Cardiovascular diseases,dalys,6387.3,3299.3,2500.98,4079.31
170,Congo,1994,Cardiovascular diseases,dalys,6791.55,3540.12,2737.01,4403.82
170,Congo,1995,Cardiovascular diseases,dalys,6700.62,3494.07,2721.15,4324.26
170,Congo,1996,Cardiovascular diseases,dalys,6659.09,3471.56,2697.68,4331.15
170,Congo,1997,Cardiovascular diseases,dalys,6940.36,3630.06,2787.13,4535.13
170,Congo,1998,Cardiovascular diseases,dalys,6505.06,3367.6,2541.47,4159.41
170,Congo,1999,Cardiovascular diseases,dalys,6619.29,3425.05,2589.48,4239.87
170,Congo,2000,Cardiovascular diseases,dalys,6595.03,3380.06,2592.37,4172.99
170,Congo,2001,Cardiovascular diseases,dalys,6270.27,3176.03,2465.48,3975.42
205,Côte d'Ivoire,1990,Cardiovascular diseases,dalys,6912.71,2961.68,2310.41,3740.92
205,Côte d'Ivoire,1991,Cardiovascular diseases,dalys,6642.03,2830.59,2218.45,3554.29
205,Côte d'Ivoire,1992,Cardiovascular diseases,dalys,6488.03,2747.32,2123.73,3432.39
205,Côte d'Ivoire,1993,Cardiovascular diseases,dalys,6445.33,2728.25,2110.05,3436.65
205,Côte d'Ivoire,1994,Cardiovascular diseases,dalys,6418.31,2717.75,2079.2,3439.19
205,Côte d'Ivoire,1995,Cardiovascular diseases,dalys,6381.76,2711.07,2120.34,3420.25
205,Côte d'Ivoire,1996,Cardiovascular diseases,dalys,6449.89,2770.77,2173.65,3490.84
205,Côte d'Ivoire,1997,Cardiovascular diseases,dalys,6531.47,2827.82,2250.0,3581.61
205,Côte d'Ivoire,1998,Cardiovascular diseases,dalys,6593.53,2869.08,2293.36,3623.93
205,Côte d'Ivoire,1999,Cardiovascular diseases,dalys,6593.35,2893.69,2310.03,3631.71
205,Côte d'Ivoire,2000,Cardiovascular diseases,dalys,6669.76,2938.44,2340.01,3680.68
205,Côte d'Ivoire,2001,Cardiovascular diseases,dalys,6369.84,2827.72,2229.77,3481.17
177,Djibouti,1990,Cardiovascular diseases,dalys,4859.24,2251.8,1660.46,2881.35
177,Djibouti,1991,Cardiovascular diseases,dalys,4630.94,2058.55,1495.64,2618.32
177,Djibouti,1992,Cardiovascular diseases,dalys,4605.34,2003.14,1453.13,2527.72
177,Djibouti,1993,Cardiovascular diseases,dalys,5090.57,2269.58,1669.95,2869.13
177,Djibouti,1994,Cardiovascular diseases,dalys,4596.19,2099.57,1520.56,2705.86
177,Djibouti,1995,Cardiovascular diseases,dalys,4739.6,2205.04,1607.9,2763.79
177,Djibouti,1996,Cardiovascular diseases,dalys,4645.51,2183.34,1590.78,2725.49
177,Djibouti,1997,Cardiovascular diseases,dalys,4504.5,2107.25,1494.34,2687.11
177,Djibouti,1998,Cardiovascular diseases,dalys,4519.36,2111.23,1529.73,2736.45
177,Djibouti,1999,Cardiovascular diseases,dalys,4441.75,2057.22,1486.43,2640.4
177,Djibouti,2000,Cardiovascular diseases,dalys,4388.79,2026.9,1469.63,2641.74
177,Djibouti,2001,Cardiovascular diseases,dalys,4307.01,1985.43,1456.06,2595.31
141,Egypt,1990,Cardiovascular diseases,dalys,14873.28,8898.25,7822.84,10286.47
141,Egypt,1991,Cardiovascular diseases,dalys,14614.11,8631.64,7491.43,9966.11
141,Egypt,1992,Cardiovascular diseases,dalys,14471.28,8467.76,7401.6,9575.44
141,Egypt,1993,Cardiovascular diseases,dalys,14713.81,8559.07,7505.66,9627.52
141,Egypt,1994,Cardiovascular diseases,dalys,14739.51,8607.42,7548.45,9842.94
141,Egypt,1995,Cardiovascular diseases,dalys,14572.4,8568.93,7489.45,9747.43
141,Egypt,1996,Cardiovascular diseases,dalys,14322.77,8550.79,7377.33,9734.47
141,Egypt,1997,Cardiovascular diseases,dalys,14274.37,8577.26,7371.26,9748.03
141,Egypt,1998,Cardiovascular diseases,dalys,14312.19,8553.0,7364.62,9795.87
141,Egypt,1999,Cardiovascular diseases,dalys,14119.54,8334.96,7178.42,9564.26
141,Egypt,2000,Cardiovascular diseases,dalys,14035.58,8141.88,7044.11,9294.59
141,Egypt,2001,Cardiovascular diseases,dalys,14356.78,8191.42,7093.62,9313.85
197,Eswatini,1990,Cardiovascular diseases,dalys,8753.03,4399.6,3375.72,5445.28
197,Eswatini,1991,Cardiovascular diseases,dalys,8700.24,4373.55,3377.59,5361.33
197,Eswatini,1992,Cardiovascular diseases,dalys,8682.33,4359.06,3430.08,5349.53
197,Eswatini,1993,Cardiovascular diseases,dalys,8502.63,4260.7,3318.3,5179.46
197,Eswatini,1994,Cardiovascular diseases,dalys,8240.01,4110.07,3073.34,5040.74
197,Eswatini,1995,Cardiovascular diseases,dalys,7814.58,3874.56,2774.86,4736.82
197,Eswatini,1996,Cardiovascular diseases,dalys,7362.71,3624.69,2534.94,4480.34
197,Eswatini,1997,Cardiovascular diseases,dalys,7014.34,3430.25,2390.79,4367.95
197,Eswatini,1998,Cardiovascular diseases,dalys,6690.05,3263.24,2284.75,4114.51
197,Eswatini,1999,Cardiovascular diseases,dalys,6531.7,3194.9,2229.16,4023.32
197,Eswatini,2000,Cardiovascular diseases,dalys,6478.64,3193.82,2303.49,4019.03
197,Eswatini,2001,Cardiovascular diseases,dalys,6681.22,3338.36,2414.22,4159.84
207,Ghana,1990,Cardiovascular diseases,dalys,12062.73,6277.88,5042.29,7570.53
207,Ghana,1991,Cardiovascular diseases,dalys,11689.65,6117.4,4930.63,7395.97
207,Ghana,1992,Cardiovascular diseases,dalys,11423.49,6003.17,4888.61,7066.51
207,Ghana,1993,Cardiovascular diseases,dalys,11229.49,5922.4,4827.33,6994.17
207,Ghana,1994,Cardiovascular diseases,dalys,11080.35,5860.37,4804.76,6945.65
207,Ghana,1995,Cardiovascular diseases,dalys,10764.52,5719.21,4674.55,6685.71
207,Ghana,1996,Cardiovascular diseases,dalys,10542.98,5620.49,4564.55,6585.23
207,Ghana,1997,Cardiovascular diseases,dalys,10403.72,5573.99,4527.48,6470.68
207,Ghana,1998,Cardiovascular diseases,dalys,10375.35,5590.22,4615.44,6464.94
207,Ghana,1999,Cardiovascular diseases,dalys,10186.46,5512.84,4629.94,6290.85
207,Ghana,2000,Cardiovascular diseases,dalys,10149.18,5504.29,4636.48,6288.28
207,Ghana,2001,Cardiovascular diseases,dalys,9726.05,5271.51,4449.48,6014.35
208,Guinea,1990,Cardiovascular diseases,dalys,8598.76,5338.7,3971.86,6708.53
208,Guinea,1991,Cardiovascular diseases,dalys,8556.82,5309.42,3997.27,6607.99
208,Guinea,1992,Cardiovascular diseases,dalys,8552.65,5244.39,4017.6,6521.63
208,Guinea,1993,Cardiovascular diseases,dalys,8479.63,5151.6,3964.27,6343.53
208,Guinea,1994,Cardiovascular diseases,dalys,8447.1,5108.59,3925.87,6227.31
208,Guinea,1995,Cardiovascular diseases,dalys,8419.14,5054.91,3948.47,6181.26
208,Guinea,1996,Cardiovascular diseases,dalys,8269.56,4924.97,3818.98,5997.85
208,Guinea,1997,Cardiovascular diseases,dalys,8120.06,4787.31,3730.48,5878.44
208,Guinea,1998,Cardiovascular diseases,dalys,8042.58,4753.49,3688.5,5787.15
208,Guinea,1999,Cardiovascular diseases,dalys,7914.99,4685.67,3643.3,5720.47
208,Guinea,2000,Cardiovascular diseases,dalys,7740.53,4534.01,3507.26,5558.09
208,Guinea,2001,Cardiovascular diseases,dalys,7538.85,4394.77,3412.46,5363.77
114,Haiti,1990,Cardiovascular diseases,dalys,13027.65,7783.35,5869.77,9375.21
114,Haiti,1991,Cardiovascular diseases,dalys,12496.37,7371.72,5648.58,8849.11
114,Haiti,1992,Cardiovascular diseases,dalys,12664.07,7433.6,5762.45,8872.57
114,Haiti,1993,Cardiovascular diseases,dalys,12653.95,7353.35,5766.72,8914.81
114,Haiti,1994,Cardiovascular diseases,dalys,12228.25,7030.2,5525.87,8388.26
114,Haiti,1995,Cardiovascular diseases,dalys,12236.58,6984.53,5556.68,8319.22
114,Haiti,1996,Cardiovascular diseases,dalys,12100.4,6847.91,5463.51,8189.21
114,Haiti,1997,Cardiovascular diseases,dalys,12320.37,6943.8,5561.71,8362.03
114,Haiti,1998,Cardiovascular diseases,dalys,11703.84,6509.53,5204.63,7909.33
114,Haiti,1999,Cardiovascular diseases,dalys,11880.91,6600.1,5267.14,7956.73
114,Haiti,2000,Cardiovascular diseases,dalys,11825.07,6532.42,5173.83,7755.25
114,Haiti,2001,Cardiovascular diseases,dalys,11909.7,6566.43,5116.53,7839.39
129,Honduras,1990,Cardiovascular diseases,dalys,5303.48,2369.43,1999.54,2772.62
129,Honduras,1991,Cardiovascular diseases,dalys,5285.59,2378.74,1980.93,2759.33
129,Honduras,1992,Cardiovascular diseases,dalys,5247.24,2378.09,1986.15,2766.56
129,Honduras,1993,Cardiovascular diseases,dalys,5281.14,2410.16,2036.16,2775.86
129,Honduras,1994,Cardiovascular diseases,dalys,5302.6,2435.68,2071.15,2792.64
129,Honduras,1995,Cardiovascular diseases,dalys,5268.65,2436.65,2070.2,2769.54
129,Honduras,1996,Cardiovascular diseases,dalys,5315.15,2487.04,2111.31,2854.03
129,Honduras,1997,Cardiovascular diseases,dalys,5315.68,2502.02,2123.45,2858.71
129,Honduras,1998,Cardiovascular diseases,dalys,5319.54,2511.05,2146.96,2866.34
129,Honduras,1999,Cardiovascular diseases,dalys,5314.38,2520.95,2164.39,2871.46
129,Honduras,2000,Cardiovascular diseases,dalys,5294.4,2528.61,2189.23,2862.59
129,Honduras,2001,Cardiovascular diseases,dalys,5268.67,2537.68,2200.66,2890.32
163,India,1990,Cardiovascular diseases,dalys,7913.91,4849.4,3862.73,5769.5
163,India,1991,Cardiovascular diseases,dalys,7821.34,4824.31,3830.86,5648.43
163,India,1992,Cardiovascular diseases,dalys,7604.98,4734.22,3796.1,5542.72
163,India,1993,Cardiovascular diseases,dalys,7378.76,4626.82,3709.63,5412.52
163,India,1994,Cardiovascular diseases,dalys,7177.45,4531.88,3656.22,5295.66
163,India,1995,Cardiovascular diseases,dalys,7098.77,4519.85,3687.95,5268.39
163,India,1996,Cardiovascular diseases,dalys,7280.91,4660.14,3875.45,5479.79
163,India,1997,Cardiovascular diseases,dalys,7500.22,4821.56,4035.15,5575.19
163,India,1998,Cardiovascular diseases,dalys,7547.29,4891.35,4156.48,5635.15
163,India,1999,Cardiovascular diseases,dalys,7414.6,4845.14,4138.98,5576.57
163,India,2000,Cardiovascular diseases,dalys,7241.76,4773.41,4136.82,5443.3
163,India,2001,Cardiovascular diseases,dalys,7121.23,4734.8,4165.83,5348.13
144,Jordan,1990,Cardiovascular diseases,dalys,9475.81,4102.83,3274.79,4843.35
144,Jordan,1991,Cardiovascular diseases,dalys,9458.99,4099.47,3285.82,4844.81
144,Jordan,1992,Cardiovascular diseases,dalys,9488.04,4120.73,3375.86,4819.58
144,Jordan,1993,Cardiovascular diseases,dalys,9452.88,4112.71,3432.22,4798.61
144,Jordan,1994,Cardiovascular diseases,dalys,9423.29,4117.83,3490.1,4796.23
144,Jordan,1995,Cardiovascular diseases,dalys,9336.19,4092.24,3511.37,4753.78
144,Jordan,1996,Cardiovascular diseases,dalys,9223.31,4060.18,3476.92,4676.4
144,Jordan,1997,Cardiovascular diseases,dalys,9109.59,4036.6,3454.26,4628.22
144,Jordan,1998,Cardiovascular diseases,dalys,8974.61,4014.14,3495.11,4572.33
144,Jordan,1999,Cardiovascular diseases,dalys,8847.28,3989.24,3529.39,4487.36
144,Jordan,2000,Cardiovascular diseases,dalys,8758.23,3983.84,3555.07,4445.34
144,Jordan,2001,Cardiovascular diseases,dalys,8679.43,3981.48,3559.12,4399.35
180,Kenya,1990,Cardiovascular diseases,dalys,3631.14,1536.62,1243.27,1873.42
180,Kenya,1991,Cardiovascular diseases,dalys,3594.67,1518.45,1231.39,1853.27
180,Kenya,1992,Cardiovascular diseases,dalys,3579.15,1509.82,1223.83,1833.46
180,Kenya,1993,Cardiovascular diseases,dalys,3577.65,1508.1,1217.34,1822.41
180,Kenya,1994,Cardiovascular diseases,dalys,3587.62,1512.45,1240.17,1834.44
180,Kenya,1995,Cardiovascular diseases,dalys,3601.31,1520.44,1251.87,1836.92
180,Kenya,1996,Cardiovascular diseases,dalys,3632.45,1537.5,1285.12,1863.47
180,Kenya,1997,Cardiovascular diseases,dalys,3668.02,1555.82,1307.8,1881.84
180,Kenya,1998,Cardiovascular diseases,dalys,3702.61,1574.87,1320.79,1907.96
180,Kenya,1999,Cardiovascular diseases,dalys,3725.22,1589.09,1321.56,1917.47
180,Kenya,2000,Cardiovascular diseases,dalys,3776.11,1613.55,1345.0,1938.19
180,Kenya,2001,Cardiovascular diseases,dalys,3721.65,1595.4,1334.07,1905.68
23,Kiribati,1990,Cardiovascular diseases,dalys,6849.94,4365.62,3697.97,5044.01
23,Kiribati,1991,Cardiovascular diseases,dalys,6856.13,4371.99,3730.26,5093.76
23,Kiribati,1992,Cardiovascular diseases,dalys,6810.7,4319.94,3696.4,4978.99
23,Kiribati,1993,Cardiovascular diseases,dalys,6872.49,4369.41,3763.66,4981.84
23,Kiribati,1994,Cardiovascular diseases,dalys,6875.03,4364.42,3773.69,4954.59
23,Kiribati,1995,Cardiovascular diseases,dalys,6860.04,4352.86,3780.04,4930.48
23,Kiribati,1996,Cardiovascular diseases,dalys,6866.49,4367.66,3817.47,4978.28
23,Kiribati,1997,Cardiovascular diseases,dalys,6880.55,4395.32,3841.22,4937.07
23,Kiribati,1998,Cardiovascular diseases,dalys,6884.41,4423.57,3887.46,5013.78
23,Kiribati,1999,Cardiovascular diseases,dalys,6876.34,4459.63,3902.43,5097.0
23,Kiribati,2000,Cardiovascular diseases,dalys,6857.69,4477.04,3917.32,5098.71
23,Kiribati,2001,Cardiovascular diseases,dalys,6832.24,4484.37,3926.26,5104.63
37,Kyrgyzstan,1990,Cardiovascular diseases,dalys,11699.25,7555.09,7070.73,7995.08
37,Kyrgyzstan,1991,Cardiovascular diseases,dalys,11867.58,7618.05,7146.57,8025.85
37,Kyrgyzstan,1992,Cardiovascular diseases,dalys,12358.62,7864.15,7400.43,8270.0
37,Kyrgyzstan,1993,Cardiovascular diseases,dalys,13238.12,8367.87,7863.25,8794.06
37,Kyrgyzstan,1994,Cardiovascular diseases,dalys,13862.8,8711.65,8215.39,9162.78
37,Kyrgyzstan,1995,Cardiovascular diseases,dalys,13888.47,8662.59,8189.4,9081.27
37,Kyrgyzstan,1996,Cardiovascular diseases,dalys,13556.78,8396.26,7945.72,8790.26
37,Kyrgyzstan,1997,Cardiovascular diseases,dalys,13139.64,8094.21,7701.14,8493.28
37,Kyrgyzstan,1998,Cardiovascular diseases,dalys,12864.27,7909.82,7533.19,8257.92
37,Kyrgyzstan,1999,Cardiovascular diseases,dalys,12698.64,7805.35,7458.02,8148.04
37,Kyrgyzstan,2000,Cardiovascular diseases,dalys,12790.55,7881.71,7566.57,8203.51
37,Kyrgyzstan,2001,Cardiovascular diseases,dalys,12889.55,7931.23,7593.38,8275.48
12,Lao People's Democratic Republic,1990,Cardiovascular diseases,dalys,9907.47,5497.41,4006.09,6905.39
12,Lao People's Democratic Republic,1991,Cardiovascular diseases,dalys,9968.31,5517.74,4029.07,6989.43
12,Lao People's Democratic Republic,1992,Cardiovascular diseases,dalys,10075.2,5565.86,4029.58,7173.91
12,Lao People's Democratic Republic,1993,Cardiovascular diseases,dalys,10230.66,5628.6,4065.42,7268.17
12,Lao People's Democratic Republic,1994,Cardiovascular diseases,dalys,10358.73,5670.59,4149.98,7226.52
12,Lao People's Democratic Republic,1995,Cardiovascular diseases,dalys,10303.74,5624.67,4152.66,7128.32
12,Lao People's Democratic Republic,1996,Cardiovascular diseases,dalys,10298.81,5598.74,4118.28,7053.96
12,Lao People's Democratic Republic,1997,Cardiovascular diseases,dalys,10289.58,5572.76,4129.07,6980.63
12,Lao People's Democratic Republic,1998,Cardiovascular diseases,dalys,10342.86,5578.22,4162.93,6956.57
12,Lao People's Democratic Republic,1999,Cardiovascular diseases,dalys,10286.85,5524.73,4192.83,6959.98
12,Lao People's Democratic Republic,2000,Cardiovascular diseases,dalys,10144.22,5426.42,4175.6,6765.92
12,Lao People's Democratic Republic,2001,Cardiovascular diseases,dalys,10081.13,5382.54,4165.45,6677.67
146,Lebanon,1990,Cardiovascular diseases,dalys,3972.6,2950.74,2109.5,3727.06
146,Lebanon,1991,Cardiovascular diseases,dalys,3921.25,2952.41,2207.99,3741.66
146,Lebanon,1992,Cardiovascular diseases,dalys,3874.43,2956.96,2217.73,3691.07
146,Lebanon,1993,Cardiovascular diseases,dalys,3805.93,2941.07,2176.83,3606.96
146,Lebanon,1994,Cardiovascular diseases,dalys,3745.09,2933.61,2139.56,3582.13
146,Lebanon,1995,Cardiovascular diseases,dalys,3691.52,2932.6,2140.15,3534.6
146,Lebanon,1996,Cardiovascular diseases,dalys,3611.66,2912.18,2156.22,3448.52
146,Lebanon,1997,Cardiovascular diseases,dalys,3541.59,2897.45,2153.59,3481.3
146,Lebanon,1998,Cardiovascular diseases,dalys,3461.16,2871.9,2152.55,3441.99
146,Lebanon,1999,Cardiovascular diseases,dalys,3367.43,2832.79,2172.73,3368.57
146,Lebanon,2000,Cardiovascular diseases,dalys,3272.61,2790.76,2225.19,3297.34
146,Lebanon,2001,Cardiovascular diseases,dalys,3157.23,2733.66,2244.42,3198.12
194,Lesotho,1990,Cardiovascular diseases,dalys,6950.3,4018.09,3038.33,5130.58
194,Lesotho,1991,Cardiovascular diseases,dalys,6833.3,3948.65,2986.53,4938.91
194,Lesotho,1992,Cardiovascular diseases,dalys,6687.72,3863.87,2985.03,4785.46
194,Lesotho,1993,Cardiovascular diseases,dalys,6595.03,3808.84,2989.78,4646.7
194,Lesotho,1994,Cardiovascular diseases,dalys,6521.97,3764.7,2994.76,4579.18
194,Lesotho,1995,Cardiovascular diseases,dalys,6516.92,3762.36,2983.3,4571.27
194,Lesotho,1996,Cardiovascular diseases,dalys,6643.74,3832.04,3012.42,4656.12
194,Lesotho,1997,Cardiovascular diseases,dalys,6807.29,3921.83,3170.69,4705.67
194,Lesotho,1998,Cardiovascular diseases,dalys,6916.43,3986.16,3162.96,4748.19
194,Lesotho,1999,Cardiovascular diseases,dalys,7078.96,4085.67,3348.43,4833.08
194,Lesotho,2000,Cardiovascular diseases,dalys,7258.75,4212.9,3477.43,4999.37
194,Lesotho,2001,Cardiovascular diseases,dalys,8268.95,4871.7,3987.1,5762.35
212,Mauritania,1990,Cardiovascular diseases,dalys,7575.7,4149.29,3344.02,4902.8
212,Mauritania,1991,Cardiovascular diseases,dalys,7491.64,4085.9,3274.14,4864.8
212,Mauritania,1992,Cardiovascular diseases,dalys,7511.27,4077.08,3300.51,4867.43
212,Mauritania,1993,Cardiovascular diseases,dalys,7576.49,4103.72,3323.77,4913.81
212,Mauritania,1994,Cardiovascular diseases,dalys,7104.88,3822.23,3097.24,4597.32
212,Mauritania,1995,Cardiovascular diseases,dalys,6941.72,3707.29,3034.36,4472.1
212,Mauritania,1996,Cardiovascular diseases,dalys,7003.86,3731.11,3065.66,4504.15
212,Mauritania,1997,Cardiovascular diseases,dalys,7022.85,3724.33,3052.55,4503.41
212,Mauritania,1998,Cardiovascular diseases,dalys,7242.68,3830.78,3116.67,4596.49
212,Mauritania,1999,Cardiovascular diseases,dalys,7030.28,3703.61,2988.58,4456.63
212,Mauritania,2000,Cardiovascular diseases,dalys,7207.59,3768.35,3043.84,4542.25
212,Mauritania,2001,Cardiovascular diseases,dalys,7295.92,3796.15,3089.66,4537.88
25,Micronesia (Federated States of),1990,Cardiovascular diseases,dalys,15832.11,7804.53,6184.24,9289.42
25,Micronesia (Federated States of),1991,Cardiovascular diseases,dalys,15590.92,7683.64,6124.21,9057.2
25,Micronesia (Federated States of),1992,Cardiovascular diseases,dalys,15290.8,7557.39,6067.46,8822.3
25,Micronesia (Federated States of),1993,Cardiovascular diseases,dalys,15055.76,7453.55,6001.48,8711.51
25,Micronesia (Federated States of),1994,Cardiovascular diseases,dalys,14859.62,7369.53,5895.64,8670.73
25,Micronesia (Federated States of),1995,Cardiovascular diseases,dalys,14651.41,7262.5,5792.33,8514.88
25,Micronesia (Federated States of),1996,Cardiovascular diseases,dalys,14516.54,7232.34,5808.87,8511.71
25,Micronesia (Federated States of),1997,Cardiovascular diseases,dalys,14416.89,7230.9,5854.37,8470.0
25,Micronesia (Federated States of),1998,Cardiovascular diseases,dalys,14354.97,7254.27,5951.76,8492.25
25,Micronesia (Federated States of),1999,Cardiovascular diseases,dalys,14275.66,7280.42,6008.39,8491.19
25,Micronesia (Federated States of),2000,Cardiovascular diseases,dalys,14676.18,7512.81,6275.8,8734.29
25,Micronesia (Federated States of),2001,Cardiovascular diseases,dalys,14020.27,7281.04,6172.46,8475.46
148,Morocco,1990,Cardiovascular diseases,dalys,15796.15,9022.19,8018.24,10076.34
148,Morocco,1991,Cardiovascular diseases,dalys,15612.38,8971.81,7942.76,10070.05
148,Morocco,1992,Cardiovascular diseases,dalys,15399.73,8907.74,7856.27,9958.6
148,Morocco,1993,Cardiovascular diseases,dalys,15235.07,8864.59,7824.31,9873.22
148,Morocco,1994,Cardiovascular diseases,dalys,15049.19,8805.0,7757.55,9902.58
148,Morocco,1995,Cardiovascular diseases,dalys,14805.13,8702.66,7657.84,9651.94
148,Morocco,1996,Cardiovascular diseases,dalys,14677.96,8672.96,7637.68,9661.14
148,Morocco,1997,Cardiovascular diseases,dalys,14505.76,8619.69,7596.31,9470.57
148,Morocco,1998,Cardiovascular diseases,dalys,14420.59,8630.64,7642.01,9518.78
148,Morocco,1999,Cardiovascular diseases,dalys,14321.32,8631.45,7639.21,9494.68
148,Morocco,2000,Cardiovascular diseases,dalys,14226.47,8636.73,7656.66,9483.03
148,Morocco,2001,Cardiovascular diseases,dalys,14044.4,8595.0,7650.51,9432.03
15,Myanmar,1990,Cardiovascular diseases,dalys,13192.87,8059.66,5669.99,9880.06
15,Myanmar,1991,Cardiovascular diseases,dalys,13255.72,8217.71,5887.63,10068.17
15,Myanmar,1992,Cardiovascular diseases,dalys,13213.86,8303.11,6172.56,10240.72
15,Myanmar,1993,Cardiovascular diseases,dalys,13184.62,8398.92,6264.05,10321.7
15,Myanmar,1994,Cardiovascular diseases,dalys,13131.1,8480.57,6410.64,10466.47
15,Myanmar,1995,Cardiovascular diseases,dalys,13099.23,8569.36,6369.97,10539.68
15,Myanmar,1996,Cardiovascular diseases,dalys,12990.21,8606.7,6338.24,10606.89
15,Myanmar,1997,Cardiovascular diseases,dalys,12941.36,8682.13,6325.67,10683.13
15,Myanmar,1998,Cardiovascular diseases,dalys,12968.71,8812.09,6495.54,10767.47
15,Myanmar,1999,Cardiovascular diseases,dalys,12868.21,8848.65,6672.7,10783.21
15,Myanmar,2000,Cardiovascular diseases,dalys,12814.92,8912.39,6635.03,10903.0
15,Myanmar,2001,Cardiovascular diseases,dalys,12725.42,8939.25,6669.57,10907.27
164,Nepal,1990,Cardiovascular diseases,dalys,6410.99,3692.73,2874.13,4583.27
164,Nepal,1991,Cardiovascular diseases,dalys,6533.51,3761.48,2959.7,4635.92
164,Nepal,1992,Cardiovascular diseases,dalys,6604.48,3800.69,3002.73,4621.19
164,Nepal,1993,Cardiovascular diseases,dalys,6547.29,3755.35,3018.95,4603.32
164,Nepal,1994,Cardiovascular diseases,dalys,6571.91,3752.48,3023.16,4571.24
164,Nepal,1995,Cardiovascular diseases,dalys,6578.93,3738.76,3079.74,4528.37
164,Nepal,1996,Cardiovascular diseases,dalys,6602.02,3739.18,3107.37,4597.48
164,Nepal,1997,Cardiovascular diseases,dalys,6628.47,3749.38,3040.18,4545.31
164,Nepal,1998,Cardiovascular diseases,dalys,6643.29,3757.07,3013.36,4581.44
164,Nepal,1999,Cardiovascular diseases,dalys,6647.74,3765.54,3048.1,4523.34
164,Nepal,2000,Cardiovascular diseases,dalys,6624.96,3767.39,3066.52,4478.91
164,Nepal,2001,Cardiovascular diseases,dalys,6599.64,3778.66,3110.34,4480.86
131,Nicaragua,1990,Cardiovascular diseases,dalys,4700.43,2136.93,1927.64,2378.73
131,Nicaragua,1991,Cardiovascular diseases,dalys,4554.09,2079.94,1888.27,2306.18
131,Nicaragua,1992,Cardiovascular diseases,dalys,4541.58,2078.78,1898.95,2272.6
131,Nicaragua,1993,Cardiovascular diseases,dalys,4548.42,2099.39,1918.96,2270.46
131,Nicaragua,1994,Cardiovascular diseases,dalys,4481.31,2089.52,1908.15,2253.13
131,Nicaragua,1995,Cardiovascular diseases,dalys,4392.19,2063.79,1892.95,2224.11
131,Nicaragua,1996,Cardiovascular diseases,dalys,4277.94,2035.02,1859.09,2196.73
131,Nicaragua,1997,Cardiovascular diseases,dalys,4143.02,2003.83,1826.2,2173.83
131,Nicaragua,1998,Cardiovascular diseases,dalys,4317.19,2116.25,1943.54,2295.43
131,Nicaragua,1999,Cardiovascular diseases,dalys,3916.25,1956.43,1793.09,2123.05
131,Nicaragua,2000,Cardiovascular diseases,dalys,3895.7,1980.98,1816.4,2160.24
131,Nicaragua,2001,Cardiovascular diseases,dalys,3886.55,2013.0,1846.41,2166.97
214,Nigeria,1990,Cardiovascular diseases,dalys,6837.2,3605.28,2917.62,4481.63
214,Nigeria,1991,Cardiovascular diseases,dalys,6842.74,3572.14,2944.78,4393.55
214,Nigeria,1992,Cardiovascular diseases,dalys,6576.84,3403.19,2816.67,4137.99
214,Nigeria,1993,Cardiovascular diseases,dalys,6467.96,3311.17,2760.88,4002.23
214,Nigeria,1994,Cardiovascular diseases,dalys,6351.34,3216.41,2675.02,3928.86
214,Nigeria,1995,Cardiovascular diseases,dalys,6259.1,3133.87,2641.82,3785.33
214,Nigeria,1996,Cardiovascular diseases,dalys,6290.41,3112.95,2608.86,3822.01
214,Nigeria,1997,Cardiovascular diseases,dalys,6305.78,3090.78,2568.08,3791.15
214,Nigeria,1998,Cardiovascular diseases,dalys,6385.65,3098.45,2581.51,3817.24
214,Nigeria,1999,Cardiovascular diseases,dalys,6440.33,3092.55,2605.88,3794.61
214,Nigeria,2000,Cardiovascular diseases,dalys,6575.91,3125.14,2611.78,3827.82
214,Nigeria,2001,Cardiovascular diseases,dalys,6513.26,3064.77,2552.53,3795.52
165,Pakistan,1990,Cardiovascular diseases,dalys,6589.22,3854.68,2903.82,4823.69
165,Pakistan,1991,Cardiovascular diseases,dalys,6571.76,3857.52,2908.5,4870.56
165,Pakistan,1992,Cardiovascular diseases,dalys,6545.79,3851.25,2948.56,4810.24
165,Pakistan,1993,Cardiovascular diseases,dalys,6543.13,3852.08,2955.61,4783.63
165,Pakistan,1994,Cardiovascular diseases,dalys,6477.62,3815.07,2917.32,4725.09
165,Pakistan,1995,Cardiovascular diseases,dalys,6437.7,3789.27,2889.33,4626.17
165,Pakistan,1996,Cardiovascular diseases,dalys,6415.22,3778.24,2846.89,4602.83
165,Pakistan,1997,Cardiovascular diseases,dalys,6397.33,3768.15,2816.2,4579.93
165,Pakistan,1998,Cardiovascular diseases,dalys,6432.72,3786.6,2877.15,4616.94
165,Pakistan,1999,Cardiovascular diseases,dalys,6442.94,3786.93,2879.76,4656.86
165,Pakistan,2000,Cardiovascular diseases,dalys,6492.46,3810.47,2959.32,4718.74
165,Pakistan,2001,Cardiovascular diseases,dalys,6502.95,3811.73,2936.93,4690.47
149,Palestine,1990,Cardiovascular diseases,dalys,10530.02,5065.23,4118.0,5811.39
149,Palestine,1991,Cardiovascular diseases,dalys,10442.62,4970.1,4087.4,5737.61
149,Palestine,1992,Cardiovascular diseases,dalys,10374.38,4882.73,4063.11,5571.35
149,Palestine,1993,Cardiovascular diseases,dalys,10276.17,4793.89,4109.69,5483.14
149,Palestine,1994,Cardiovascular diseases,dalys,10175.9,4707.18,4064.71,5319.5
149,Palestine,1995,Cardiovascular diseases,dalys,10082.05,4625.95,4060.19,5189.98
149,Palestine,1996,Cardiovascular diseases,dalys,9974.66,4540.02,4001.67,5061.24
149,Palestine,1997,Cardiovascular diseases,dalys,9831.23,4437.25,3952.06,4878.54
149,Palestine,1998,Cardiovascular diseases,dalys,9663.47,4336.06,3920.87,4740.02
149,Palestine,1999,Cardiovascular diseases,dalys,9483.17,4231.71,3882.81,4592.97
149,Palestine,2000,Cardiovascular diseases,dalys,9350.16,4150.3,3828.63,4486.29
149,Palestine,2001,Cardiovascular diseases,dalys,9217.28,4071.2,3760.92,4375.16
26,Papua New Guinea,1990,Cardiovascular diseases,dalys,10887.91,5266.59,4069.3,6658.12
26,Papua New Guinea,1991,Cardiovascular diseases,dalys,10920.49,5289.17,4114.07,6685.56
26,Papua New Guinea,1992,Cardiovascular diseases,dalys,10908.17,5291.33,4013.26,6753.25
26,Papua New Guinea,1993,Cardiovascular diseases,dalys,10896.69,5288.35,4042.26,6680.41
26,Papua New Guinea,1994,Cardiovascular diseases,dalys,10900.55,5290.37,4126.09,6547.09
26,Papua New Guinea,1995,Cardiovascular diseases,dalys,10888.19,5273.55,4144.16,6517.62
26,Papua New Guinea,1996,Cardiovascular diseases,dalys,11028.53,5337.09,4113.76,6586.04
26,Papua New Guinea,1997,Cardiovascular diseases,dalys,10969.85,5297.98,4080.12,6377.68
26,Papua New Guinea,1998,Cardiovascular diseases,dalys,10913.74,5279.05,4075.81,6439.49
26,Papua New Guinea,1999,Cardiovascular diseases,dalys,11065.28,5344.67,4155.41,6515.64
26,Papua New Guinea,2000,Cardiovascular diseases,dalys,11079.97,5330.03,4235.49,6486.72
26,Papua New Guinea,2001,Cardiovascular diseases,dalys,10941.23,5252.49,4230.11,6433.65
16,Philippines,1990,Cardiovascular diseases,dalys,7401.34,3742.8,3282.04,4231.75
16,Philippines,1991,Cardiovascular diseases,dalys,7319.59,3706.48,3261.84,4144.95
16,Philippines,1992,Cardiovascular diseases,dalys,7355.19,3738.43,3324.61,4160.86
16,Philippines,1993,Cardiovascular diseases,dalys,7445.4,3793.64,3405.45,4204.61
16,Philippines,1994,Cardiovascular diseases,dalys,7528.88,3843.67,3446.96,4235.0
16,Philippines,1995,Cardiovascular diseases,dalys,7560.09,3879.91,3520.42,4312.28
16,Philippines,1996,Cardiovascular diseases,dalys,7616.66,3941.99,3591.16,4357.8
16,Philippines,1997,Cardiovascular diseases,dalys,7577.88,3967.54,3628.81,4370.2
16,Philippines,1998,Cardiovascular diseases,dalys,7528.71,3989.6,3666.36,4362.94
16,Philippines,1999,Cardiovascular diseases,dalys,7452.91,4005.36,3720.1,4342.82
16,Philippines,2000,Cardiovascular diseases,dalys,7495.75,4084.27,3816.75,4389.88
16,Philippines,2001,Cardiovascular diseases,dalys,7650.5,4221.42,3912.68,4529.12
27,Samoa,1990,Cardiovascular diseases,dalys,7411.95,4486.42,3736.56,5304.18
27,Samoa,1991,Cardiovascular diseases,dalys,7411.95,4529.56,3787.27,5378.75
27,Samoa,1992,Cardiovascular diseases,dalys,7417.31,4573.41,3875.99,5413.83
27,Samoa,1993,Cardiovascular diseases,dalys,7422.57,4615.68,3916.38,5466.45
27,Samoa,1994,Cardiovascular diseases,dalys,7429.07,4657.17,3952.92,5490.28
27,Samoa,1995,Cardiovascular diseases,dalys,7436.58,4700.04,3996.45,5512.78
27,Samoa,1996,Cardiovascular diseases,dalys,7460.12,4755.65,4048.92,5524.53
27,Samoa,1997,Cardiovascular diseases,dalys,7500.3,4822.24,4074.19,5601.05
27,Samoa,1998,Cardiovascular diseases,dalys,7553.25,4901.3,4135.79,5668.66
27,Samoa,1999,Cardiovascular diseases,dalys,7595.84,4984.44,4239.3,5765.27
27,Samoa,2000,Cardiovascular diseases,dalys,7621.7,5054.75,4300.64,5843.04
27,Samoa,2001,Cardiovascular diseases,dalys,7634.28,5116.46,4355.24,5893.77
215,Sao Tome and Principe,1990,Cardiovascular diseases,dalys,5454.63,3344.23,2834.67,3987.16
215,Sao Tome and Principe,1991,Cardiovascular diseases,dalys,5371.4,3257.96,2752.51,3880.82
215,Sao Tome and Principe,1992,Cardiovascular diseases,dalys,5388.38,3229.55,2705.7,3875.19
215,Sao Tome and Principe,1993,Cardiovascular diseases,dalys,5400.03,3206.14,2688.2,3821.37
215,Sao Tome and Principe,1994,Cardiovascular diseases,dalys,5410.41,3179.29,2658.85,3743.2
215,Sao Tome and Principe,1995,Cardiovascular diseases,dalys,5218.43,3035.67,2541.63,3555.11
215,Sao Tome and Principe,1996,Cardiovascular diseases,dalys,5293.02,3056.6,2558.17,3558.55
215,Sao Tome and Principe,1997,Cardiovascular diseases,dalys,5403.78,3098.09,2595.02,3600.42
215,Sao Tome and Principe,1998,Cardiovascular diseases,dalys,5567.21,3166.44,2654.2,3682.49
215,Sao Tome and Principe,1999,Cardiovascular diseases,dalys,5735.76,3238.66,2700.68,3791.22
215,Sao Tome and Principe,2000,Cardiovascular diseases,dalys,5531.16,3114.77,2574.62,3674.55
215,Sao Tome and Principe,2001,Cardiovascular diseases,dalys,5633.18,3161.14,2619.41,3739.43
216,Senegal,1990,Cardiovascular diseases,dalys,6508.92,3580.74,2773.58,4448.44
216,Senegal,1991,Cardiovascular diseases,dalys,6546.74,3604.91,2848.15,4519.76
216,Senegal,1992,Cardiovascular diseases,dalys,6500.21,3580.25,2842.01,4475.46
216,Senegal,1993,Cardiovascular diseases,dalys,6398.98,3515.47,2819.86,4398.13
216,Senegal,1994,Cardiovascular diseases,dalys,6301.03,3475.15,2779.15,4364.57
216,Senegal,1995,Cardiovascular diseases,dalys,6053.95,3355.26,2683.15,4220.53
216,Senegal,1996,Cardiovascular diseases,dalys,6049.55,3365.63,2695.93,4212.63
216,Senegal,1997,Cardiovascular diseases,dalys,5786.84,3229.17,2610.07,4018.69
216,Senegal,1998,Cardiovascular diseases,dalys,5685.87,3171.29,2583.22,4007.43
216,Senegal,1999,Cardiovascular diseases,dalys,5578.15,3113.12,2541.67,3949.75
216,Senegal,2000,Cardiovascular diseases,dalys,5322.87,2953.1,2425.73,3717.14
216,Senegal,2001,Cardiovascular diseases,dalys,6579.17,3648.03,2970.95,4501.47
28,Solomon Islands,1990,Cardiovascular diseases,dalys,14686.27,6723.14,5406.97,7999.36
28,Solomon Islands,1991,Cardiovascular diseases,dalys,14930.72,6839.45,5516.46,8223.61
28,Solomon Islands,1992,Cardiovascular diseases,dalys,14492.15,6631.61,5372.14,7994.07
28,Solomon Islands,1993,Cardiovascular diseases,dalys,14408.54,6599.8,5307.74,8042.02
28,Solomon Islands,1994,Cardiovascular diseases,dalys,14340.88,6574.65,5333.42,7974.8
28,Solomon Islands,1995,Cardiovascular diseases,dalys,13935.66,6406.02,5178.67,7712.11
28,Solomon Islands,1996,Cardiovascular diseases,dalys,13825.95,6376.94,5106.51,7620.89
28,Solomon Islands,1997,Cardiovascular diseases,dalys,13888.98,6425.9,5192.87,7690.29
28,Solomon Islands,1998,Cardiovascular diseases,dalys,13710.18,6383.34,5152.71,7618.44
28,Solomon Islands,1999,Cardiovascular diseases,dalys,13292.5,6242.0,5131.95,7469.22
28,Solomon Islands,2000,Cardiovascular diseases,dalys,13322.05,6284.69,5171.11,7452.61
28,Solomon Islands,2001,Cardiovascular diseases,dalys,12953.68,6152.85,5098.95,7285.51
17,Sri Lanka,1990,Cardiovascular diseases,dalys,7519.94,4719.95,4131.57,5268.29
17,Sri Lanka,1991,Cardiovascular diseases,dalys,7202.74,4531.97,3991.85,5026.28
17,Sri Lanka,1992,Cardiovascular diseases,dalys,6965.31,4443.36,3978.76,4878.45
17,Sri Lanka,1993,Cardiovascular diseases,dalys,6931.64,4475.75,4004.65,4894.45
17,Sri Lanka,1994,Cardiovascular diseases,dalys,6987.3,4635.04,4163.79,5055.88
17,Sri Lanka,1995,Cardiovascular diseases,dalys,7000.13,4766.35,4343.76,5163.42
17,Sri Lanka,1996,Cardiovascular diseases,dalys,7271.51,5193.88,4791.05,5604.46
17,Sri Lanka,1997,Cardiovascular diseases,dalys,7122.22,5143.04,4750.13,5532.97
17,Sri Lanka,1998,Cardiovascular diseases,dalys,7109.02,5248.24,4837.82,5660.31
17,Sri Lanka,1999,Cardiovascular diseases,dalys,6951.9,5227.89,4828.66,5656.14
17,Sri Lanka,2000,Cardiovascular diseases,dalys,6755.27,5135.12,4736.26,5537.19
17,Sri Lanka,2001,Cardiovascular diseases,dalys,6693.29,5151.22,4754.3,5596.82
39,Tajikistan,1990,Cardiovascular diseases,dalys,10753.96,5399.95,4692.81,5956.58
39,Tajikistan,1991,Cardiovascular diseases,dalys,11258.53,5616.87,4963.88,6178.63
39,Tajikistan,1992,Cardiovascular diseases,dalys,11943.3,5873.82,5127.02,6470.75
39,Tajikistan,1993,Cardiovascular diseases,dalys,12897.37,6262.17,5495.73,6866.33
39,Tajikistan,1994,Cardiovascular diseases,dalys,13046.67,6245.24,5503.24,6854.99
39,Tajikistan,1995,Cardiovascular diseases,dalys,12486.68,5957.99,5180.88,6550.66
39,Tajikistan,1996,Cardiovascular diseases,dalys,11622.79,5464.74,4734.03,6040.64
39,Tajikistan,1997,Cardiovascular diseases,dalys,10876.52,5082.93,4408.02,5637.27
39,Tajikistan,1998,Cardiovascular diseases,dalys,10529.46,4895.99,4268.73,5443.02
39,Tajikistan,1999,Cardiovascular diseases,dalys,10345.85,4778.15,4242.54,5273.26
39,Tajikistan,2000,Cardiovascular diseases,dalys,10393.93,4748.5,4260.13,5210.69
39,Tajikistan,2001,Cardiovascular diseases,dalys,10623.47,4831.05,4358.72,5274.38
19,Timor-Leste,1990,Cardiovascular diseases,dalys,8872.9,3563.35,2652.78,4716.64
19,Timor-Leste,1991,Cardiovascular diseases,dalys,8789.9,3572.68,2694.71,4689.07
19,Timor-Leste,1992,Cardiovascular diseases,dalys,8757.05,3619.62,2744.47,4706.01
19,Timor-Leste,1993,Cardiovascular diseases,dalys,8716.92,3664.06,2821.27,4666.08
19,Timor-Leste,1994,Cardiovascular diseases,dalys,8630.95,3678.85,2874.37,4682.8
19,Timor-Leste,1995,Cardiovascular diseases,dalys,8534.6,3706.53,2944.12,4686.02
19,Timor-Leste,1996,Cardiovascular diseases,dalys,8468.72,3744.98,3004.24,4779.73
19,Timor-Leste,1997,Cardiovascular diseases,dalys,8345.31,3754.42,3016.91,4748.78
19,Timor-Leste,1998,Cardiovascular diseases,dalys,8263.56,3777.15,3070.23,4802.35
19,Timor-Leste,1999,Cardiovascular diseases,dalys,8113.43,3757.71,3046.03,4726.41
19,Timor-Leste,2000,Cardiovascular diseases,dalys,8108.29,3852.22,3105.14,4800.75
19,Timor-Leste,2001,Cardiovascular diseases,dalys,7973.75,3855.95,3124.82,4744.76
154,Tunisia,1990,Cardiovascular diseases,dalys,6078.69,3316.8,2535.68,4102.07
154,Tunisia,1991,Cardiovascular diseases,dalys,6016.92,3339.97,2564.28,4077.93
154,Tunisia,1992,Cardiovascular diseases,dalys,5942.81,3342.13,2545.1,4081.0
154,Tunisia,1993,Cardiovascular diseases,dalys,5884.01,3360.91,2590.84,4078.82
154,Tunisia,1994,Cardiovascular diseases,dalys,5837.07,3393.17,2653.7,4126.79
154,Tunisia,1995,Cardiovascular diseases,dalys,5724.48,3392.3,2652.87,4108.45
154,Tunisia,1996,Cardiovascular diseases,dalys,5654.45,3413.87,2675.6,4107.36
154,Tunisia,1997,Cardiovascular diseases,dalys,5594.54,3419.84,2702.83,4099.18
154,Tunisia,1998,Cardiovascular diseases,dalys,5544.93,3453.78,2735.72,4144.07
154,Tunisia,1999,Cardiovascular diseases,dalys,5473.28,3478.8,2771.79,4181.28
154,Tunisia,2000,Cardiovascular diseases,dalys,5344.65,3470.0,2810.75,4129.47
154,Tunisia,2001,Cardiovascular diseases,dalys,5210.79,3455.73,2844.68,4078.8
189,United Republic of Tanzania,1990,Cardiovascular diseases,dalys,5222.64,2714.14,2290.34,3251.18
189,United Republic of Tanzania,1991,Cardiovascular diseases,dalys,5267.42,2724.41,2306.69,3256.98
189,United Republic of Tanzania,1992,Cardiovascular diseases,dalys,5366.75,2759.47,2369.02,3283.6
189,United Republic of Tanzania,1993,Cardiovascular diseases,dalys,5378.42,2757.37,2360.82,3203.1
189,United Republic of Tanzania,1994,Cardiovascular diseases,dalys,5423.77,2765.73,2357.97,3180.2
189,United Republic of Tanzania,1995,Cardiovascular diseases,dalys,5452.09,2764.67,2342.72,3159.47
189,United Republic of Tanzania,1996,Cardiovascular diseases,dalys,5480.64,2777.42,2375.61,3148.15
189,United Republic of Tanzania,1997,Cardiovascular diseases,dalys,5545.54,2805.73,2454.98,3184.26
189,United Republic of Tanzania,1998,Cardiovascular diseases,dalys,5547.61,2806.44,2452.69,3185.47
189,United Republic of Tanzania,1999,Cardiovascular diseases,dalys,5450.64,2754.3,2435.97,3080.64
189,United Republic of Tanzania,2000,Cardiovascular diseases,dalys,5415.62,2729.92,2435.2,3055.44
189,United Republic of Tanzania,2001,Cardiovascular diseases,dalys,5365.65,2707.38,2423.78,3013.04
41,Uzbekistan,1990,Cardiovascular diseases,dalys,12367.26,5964.19,5655.85,6276.21
41,Uzbekistan,1991,Cardiovascular diseases,dalys,12606.55,6112.39,5777.55,6439.36
41,Uzbekistan,1992,Cardiovascular diseases,dalys,13064.51,6531.37,6176.5,6846.12
41,Uzbekistan,1993,Cardiovascular diseases,dalys,13447.78,6899.75,6513.45,7263.2
41,Uzbekistan,1994,Cardiovascular diseases,dalys,13778.97,7163.16,6777.01,7509.86
41,Uzbekistan,1995,Cardiovascular diseases,dalys,13899.75,7190.55,6793.02,7512.0
41,Uzbekistan,1996,Cardiovascular diseases,dalys,13774.17,7197.36,6844.32,7510.28
41,Uzbekistan,1997,Cardiovascular diseases,dalys,13698.76,7098.56,6747.15,7444.49
41,Uzbekistan,1998,Cardiovascular diseases,dalys,13584.71,7296.66,6971.26,7636.96
41,Uzbekistan,1999,Cardiovascular diseases,dalys,13442.4,7072.88,6815.18,7373.87
41,Uzbekistan,2000,Cardiovascular diseases,dalys,13380.72,7343.81,7055.88,7674.61
41,Uzbekistan,2001,Cardiovascular diseases,dalys,13323.19,7298.33,7020.8,7606.5
30,Vanuatu,1990,Cardiovascular diseases,dalys,11425.52,5828.14,4685.34,7047.42
30,Vanuatu,1991,Cardiovascular diseases,dalys,11862.98,6110.59,4954.15,7291.02
30,Vanuatu,1992,Cardiovascular diseases,dalys,12121.18,6278.82,5124.95,7454.98
30,Vanuatu,1993,Cardiovascular diseases,dalys,12237.14,6369.47,5291.17,7520.35
30,Vanuatu,1994,Cardiovascular diseases,dalys,12718.4,6651.94,5479.73,7819.91
30,Vanuatu,1995,Cardiovascular diseases,dalys,12331.44,6477.91,5358.33,7627.12
30,Vanuatu,1996,Cardiovascular diseases,dalys,12477.55,6592.28,5455.44,7780.01
30,Vanuatu,1997,Cardiovascular diseases,dalys,12385.76,6574.8,5419.74,7834.35
30,Vanuatu,1998,Cardiovascular diseases,dalys,12318.39,6577.86,5415.12,7867.32
30,Vanuatu,1999,Cardiovascular diseases,dalys,12340.83,6649.0,5491.11,7978.9
30,Vanuatu,2000,Cardiovascular diseases,dalys,11636.06,6342.0,5269.07,7701.32
30,Vanuatu,2001,Cardiovascular diseases,dalys,11726.74,6455.62,5380.91,7797.94
20,Viet Nam,1990,Cardiovascular diseases,dalys,7112.24,4247.07,3611.76,4921.08
20,Viet Nam,1991,Cardiovascular diseases,dalys,6999.45,4207.86,3623.16,4899.73
20,Viet Nam,1992,Cardiovascular diseases,dalys,6880.36,4170.08,3581.35,4829.35
20,Viet Nam,1993,Cardiovascular diseases,dalys,6738.28,4124.1,3530.93,4755.65
20,Viet Nam,1994,Cardiovascular diseases,dalys,6589.1,4081.56,3481.87,4630.04
20,Viet Nam,1995,Cardiovascular diseases,dalys,6445.0,4040.79,3421.7,4560.17
20,Viet Nam,1996,Cardiovascular diseases,dalys,6305.57,4015.65,3433.33,4582.57
20,Viet Nam,1997,Cardiovascular diseases,dalys,6184.01,4003.18,3429.96,4548.97
20,Viet Nam,1998,Cardiovascular diseases,dalys,6096.11,4014.87,3484.08,4499.01
20,Viet Nam,1999,Cardiovascular diseases,dalys,5975.99,4007.56,3506.98,4467.23
20,Viet Nam,2000,Cardiovascular diseases,dalys,5905.28,4028.18,3502.76,4470.35
20,Viet Nam,2001,Cardiovascular diseases,dalys,5873.2,4086.49,3589.62,4534.39
191,Zambia,1990,Cardiovascular diseases,dalys,7105.02,2976.53,2246.8,3915.47
191,Zambia,1991,Cardiovascular diseases,dalys,7097.98,2957.69,2229.27,3817.69
191,Zambia,1992,Cardiovascular diseases,dalys,7135.79,2959.43,2227.27,3767.95
191,Zambia,1993,Cardiovascular diseases,dalys,7176.23,2963.61,2217.7,3738.36
191,Zambia,1994,Cardiovascular diseases,dalys,7248.61,2977.93,2226.96,3815.06
191,Zambia,1995,Cardiovascular diseases,dalys,7336.81,2990.65,2227.89,3790.18
191,Zambia,1996,Cardiovascular diseases,dalys,7433.31,3005.18,2204.87,3833.63
191,Zambia,1997,Cardiovascular diseases,dalys,7491.78,2997.9,2256.79,3816.45
191,Zambia,1998,Cardiovascular diseases,dalys,7548.89,2984.39,2242.98,3824.72
191,Zambia,1999,Cardiovascular diseases,dalys,7607.69,2967.66,2223.87,3794.64
191,Zambia,2000,Cardiovascular diseases,dalys,7727.11,2969.26,2318.52,3743.56
191,Zambia,2001,Cardiovascular diseases,dalys,8032.06,3049.36,2390.07,3847.47
198,Zimbabwe,1990,Cardiovascular diseases,dalys,4439.06,2262.78,1911.87,2628.11
198,Zimbabwe,1991,Cardiovascular diseases,dalys,4401.43,2238.81,1892.11,2583.68
198,Zimbabwe,1992,Cardiovascular diseases,dalys,4670.77,2339.06,1979.99,2656.16
198,Zimbabwe,1993,Cardiovascular diseases,dalys,4749.14,2373.63,1985.57,2702.15
198,Zimbabwe,1994,Cardiovascular diseases,dalys,5027.83,2511.75,2115.74,2849.46
198,Zimbabwe,1995,Cardiovascular diseases,dalys,5183.03,2593.43,2184.18,2951.81
198,Zimbabwe,1996,Cardiovascular diseases,dalys,5365.96,2691.0,2262.38,3112.35
198,Zimbabwe,1997,Cardiovascular diseases,dalys,5582.18,2809.41,2348.8,3244.63
198,Zimbabwe,1998,Cardiovascular diseases,dalys,5726.73,2899.55,2426.98,3355.7
198,Zimbabwe,1999,Cardiovascular diseases,dalys,5826.35,2975.8,2488.84,3482.36
198,Zimbabwe,2000,Cardiovascular diseases,dalys,5907.29,3032.71,2497.35,3586.9
198,Zimbabwe,2001,Cardiovascular diseases,dalys,6032.0,3112.56,2566.27,3695.35
168,Angola,2002,Cardiovascular diseases,dalys,6357.05,2760.21,2130.07,3542.97
168,Angola,2003,Cardiovascular diseases,dalys,6317.92,2729.43,2147.62,3533.49
168,Angola,2004,Cardiovascular diseases,dalys,6248.33,2697.9,2182.42,3499.49
168,Angola,2005,Cardiovascular diseases,dalys,6206.22,2667.59,2165.13,3430.93
168,Angola,2006,Cardiovascular diseases,dalys,6366.99,2720.78,2195.67,3452.15
168,Angola,2007,Cardiovascular diseases,dalys,6389.11,2736.66,2200.89,3519.93
168,Angola,2008,Cardiovascular diseases,dalys,6474.16,2769.35,2237.86,3485.35
168,Angola,2009,Cardiovascular diseases,dalys,6507.07,2775.88,2235.15,3524.06
168,Angola,2010,Cardiovascular diseases,dalys,6502.37,2778.15,2216.85,3531.15
168,Angola,2011,Cardiovascular diseases,dalys,6451.27,2759.6,2205.66,3444.22
168,Angola,2012,Cardiovascular diseases,dalys,6340.42,2721.98,2127.1,3386.03
168,Angola,2013,Cardiovascular diseases,dalys,6296.12,2726.62,2170.85,3363.92
161,Bangladesh,2002,Cardiovascular diseases,dalys,8470.7,4177.66,3639.98,4664.09
161,Bangladesh,2003,Cardiovascular diseases,dalys,8862.7,4433.88,3893.64,4923.93
161,Bangladesh,2004,Cardiovascular diseases,dalys,9204.51,4670.61,4017.28,5214.11
161,Bangladesh,2005,Cardiovascular diseases,dalys,9574.03,4924.95,4210.24,5509.91
161,Bangladesh,2006,Cardiovascular diseases,dalys,9768.19,5101.67,4331.07,5647.68
161,Bangladesh,2007,Cardiovascular diseases,dalys,9705.22,5157.16,4318.75,5706.09
161,Bangladesh,2008,Cardiovascular diseases,dalys,9513.03,5139.8,4285.09,5674.13
161,Bangladesh,2009,Cardiovascular diseases,dalys,9519.52,5270.71,4378.24,5804.39
161,Bangladesh,2010,Cardiovascular diseases,dalys,9483.9,5395.53,4508.29,5934.11
161,Bangladesh,2011,Cardiovascular diseases,dalys,9576.82,5570.32,4663.58,6149.99
161,Bangladesh,2012,Cardiovascular diseases,dalys,9856.84,5860.27,4942.09,6441.53
161,Bangladesh,2013,Cardiovascular diseases,dalys,9753.44,5947.07,4964.76,6495.39
200,Benin,2002,Cardiovascular diseases,dalys,5825.1,2712.34,2174.8,3306.89
200,Benin,2003,Cardiovascular diseases,dalys,5522.95,2559.92,2057.43,3141.15
200,Benin,2004,Cardiovascular diseases,dalys,5218.2,2411.49,1975.98,2944.58
200,Benin,2005,Cardiovascular diseases,dalys,5063.49,2324.34,1928.86,2861.34
200,Benin,2006,Cardiovascular diseases,dalys,5064.92,2311.03,1902.14,2828.23
200,Benin,2007,Cardiovascular diseases,dalys,4967.68,2266.98,1862.43,2774.46
200,Benin,2008,Cardiovascular diseases,dalys,5144.85,2357.11,1917.58,2899.43
200,Benin,2009,Cardiovascular diseases,dalys,5299.99,2449.87,2006.62,3012.7
200,Benin,2010,Cardiovascular diseases,dalys,5361.92,2479.42,2026.36,3036.49
200,Benin,2011,Cardiovascular diseases,dalys,5496.67,2544.65,2070.37,3072.63
200,Benin,2012,Cardiovascular diseases,dalys,5582.02,2595.93,2090.06,3162.11
200,Benin,2013,Cardiovascular diseases,dalys,5492.12,2563.15,2070.07,3097.44
162,Bhutan,2002,Cardiovascular diseases,dalys,7358.8,4474.16,3675.24,5558.92
162,Bhutan,2003,Cardiovascular diseases,dalys,7432.68,4606.29,3787.22,5793.25
162,Bhutan,2004,Cardiovascular diseases,dalys,7423.39,4688.91,3866.39,5980.2
162,Bhutan,2005,Cardiovascular diseases,dalys,7334.75,4725.08,3830.48,5985.21
162,Bhutan,2006,Cardiovascular diseases,dalys,7188.32,4726.97,3790.89,6021.15
162,Bhutan,2007,Cardiovascular diseases,dalys,7001.69,4706.97,3712.2,6022.77
162,Bhutan,2008,Cardiovascular diseases,dalys,6758.17,4628.92,3639.26,5877.76
162,Bhutan,2009,Cardiovascular diseases,dalys,6476.61,4507.43,3532.27,5698.6
162,Bhutan,2010,Cardiovascular diseases,dalys,6319.66,4457.7,3515.56,5625.04
162,Bhutan,2011,Cardiovascular diseases,dalys,6301.06,4497.93,3529.45,5673.36
162,Bhutan,2012,Cardiovascular diseases,dalys,6355.45,4592.92,3589.76,5770.42
162,Bhutan,2013,Cardiovascular diseases,dalys,6240.87,4561.06,3579.43,5668.96
121,Bolivia (Plurinational State of),2002,Cardiovascular diseases,dalys,5606.97,3547.48,2813.91,4306.1
121,Bolivia (Plurinational State of),2003,Cardiovascular diseases,dalys,5588.65,3581.39,2843.84,4416.27
121,Bolivia (Plurinational State of),2004,Cardiovascular diseases,dalys,5578.68,3623.92,2894.68,4451.74
121,Bolivia (Plurinational State of),2005,Cardiovascular diseases,dalys,5534.18,3641.07,2921.08,4485.56
121,Bolivia (Plurinational State of),2006,Cardiovascular diseases,dalys,5469.91,3649.45,2915.15,4500.12
121,Bolivia (Plurinational State of),2007,Cardiovascular diseases,dalys,5330.3,3601.04,2848.89,4467.09
121,Bolivia (Plurinational State of),2008,Cardiovascular diseases,dalys,5183.55,3552.62,2812.46,4355.15
121,Bolivia (Plurinational State of),2009,Cardiovascular diseases,dalys,5031.85,3500.51,2784.84,4293.23
121,Bolivia (Plurinational State of),2010,Cardiovascular diseases,dalys,4915.8,3470.26,2752.33,4294.25
121,Bolivia (Plurinational State of),2011,Cardiovascular diseases,dalys,4852.28,3476.85,2756.91,4274.96
121,Bolivia (Plurinational State of),2012,Cardiovascular diseases,dalys,4842.05,3520.96,2799.15,4358.88
121,Bolivia (Plurinational State of),2013,Cardiovascular diseases,dalys,4796.61,3541.25,2801.89,4403.46
203,Cabo Verde,2002,Cardiovascular diseases,dalys,4646.76,2988.16,2600.38,3379.23
203,Cabo Verde,2003,Cardiovascular diseases,dalys,4596.98,2972.57,2611.56,3376.93
203,Cabo Verde,2004,Cardiovascular diseases,dalys,4553.75,2964.49,2607.92,3402.54
203,Cabo Verde,2005,Cardiovascular diseases,dalys,4531.95,2974.88,2619.68,3423.49
203,Cabo Verde,2006,Cardiovascular diseases,dalys,4526.24,3007.16,2631.2,3468.38
203,Cabo Verde,2007,Cardiovascular diseases,dalys,4505.85,3031.32,2642.17,3501.0
203,Cabo Verde,2008,Cardiovascular diseases,dalys,4366.92,2980.87,2589.06,3446.14
203,Cabo Verde,2009,Cardiovascular diseases,dalys,4272.0,2958.58,2580.12,3391.3
203,Cabo Verde,2010,Cardiovascular diseases,dalys,4198.24,2951.04,2570.96,3369.33
203,Cabo Verde,2011,Cardiovascular diseases,dalys,4389.24,3138.53,2737.65,3544.57
203,Cabo Verde,2012,Cardiovascular diseases,dalys,4471.72,3302.84,2853.34,3714.03
203,Cabo Verde,2013,Cardiovascular diseases,dalys,4273.71,3217.46,2778.13,3613.44
10,Cambodia,2002,Cardiovascular diseases,dalys,7050.28,4074.68,3215.8,5285.41
10,Cambodia,2003,Cardiovascular diseases,dalys,6904.62,4021.84,3151.9,5124.33
10,Cambodia,2004,Cardiovascular diseases,dalys,6845.58,4040.24,3255.58,5146.11
10,Cambodia,2005,Cardiovascular diseases,dalys,6813.51,4082.18,3277.04,5220.34
10,Cambodia,2006,Cardiovascular diseases,dalys,6674.49,4057.66,3248.88,5108.48
10,Cambodia,2007,Cardiovascular diseases,dalys,6678.41,4139.76,3307.62,5171.29
10,Cambodia,2008,Cardiovascular diseases,dalys,6598.25,4161.9,3338.28,5227.41
10,Cambodia,2009,Cardiovascular diseases,dalys,6498.34,4173.3,3418.93,5196.24
10,Cambodia,2010,Cardiovascular diseases,dalys,6409.33,4189.33,3462.47,5203.95
10,Cambodia,2011,Cardiovascular diseases,dalys,6254.3,4166.39,3481.57,5156.59
10,Cambodia,2012,Cardiovascular diseases,dalys,6271.0,4253.46,3543.13,5215.63
10,Cambodia,2013,Cardiovascular diseases,dalys,6301.98,4352.5,3606.82,5310.87
202,Cameroon,2002,Cardiovascular diseases,dalys,6959.66,3255.82,2669.51,3878.58
202,Cameroon,2003,Cardiovascular diseases,dalys,6770.94,3144.45,2595.89,3756.78
202,Cameroon,2004,Cardiovascular diseases,dalys,6632.52,3058.68,2516.08,3700.53
202,Cameroon,2005,Cardiovascular diseases,dalys,6607.09,3031.21,2486.02,3677.0
202,Cameroon,2006,Cardiovascular diseases,dalys,6782.47,3075.28,2519.46,3760.05
202,Cameroon,2007,Cardiovascular diseases,dalys,6738.63,3037.15,2473.3,3673.24
202,Cameroon,2008,Cardiovascular diseases,dalys,6958.58,3108.25,2515.28,3770.93
202,Cameroon,2009,Cardiovascular diseases,dalys,7131.37,3161.33,2567.56,3812.08
202,Cameroon,2010,Cardiovascular diseases,dalys,7240.19,3188.26,2584.15,3841.02
202,Cameroon,2011,Cardiovascular diseases,dalys,7261.41,3178.62,2619.83,3800.76
202,Cameroon,2012,Cardiovascular diseases,dalys,7332.68,3192.38,2657.86,3833.96
202,Cameroon,2013,Cardiovascular diseases,dalys,7230.95,3130.01,2592.34,3739.83
176,Comoros,2002,Cardiovascular diseases,dalys,2796.8,1748.23,1410.3,2168.32
176,Comoros,2003,Cardiovascular diseases,dalys,2726.93,1721.93,1397.27,2124.55
176,Comoros,2004,Cardiovascular diseases,dalys,2571.97,1639.89,1340.88,2033.81
176,Comoros,2005,Cardiovascular diseases,dalys,2643.36,1694.96,1371.2,2072.84
176,Comoros,2006,Cardiovascular diseases,dalys,2481.82,1605.38,1314.91,1979.94
176,Comoros,2007,Cardiovascular diseases,dalys,2631.16,1714.99,1389.5,2137.03
176,Comoros,2008,Cardiovascular diseases,dalys,2558.99,1682.37,1354.49,2108.03
176,Comoros,2009,Cardiovascular diseases,dalys,2437.19,1609.63,1303.06,1979.98
176,Comoros,2010,Cardiovascular diseases,dalys,2341.65,1557.41,1260.06,1943.05
176,Comoros,2011,Cardiovascular diseases,dalys,2376.52,1589.39,1277.96,1947.7
176,Comoros,2012,Cardiovascular diseases,dalys,2341.21,1575.02,1274.52,1916.78
176,Comoros,2013,Cardiovascular diseases,dalys,2375.71,1607.11,1319.04,1958.54
170,Congo,2002,Cardiovascular diseases,dalys,6293.08,3156.38,2466.21,3918.69
170,Congo,2003,Cardiovascular diseases,dalys,6393.7,3184.43,2547.34,3912.92
170,Congo,2004,Cardiovascular diseases,dalys,6360.07,3138.39,2541.77,3816.83
170,Congo,2005,Cardiovascular diseases,dalys,6457.57,3170.02,2579.89,3881.11
170,Congo,2006,Cardiovascular diseases,dalys,6490.57,3167.34,2589.08,3864.5
170,Congo,2007,Cardiovascular diseases,dalys,6553.51,3178.81,2644.75,3880.59
170,Congo,2008,Cardiovascular diseases,dalys,6666.37,3227.9,2663.87,3887.1
170,Congo,2009,Cardiovascular diseases,dalys,6765.26,3274.7,2630.31,3942.49
170,Congo,2010,Cardiovascular diseases,dalys,6729.1,3230.3,2611.58,3902.17
170,Congo,2011,Cardiovascular diseases,dalys,6607.34,3147.55,2557.64,3824.43
170,Congo,2012,Cardiovascular diseases,dalys,6568.83,3109.65,2546.75,3773.74
170,Congo,2013,Cardiovascular diseases,dalys,6482.39,3048.54,2519.2,3652.95
205,Côte d'Ivoire,2002,Cardiovascular diseases,dalys,6280.1,2779.22,2209.84,3402.25
205,Côte d'Ivoire,2003,Cardiovascular diseases,dalys,5973.95,2649.33,2156.2,3228.12
205,Côte d'Ivoire,2004,Cardiovascular diseases,dalys,5848.38,2589.89,2135.26,3163.06
205,Côte d'Ivoire,2005,Cardiovascular diseases,dalys,5746.01,2549.7,2084.57,3128.83
205,Côte d'Ivoire,2006,Cardiovascular diseases,dalys,5702.35,2544.72,2081.39,3131.68
205,Côte d'Ivoire,2007,Cardiovascular diseases,dalys,5494.3,2472.47,2034.31,3038.95
205,Côte d'Ivoire,2008,Cardiovascular diseases,dalys,5443.0,2452.64,2030.52,3007.53
205,Côte d'Ivoire,2009,Cardiovascular diseases,dalys,5318.14,2394.64,1999.52,2938.11
205,Côte d'Ivoire,2010,Cardiovascular diseases,dalys,5191.09,2316.78,1934.7,2858.88
205,Côte d'Ivoire,2011,Cardiovascular diseases,dalys,5373.63,2394.39,2005.7,2956.36
205,Côte d'Ivoire,2012,Cardiovascular diseases,dalys,5724.33,2581.71,2148.08,3141.19
205,Côte d'Ivoire,2013,Cardiovascular diseases,dalys,5862.16,2651.52,2192.47,3229.95
177,Djibouti,2002,Cardiovascular diseases,dalys,4221.32,1944.81,1440.65,2532.45
177,Djibouti,2003,Cardiovascular diseases,dalys,3999.19,1849.34,1379.25,2422.19
177,Djibouti,2004,Cardiovascular diseases,dalys,4099.43,1910.7,1452.07,2491.7
177,Djibouti,2005,Cardiovascular diseases,dalys,4059.22,1911.32,1458.3,2481.29
177,Djibouti,2006,Cardiovascular diseases,dalys,4059.25,1941.47,1482.48,2506.3
177,Djibouti,2007,Cardiovascular diseases,dalys,4100.2,1998.2,1529.95,2576.57
177,Djibouti,2008,Cardiovascular diseases,dalys,4143.98,2046.81,1540.62,2675.73
177,Djibouti,2009,Cardiovascular diseases,dalys,4101.03,2047.05,1556.33,2684.5
177,Djibouti,2010,Cardiovascular diseases,dalys,4142.51,2095.03,1601.2,2754.12
177,Djibouti,2011,Cardiovascular diseases,dalys,4188.64,2141.9,1647.0,2794.96
177,Djibouti,2012,Cardiovascular diseases,dalys,4265.3,2207.55,1697.9,2813.67
177,Djibouti,2013,Cardiovascular diseases,dalys,4228.54,2213.73,1699.58,2795.93
141,Egypt,2002,Cardiovascular diseases,dalys,14743.72,8235.58,7255.47,9234.59
141,Egypt,2003,Cardiovascular diseases,dalys,15120.88,8200.13,7311.08,9089.39
141,Egypt,2004,Cardiovascular diseases,dalys,15005.94,7986.03,7198.97,8858.75
141,Egypt,2005,Cardiovascular diseases,dalys,14751.37,7761.31,6860.21,8657.21
141,Egypt,2006,Cardiovascular diseases,dalys,14806.43,7737.24,6826.53,8645.64
141,Egypt,2007,Cardiovascular diseases,dalys,14844.28,7735.99,6765.16,8627.95
141,Egypt,2008,Cardiovascular diseases,dalys,14904.68,7783.53,6832.48,8684.41
141,Egypt,2009,Cardiovascular diseases,dalys,14898.68,7827.23,6914.82,8801.54
141,Egypt,2010,Cardiovascular diseases,dalys,14789.91,7827.54,6984.07,8778.85
141,Egypt,2011,Cardiovascular diseases,dalys,14326.15,7593.28,6752.93,8482.54
141,Egypt,2012,Cardiovascular diseases,dalys,14405.94,7645.22,6853.01,8421.42
141,Egypt,2013,Cardiovascular diseases,dalys,14030.47,7564.22,6787.48,8314.28
197,Eswatini,2002,Cardiovascular diseases,dalys,6737.31,3437.52,2517.99,4298.93
197,Eswatini,2003,Cardiovascular diseases,dalys,7011.3,3657.71,2734.54,4614.46
197,Eswatini,2004,Cardiovascular diseases,dalys,7324.36,3916.19,3030.11,5004.0
197,Eswatini,2005,Cardiovascular diseases,dalys,7346.69,4017.85,3138.75,5113.0
197,Eswatini,2006,Cardiovascular diseases,dalys,7051.56,3922.84,3109.71,4944.0
197,Eswatini,2007,Cardiovascular diseases,dalys,6658.22,3755.79,2964.45,4751.14
197,Eswatini,2008,Cardiovascular diseases,dalys,6481.29,3697.36,2938.92,4687.32
197,Eswatini,2009,Cardiovascular diseases,dalys,6355.44,3667.46,2873.4,4617.36
197,Eswatini,2010,Cardiovascular diseases,dalys,6124.96,3572.38,2807.28,4541.79
197,Eswatini,2011,Cardiovascular diseases,dalys,5866.17,3457.36,2713.59,4406.99
197,Eswatini,2012,Cardiovascular diseases,dalys,5651.5,3364.8,2612.82,4254.97
197,Eswatini,2013,Cardiovascular diseases,dalys,5398.74,3251.09,2522.84,4141.94
207,Ghana,2002,Cardiovascular diseases,dalys,9341.37,5038.47,4300.65,5801.98
207,Ghana,2003,Cardiovascular diseases,dalys,8737.46,4710.61,4067.28,5460.35
207,Ghana,2004,Cardiovascular diseases,dalys,8386.98,4512.61,3915.94,5275.45
207,Ghana,2005,Cardiovascular diseases,dalys,8233.33,4427.57,3837.3,5181.6
207,Ghana,2006,Cardiovascular diseases,dalys,8216.76,4415.17,3841.4,5177.17
207,Ghana,2007,Cardiovascular diseases,dalys,7954.41,4292.45,3726.35,5169.15
207,Ghana,2008,Cardiovascular diseases,dalys,7965.66,4323.8,3740.85,5226.72
207,Ghana,2009,Cardiovascular diseases,dalys,7928.03,4335.34,3723.36,5224.54
207,Ghana,2010,Cardiovascular diseases,dalys,7914.85,4358.89,3781.2,5190.49
207,Ghana,2011,Cardiovascular diseases,dalys,8238.04,4586.06,3991.62,5425.83
207,Ghana,2012,Cardiovascular diseases,dalys,8383.8,4709.77,4063.47,5553.92
207,Ghana,2013,Cardiovascular diseases,dalys,8109.31,4569.39,3915.66,5402.7
208,Guinea,2002,Cardiovascular diseases,dalys,7353.75,4299.56,3460.37,5229.36
208,Guinea,2003,Cardiovascular diseases,dalys,7123.74,4166.61,3364.31,5162.33
208,Guinea,2004,Cardiovascular diseases,dalys,6944.36,4034.34,3287.1,4969.16
208,Guinea,2005,Cardiovascular diseases,dalys,6868.11,3951.68,3227.03,4908.38
208,Guinea,2006,Cardiovascular diseases,dalys,6991.36,3995.78,3323.35,4938.12
208,Guinea,2007,Cardiovascular diseases,dalys,6974.59,3956.89,3286.24,4870.49
208,Guinea,2008,Cardiovascular diseases,dalys,7011.58,3935.32,3254.82,4885.08
208,Guinea,2009,Cardiovascular diseases,dalys,7079.37,3925.89,3225.62,4865.23
208,Guinea,2010,Cardiovascular diseases,dalys,7085.35,3891.82,3195.81,4855.33
208,Guinea,2011,Cardiovascular diseases,dalys,7121.81,3868.29,3144.96,4807.03
208,Guinea,2012,Cardiovascular diseases,dalys,7189.46,3855.61,3143.92,4761.05
208,Guinea,2013,Cardiovascular diseases,dalys,6970.26,3698.14,3029.04,4507.74
114,Haiti,2002,Cardiovascular diseases,dalys,11830.43,6501.98,5026.96,7629.16
114,Haiti,2003,Cardiovascular diseases,dalys,11832.05,6489.42,5112.34,7568.38
114,Haiti,2004,Cardiovascular diseases,dalys,11927.18,6529.15,5294.42,7682.34
114,Haiti,2005,Cardiovascular diseases,dalys,11739.68,6407.67,5123.51,7539.77
114,Haiti,2006,Cardiovascular diseases,dalys,11664.47,6381.02,5084.83,7498.83
114,Haiti,2007,Cardiovascular diseases,dalys,11727.03,6451.67,5212.09,7594.59
114,Haiti,2008,Cardiovascular diseases,dalys,11673.14,6437.06,5260.77,7609.12
114,Haiti,2009,Cardiovascular diseases,dalys,11590.56,6400.88,5203.2,7590.73
114,Haiti,2010,Cardiovascular diseases,dalys,11603.33,6362.04,5183.27,7563.96
114,Haiti,2011,Cardiovascular diseases,dalys,11747.05,6458.23,5325.22,7678.45
114,Haiti,2012,Cardiovascular diseases,dalys,11850.44,6559.83,5374.77,7760.03
114,Haiti,2013,Cardiovascular diseases,dalys,12069.41,6725.0,5567.7,7952.3
129,Honduras,2002,Cardiovascular diseases,dalys,5252.71,2554.36,2208.1,2924.88
129,Honduras,2003,Cardiovascular diseases,dalys,5240.62,2576.0,2230.89,2940.05
129,Honduras,2004,Cardiovascular diseases,dalys,5217.66,2596.9,2248.19,2982.0
129,Honduras,2005,Cardiovascular diseases,dalys,5162.02,2594.68,2242.71,3014.5
129,Honduras,2006,Cardiovascular diseases,dalys,5095.25,2590.87,2239.43,3004.66
129,Honduras,2007,Cardiovascular diseases,dalys,5021.42,2585.42,2230.04,2995.75
129,Honduras,2008,Cardiovascular diseases,dalys,4948.97,2582.43,2245.06,2988.63
129,Honduras,2009,Cardiovascular diseases,dalys,4885.9,2583.71,2237.45,2993.75
129,Honduras,2010,Cardiovascular diseases,dalys,4860.9,2609.21,2259.64,3026.44
129,Honduras,2011,Cardiovascular diseases,dalys,4929.0,2699.34,2321.64,3145.24
129,Honduras,2012,Cardiovascular diseases,dalys,5058.21,2811.09,2413.63,3247.82
129,Honduras,2013,Cardiovascular diseases,dalys,5075.19,2857.36,2425.2,3291.79
163,India,2002,Cardiovascular diseases,dalys,7012.88,4693.34,4198.82,5271.36
163,India,2003,Cardiovascular diseases,dalys,6839.93,4612.22,4138.22,5160.03
163,India,2004,Cardiovascular diseases,dalys,6601.87,4483.28,4031.89,5009.06
163,India,2005,Cardiovascular diseases,dalys,6530.11,4465.2,4000.14,4999.1
163,India,2006,Cardiovascular diseases,dalys,6777.91,4673.98,4207.27,5224.97
163,India,2007,Cardiovascular diseases,dalys,6950.94,4845.69,4359.06,5386.4
163,India,2008,Cardiovascular diseases,dalys,6883.01,4859.03,4392.18,5401.04
163,India,2009,Cardiovascular diseases,dalys,6804.42,4860.35,4410.54,5338.09
163,India,2010,Cardiovascular diseases,dalys,6815.18,4926.95,4495.29,5377.75
163,India,2011,Cardiovascular diseases,dalys,7044.43,5160.91,4692.88,5616.76
163,India,2012,Cardiovascular diseases,dalys,7282.48,5394.92,4850.75,5859.98
163,India,2013,Cardiovascular diseases,dalys,7273.81,5451.3,4938.45,5921.8
144,Jordan,2002,Cardiovascular diseases,dalys,8519.67,3947.63,3571.35,4341.71
144,Jordan,2003,Cardiovascular diseases,dalys,8228.11,3852.6,3518.83,4211.9
144,Jordan,2004,Cardiovascular diseases,dalys,8072.98,3819.29,3525.89,4144.03
144,Jordan,2005,Cardiovascular diseases,dalys,7975.48,3805.42,3514.86,4126.68
144,Jordan,2006,Cardiovascular diseases,dalys,7781.39,3741.17,3464.54,4041.23
144,Jordan,2007,Cardiovascular diseases,dalys,7341.51,3474.15,3206.96,3732.68
144,Jordan,2008,Cardiovascular diseases,dalys,7006.26,3271.29,3018.12,3500.94
144,Jordan,2009,Cardiovascular diseases,dalys,6741.93,3176.84,2955.49,3403.17
144,Jordan,2010,Cardiovascular diseases,dalys,6487.03,3106.07,2904.9,3309.28
144,Jordan,2011,Cardiovascular diseases,dalys,6227.14,3029.73,2814.61,3229.09
144,Jordan,2012,Cardiovascular diseases,dalys,6026.03,2980.19,2771.79,3190.68
144,Jordan,2013,Cardiovascular diseases,dalys,5877.91,2985.33,2764.3,3191.93
180,Kenya,2002,Cardiovascular diseases,dalys,3700.02,1588.04,1322.93,1893.41
180,Kenya,2003,Cardiovascular diseases,dalys,3614.05,1558.08,1300.7,1849.71
180,Kenya,2004,Cardiovascular diseases,dalys,3631.9,1571.0,1299.44,1873.56
180,Kenya,2005,Cardiovascular diseases,dalys,3608.77,1567.76,1299.67,1856.86
180,Kenya,2006,Cardiovascular diseases,dalys,3567.78,1562.04,1298.25,1857.52
180,Kenya,2007,Cardiovascular diseases,dalys,3570.8,1581.1,1318.47,1870.66
180,Kenya,2008,Cardiovascular diseases,dalys,3599.25,1610.83,1354.95,1914.62
180,Kenya,2009,Cardiovascular diseases,dalys,3597.29,1630.6,1362.71,1934.22
180,Kenya,2010,Cardiovascular diseases,dalys,3600.11,1652.43,1370.69,1958.25
180,Kenya,2011,Cardiovascular diseases,dalys,3608.79,1677.44,1395.71,1992.65
180,Kenya,2012,Cardiovascular diseases,dalys,3574.05,1684.04,1401.01,1996.31
180,Kenya,2013,Cardiovascular diseases,dalys,3497.47,1671.39,1396.48,1973.78
23,Kiribati,2002,Cardiovascular diseases,dalys,6820.07,4497.25,3911.3,5087.61
23,Kiribati,2003,Cardiovascular diseases,dalys,6792.64,4497.05,3891.27,5071.38
23,Kiribati,2004,Cardiovascular diseases,dalys,6764.24,4489.87,3912.58,5063.89
23,Kiribati,2005,Cardiovascular diseases,dalys,6729.68,4486.68,3880.96,5137.35
23,Kiribati,2006,Cardiovascular diseases,dalys,6715.27,4499.73,3854.63,5215.01
23,Kiribati,2007,Cardiovascular diseases,dalys,6699.58,4530.35,3871.28,5315.08
23,Kiribati,2008,Cardiovascular diseases,dalys,6696.68,4559.58,3878.09,5432.57
23,Kiribati,2009,Cardiovascular diseases,dalys,6692.5,4581.39,3835.8,5485.2
23,Kiribati,2010,Cardiovascular diseases,dalys,6679.52,4597.55,3819.32,5434.18
23,Kiribati,2011,Cardiovascular diseases,dalys,6672.02,4620.78,3816.92,5501.05
23,Kiribati,2012,Cardiovascular diseases,dalys,6653.36,4634.87,3815.52,5464.64
23,Kiribati,2013,Cardiovascular diseases,dalys,6624.08,4647.98,3878.72,5510.52
37,Kyrgyzstan,2002,Cardiovascular diseases,dalys,13043.25,8035.93,7704.22,8334.04
37,Kyrgyzstan,2003,Cardiovascular diseases,dalys,13073.6,8047.69,7724.86,8350.16
37,Kyrgyzstan,2004,Cardiovascular diseases,dalys,13069.58,8011.25,7689.53,8346.78
37,Kyrgyzstan,2005,Cardiovascular diseases,dalys,13273.37,8147.66,7798.78,8509.09
37,Kyrgyzstan,2006,Cardiovascular diseases,dalys,13431.51,8238.65,7916.91,8583.23
37,Kyrgyzstan,2007,Cardiovascular diseases,dalys,13366.46,8190.09,7894.11,8482.66
37,Kyrgyzstan,2008,Cardiovascular diseases,dalys,12955.95,7920.07,7649.82,8199.56
37,Kyrgyzstan,2009,Cardiovascular diseases,dalys,12441.56,7551.7,7252.41,7827.2
37,Kyrgyzstan,2010,Cardiovascular diseases,dalys,12074.58,7297.05,7002.23,7592.71
37,Kyrgyzstan,2011,Cardiovascular diseases,dalys,11903.52,7165.81,6892.81,7431.5
37,Kyrgyzstan,2012,Cardiovascular diseases,dalys,11712.03,7035.0,6788.94,7292.57
37,Kyrgyzstan,2013,Cardiovascular diseases,dalys,11236.87,6749.98,6456.93,6986.96
12,Lao People's Democratic Republic,2002,Cardiovascular diseases,dalys,9989.11,5327.33,4130.82,6539.12
12,Lao People's Democratic Republic,2003,Cardiovascular diseases,dalys,9915.25,5290.6,4211.71,6552.22
12,Lao People's Democratic Republic,2004,Cardiovascular diseases,dalys,9825.17,5260.09,4197.62,6448.34
12,Lao People's Democratic Republic,2005,Cardiovascular diseases,dalys,9764.79,5267.82,4205.01,6390.67
12,Lao People's Democratic Republic,2006,Cardiovascular diseases,dalys,9688.39,5276.36,4277.82,6385.19
12,Lao People's Democratic Republic,2007,Cardiovascular diseases,dalys,9660.29,5322.16,4331.17,6496.03
12,Lao People's Democratic Republic,2008,Cardiovascular diseases,dalys,9558.41,5335.23,4340.63,6409.38
12,Lao People's Democratic Republic,2009,Cardiovascular diseases,dalys,9524.05,5389.79,4374.09,6516.08
12,Lao People's Democratic Republic,2010,Cardiovascular diseases,dalys,9458.35,5436.79,4464.03,6613.36
12,Lao People's Democratic Republic,2011,Cardiovascular diseases,dalys,9360.68,5472.87,4547.36,6549.65
12,Lao People's Democratic Republic,2012,Cardiovascular diseases,dalys,9286.95,5520.91,4578.42,6593.84
12,Lao People's Democratic Republic,2013,Cardiovascular diseases,dalys,9399.5,5690.85,4678.22,6807.72
146,Lebanon,2002,Cardiovascular diseases,dalys,3033.14,2668.95,2229.59,3124.19
146,Lebanon,2003,Cardiovascular diseases,dalys,2941.53,2636.11,2208.93,3093.55
146,Lebanon,2004,Cardiovascular diseases,dalys,2898.43,2644.2,2241.81,3087.49
146,Lebanon,2005,Cardiovascular diseases,dalys,2898.62,2686.45,2256.92,3136.16
146,Lebanon,2006,Cardiovascular diseases,dalys,2937.84,2769.35,2295.84,3239.74
146,Lebanon,2007,Cardiovascular diseases,dalys,2988.44,2859.21,2347.33,3370.45
146,Lebanon,2008,Cardiovascular diseases,dalys,3025.45,2926.62,2450.19,3385.15
146,Lebanon,2009,Cardiovascular diseases,dalys,3031.82,2967.18,2495.33,3427.64
146,Lebanon,2010,Cardiovascular diseases,dalys,3026.89,3003.2,2558.41,3468.57
146,Lebanon,2011,Cardiovascular diseases,dalys,3140.64,3179.56,2683.53,3661.22
146,Lebanon,2012,Cardiovascular diseases,dalys,3309.08,3413.88,2868.67,3895.6
146,Lebanon,2013,Cardiovascular diseases,dalys,3477.82,3602.7,3061.86,4092.27
194,Lesotho,2002,Cardiovascular diseases,dalys,9036.85,5377.21,4401.24,6444.97
194,Lesotho,2003,Cardiovascular diseases,dalys,8525.01,5042.58,4153.37,6036.85
194,Lesotho,2004,Cardiovascular diseases,dalys,8087.44,4763.43,3939.05,5696.16
194,Lesotho,2005,Cardiovascular diseases,dalys,7201.89,4203.44,3489.87,5049.62
194,Lesotho,2006,Cardiovascular diseases,dalys,6213.16,3589.37,2942.92,4309.57
194,Lesotho,2007,Cardiovascular diseases,dalys,5633.1,3255.34,2688.54,3900.32
194,Lesotho,2008,Cardiovascular diseases,dalys,5481.78,3208.17,2617.36,3892.35
194,Lesotho,2009,Cardiovascular diseases,dalys,5591.53,3329.52,2708.77,4071.84
194,Lesotho,2010,Cardiovascular diseases,dalys,5679.79,3440.61,2797.82,4210.07
194,Lesotho,2011,Cardiovascular diseases,dalys,5763.13,3541.06,2865.17,4431.01
194,Lesotho,2012,Cardiovascular diseases,dalys,5806.55,3610.09,2905.0,4521.57
194,Lesotho,2013,Cardiovascular diseases,dalys,5895.43,3709.03,2981.94,4624.68
212,Mauritania,2002,Cardiovascular diseases,dalys,7398.21,3831.68,3131.87,4629.66
212,Mauritania,2003,Cardiovascular diseases,dalys,7217.45,3720.41,3017.86,4557.0
212,Mauritania,2004,Cardiovascular diseases,dalys,7372.61,3778.58,3078.47,4605.38
212,Mauritania,2005,Cardiovascular diseases,dalys,7326.45,3735.97,3025.29,4591.42
212,Mauritania,2006,Cardiovascular diseases,dalys,7553.69,3853.32,3087.59,4757.13
212,Mauritania,2007,Cardiovascular diseases,dalys,7222.69,3689.56,2941.56,4554.32
212,Mauritania,2008,Cardiovascular diseases,dalys,7041.84,3603.72,2846.7,4449.28
212,Mauritania,2009,Cardiovascular diseases,dalys,7293.36,3734.74,2984.91,4578.01
212,Mauritania,2010,Cardiovascular diseases,dalys,7147.24,3660.67,3007.27,4484.95
212,Mauritania,2011,Cardiovascular diseases,dalys,6982.32,3581.76,2956.81,4409.96
212,Mauritania,2012,Cardiovascular diseases,dalys,7269.58,3745.43,3035.14,4553.82
212,Mauritania,2013,Cardiovascular diseases,dalys,6809.11,3516.49,2837.25,4283.89
25,Micronesia (Federated States of),2002,Cardiovascular diseases,dalys,13958.52,7338.81,6287.68,8495.12
25,Micronesia (Federated States of),2003,Cardiovascular diseases,dalys,13770.45,7340.2,6319.53,8486.26
25,Micronesia (Federated States of),2004,Cardiovascular diseases,dalys,13623.94,7366.08,6406.04,8499.87
25,Micronesia (Federated States of),2005,Cardiovascular diseases,dalys,13412.74,7367.54,6414.25,8413.36
25,Micronesia (Federated States of),2006,Cardiovascular diseases,dalys,13215.68,7386.46,6439.1,8409.46
25,Micronesia (Federated States of),2007,Cardiovascular diseases,dalys,13070.95,7446.29,6477.83,8558.57
25,Micronesia (Federated States of),2008,Cardiovascular diseases,dalys,12915.06,7505.43,6516.1,8656.13
25,Micronesia (Federated States of),2009,Cardiovascular diseases,dalys,12744.13,7555.65,6585.78,8672.67
25,Micronesia (Federated States of),2010,Cardiovascular diseases,dalys,12500.52,7534.24,6551.45,8687.47
25,Micronesia (Federated States of),2011,Cardiovascular diseases,dalys,12253.13,7544.11,6571.56,8650.96
25,Micronesia (Federated States of),2012,Cardiovascular diseases,dalys,12040.81,7565.83,6544.12,8579.46
25,Micronesia (Federated States of),2013,Cardiovascular diseases,dalys,11889.85,7622.6,6600.29,8631.19
148,Morocco,2002,Cardiovascular diseases,dalys,13873.53,8568.25,7633.51,9437.68
148,Morocco,2003,Cardiovascular diseases,dalys,13703.99,8547.02,7588.75,9471.84
148,Morocco,2004,Cardiovascular diseases,dalys,13530.43,8537.64,7499.1,9484.65
148,Morocco,2005,Cardiovascular diseases,dalys,13329.26,8516.77,7493.16,9415.51
148,Morocco,2006,Cardiovascular diseases,dalys,13122.45,8509.8,7530.11,9474.85
148,Morocco,2007,Cardiovascular diseases,dalys,12918.98,8513.73,7480.96,9480.54
148,Morocco,2008,Cardiovascular diseases,dalys,12647.18,8474.82,7378.59,9375.31
148,Morocco,2009,Cardiovascular diseases,dalys,12354.27,8433.72,7352.11,9387.61
148,Morocco,2010,Cardiovascular diseases,dalys,12111.14,8418.79,7336.71,9334.13
148,Morocco,2011,Cardiovascular diseases,dalys,11866.73,8418.01,7311.7,9423.08
148,Morocco,2012,Cardiovascular diseases,dalys,11655.86,8452.36,7313.81,9536.74
148,Morocco,2013,Cardiovascular diseases,dalys,11544.55,8574.22,7439.09,9708.99
15,Myanmar,2002,Cardiovascular diseases,dalys,12637.23,8963.15,6857.14,10913.36
15,Myanmar,2003,Cardiovascular diseases,dalys,12598.3,9029.54,6941.37,11115.91
15,Myanmar,2004,Cardiovascular diseases,dalys,12589.5,9115.32,7078.35,11263.65
15,Myanmar,2005,Cardiovascular diseases,dalys,12577.02,9184.16,7250.7,11363.77
15,Myanmar,2006,Cardiovascular diseases,dalys,12419.89,9136.66,7419.77,11184.59
15,Myanmar,2007,Cardiovascular diseases,dalys,12246.26,9069.04,7445.21,11073.98
15,Myanmar,2008,Cardiovascular diseases,dalys,13277.57,9841.43,8240.67,12014.26
15,Myanmar,2009,Cardiovascular diseases,dalys,11846.71,8841.59,7339.87,10679.73
15,Myanmar,2010,Cardiovascular diseases,dalys,11643.68,8748.5,7243.97,10285.03
15,Myanmar,2011,Cardiovascular diseases,dalys,11384.83,8636.6,7190.59,10208.96
15,Myanmar,2012,Cardiovascular diseases,dalys,11337.6,8693.08,7143.65,10032.48
15,Myanmar,2013,Cardiovascular diseases,dalys,11442.07,8888.45,7275.73,10282.19
164,Nepal,2002,Cardiovascular diseases,dalys,6554.64,3791.08,3136.78,4523.31
164,Nepal,2003,Cardiovascular diseases,dalys,6575.0,3845.54,3160.33,4613.28
164,Nepal,2004,Cardiovascular diseases,dalys,6504.2,3853.51,3175.97,4591.4
164,Nepal,2005,Cardiovascular diseases,dalys,6389.87,3851.54,3193.85,4688.76
164,Nepal,2006,Cardiovascular diseases,dalys,6183.39,3793.25,3170.99,4744.88
164,Nepal,2007,Cardiovascular diseases,dalys,5999.01,3742.91,3070.83,4599.08
164,Nepal,2008,Cardiovascular diseases,dalys,5806.04,3691.14,3058.84,4519.42
164,Nepal,2009,Cardiovascular diseases,dalys,5682.31,3687.4,3119.71,4449.44
164,Nepal,2010,Cardiovascular diseases,dalys,5519.85,3657.82,3085.73,4399.33
164,Nepal,2011,Cardiovascular diseases,dalys,5542.84,3757.98,3147.35,4434.26
164,Nepal,2012,Cardiovascular diseases,dalys,5654.82,3925.75,3189.44,4662.29
164,Nepal,2013,Cardiovascular diseases,dalys,5504.99,3912.21,3155.57,4655.48
131,Nicaragua,2002,Cardiovascular diseases,dalys,3928.94,2068.51,1894.35,2221.14
131,Nicaragua,2003,Cardiovascular diseases,dalys,3961.93,2123.0,1939.26,2292.16
131,Nicaragua,2004,Cardiovascular diseases,dalys,3966.46,2159.68,1985.06,2341.81
131,Nicaragua,2005,Cardiovascular diseases,dalys,3948.54,2182.93,2006.01,2378.58
131,Nicaragua,2006,Cardiovascular diseases,dalys,3927.02,2206.1,2036.78,2405.04
131,Nicaragua,2007,Cardiovascular diseases,dalys,3921.34,2232.18,2075.41,2425.42
131,Nicaragua,2008,Cardiovascular diseases,dalys,3932.26,2268.28,2111.14,2459.71
131,Nicaragua,2009,Cardiovascular diseases,dalys,3947.14,2304.51,2141.39,2512.51
131,Nicaragua,2010,Cardiovascular diseases,dalys,3966.96,2345.71,2179.98,2557.64
131,Nicaragua,2011,Cardiovascular diseases,dalys,4013.85,2406.64,2208.2,2620.73
131,Nicaragua,2012,Cardiovascular diseases,dalys,4025.79,2447.65,2247.22,2670.36
131,Nicaragua,2013,Cardiovascular diseases,dalys,4097.92,2523.45,2329.16,2741.82
214,Nigeria,2002,Cardiovascular diseases,dalys,6500.47,3024.32,2528.41,3737.99
214,Nigeria,2003,Cardiovascular diseases,dalys,6316.61,2916.42,2426.27,3566.87
214,Nigeria,2004,Cardiovascular diseases,dalys,6232.66,2850.73,2342.07,3554.1
214,Nigeria,2005,Cardiovascular diseases,dalys,6136.46,2777.48,2235.06,3429.39
214,Nigeria,2006,Cardiovascular diseases,dalys,6051.61,2711.24,2145.45,3344.18
214,Nigeria,2007,Cardiovascular diseases,dalys,5889.48,2626.93,2046.84,3292.44
214,Nigeria,2008,Cardiovascular diseases,dalys,5884.89,2598.95,2012.58,3312.08
214,Nigeria,2009,Cardiovascular diseases,dalys,5937.06,2603.43,1994.06,3334.14
214,Nigeria,2010,Cardiovascular diseases,dalys,6054.96,2635.28,2023.08,3309.72
214,Nigeria,2011,Cardiovascular diseases,dalys,6174.69,2669.72,2064.67,3314.74
214,Nigeria,2012,Cardiovascular diseases,dalys,6330.79,2729.19,2129.2,3411.89
214,Nigeria,2013,Cardiovascular diseases,dalys,6256.5,2692.12,2097.49,3299.8
165,Pakistan,2002,Cardiovascular diseases,dalys,6519.83,3818.13,2996.57,4633.04
165,Pakistan,2003,Cardiovascular diseases,dalys,6570.58,3842.61,3012.82,4684.24
165,Pakistan,2004,Cardiovascular diseases,dalys,6635.82,3877.64,3079.0,4721.89
165,Pakistan,2005,Cardiovascular diseases,dalys,6837.63,3988.32,3187.4,4895.25
165,Pakistan,2006,Cardiovascular diseases,dalys,6628.47,3872.8,3103.97,4811.32
165,Pakistan,2007,Cardiovascular diseases,dalys,6598.22,3863.87,3061.24,4824.19
165,Pakistan,2008,Cardiovascular diseases,dalys,6514.32,3832.31,3045.25,4840.04
165,Pakistan,2009,Cardiovascular diseases,dalys,6424.9,3793.37,3034.08,4770.24
165,Pakistan,2010,Cardiovascular diseases,dalys,6329.13,3742.13,3003.12,4641.89
165,Pakistan,2011,Cardiovascular diseases,dalys,6435.94,3822.47,3069.23,4679.81
165,Pakistan,2012,Cardiovascular diseases,dalys,6622.83,3950.85,3161.98,4798.48
165,Pakistan,2013,Cardiovascular diseases,dalys,6697.81,4008.65,3257.54,4940.47
149,Palestine,2002,Cardiovascular diseases,dalys,9136.44,4013.23,3726.63,4315.5
149,Palestine,2003,Cardiovascular diseases,dalys,9046.92,3965.52,3677.89,4263.39
149,Palestine,2004,Cardiovascular diseases,dalys,8924.83,3910.29,3621.6,4192.04
149,Palestine,2005,Cardiovascular diseases,dalys,8811.86,3869.58,3594.61,4140.25
149,Palestine,2006,Cardiovascular diseases,dalys,8701.14,3821.25,3564.84,4093.7
149,Palestine,2007,Cardiovascular diseases,dalys,8554.55,3752.13,3506.44,4030.16
149,Palestine,2008,Cardiovascular diseases,dalys,8379.0,3680.53,3456.12,3943.68
149,Palestine,2009,Cardiovascular diseases,dalys,8181.5,3598.58,3386.24,3848.64
149,Palestine,2010,Cardiovascular diseases,dalys,7963.65,3515.42,3286.39,3761.37
149,Palestine,2011,Cardiovascular diseases,dalys,7639.05,3373.09,3146.79,3594.03
149,Palestine,2012,Cardiovascular diseases,dalys,7265.36,3193.57,2975.86,3421.06
149,Palestine,2013,Cardiovascular diseases,dalys,6986.42,3086.16,2875.34,3301.99
26,Papua New Guinea,2002,Cardiovascular diseases,dalys,10910.65,5231.9,4253.26,6384.48
26,Papua New Guinea,2003,Cardiovascular diseases,dalys,10789.37,5167.95,4213.71,6279.78
26,Papua New Guinea,2004,Cardiovascular diseases,dalys,10654.09,5117.62,4209.7,6275.6
26,Papua New Guinea,2005,Cardiovascular diseases,dalys,10574.39,5119.73,4241.26,6324.67
26,Papua New Guinea,2006,Cardiovascular diseases,dalys,10523.82,5156.52,4247.89,6336.44
26,Papua New Guinea,2007,Cardiovascular diseases,dalys,10791.01,5374.34,4393.54,6605.25
26,Papua New Guinea,2008,Cardiovascular diseases,dalys,10786.77,5429.28,4499.98,6768.75
26,Papua New Guinea,2009,Cardiovascular diseases,dalys,10694.57,5415.12,4515.47,6641.74
26,Papua New Guinea,2010,Cardiovascular diseases,dalys,11094.35,5696.28,4727.04,6946.12
26,Papua New Guinea,2011,Cardiovascular diseases,dalys,11240.61,5847.54,4903.7,7103.69
26,Papua New Guinea,2012,Cardiovascular diseases,dalys,11186.92,5869.72,4894.91,7143.9
26,Papua New Guinea,2013,Cardiovascular diseases,dalys,10795.18,5683.48,4640.4,6956.04
16,Philippines,2002,Cardiovascular diseases,dalys,7798.53,4355.46,4055.36,4692.57
16,Philippines,2003,Cardiovascular diseases,dalys,7682.93,4361.15,4061.66,4707.93
16,Philippines,2004,Cardiovascular diseases,dalys,7661.47,4423.86,4109.5,4740.79
16,Philippines,2005,Cardiovascular diseases,dalys,7761.36,4562.99,4228.87,4916.39
16,Philippines,2006,Cardiovascular diseases,dalys,7714.2,4619.93,4295.13,4956.95
16,Philippines,2007,Cardiovascular diseases,dalys,7588.18,4618.08,4328.83,4926.25
16,Philippines,2008,Cardiovascular diseases,dalys,7601.18,4702.07,4385.54,4994.09
16,Philippines,2009,Cardiovascular diseases,dalys,7654.44,4814.25,4516.46,5101.62
16,Philippines,2010,Cardiovascular diseases,dalys,7584.05,4861.34,4528.69,5159.72
16,Philippines,2011,Cardiovascular diseases,dalys,7486.64,4870.31,4536.23,5134.04
16,Philippines,2012,Cardiovascular diseases,dalys,7552.46,4964.26,4629.47,5239.64
16,Philippines,2013,Cardiovascular diseases,dalys,7585.7,5050.54,4714.68,5327.46
27,Samoa,2002,Cardiovascular diseases,dalys,7646.68,5182.23,4402.96,5982.43
27,Samoa,2003,Cardiovascular diseases,dalys,7664.14,5251.98,4461.94,6071.92
27,Samoa,2004,Cardiovascular diseases,dalys,7679.61,5321.79,4553.94,6118.46
27,Samoa,2005,Cardiovascular diseases,dalys,7691.36,5388.11,4602.01,6253.11
27,Samoa,2006,Cardiovascular diseases,dalys,7696.68,5443.51,4701.33,6305.98
27,Samoa,2007,Cardiovascular diseases,dalys,7680.52,5475.71,4718.51,6376.94
27,Samoa,2008,Cardiovascular diseases,dalys,7646.96,5491.66,4730.38,6386.9
27,Samoa,2009,Cardiovascular diseases,dalys,7671.36,5546.53,4766.26,6458.96
27,Samoa,2010,Cardiovascular diseases,dalys,7627.86,5559.34,4755.14,6492.49
27,Samoa,2011,Cardiovascular diseases,dalys,7623.96,5605.26,4782.78,6526.16
27,Samoa,2012,Cardiovascular diseases,dalys,7612.49,5646.27,4819.84,6578.33
27,Samoa,2013,Cardiovascular diseases,dalys,7623.64,5705.16,4886.44,6633.91
215,Sao Tome and Principe,2002,Cardiovascular diseases,dalys,5694.99,3170.21,2642.01,3734.68
215,Sao Tome and Principe,2003,Cardiovascular diseases,dalys,5732.66,3166.44,2659.62,3775.73
215,Sao Tome and Principe,2004,Cardiovascular diseases,dalys,5842.75,3204.89,2689.74,3837.63
215,Sao Tome and Principe,2005,Cardiovascular diseases,dalys,6155.0,3346.82,2801.02,4000.28
215,Sao Tome and Principe,2006,Cardiovascular diseases,dalys,6364.36,3470.2,2903.24,4170.13
215,Sao Tome and Principe,2007,Cardiovascular diseases,dalys,6410.37,3491.58,2903.06,4218.22
215,Sao Tome and Principe,2008,Cardiovascular diseases,dalys,6315.85,3455.72,2874.65,4172.05
215,Sao Tome and Principe,2009,Cardiovascular diseases,dalys,6209.89,3407.11,2838.92,4074.23
215,Sao Tome and Principe,2010,Cardiovascular diseases,dalys,6328.44,3484.36,2926.62,4130.32
215,Sao Tome and Principe,2011,Cardiovascular diseases,dalys,6199.34,3420.09,2874.09,4027.27
215,Sao Tome and Principe,2012,Cardiovascular diseases,dalys,5969.45,3296.53,2771.98,3896.34
215,Sao Tome and Principe,2013,Cardiovascular diseases,dalys,6003.98,3335.81,2768.95,3990.67
216,Senegal,2002,Cardiovascular diseases,dalys,6503.1,3583.28,2943.21,4425.67
216,Senegal,2003,Cardiovascular diseases,dalys,5828.9,3190.76,2630.76,3965.57
216,Senegal,2004,Cardiovascular diseases,dalys,5883.36,3233.73,2651.65,3996.83
216,Senegal,2005,Cardiovascular diseases,dalys,5772.35,3161.03,2607.29,3936.15
216,Senegal,2006,Cardiovascular diseases,dalys,5634.23,3075.87,2556.25,3793.91
216,Senegal,2007,Cardiovascular diseases,dalys,5707.52,3122.19,2582.85,3883.63
216,Senegal,2008,Cardiovascular diseases,dalys,5841.59,3183.53,2642.86,3963.12
216,Senegal,2009,Cardiovascular diseases,dalys,6020.37,3254.65,2708.27,4003.29
216,Senegal,2010,Cardiovascular diseases,dalys,5672.34,3052.32,2565.42,3751.72
216,Senegal,2011,Cardiovascular diseases,dalys,5718.59,3068.27,2582.32,3698.6
216,Senegal,2012,Cardiovascular diseases,dalys,5670.56,3026.98,2540.77,3636.86
216,Senegal,2013,Cardiovascular diseases,dalys,5337.51,2830.96,2356.18,3341.27
28,Solomon Islands,2002,Cardiovascular diseases,dalys,12761.7,6105.38,5096.3,7262.63
28,Solomon Islands,2003,Cardiovascular diseases,dalys,12679.73,6121.84,5110.49,7344.66
28,Solomon Islands,2004,Cardiovascular diseases,dalys,12481.44,6081.98,5066.71,7229.51
28,Solomon Islands,2005,Cardiovascular diseases,dalys,12636.79,6203.22,5179.59,7536.39
28,Solomon Islands,2006,Cardiovascular diseases,dalys,12873.75,6377.35,5383.84,7679.82
28,Solomon Islands,2007,Cardiovascular diseases,dalys,12600.27,6317.1,5276.57,7564.71
28,Solomon Islands,2008,Cardiovascular diseases,dalys,12323.35,6238.54,5253.26,7314.44
28,Solomon Islands,2009,Cardiovascular diseases,dalys,13092.88,6709.17,5709.94,7805.82
28,Solomon Islands,2010,Cardiovascular diseases,dalys,13011.3,6742.61,5739.43,7925.5
28,Solomon Islands,2011,Cardiovascular diseases,dalys,14340.41,7518.82,6310.34,8783.06
28,Solomon Islands,2012,Cardiovascular diseases,dalys,14956.58,7923.41,6633.52,9082.53
28,Solomon Islands,2013,Cardiovascular diseases,dalys,15384.8,8238.65,6952.12,9410.78
17,Sri Lanka,2002,Cardiovascular diseases,dalys,6554.37,5109.96,4700.19,5531.43
17,Sri Lanka,2003,Cardiovascular diseases,dalys,6385.76,5072.8,4699.72,5482.67
17,Sri Lanka,2004,Cardiovascular diseases,dalys,7006.18,5505.94,5159.1,5878.8
17,Sri Lanka,2005,Cardiovascular diseases,dalys,6314.42,5176.08,4792.5,5509.38
17,Sri Lanka,2006,Cardiovascular diseases,dalys,6248.6,5207.07,4852.3,5554.04
17,Sri Lanka,2007,Cardiovascular diseases,dalys,6192.56,5259.25,4933.79,5614.68
17,Sri Lanka,2008,Cardiovascular diseases,dalys,6027.66,5261.09,4879.25,5602.01
17,Sri Lanka,2009,Cardiovascular diseases,dalys,5960.26,5220.36,4856.6,5548.64
17,Sri Lanka,2010,Cardiovascular diseases,dalys,5808.0,5208.28,4852.75,5548.75
17,Sri Lanka,2011,Cardiovascular diseases,dalys,5565.57,5078.53,4709.93,5405.47
17,Sri Lanka,2012,Cardiovascular diseases,dalys,5414.28,5054.66,4715.13,5387.0
17,Sri Lanka,2013,Cardiovascular diseases,dalys,5320.45,5137.34,4788.61,5495.73
39,Tajikistan,2002,Cardiovascular diseases,dalys,10825.87,4872.8,4457.61,5308.96
39,Tajikistan,2003,Cardiovascular diseases,dalys,11021.69,4943.59,4563.06,5383.46
39,Tajikistan,2004,Cardiovascular diseases,dalys,10995.75,4901.35,4504.12,5335.66
39,Tajikistan,2005,Cardiovascular diseases,dalys,10821.62,4812.52,4397.45,5259.0
39,Tajikistan,2006,Cardiovascular diseases,dalys,10475.51,4681.73,4278.39,5119.09
39,Tajikistan,2007,Cardiovascular diseases,dalys,10134.71,4537.11,4096.94,4959.0
39,Tajikistan,2008,Cardiovascular diseases,dalys,9859.1,4417.63,4001.62,4826.14
39,Tajikistan,2009,Cardiovascular diseases,dalys,9750.32,4374.76,3992.58,4809.17
39,Tajikistan,2010,Cardiovascular diseases,dalys,9709.28,4370.09,3994.68,4791.87
39,Tajikistan,2011,Cardiovascular diseases,dalys,9776.26,4430.48,4060.31,4825.15
39,Tajikistan,2012,Cardiovascular diseases,dalys,9518.7,4322.62,3947.2,4724.73
39,Tajikistan,2013,Cardiovascular diseases,dalys,9288.76,4233.94,3874.58,4600.14
19,Timor-Leste,2002,Cardiovascular diseases,dalys,7712.31,3774.78,3075.58,4788.64
19,Timor-Leste,2003,Cardiovascular diseases,dalys,7688.91,3839.76,3094.05,4806.5
19,Timor-Leste,2004,Cardiovascular diseases,dalys,7250.68,3639.01,2932.65,4510.96
19,Timor-Leste,2005,Cardiovascular diseases,dalys,7204.12,3738.56,3015.29,4631.44
19,Timor-Leste,2006,Cardiovascular diseases,dalys,7066.11,3737.25,2963.5,4704.64
19,Timor-Leste,2007,Cardiovascular diseases,dalys,6985.11,3778.29,3016.53,4734.02
19,Timor-Leste,2008,Cardiovascular diseases,dalys,6768.45,3714.51,2981.9,4585.24
19,Timor-Leste,2009,Cardiovascular diseases,dalys,6890.27,3848.85,3088.52,4798.82
19,Timor-Leste,2010,Cardiovascular diseases,dalys,6903.47,3996.47,3214.65,4956.89
19,Timor-Leste,2011,Cardiovascular diseases,dalys,7313.81,4330.44,3529.27,5340.66
19,Timor-Leste,2012,Cardiovascular diseases,dalys,7557.4,4550.01,3722.06,5600.27
19,Timor-Leste,2013,Cardiovascular diseases,dalys,7556.36,4584.83,3772.55,5516.77
154,Tunisia,2002,Cardiovascular diseases,dalys,5077.48,3439.5,2853.67,4074.16
154,Tunisia,2003,Cardiovascular diseases,dalys,4977.09,3451.58,2847.1,4079.38
154,Tunisia,2004,Cardiovascular diseases,dalys,4870.46,3453.55,2881.54,4082.28
154,Tunisia,2005,Cardiovascular diseases,dalys,4769.03,3459.71,2913.89,4115.6
154,Tunisia,2006,Cardiovascular diseases,dalys,4686.7,3480.22,2931.5,4141.4
154,Tunisia,2007,Cardiovascular diseases,dalys,4614.43,3507.95,2966.22,4180.33
154,Tunisia,2008,Cardiovascular diseases,dalys,4546.77,3538.0,2979.81,4176.49
154,Tunisia,2009,Cardiovascular diseases,dalys,4481.38,3569.97,3019.74,4205.04
154,Tunisia,2010,Cardiovascular diseases,dalys,4398.98,3588.31,3014.44,4181.88
154,Tunisia,2011,Cardiovascular diseases,dalys,4292.32,3581.76,3014.12,4140.7
154,Tunisia,2012,Cardiovascular diseases,dalys,4228.85,3609.91,3037.3,4166.11
154,Tunisia,2013,Cardiovascular diseases,dalys,4147.39,3620.47,3074.85,4167.42
189,United Republic of Tanzania,2002,Cardiovascular diseases,dalys,5455.71,2743.76,2468.29,3035.06
189,United Republic of Tanzania,2003,Cardiovascular diseases,dalys,5531.82,2777.65,2496.31,3082.6
189,United Republic of Tanzania,2004,Cardiovascular diseases,dalys,5645.05,2820.78,2481.66,3155.37
189,United Republic of Tanzania,2005,Cardiovascular diseases,dalys,5695.47,2832.08,2476.98,3207.9
189,United Republic of Tanzania,2006,Cardiovascular diseases,dalys,5804.34,2886.32,2549.42,3246.79
189,United Republic of Tanzania,2007,Cardiovascular diseases,dalys,5955.0,2973.8,2644.37,3324.35
189,United Republic of Tanzania,2008,Cardiovascular diseases,dalys,6052.66,3026.32,2681.79,3421.19
189,United Republic of Tanzania,2009,Cardiovascular diseases,dalys,6073.03,3035.13,2661.73,3459.18
189,United Republic of Tanzania,2010,Cardiovascular diseases,dalys,6079.82,3038.35,2639.11,3466.91
189,United Republic of Tanzania,2011,Cardiovascular diseases,dalys,6171.12,3087.53,2672.99,3505.96
189,United Republic of Tanzania,2012,Cardiovascular diseases,dalys,6256.49,3148.62,2721.52,3594.2
189,United Republic of Tanzania,2013,Cardiovascular diseases,dalys,6222.22,3157.56,2727.39,3653.5
41,Uzbekistan,2002,Cardiovascular diseases,dalys,13247.09,7547.41,7251.2,7852.4
41,Uzbekistan,2003,Cardiovascular diseases,dalys,13148.67,7591.61,7262.67,7867.39
41,Uzbekistan,2004,Cardiovascular diseases,dalys,13128.73,7489.88,7186.64,7757.62
41,Uzbekistan,2005,Cardiovascular diseases,dalys,13332.65,7933.71,7629.34,8218.79
41,Uzbekistan,2006,Cardiovascular diseases,dalys,13470.24,7961.76,7611.1,8323.06
41,Uzbekistan,2007,Cardiovascular diseases,dalys,13358.97,7836.14,7399.42,8276.19
41,Uzbekistan,2008,Cardiovascular diseases,dalys,13203.28,7677.17,7281.52,8009.96
41,Uzbekistan,2009,Cardiovascular diseases,dalys,13004.99,7479.51,7166.08,7774.18
41,Uzbekistan,2010,Cardiovascular diseases,dalys,13113.33,7754.5,7474.39,8009.06
41,Uzbekistan,2011,Cardiovascular diseases,dalys,13147.02,7955.01,7696.38,8218.13
41,Uzbekistan,2012,Cardiovascular diseases,dalys,13016.01,8041.78,7773.35,8289.82
41,Uzbekistan,2013,Cardiovascular diseases,dalys,12670.83,7940.78,7681.2,8188.68
30,Vanuatu,2002,Cardiovascular diseases,dalys,10782.42,6008.48,5050.61,7301.5
30,Vanuatu,2003,Cardiovascular diseases,dalys,10118.93,5710.59,4791.5,6787.61
30,Vanuatu,2004,Cardiovascular diseases,dalys,10091.42,5761.46,4859.35,6824.23
30,Vanuatu,2005,Cardiovascular diseases,dalys,10649.41,6151.02,5252.21,7289.56
30,Vanuatu,2006,Cardiovascular diseases,dalys,10836.96,6336.59,5458.91,7534.58
30,Vanuatu,2007,Cardiovascular diseases,dalys,11182.01,6614.7,5675.97,7905.98
30,Vanuatu,2008,Cardiovascular diseases,dalys,11328.9,6767.93,5796.74,8088.57
30,Vanuatu,2009,Cardiovascular diseases,dalys,11148.9,6725.36,5757.79,8040.55
30,Vanuatu,2010,Cardiovascular diseases,dalys,11112.4,6757.18,5764.88,7969.53
30,Vanuatu,2011,Cardiovascular diseases,dalys,11433.85,6988.84,5913.86,8174.81
30,Vanuatu,2012,Cardiovascular diseases,dalys,11501.19,7076.64,5972.44,8371.3
30,Vanuatu,2013,Cardiovascular diseases,dalys,11642.77,7215.31,6110.59,8478.12
20,Viet Nam,2002,Cardiovascular diseases,dalys,5884.78,4176.14,3657.49,4581.18
20,Viet Nam,2003,Cardiovascular diseases,dalys,5868.94,4248.46,3753.26,4693.88
20,Viet Nam,2004,Cardiovascular diseases,dalys,5849.33,4318.36,3829.96,4805.85
20,Viet Nam,2005,Cardiovascular diseases,dalys,5843.03,4394.25,3902.26,4890.86
20,Viet Nam,2006,Cardiovascular diseases,dalys,5839.78,4477.14,4024.22,4978.68
20,Viet Nam,2007,Cardiovascular diseases,dalys,5840.43,4564.8,4135.44,5024.03
20,Viet Nam,2008,Cardiovascular diseases,dalys,5817.62,4635.53,4158.42,5152.85
20,Viet Nam,2009,Cardiovascular diseases,dalys,5789.31,4701.57,4243.43,5233.32
20,Viet Nam,2010,Cardiovascular diseases,dalys,5705.93,4708.01,4271.01,5221.76
20,Viet Nam,2011,Cardiovascular diseases,dalys,5583.6,4704.16,4217.26,5234.59
20,Viet Nam,2012,Cardiovascular diseases,dalys,5530.91,4753.78,4275.28,5313.03
20,Viet Nam,2013,Cardiovascular diseases,dalys,5502.04,4823.95,4347.82,5425.04
191,Zambia,2002,Cardiovascular diseases,dalys,7945.37,2994.41,2391.78,3710.23
191,Zambia,2003,Cardiovascular diseases,dalys,7899.85,2945.69,2429.78,3606.42
191,Zambia,2004,Cardiovascular diseases,dalys,7959.54,2937.37,2476.53,3597.98
191,Zambia,2005,Cardiovascular diseases,dalys,8121.49,2976.49,2548.72,3666.85
191,Zambia,2006,Cardiovascular diseases,dalys,8351.01,3052.49,2620.86,3746.61
191,Zambia,2007,Cardiovascular diseases,dalys,8429.87,3093.04,2654.11,3715.9
191,Zambia,2008,Cardiovascular diseases,dalys,8670.45,3210.8,2719.95,3833.54
191,Zambia,2009,Cardiovascular diseases,dalys,8746.92,3262.37,2762.07,3877.05
191,Zambia,2010,Cardiovascular diseases,dalys,8719.67,3264.08,2754.26,3918.47
191,Zambia,2011,Cardiovascular diseases,dalys,8756.16,3288.17,2805.09,3903.44
191,Zambia,2012,Cardiovascular diseases,dalys,8598.54,3235.9,2737.76,3772.93
191,Zambia,2013,Cardiovascular diseases,dalys,8339.57,3145.36,2675.92,3699.76
198,Zimbabwe,2002,Cardiovascular diseases,dalys,6117.66,3166.01,2632.13,3819.54
198,Zimbabwe,2003,Cardiovascular diseases,dalys,6195.77,3221.9,2632.88,3864.51
198,Zimbabwe,2004,Cardiovascular diseases,dalys,6090.77,3186.71,2595.37,3825.17
198,Zimbabwe,2005,Cardiovascular diseases,dalys,6010.77,3165.24,2567.6,3823.51
198,Zimbabwe,2006,Cardiovascular diseases,dalys,5853.81,3114.42,2528.28,3780.09
198,Zimbabwe,2007,Cardiovascular diseases,dalys,5521.63,2978.76,2380.17,3638.11
198,Zimbabwe,2008,Cardiovascular diseases,dalys,5667.05,3089.84,2413.03,3806.7
198,Zimbabwe,2009,Cardiovascular diseases,dalys,5652.28,3113.91,2471.37,3853.52
198,Zimbabwe,2010,Cardiovascular diseases,dalys,5527.76,3090.67,2504.22,3807.35
198,Zimbabwe,2011,Cardiovascular diseases,dalys,5750.48,3265.59,2591.66,4074.31
198,Zimbabwe,2012,Cardiovascular diseases,dalys,5774.75,3314.38,2675.26,4119.36
198,Zimbabwe,2013,Cardiovascular diseases,dalys,5649.77,3267.13,2635.28,3965.7
168,Angola,2014,Cardiovascular diseases,dalys,6268.04,2735.83,2143.03,3352.59
168,Angola,2015,Cardiovascular diseases,dalys,6163.63,2708.66,2165.21,3277.59
168,Angola,2016,Cardiovascular diseases,dalys,5948.15,2616.27,2123.81,3154.04
168,Angola,2017,Cardiovascular diseases,dalys,5813.11,2568.89,2070.95,3122.63
168,Angola,2018,Cardiovascular diseases,dalys,5706.02,2536.49,2023.02,3122.88
168,Angola,2019,Cardiovascular diseases,dalys,5624.06,2518.96,2029.58,3085.2
168,Angola,2020,Cardiovascular diseases,dalys,5580.0,2502.72,1988.4,3102.02
168,Angola,2021,Cardiovascular diseases,dalys,5669.63,2551.7,2009.03,3192.86
168,Angola,2022,Cardiovascular diseases,dalys,5834.78,2648.22,2149.28,3277.65
168,Angola,2023,Cardiovascular diseases,dalys,6003.98,2765.4,2197.22,3336.38
161,Bangladesh,2014,Cardiovascular diseases,dalys,9542.57,5982.51,4946.3,6545.11
161,Bangladesh,2015,Cardiovascular diseases,dalys,9216.99,5909.62,4811.11,6456.1
161,Bangladesh,2016,Cardiovascular diseases,dalys,9025.89,5921.98,4879.01,6504.8
161,Bangladesh,2017,Cardiovascular diseases,dalys,8713.03,5854.23,4806.24,6454.27
161,Bangladesh,2018,Cardiovascular diseases,dalys,8596.39,5896.61,4748.4,6513.81
161,Bangladesh,2019,Cardiovascular diseases,dalys,8275.6,5779.47,4699.6,6397.74
161,Bangladesh,2020,Cardiovascular diseases,dalys,7895.79,5554.09,4654.25,6270.35
161,Bangladesh,2021,Cardiovascular diseases,dalys,8293.2,5928.25,5010.13,6711.33
161,Bangladesh,2022,Cardiovascular diseases,dalys,8178.22,5984.47,4992.26,6741.39
161,Bangladesh,2023,Cardiovascular diseases,dalys,8132.58,6082.27,5018.91,7026.08
200,Benin,2014,Cardiovascular diseases,dalys,5448.33,2550.23,2042.89,3105.74
200,Benin,2015,Cardiovascular diseases,dalys,5803.7,2731.85,2186.68,3293.97
200,Benin,2016,Cardiovascular diseases,dalys,5527.52,2617.9,2120.09,3131.99
200,Benin,2017,Cardiovascular diseases,dalys,5414.32,2572.9,2077.49,3123.86
200,Benin,2018,Cardiovascular diseases,dalys,5226.63,2496.34,2066.58,3014.96
200,Benin,2019,Cardiovascular diseases,dalys,5126.92,2460.18,2041.72,2941.47
200,Benin,2020,Cardiovascular diseases,dalys,5058.16,2457.1,2025.69,2917.71
200,Benin,2021,Cardiovascular diseases,dalys,4772.4,2331.34,1910.43,2769.14
200,Benin,2022,Cardiovascular diseases,dalys,4684.01,2284.38,1859.12,2689.86
200,Benin,2023,Cardiovascular diseases,dalys,4726.59,2315.41,1851.19,2712.03
162,Bhutan,2014,Cardiovascular diseases,dalys,6220.56,4615.68,3646.2,5676.9
162,Bhutan,2015,Cardiovascular diseases,dalys,6079.66,4600.57,3644.55,5672.37
162,Bhutan,2016,Cardiovascular diseases,dalys,5964.84,4612.6,3654.96,5640.75
162,Bhutan,2017,Cardiovascular diseases,dalys,5798.53,4586.54,3627.32,5568.23
162,Bhutan,2018,Cardiovascular diseases,dalys,5690.04,4608.81,3650.91,5693.04
162,Bhutan,2019,Cardiovascular diseases,dalys,5515.23,4582.18,3615.0,5688.68
162,Bhutan,2020,Cardiovascular diseases,dalys,5380.51,4590.32,3587.13,5742.39
162,Bhutan,2021,Cardiovascular diseases,dalys,5418.59,4745.92,3728.2,6006.46
162,Bhutan,2022,Cardiovascular diseases,dalys,5386.08,4848.58,3780.11,6172.58
162,Bhutan,2023,Cardiovascular diseases,dalys,5399.2,4990.81,4024.38,6163.35
121,Bolivia (Plurinational State of),2014,Cardiovascular diseases,dalys,4768.09,3572.91,2825.73,4408.98
121,Bolivia (Plurinational State of),2015,Cardiovascular diseases,dalys,4743.24,3605.25,2851.96,4400.63
121,Bolivia (Plurinational State of),2016,Cardiovascular diseases,dalys,4707.74,3629.25,2883.64,4422.5
121,Bolivia (Plurinational State of),2017,Cardiovascular diseases,dalys,4623.24,3615.74,2880.27,4332.38
121,Bolivia (Plurinational State of),2018,Cardiovascular diseases,dalys,4582.72,3642.0,2937.96,4340.69
121,Bolivia (Plurinational State of),2019,Cardiovascular diseases,dalys,4522.29,3648.45,2977.89,4380.52
121,Bolivia (Plurinational State of),2020,Cardiovascular diseases,dalys,5375.76,4353.34,3522.86,5216.52
121,Bolivia (Plurinational State of),2021,Cardiovascular diseases,dalys,4922.76,3997.85,3249.89,4773.67
121,Bolivia (Plurinational State of),2022,Cardiovascular diseases,dalys,4286.6,3474.74,2850.88,4143.49
121,Bolivia (Plurinational State of),2023,Cardiovascular diseases,dalys,4080.86,3355.06,2765.08,4002.91
203,Cabo Verde,2014,Cardiovascular diseases,dalys,4171.98,3199.27,2767.51,3653.75
203,Cabo Verde,2015,Cardiovascular diseases,dalys,4378.21,3415.77,2951.49,3890.35
203,Cabo Verde,2016,Cardiovascular diseases,dalys,4257.66,3382.87,2917.59,3905.91
203,Cabo Verde,2017,Cardiovascular diseases,dalys,4367.35,3540.35,3066.96,4079.16
203,Cabo Verde,2018,Cardiovascular diseases,dalys,4192.52,3479.43,2984.51,4010.8
203,Cabo Verde,2019,Cardiovascular diseases,dalys,4242.73,3589.52,3067.63,4158.23
203,Cabo Verde,2020,Cardiovascular diseases,dalys,4111.35,3554.5,3005.31,4186.13
203,Cabo Verde,2021,Cardiovascular diseases,dalys,4009.29,3516.79,2952.06,4156.59
203,Cabo Verde,2022,Cardiovascular diseases,dalys,4260.45,3778.26,3247.13,4369.37
203,Cabo Verde,2023,Cardiovascular diseases,dalys,4319.78,3916.8,3323.95,4545.28
10,Cambodia,2014,Cardiovascular diseases,dalys,6165.25,4330.15,3578.2,5208.05
10,Cambodia,2015,Cardiovascular diseases,dalys,6145.71,4393.47,3668.09,5278.17
10,Cambodia,2016,Cardiovascular diseases,dalys,6147.44,4475.54,3735.99,5370.78
10,Cambodia,2017,Cardiovascular diseases,dalys,5990.05,4436.89,3715.0,5230.82
10,Cambodia,2018,Cardiovascular diseases,dalys,5990.33,4521.18,3796.52,5322.73
10,Cambodia,2019,Cardiovascular diseases,dalys,5989.06,4594.09,3853.18,5367.5
10,Cambodia,2020,Cardiovascular diseases,dalys,6043.0,4710.84,3980.79,5472.11
10,Cambodia,2021,Cardiovascular diseases,dalys,5697.75,4512.81,3771.39,5290.15
10,Cambodia,2022,Cardiovascular diseases,dalys,5852.31,4743.31,4016.47,5574.7
10,Cambodia,2023,Cardiovascular diseases,dalys,6119.82,5092.96,4284.76,5951.87
202,Cameroon,2014,Cardiovascular diseases,dalys,7111.04,3071.82,2554.93,3675.57
202,Cameroon,2015,Cardiovascular diseases,dalys,7500.37,3232.47,2711.76,3842.63
202,Cameroon,2016,Cardiovascular diseases,dalys,7127.43,3097.6,2579.5,3697.57
202,Cameroon,2017,Cardiovascular diseases,dalys,6950.99,3049.66,2553.26,3646.13
202,Cameroon,2018,Cardiovascular diseases,dalys,6880.96,3043.78,2553.31,3616.31
202,Cameroon,2019,Cardiovascular diseases,dalys,6770.63,3020.15,2546.37,3612.04
202,Cameroon,2020,Cardiovascular diseases,dalys,6677.47,2981.57,2486.75,3597.4
202,Cameroon,2021,Cardiovascular diseases,dalys,6579.38,2938.02,2401.36,3554.13
202,Cameroon,2022,Cardiovascular diseases,dalys,6631.46,3010.3,2493.55,3659.63
202,Cameroon,2023,Cardiovascular diseases,dalys,6786.97,3131.4,2565.53,3805.26
176,Comoros,2014,Cardiovascular diseases,dalys,2526.66,1718.79,1401.29,2066.6
176,Comoros,2015,Cardiovascular diseases,dalys,2518.7,1724.23,1415.49,2073.43
176,Comoros,2016,Cardiovascular diseases,dalys,2498.32,1721.31,1417.71,2066.23
176,Comoros,2017,Cardiovascular diseases,dalys,2438.64,1693.57,1389.99,2059.04
176,Comoros,2018,Cardiovascular diseases,dalys,2351.59,1647.21,1347.78,1995.56
176,Comoros,2019,Cardiovascular diseases,dalys,2352.64,1660.33,1353.76,2003.69
176,Comoros,2020,Cardiovascular diseases,dalys,2480.6,1763.77,1362.73,2190.86
176,Comoros,2021,Cardiovascular diseases,dalys,2755.86,1958.83,1399.12,2561.95
176,Comoros,2022,Cardiovascular diseases,dalys,2394.64,1716.78,1341.7,2103.71
176,Comoros,2023,Cardiovascular diseases,dalys,2425.9,1753.43,1381.65,2155.42
170,Congo,2014,Cardiovascular diseases,dalys,6422.62,3017.91,2502.47,3603.15
170,Congo,2015,Cardiovascular diseases,dalys,6475.67,3038.05,2531.68,3601.87
170,Congo,2016,Cardiovascular diseases,dalys,6427.99,3027.49,2522.01,3628.09
170,Congo,2017,Cardiovascular diseases,dalys,6362.85,3006.49,2494.11,3619.5
170,Congo,2018,Cardiovascular diseases,dalys,6292.61,2982.33,2449.95,3605.34
170,Congo,2019,Cardiovascular diseases,dalys,6395.47,3044.27,2466.57,3718.91
170,Congo,2020,Cardiovascular diseases,dalys,6417.94,3052.33,2464.58,3689.92
170,Congo,2021,Cardiovascular diseases,dalys,6430.0,3065.69,2442.83,3711.42
170,Congo,2022,Cardiovascular diseases,dalys,6881.46,3306.25,2681.74,3987.49
170,Congo,2023,Cardiovascular diseases,dalys,7045.85,3450.49,2766.76,4230.09
205,Côte d'Ivoire,2014,Cardiovascular diseases,dalys,5965.34,2712.38,2267.09,3273.86
205,Côte d'Ivoire,2015,Cardiovascular diseases,dalys,6602.96,3028.83,2461.37,3696.07
205,Côte d'Ivoire,2016,Cardiovascular diseases,dalys,6496.96,3017.71,2479.96,3690.43
205,Côte d'Ivoire,2017,Cardiovascular diseases,dalys,6334.8,2962.43,2481.33,3554.51
205,Côte d'Ivoire,2018,Cardiovascular diseases,dalys,6261.83,2964.14,2470.58,3574.65
205,Côte d'Ivoire,2019,Cardiovascular diseases,dalys,5912.7,2812.75,2324.32,3413.15
205,Côte d'Ivoire,2020,Cardiovascular diseases,dalys,5964.15,2855.15,2320.67,3444.51
205,Côte d'Ivoire,2021,Cardiovascular diseases,dalys,5730.0,2771.24,2258.86,3312.16
205,Côte d'Ivoire,2022,Cardiovascular diseases,dalys,6346.98,3044.44,2533.17,3625.67
205,Côte d'Ivoire,2023,Cardiovascular diseases,dalys,6535.67,3154.12,2644.2,3686.2
177,Djibouti,2014,Cardiovascular diseases,dalys,4057.91,2148.24,1651.16,2706.56
177,Djibouti,2015,Cardiovascular diseases,dalys,4154.14,2238.1,1719.85,2794.96
177,Djibouti,2016,Cardiovascular diseases,dalys,4092.43,2247.49,1723.91,2798.04
177,Djibouti,2017,Cardiovascular diseases,dalys,4118.38,2304.11,1777.34,2879.25
177,Djibouti,2018,Cardiovascular diseases,dalys,3968.01,2255.88,1705.21,2882.52
177,Djibouti,2019,Cardiovascular diseases,dalys,3950.73,2283.64,1792.44,2835.76
177,Djibouti,2020,Cardiovascular diseases,dalys,3797.75,2224.73,1671.3,2747.75
177,Djibouti,2021,Cardiovascular diseases,dalys,4032.36,2388.54,1734.76,3018.36
177,Djibouti,2022,Cardiovascular diseases,dalys,3921.44,2370.51,1812.07,2943.71
177,Djibouti,2023,Cardiovascular diseases,dalys,4016.76,2477.7,1871.26,3121.48
141,Egypt,2014,Cardiovascular diseases,dalys,13970.64,7598.32,6819.5,8295.09
141,Egypt,2015,Cardiovascular diseases,dalys,14287.44,7785.98,7033.57,8452.04
141,Egypt,2016,Cardiovascular diseases,dalys,13474.04,7405.04,6767.67,8015.5
141,Egypt,2017,Cardiovascular diseases,dalys,12875.45,7124.33,6567.23,7660.97
141,Egypt,2018,Cardiovascular diseases,dalys,12862.87,7202.08,6563.26,7791.01
141,Egypt,2019,Cardiovascular diseases,dalys,12600.82,7139.91,6526.67,7757.16
141,Egypt,2020,Cardiovascular diseases,dalys,11957.53,6765.58,6060.45,7504.25
141,Egypt,2021,Cardiovascular diseases,dalys,12772.8,7312.69,6494.29,8134.59
141,Egypt,2022,Cardiovascular diseases,dalys,14434.01,8528.66,7582.35,9516.62
141,Egypt,2023,Cardiovascular diseases,dalys,13879.5,8464.32,7436.46,9481.47
197,Eswatini,2014,Cardiovascular diseases,dalys,5111.25,3124.82,2432.41,3958.29
197,Eswatini,2015,Cardiovascular diseases,dalys,4826.53,2995.0,2330.68,3806.5
197,Eswatini,2016,Cardiovascular diseases,dalys,4594.3,2890.46,2235.59,3680.64
197,Eswatini,2017,Cardiovascular diseases,dalys,4537.99,2904.87,2273.8,3724.0
197,Eswatini,2018,Cardiovascular diseases,dalys,4528.71,2947.68,2317.37,3744.78
197,Eswatini,2019,Cardiovascular diseases,dalys,4524.47,2997.43,2299.63,3817.58
197,Eswatini,2020,Cardiovascular diseases,dalys,4788.44,3177.1,2505.85,4107.85
197,Eswatini,2021,Cardiovascular diseases,dalys,5049.17,3337.24,2650.71,4272.72
197,Eswatini,2022,Cardiovascular diseases,dalys,4824.19,3238.48,2567.68,4199.97
197,Eswatini,2023,Cardiovascular diseases,dalys,4699.54,3203.57,2470.04,4079.7
207,Ghana,2014,Cardiovascular diseases,dalys,8013.61,4540.98,3848.49,5397.67
207,Ghana,2015,Cardiovascular diseases,dalys,8774.29,5003.94,4234.45,5946.51
207,Ghana,2016,Cardiovascular diseases,dalys,8739.14,5011.34,4230.83,5950.48
207,Ghana,2017,Cardiovascular diseases,dalys,8735.38,5043.56,4236.08,5950.76
207,Ghana,2018,Cardiovascular diseases,dalys,8723.31,5100.83,4330.96,5947.48
207,Ghana,2019,Cardiovascular diseases,dalys,8610.41,5077.56,4317.77,5889.01
207,Ghana,2020,Cardiovascular diseases,dalys,8574.28,5102.8,4347.04,5890.2
207,Ghana,2021,Cardiovascular diseases,dalys,8463.37,5078.71,4352.07,5879.79
207,Ghana,2022,Cardiovascular diseases,dalys,8937.28,5425.19,4637.32,6277.83
207,Ghana,2023,Cardiovascular diseases,dalys,8830.76,5421.82,4578.65,6321.39
208,Guinea,2014,Cardiovascular diseases,dalys,7045.07,3702.18,3048.26,4421.26
208,Guinea,2015,Cardiovascular diseases,dalys,7372.55,3835.02,3103.87,4569.64
208,Guinea,2016,Cardiovascular diseases,dalys,7190.95,3706.37,3016.17,4445.08
208,Guinea,2017,Cardiovascular diseases,dalys,7095.9,3633.35,2976.15,4382.32
208,Guinea,2018,Cardiovascular diseases,dalys,7003.02,3571.36,2919.06,4291.56
208,Guinea,2019,Cardiovascular diseases,dalys,6925.8,3521.45,2903.81,4233.88
208,Guinea,2020,Cardiovascular diseases,dalys,6770.54,3427.65,2781.06,4068.41
208,Guinea,2021,Cardiovascular diseases,dalys,6706.21,3386.64,2728.4,3994.28
208,Guinea,2022,Cardiovascular diseases,dalys,7435.84,3705.45,2998.51,4383.03
208,Guinea,2023,Cardiovascular diseases,dalys,7473.04,3726.41,2993.49,4489.71
114,Haiti,2014,Cardiovascular diseases,dalys,12178.59,6833.94,5624.2,8109.19
114,Haiti,2015,Cardiovascular diseases,dalys,12238.18,6899.73,5638.0,8209.91
114,Haiti,2016,Cardiovascular diseases,dalys,12301.39,6976.65,5729.99,8323.9
114,Haiti,2017,Cardiovascular diseases,dalys,12342.39,7092.76,5811.54,8295.98
114,Haiti,2018,Cardiovascular diseases,dalys,12522.54,7297.57,5964.48,8521.88
114,Haiti,2019,Cardiovascular diseases,dalys,12588.03,7412.1,6041.12,8667.05
114,Haiti,2020,Cardiovascular diseases,dalys,12275.25,7288.61,5879.45,8629.69
114,Haiti,2021,Cardiovascular diseases,dalys,12453.39,7517.5,6096.97,8890.91
114,Haiti,2022,Cardiovascular diseases,dalys,12868.58,7832.38,6451.95,9229.66
114,Haiti,2023,Cardiovascular diseases,dalys,13209.73,8163.48,6817.14,9791.36
129,Honduras,2014,Cardiovascular diseases,dalys,5033.96,2870.28,2437.37,3305.3
129,Honduras,2015,Cardiovascular diseases,dalys,5023.26,2897.81,2462.54,3333.03
129,Honduras,2016,Cardiovascular diseases,dalys,4882.39,2853.65,2437.99,3280.48
129,Honduras,2017,Cardiovascular diseases,dalys,4816.98,2854.5,2445.3,3310.09
129,Honduras,2018,Cardiovascular diseases,dalys,4769.41,2865.81,2453.89,3326.56
129,Honduras,2019,Cardiovascular diseases,dalys,4703.45,2866.24,2452.29,3348.24
129,Honduras,2020,Cardiovascular diseases,dalys,4547.96,2758.02,2356.58,3212.09
129,Honduras,2021,Cardiovascular diseases,dalys,4783.44,2914.44,2514.85,3381.67
129,Honduras,2022,Cardiovascular diseases,dalys,4755.55,2913.25,2528.92,3380.11
129,Honduras,2023,Cardiovascular diseases,dalys,4754.12,2949.79,2529.42,3392.27
163,India,2014,Cardiovascular diseases,dalys,7283.74,5529.06,5012.91,5969.57
163,India,2015,Cardiovascular diseases,dalys,7247.85,5551.71,5056.85,6020.53
163,India,2016,Cardiovascular diseases,dalys,7419.28,5765.1,5288.34,6259.34
163,India,2017,Cardiovascular diseases,dalys,7279.76,5748.32,5310.84,6245.75
163,India,2018,Cardiovascular diseases,dalys,7142.36,5735.21,5260.14,6231.67
163,India,2019,Cardiovascular diseases,dalys,6625.62,5412.87,4986.69,5887.61
163,India,2020,Cardiovascular diseases,dalys,6347.73,5271.4,4828.43,5734.41
163,India,2021,Cardiovascular diseases,dalys,6963.86,5961.23,5443.44,6461.17
163,India,2022,Cardiovascular diseases,dalys,6400.51,5485.19,4899.69,6078.62
163,India,2023,Cardiovascular diseases,dalys,6366.28,5566.71,4943.61,6273.08
144,Jordan,2014,Cardiovascular diseases,dalys,5697.12,2938.13,2726.16,3124.5
144,Jordan,2015,Cardiovascular diseases,dalys,5561.29,2889.42,2684.69,3059.23
144,Jordan,2016,Cardiovascular diseases,dalys,5402.22,2868.66,2684.63,3039.12
144,Jordan,2017,Cardiovascular diseases,dalys,5306.03,2888.6,2698.55,3084.46
144,Jordan,2018,Cardiovascular diseases,dalys,5247.53,2937.29,2735.81,3134.18
144,Jordan,2019,Cardiovascular diseases,dalys,5139.77,2972.9,2764.61,3173.23
144,Jordan,2020,Cardiovascular diseases,dalys,5087.13,3033.15,2750.7,3293.06
144,Jordan,2021,Cardiovascular diseases,dalys,5277.67,3231.61,2913.78,3536.31
144,Jordan,2022,Cardiovascular diseases,dalys,4886.37,3057.0,2794.03,3296.13
144,Jordan,2023,Cardiovascular diseases,dalys,4680.45,3021.03,2744.93,3302.07
180,Kenya,2014,Cardiovascular diseases,dalys,3432.94,1665.49,1383.41,1964.24
180,Kenya,2015,Cardiovascular diseases,dalys,3406.69,1681.86,1401.63,1994.68
180,Kenya,2016,Cardiovascular diseases,dalys,3334.74,1679.14,1386.43,1984.38
180,Kenya,2017,Cardiovascular diseases,dalys,3226.35,1658.07,1366.71,1978.58
180,Kenya,2018,Cardiovascular diseases,dalys,3185.8,1669.35,1357.65,2005.14
180,Kenya,2019,Cardiovascular diseases,dalys,3125.7,1669.09,1375.13,1994.51
180,Kenya,2020,Cardiovascular diseases,dalys,3316.37,1772.92,1453.67,2122.53
180,Kenya,2021,Cardiovascular diseases,dalys,3533.51,1906.13,1575.36,2292.32
180,Kenya,2022,Cardiovascular diseases,dalys,3135.69,1746.65,1417.56,2091.37
180,Kenya,2023,Cardiovascular diseases,dalys,3158.3,1799.27,1435.77,2190.42
23,Kiribati,2014,Cardiovascular diseases,dalys,6564.14,4640.17,3797.42,5527.85
23,Kiribati,2015,Cardiovascular diseases,dalys,6501.64,4626.81,3833.49,5474.33
23,Kiribati,2016,Cardiovascular diseases,dalys,6436.63,4610.68,3825.89,5409.39
23,Kiribati,2017,Cardiovascular diseases,dalys,6367.47,4592.62,3852.42,5390.53
23,Kiribati,2018,Cardiovascular diseases,dalys,6531.58,4734.49,3961.16,5575.21
23,Kiribati,2019,Cardiovascular diseases,dalys,6271.26,4579.72,3807.39,5430.88
23,Kiribati,2020,Cardiovascular diseases,dalys,6268.83,4628.62,3811.09,5535.54
23,Kiribati,2021,Cardiovascular diseases,dalys,6506.63,4864.16,3902.51,5941.15
23,Kiribati,2022,Cardiovascular diseases,dalys,6454.44,4801.02,4053.3,5752.35
23,Kiribati,2023,Cardiovascular diseases,dalys,6544.86,4897.82,4114.24,5766.07
37,Kyrgyzstan,2014,Cardiovascular diseases,dalys,10816.51,6483.39,6211.75,6738.06
37,Kyrgyzstan,2015,Cardiovascular diseases,dalys,10420.12,6243.44,5972.86,6477.28
37,Kyrgyzstan,2016,Cardiovascular diseases,dalys,10006.88,6004.75,5725.94,6239.07
37,Kyrgyzstan,2017,Cardiovascular diseases,dalys,9690.43,5849.04,5580.26,6080.9
37,Kyrgyzstan,2018,Cardiovascular diseases,dalys,9175.49,5605.19,5365.98,5820.55
37,Kyrgyzstan,2019,Cardiovascular diseases,dalys,8518.99,5264.1,5046.69,5463.72
37,Kyrgyzstan,2020,Cardiovascular diseases,dalys,7703.3,4686.41,4501.86,4872.47
37,Kyrgyzstan,2021,Cardiovascular diseases,dalys,7953.65,4868.22,4689.86,5060.8
37,Kyrgyzstan,2022,Cardiovascular diseases,dalys,7673.3,4859.52,4628.83,5149.63
37,Kyrgyzstan,2023,Cardiovascular diseases,dalys,7853.97,5177.94,4896.06,5452.87
12,Lao People's Democratic Republic,2014,Cardiovascular diseases,dalys,9366.84,5772.74,4743.18,6817.6
12,Lao People's Democratic Republic,2015,Cardiovascular diseases,dalys,9433.33,5930.62,4900.87,6862.64
12,Lao People's Democratic Republic,2016,Cardiovascular diseases,dalys,9525.71,6099.54,4963.31,7010.03
12,Lao People's Democratic Republic,2017,Cardiovascular diseases,dalys,9442.51,6154.51,5067.08,7239.41
12,Lao People's Democratic Republic,2018,Cardiovascular diseases,dalys,9478.03,6291.92,5233.77,7394.43
12,Lao People's Democratic Republic,2019,Cardiovascular diseases,dalys,9500.07,6423.6,5364.59,7629.57
12,Lao People's Democratic Republic,2020,Cardiovascular diseases,dalys,9469.51,6524.21,5441.13,7648.05
12,Lao People's Democratic Republic,2021,Cardiovascular diseases,dalys,9099.73,6377.27,5250.05,7414.04
12,Lao People's Democratic Republic,2022,Cardiovascular diseases,dalys,9562.5,6815.5,5644.01,7940.73
12,Lao People's Democratic Republic,2023,Cardiovascular diseases,dalys,9665.65,7028.24,5933.73,8117.59
146,Lebanon,2014,Cardiovascular diseases,dalys,3529.87,3441.97,2977.75,3854.39
146,Lebanon,2015,Cardiovascular diseases,dalys,3369.62,3072.4,2652.89,3435.29
146,Lebanon,2016,Cardiovascular diseases,dalys,3031.31,2766.74,2410.14,3091.64
146,Lebanon,2017,Cardiovascular diseases,dalys,2884.09,2709.58,2386.41,3055.53
146,Lebanon,2018,Cardiovascular diseases,dalys,3078.73,2961.66,2643.1,3305.91
146,Lebanon,2019,Cardiovascular diseases,dalys,3706.38,3635.06,3254.0,4067.74
146,Lebanon,2020,Cardiovascular diseases,dalys,4327.27,4287.57,3848.99,4792.18
146,Lebanon,2021,Cardiovascular diseases,dalys,2840.45,2855.93,2534.43,3202.41
146,Lebanon,2022,Cardiovascular diseases,dalys,3100.79,3214.61,2770.38,3646.98
146,Lebanon,2023,Cardiovascular diseases,dalys,3136.35,3323.24,2822.21,3781.05
194,Lesotho,2014,Cardiovascular diseases,dalys,6103.42,3877.68,3113.1,4758.55
194,Lesotho,2015,Cardiovascular diseases,dalys,6181.49,3961.81,3155.28,4787.73
194,Lesotho,2016,Cardiovascular diseases,dalys,5989.8,3871.93,3076.12,4630.94
194,Lesotho,2017,Cardiovascular diseases,dalys,5721.15,3734.15,2962.56,4533.03
194,Lesotho,2018,Cardiovascular diseases,dalys,5582.25,3683.09,2970.74,4567.0
194,Lesotho,2019,Cardiovascular diseases,dalys,5423.25,3614.62,2903.63,4447.67
194,Lesotho,2020,Cardiovascular diseases,dalys,5187.35,3486.75,2789.52,4266.43
194,Lesotho,2021,Cardiovascular diseases,dalys,5410.96,3646.06,2972.59,4377.56
194,Lesotho,2022,Cardiovascular diseases,dalys,5847.5,3960.26,3213.7,4788.96
194,Lesotho,2023,Cardiovascular diseases,dalys,6049.28,4135.86,3416.62,5075.79
212,Mauritania,2014,Cardiovascular diseases,dalys,6402.94,3322.89,2703.58,4015.72
212,Mauritania,2015,Cardiovascular diseases,dalys,6568.65,3429.86,2728.38,4132.03
212,Mauritania,2016,Cardiovascular diseases,dalys,6140.46,3231.31,2580.53,3915.44
212,Mauritania,2017,Cardiovascular diseases,dalys,6388.17,3384.45,2716.19,4107.62
212,Mauritania,2018,Cardiovascular diseases,dalys,6197.35,3312.59,2689.85,4010.32
212,Mauritania,2019,Cardiovascular diseases,dalys,6385.92,3437.15,2801.87,4141.76
212,Mauritania,2020,Cardiovascular diseases,dalys,6226.04,3332.71,2697.06,4034.52
212,Mauritania,2021,Cardiovascular diseases,dalys,6481.02,3483.21,2832.12,4209.84
212,Mauritania,2022,Cardiovascular diseases,dalys,6939.72,3725.84,2984.82,4425.97
212,Mauritania,2023,Cardiovascular diseases,dalys,6881.27,3738.34,3025.12,4453.12
25,Micronesia (Federated States of),2014,Cardiovascular diseases,dalys,11720.46,7663.27,6668.11,8699.58
25,Micronesia (Federated States of),2015,Cardiovascular diseases,dalys,11526.35,7681.24,6706.2,8811.46
25,Micronesia (Federated States of),2016,Cardiovascular diseases,dalys,11278.76,7662.2,6693.42,8780.02
25,Micronesia (Federated States of),2017,Cardiovascular diseases,dalys,11120.71,7695.47,6781.63,8791.63
25,Micronesia (Federated States of),2018,Cardiovascular diseases,dalys,10966.72,7781.74,6887.79,8811.39
25,Micronesia (Federated States of),2019,Cardiovascular diseases,dalys,10773.11,7768.63,6863.19,8683.06
25,Micronesia (Federated States of),2020,Cardiovascular diseases,dalys,10971.98,8016.44,7084.85,9048.77
25,Micronesia (Federated States of),2021,Cardiovascular diseases,dalys,11981.72,8922.27,7583.85,10174.52
25,Micronesia (Federated States of),2022,Cardiovascular diseases,dalys,10819.8,8206.12,7086.88,9271.19
25,Micronesia (Federated States of),2023,Cardiovascular diseases,dalys,10640.85,8210.24,7112.89,9278.02
148,Morocco,2014,Cardiovascular diseases,dalys,11370.65,8640.9,7507.38,9788.49
148,Morocco,2015,Cardiovascular diseases,dalys,11223.43,8731.56,7604.46,9897.52
148,Morocco,2016,Cardiovascular diseases,dalys,11053.48,8814.88,7731.76,10043.4
148,Morocco,2017,Cardiovascular diseases,dalys,11015.5,9005.46,7795.2,10197.45
148,Morocco,2018,Cardiovascular diseases,dalys,10878.91,9110.22,7843.0,10445.65
148,Morocco,2019,Cardiovascular diseases,dalys,10834.97,9302.68,8118.17,10587.31
148,Morocco,2020,Cardiovascular diseases,dalys,10864.03,9522.91,8086.92,11204.3
148,Morocco,2021,Cardiovascular diseases,dalys,10888.46,9776.05,8269.68,11376.02
148,Morocco,2022,Cardiovascular diseases,dalys,10767.1,9870.68,8494.12,11245.07
148,Morocco,2023,Cardiovascular diseases,dalys,10445.45,9780.09,8404.37,10926.8
15,Myanmar,2014,Cardiovascular diseases,dalys,11382.69,8949.76,7385.76,10294.95
15,Myanmar,2015,Cardiovascular diseases,dalys,11254.09,8948.08,7416.31,10222.4
15,Myanmar,2016,Cardiovascular diseases,dalys,11274.5,9081.9,7498.11,10379.19
15,Myanmar,2017,Cardiovascular diseases,dalys,11064.67,9034.86,7433.04,10297.11
15,Myanmar,2018,Cardiovascular diseases,dalys,11067.97,9172.48,7682.18,10610.34
15,Myanmar,2019,Cardiovascular diseases,dalys,11053.1,9291.44,7842.53,10729.96
15,Myanmar,2020,Cardiovascular diseases,dalys,11019.88,9386.77,7948.93,10823.71
15,Myanmar,2021,Cardiovascular diseases,dalys,11537.48,9969.14,8459.47,11364.85
15,Myanmar,2022,Cardiovascular diseases,dalys,10746.33,9387.97,7838.18,10871.5
15,Myanmar,2023,Cardiovascular diseases,dalys,10946.69,9719.04,8194.35,11192.02
164,Nepal,2014,Cardiovascular diseases,dalys,5453.88,3960.22,3209.98,4662.6
164,Nepal,2015,Cardiovascular diseases,dalys,5193.56,3847.57,3146.64,4503.78
164,Nepal,2016,Cardiovascular diseases,dalys,5142.47,3882.66,3181.18,4566.94
164,Nepal,2017,Cardiovascular diseases,dalys,4990.18,3849.13,3187.69,4537.85
164,Nepal,2018,Cardiovascular diseases,dalys,4966.85,3911.64,3264.61,4569.03
164,Nepal,2019,Cardiovascular diseases,dalys,4866.85,3913.48,3246.61,4575.0
164,Nepal,2020,Cardiovascular diseases,dalys,4664.41,3824.36,3171.8,4456.47
164,Nepal,2021,Cardiovascular diseases,dalys,5160.43,4323.24,3630.27,5036.83
164,Nepal,2022,Cardiovascular diseases,dalys,5095.01,4319.9,3633.83,5073.9
164,Nepal,2023,Cardiovascular diseases,dalys,5067.58,4381.05,3645.27,5056.56
131,Nicaragua,2014,Cardiovascular diseases,dalys,4153.1,2582.14,2385.1,2795.13
131,Nicaragua,2015,Cardiovascular diseases,dalys,4197.53,2641.44,2439.15,2865.21
131,Nicaragua,2016,Cardiovascular diseases,dalys,4166.94,2655.27,2443.94,2859.26
131,Nicaragua,2017,Cardiovascular diseases,dalys,4194.25,2707.15,2493.8,2919.57
131,Nicaragua,2018,Cardiovascular diseases,dalys,4271.5,2800.45,2601.15,3006.08
131,Nicaragua,2019,Cardiovascular diseases,dalys,4468.22,2979.31,2787.89,3207.84
131,Nicaragua,2020,Cardiovascular diseases,dalys,4503.75,2994.44,2775.79,3197.88
131,Nicaragua,2021,Cardiovascular diseases,dalys,4527.22,3020.36,2789.58,3248.93
131,Nicaragua,2022,Cardiovascular diseases,dalys,4093.03,2787.88,2539.55,3051.22
131,Nicaragua,2023,Cardiovascular diseases,dalys,3607.54,2540.57,2288.72,2795.38
214,Nigeria,2014,Cardiovascular diseases,dalys,6254.02,2702.64,2115.99,3296.46
214,Nigeria,2015,Cardiovascular diseases,dalys,6781.96,2946.42,2341.16,3584.87
214,Nigeria,2016,Cardiovascular diseases,dalys,6412.2,2786.78,2227.73,3437.97
214,Nigeria,2017,Cardiovascular diseases,dalys,6294.52,2748.94,2205.52,3436.71
214,Nigeria,2018,Cardiovascular diseases,dalys,6019.06,2637.15,2065.49,3319.99
214,Nigeria,2019,Cardiovascular diseases,dalys,5772.56,2538.18,1955.66,3213.09
214,Nigeria,2020,Cardiovascular diseases,dalys,5759.94,2541.29,1952.99,3232.65
214,Nigeria,2021,Cardiovascular diseases,dalys,5617.92,2489.33,1898.59,3164.01
214,Nigeria,2022,Cardiovascular diseases,dalys,5923.32,2647.38,2018.88,3300.12
214,Nigeria,2023,Cardiovascular diseases,dalys,6039.55,2726.43,2099.46,3442.19
165,Pakistan,2014,Cardiovascular diseases,dalys,6752.76,4059.24,3220.26,5008.95
165,Pakistan,2015,Cardiovascular diseases,dalys,6608.38,3990.65,3183.08,4849.79
165,Pakistan,2016,Cardiovascular diseases,dalys,6537.43,3967.44,3198.84,4795.1
165,Pakistan,2017,Cardiovascular diseases,dalys,6322.37,3857.47,3130.75,4646.64
165,Pakistan,2018,Cardiovascular diseases,dalys,6238.67,3836.6,3099.35,4623.69
165,Pakistan,2019,Cardiovascular diseases,dalys,6022.41,3727.77,2987.51,4480.13
165,Pakistan,2020,Cardiovascular diseases,dalys,6016.5,3740.46,3009.16,4533.08
165,Pakistan,2021,Cardiovascular diseases,dalys,6475.56,4058.05,3323.66,4848.7
165,Pakistan,2022,Cardiovascular diseases,dalys,6184.47,3860.63,3147.4,4579.64
165,Pakistan,2023,Cardiovascular diseases,dalys,6451.94,4080.18,3338.31,4884.33
149,Palestine,2014,Cardiovascular diseases,dalys,6705.64,2987.05,2781.88,3188.64
149,Palestine,2015,Cardiovascular diseases,dalys,6581.12,2972.93,2768.57,3182.83
149,Palestine,2016,Cardiovascular diseases,dalys,6338.84,2897.98,2707.43,3089.75
149,Palestine,2017,Cardiovascular diseases,dalys,6207.34,2871.76,2692.94,3048.48
149,Palestine,2018,Cardiovascular diseases,dalys,6084.51,2866.78,2698.27,3036.96
149,Palestine,2019,Cardiovascular diseases,dalys,5922.5,2847.82,2675.24,3019.74
149,Palestine,2020,Cardiovascular diseases,dalys,5532.68,2698.99,2546.38,2883.54
149,Palestine,2021,Cardiovascular diseases,dalys,5552.93,2720.21,2548.91,2932.41
149,Palestine,2022,Cardiovascular diseases,dalys,5528.83,2766.59,2561.53,2989.22
149,Palestine,2023,Cardiovascular diseases,dalys,5610.11,2866.85,2630.3,3080.61
26,Papua New Guinea,2014,Cardiovascular diseases,dalys,10825.97,5751.61,4669.69,6921.31
26,Papua New Guinea,2015,Cardiovascular diseases,dalys,11053.52,5935.28,4871.31,7022.52
26,Papua New Guinea,2016,Cardiovascular diseases,dalys,10634.88,5739.27,4763.98,6777.17
26,Papua New Guinea,2017,Cardiovascular diseases,dalys,10534.78,5729.51,4787.15,6685.51
26,Papua New Guinea,2018,Cardiovascular diseases,dalys,10407.64,5706.76,4737.71,6662.57
26,Papua New Guinea,2019,Cardiovascular diseases,dalys,10545.9,5856.05,4901.14,6748.68
26,Papua New Guinea,2020,Cardiovascular diseases,dalys,10049.45,5619.78,4636.4,6511.03
26,Papua New Guinea,2021,Cardiovascular diseases,dalys,9495.06,5384.58,4428.44,6244.77
26,Papua New Guinea,2022,Cardiovascular diseases,dalys,10087.2,5724.24,4846.42,6641.2
26,Papua New Guinea,2023,Cardiovascular diseases,dalys,10173.6,5804.64,4829.56,6809.39
16,Philippines,2014,Cardiovascular diseases,dalys,7535.95,5092.87,4752.32,5355.25
16,Philippines,2015,Cardiovascular diseases,dalys,7622.79,5240.22,4884.26,5531.36
16,Philippines,2016,Cardiovascular diseases,dalys,7684.99,5372.54,4988.51,5668.54
16,Philippines,2017,Cardiovascular diseases,dalys,7593.19,5381.26,5016.42,5678.05
16,Philippines,2018,Cardiovascular diseases,dalys,7588.64,5453.81,5084.71,5739.83
16,Philippines,2019,Cardiovascular diseases,dalys,7555.33,5521.28,5121.75,5807.94
16,Philippines,2020,Cardiovascular diseases,dalys,7174.6,5323.99,4902.28,5601.81
16,Philippines,2021,Cardiovascular diseases,dalys,8106.05,6026.97,5516.46,6394.96
16,Philippines,2022,Cardiovascular diseases,dalys,7637.36,5811.94,5373.24,6199.65
16,Philippines,2023,Cardiovascular diseases,dalys,7017.4,5440.12,5037.33,5839.87
27,Samoa,2014,Cardiovascular diseases,dalys,7620.61,5751.95,4912.5,6685.93
27,Samoa,2015,Cardiovascular diseases,dalys,7580.03,5767.33,4912.07,6646.93
27,Samoa,2016,Cardiovascular diseases,dalys,7527.6,5774.18,4890.89,6603.8
27,Samoa,2017,Cardiovascular diseases,dalys,7477.54,5785.72,4891.87,6623.0
27,Samoa,2018,Cardiovascular diseases,dalys,7482.32,5843.3,4954.83,6720.56
27,Samoa,2019,Cardiovascular diseases,dalys,7668.63,6030.58,5137.17,6924.14
27,Samoa,2020,Cardiovascular diseases,dalys,7500.2,5963.08,4957.93,6970.72
27,Samoa,2021,Cardiovascular diseases,dalys,7859.98,6298.63,5120.25,7566.53
27,Samoa,2022,Cardiovascular diseases,dalys,7726.05,6220.97,5228.77,7225.4
27,Samoa,2023,Cardiovascular diseases,dalys,7974.68,6465.02,5403.15,7608.37
215,Sao Tome and Principe,2014,Cardiovascular diseases,dalys,6091.62,3432.5,2858.33,4121.47
215,Sao Tome and Principe,2015,Cardiovascular diseases,dalys,6161.65,3521.42,2947.76,4215.89
215,Sao Tome and Principe,2016,Cardiovascular diseases,dalys,6043.55,3511.04,2963.53,4199.94
215,Sao Tome and Principe,2017,Cardiovascular diseases,dalys,5839.42,3460.38,2924.45,4167.4
215,Sao Tome and Principe,2018,Cardiovascular diseases,dalys,5657.05,3391.03,2859.76,4087.99
215,Sao Tome and Principe,2019,Cardiovascular diseases,dalys,5591.34,3400.74,2832.92,4104.6
215,Sao Tome and Principe,2020,Cardiovascular diseases,dalys,6044.55,3679.85,2722.45,4601.86
215,Sao Tome and Principe,2021,Cardiovascular diseases,dalys,5784.61,3571.01,2622.78,4592.45
215,Sao Tome and Principe,2022,Cardiovascular diseases,dalys,5493.61,3429.05,2813.25,4254.21
215,Sao Tome and Principe,2023,Cardiovascular diseases,dalys,5442.96,3468.91,2852.75,4231.46
216,Senegal,2014,Cardiovascular diseases,dalys,5533.26,2949.54,2469.56,3457.58
216,Senegal,2015,Cardiovascular diseases,dalys,5533.22,2960.6,2444.88,3510.55
216,Senegal,2016,Cardiovascular diseases,dalys,5527.58,2960.86,2464.83,3491.59
216,Senegal,2017,Cardiovascular diseases,dalys,5539.46,2974.33,2462.49,3520.11
216,Senegal,2018,Cardiovascular diseases,dalys,5202.92,2800.53,2331.57,3330.07
216,Senegal,2019,Cardiovascular diseases,dalys,5489.28,2958.03,2469.05,3488.23
216,Senegal,2020,Cardiovascular diseases,dalys,5256.35,2839.38,2370.28,3359.4
216,Senegal,2021,Cardiovascular diseases,dalys,5145.12,2767.69,2295.9,3268.7
216,Senegal,2022,Cardiovascular diseases,dalys,5732.29,3086.37,2516.75,3603.41
216,Senegal,2023,Cardiovascular diseases,dalys,5704.21,3082.68,2555.36,3616.4
28,Solomon Islands,2014,Cardiovascular diseases,dalys,16006.55,8661.89,7343.23,9846.2
28,Solomon Islands,2015,Cardiovascular diseases,dalys,15845.74,8669.79,7368.63,9975.33
28,Solomon Islands,2016,Cardiovascular diseases,dalys,15243.2,8444.18,7162.32,9695.89
28,Solomon Islands,2017,Cardiovascular diseases,dalys,15250.24,8550.71,7216.11,9866.72
28,Solomon Islands,2018,Cardiovascular diseases,dalys,15305.13,8694.37,7379.4,10006.71
28,Solomon Islands,2019,Cardiovascular diseases,dalys,15683.49,9015.01,7775.45,10286.85
28,Solomon Islands,2020,Cardiovascular diseases,dalys,16020.8,9312.36,8040.06,10622.26
28,Solomon Islands,2021,Cardiovascular diseases,dalys,16132.75,9500.91,8159.0,11080.14
28,Solomon Islands,2022,Cardiovascular diseases,dalys,16894.99,10015.03,8632.03,11516.7
28,Solomon Islands,2023,Cardiovascular diseases,dalys,16994.24,10182.87,8800.24,11639.23
17,Sri Lanka,2014,Cardiovascular diseases,dalys,5215.49,5148.36,4782.35,5479.35
17,Sri Lanka,2015,Cardiovascular diseases,dalys,5052.14,5107.73,4728.3,5438.17
17,Sri Lanka,2016,Cardiovascular diseases,dalys,4930.32,5115.44,4784.47,5420.88
17,Sri Lanka,2017,Cardiovascular diseases,dalys,4869.67,5262.94,4938.1,5584.01
17,Sri Lanka,2018,Cardiovascular diseases,dalys,4803.12,5292.42,4971.22,5617.73
17,Sri Lanka,2019,Cardiovascular diseases,dalys,4543.42,5131.01,4782.0,5470.59
17,Sri Lanka,2020,Cardiovascular diseases,dalys,4432.99,4938.89,4594.74,5287.47
17,Sri Lanka,2021,Cardiovascular diseases,dalys,4315.15,4960.7,4579.14,5332.29
17,Sri Lanka,2022,Cardiovascular diseases,dalys,4916.44,6223.13,5717.62,6732.27
17,Sri Lanka,2023,Cardiovascular diseases,dalys,5136.62,6659.98,6059.52,7272.91
39,Tajikistan,2014,Cardiovascular diseases,dalys,9322.15,4266.15,3898.0,4620.23
39,Tajikistan,2015,Cardiovascular diseases,dalys,9590.5,4421.84,4017.66,4781.19
39,Tajikistan,2016,Cardiovascular diseases,dalys,9821.33,4569.47,4190.06,4946.26
39,Tajikistan,2017,Cardiovascular diseases,dalys,9571.55,4485.68,4141.19,4855.35
39,Tajikistan,2018,Cardiovascular diseases,dalys,9201.56,4354.57,3969.15,4751.53
39,Tajikistan,2019,Cardiovascular diseases,dalys,9258.28,4428.41,4001.67,4875.03
39,Tajikistan,2020,Cardiovascular diseases,dalys,8723.04,4178.07,3726.6,4605.18
39,Tajikistan,2021,Cardiovascular diseases,dalys,9286.71,4460.32,3887.31,5048.49
39,Tajikistan,2022,Cardiovascular diseases,dalys,10476.03,5135.18,4487.15,5796.01
39,Tajikistan,2023,Cardiovascular diseases,dalys,10463.1,5252.09,4620.72,5984.52
19,Timor-Leste,2014,Cardiovascular diseases,dalys,7523.5,4587.23,3777.05,5459.55
19,Timor-Leste,2015,Cardiovascular diseases,dalys,7529.76,4715.84,3892.12,5616.35
19,Timor-Leste,2016,Cardiovascular diseases,dalys,7542.54,4774.58,3954.38,5664.21
19,Timor-Leste,2017,Cardiovascular diseases,dalys,7560.54,4831.41,4012.42,5656.25
19,Timor-Leste,2018,Cardiovascular diseases,dalys,7636.69,4905.43,4106.55,5728.82
19,Timor-Leste,2019,Cardiovascular diseases,dalys,7652.26,4932.36,4109.57,5818.63
19,Timor-Leste,2020,Cardiovascular diseases,dalys,7754.21,5102.79,4227.35,5957.16
19,Timor-Leste,2021,Cardiovascular diseases,dalys,7440.52,4935.31,4077.99,5809.34
19,Timor-Leste,2022,Cardiovascular diseases,dalys,7292.72,4864.62,4086.45,5695.27
19,Timor-Leste,2023,Cardiovascular diseases,dalys,7391.63,4952.96,4149.96,5871.48
154,Tunisia,2014,Cardiovascular diseases,dalys,4121.82,3679.16,3124.56,4185.27
154,Tunisia,2015,Cardiovascular diseases,dalys,4044.96,3690.92,3153.71,4183.98
154,Tunisia,2016,Cardiovascular diseases,dalys,4016.98,3741.25,3214.23,4242.34
154,Tunisia,2017,Cardiovascular diseases,dalys,3930.28,3743.44,3261.98,4265.86
154,Tunisia,2018,Cardiovascular diseases,dalys,3862.75,3762.38,3318.2,4245.33
154,Tunisia,2019,Cardiovascular diseases,dalys,3782.2,3762.01,3344.8,4219.47
154,Tunisia,2020,Cardiovascular diseases,dalys,3501.46,3530.88,3161.97,3953.01
154,Tunisia,2021,Cardiovascular diseases,dalys,3150.67,3206.32,2822.39,3619.63
154,Tunisia,2022,Cardiovascular diseases,dalys,3347.97,3516.58,3078.76,3955.06
154,Tunisia,2023,Cardiovascular diseases,dalys,3650.69,3935.93,3431.65,4408.47
189,United Republic of Tanzania,2014,Cardiovascular diseases,dalys,6086.17,3093.77,2704.07,3604.28
189,United Republic of Tanzania,2015,Cardiovascular diseases,dalys,5980.3,3046.88,2643.33,3524.47
189,United Republic of Tanzania,2016,Cardiovascular diseases,dalys,5846.42,2981.26,2570.45,3420.32
189,United Republic of Tanzania,2017,Cardiovascular diseases,dalys,5634.79,2876.65,2478.86,3303.36
189,United Republic of Tanzania,2018,Cardiovascular diseases,dalys,5480.24,2806.15,2423.06,3263.7
189,United Republic of Tanzania,2019,Cardiovascular diseases,dalys,5297.86,2723.91,2324.45,3154.42
189,United Republic of Tanzania,2020,Cardiovascular diseases,dalys,5351.7,2736.11,2230.2,3210.11
189,United Republic of Tanzania,2021,Cardiovascular diseases,dalys,5719.02,2879.5,2247.84,3582.06
189,United Republic of Tanzania,2022,Cardiovascular diseases,dalys,4923.15,2520.42,2089.84,2952.68
189,United Republic of Tanzania,2023,Cardiovascular diseases,dalys,5034.97,2624.85,2169.01,3112.7
41,Uzbekistan,2014,Cardiovascular diseases,dalys,12349.46,7900.62,7648.53,8142.94
41,Uzbekistan,2015,Cardiovascular diseases,dalys,11995.73,7763.68,7497.24,7998.07
41,Uzbekistan,2016,Cardiovascular diseases,dalys,11733.82,7729.41,7449.83,7970.26
41,Uzbekistan,2017,Cardiovascular diseases,dalys,11485.69,7771.16,7509.06,8000.81
41,Uzbekistan,2018,Cardiovascular diseases,dalys,11252.84,7529.35,7279.7,7756.25
41,Uzbekistan,2019,Cardiovascular diseases,dalys,10900.42,7339.5,7071.64,7604.43
41,Uzbekistan,2020,Cardiovascular diseases,dalys,10427.3,7206.46,6942.13,7435.77
41,Uzbekistan,2021,Cardiovascular diseases,dalys,10024.9,6976.61,6713.11,7217.09
41,Uzbekistan,2022,Cardiovascular diseases,dalys,10268.98,7146.74,6860.24,7395.2
41,Uzbekistan,2023,Cardiovascular diseases,dalys,10136.83,7140.39,6910.07,7408.87
30,Vanuatu,2014,Cardiovascular diseases,dalys,11717.41,7319.37,6201.5,8498.95
30,Vanuatu,2015,Cardiovascular diseases,dalys,11634.69,7325.76,6262.26,8492.68
30,Vanuatu,2016,Cardiovascular diseases,dalys,11529.46,7330.52,6338.67,8459.1
30,Vanuatu,2017,Cardiovascular diseases,dalys,11380.42,7313.86,6330.88,8442.09
30,Vanuatu,2018,Cardiovascular diseases,dalys,11337.16,7374.07,6374.56,8577.05
30,Vanuatu,2019,Cardiovascular diseases,dalys,11258.56,7417.72,6417.2,8596.19
30,Vanuatu,2020,Cardiovascular diseases,dalys,11232.46,7499.02,6382.53,8634.19
30,Vanuatu,2021,Cardiovascular diseases,dalys,11023.73,7460.6,6218.85,8679.36
30,Vanuatu,2022,Cardiovascular diseases,dalys,11201.94,7653.5,6551.36,8766.49
30,Vanuatu,2023,Cardiovascular diseases,dalys,11291.57,7827.31,6608.61,8979.69
20,Viet Nam,2014,Cardiovascular diseases,dalys,5414.09,4835.23,4337.14,5466.42
20,Viet Nam,2015,Cardiovascular diseases,dalys,5314.18,4836.34,4278.1,5521.35
20,Viet Nam,2016,Cardiovascular diseases,dalys,5273.98,4893.21,4284.96,5565.28
20,Viet Nam,2017,Cardiovascular diseases,dalys,5155.84,4884.71,4303.64,5558.68
20,Viet Nam,2018,Cardiovascular diseases,dalys,5124.14,4960.17,4386.64,5610.37
20,Viet Nam,2019,Cardiovascular diseases,dalys,5083.2,5029.04,4472.1,5732.86
20,Viet Nam,2020,Cardiovascular diseases,dalys,5006.02,5049.24,4471.8,5806.7
20,Viet Nam,2021,Cardiovascular diseases,dalys,4793.51,4940.02,4303.67,5643.3
20,Viet Nam,2022,Cardiovascular diseases,dalys,4827.79,5095.71,4403.13,5929.83
20,Viet Nam,2023,Cardiovascular diseases,dalys,4877.13,5264.53,4441.05,6085.07
191,Zambia,2014,Cardiovascular diseases,dalys,8186.57,3096.21,2628.81,3579.82
191,Zambia,2015,Cardiovascular diseases,dalys,8124.95,3069.89,2618.31,3596.95
191,Zambia,2016,Cardiovascular diseases,dalys,8054.98,3052.13,2619.12,3536.82
191,Zambia,2017,Cardiovascular diseases,dalys,7849.17,2979.97,2574.58,3452.71
191,Zambia,2018,Cardiovascular diseases,dalys,7659.11,2911.72,2486.74,3394.75
191,Zambia,2019,Cardiovascular diseases,dalys,7546.28,2881.2,2458.59,3364.31
191,Zambia,2020,Cardiovascular diseases,dalys,7697.98,2935.44,2460.97,3492.31
191,Zambia,2021,Cardiovascular diseases,dalys,8648.48,3262.45,2721.53,3860.62
191,Zambia,2022,Cardiovascular diseases,dalys,7709.85,2936.97,2452.4,3472.37
191,Zambia,2023,Cardiovascular diseases,dalys,7740.52,2996.66,2484.28,3604.11
198,Zimbabwe,2014,Cardiovascular diseases,dalys,5507.11,3208.59,2585.22,3883.06
198,Zimbabwe,2015,Cardiovascular diseases,dalys,5477.38,3209.45,2562.4,3916.17
198,Zimbabwe,2016,Cardiovascular diseases,dalys,5478.78,3231.53,2589.65,3899.84
198,Zimbabwe,2017,Cardiovascular diseases,dalys,5254.87,3118.65,2490.64,3783.35
198,Zimbabwe,2018,Cardiovascular diseases,dalys,5244.77,3141.66,2519.94,3834.52
198,Zimbabwe,2019,Cardiovascular diseases,dalys,5166.56,3128.71,2523.71,3831.91
198,Zimbabwe,2020,Cardiovascular diseases,dalys,5063.43,3092.56,2508.36,3766.13
198,Zimbabwe,2021,Cardiovascular diseases,dalys,5785.32,3483.57,2859.62,4212.64
198,Zimbabwe,2022,Cardiovascular diseases,dalys,4924.58,3023.27,2494.93,3677.68
198,Zimbabwe,2023,Cardiovascular diseases,dalys,4836.19,2992.58,2449.34,3660.73
160,Afghanistan,1990,Cardiovascular diseases,dalys,16775.01,11655.71,10162.12,12963.05
160,Afghanistan,1991,Cardiovascular diseases,dalys,16512.63,11603.11,10114.86,12891.17
160,Afghanistan,1992,Cardiovascular diseases,dalys,16391.1,11636.26,10198.21,12788.4
160,Afghanistan,1993,Cardiovascular diseases,dalys,16509.37,10829.96,9446.48,11970.46
160,Afghanistan,1994,Cardiovascular diseases,dalys,16325.43,9600.13,8337.69,10772.96
160,Afghanistan,1995,Cardiovascular diseases,dalys,16210.5,8827.97,7600.96,9940.51
160,Afghanistan,1996,Cardiovascular diseases,dalys,16008.56,8286.71,7135.62,9433.33
160,Afghanistan,1997,Cardiovascular diseases,dalys,15821.63,7910.38,6854.91,8955.0
160,Afghanistan,1998,Cardiovascular diseases,dalys,15499.4,7530.79,6544.71,8493.47
160,Afghanistan,1999,Cardiovascular diseases,dalys,15524.22,7340.13,6395.62,8236.25
160,Afghanistan,2000,Cardiovascular diseases,dalys,15416.99,7086.05,6145.47,8041.78
160,Afghanistan,2001,Cardiovascular diseases,dalys,15274.01,6950.02,6062.86,7798.54
160,Afghanistan,2002,Cardiovascular diseases,dalys,14698.5,6638.26,5871.37,7477.88
160,Afghanistan,2003,Cardiovascular diseases,dalys,14658.89,6460.92,5613.92,7325.13
160,Afghanistan,2004,Cardiovascular diseases,dalys,14759.17,6246.56,5445.29,7091.17
160,Afghanistan,2005,Cardiovascular diseases,dalys,14608.48,5978.93,5192.18,6785.86
160,Afghanistan,2006,Cardiovascular diseases,dalys,14411.1,5743.08,5006.02,6641.93
201,Burkina Faso,1990,Cardiovascular diseases,dalys,4970.56,2724.27,2184.65,3383.01
201,Burkina Faso,1991,Cardiovascular diseases,dalys,4806.49,2612.99,2111.77,3267.06
201,Burkina Faso,1992,Cardiovascular diseases,dalys,4690.51,2535.97,2064.09,3167.56
201,Burkina Faso,1993,Cardiovascular diseases,dalys,4627.42,2487.44,2015.01,3053.95
201,Burkina Faso,1994,Cardiovascular diseases,dalys,4527.99,2423.36,1966.58,2946.35
201,Burkina Faso,1995,Cardiovascular diseases,dalys,4482.92,2388.05,1950.81,2884.7
201,Burkina Faso,1996,Cardiovascular diseases,dalys,4458.99,2355.78,1918.79,2815.2
201,Burkina Faso,1997,Cardiovascular diseases,dalys,4415.52,2325.96,1885.82,2761.15
201,Burkina Faso,1998,Cardiovascular diseases,dalys,4403.93,2309.62,1873.22,2742.58
201,Burkina Faso,1999,Cardiovascular diseases,dalys,4444.73,2327.23,1875.35,2767.49
201,Burkina Faso,2000,Cardiovascular diseases,dalys,4528.43,2368.53,1938.3,2817.92
201,Burkina Faso,2001,Cardiovascular diseases,dalys,4370.97,2274.06,1876.95,2656.48
201,Burkina Faso,2002,Cardiovascular diseases,dalys,4337.22,2244.66,1855.23,2669.87
201,Burkina Faso,2003,Cardiovascular diseases,dalys,4185.93,2165.29,1799.18,2552.65
201,Burkina Faso,2004,Cardiovascular diseases,dalys,4161.77,2144.22,1791.14,2568.68
201,Burkina Faso,2005,Cardiovascular diseases,dalys,4178.39,2144.08,1802.53,2617.39
201,Burkina Faso,2006,Cardiovascular diseases,dalys,4223.24,2144.02,1794.5,2615.98
175,Burundi,1990,Cardiovascular diseases,dalys,5695.54,3266.59,2206.42,4374.28
175,Burundi,1991,Cardiovascular diseases,dalys,5640.63,3221.21,2219.02,4255.65
175,Burundi,1992,Cardiovascular diseases,dalys,5615.71,3191.83,2192.28,4237.49
175,Burundi,1993,Cardiovascular diseases,dalys,5621.88,3183.0,2125.88,4164.49
175,Burundi,1994,Cardiovascular diseases,dalys,5558.38,3184.13,2115.93,4097.31
175,Burundi,1995,Cardiovascular diseases,dalys,5501.86,3153.85,2089.15,4098.72
175,Burundi,1996,Cardiovascular diseases,dalys,5478.71,3090.41,1996.0,4074.46
175,Burundi,1997,Cardiovascular diseases,dalys,5428.75,3056.52,1992.79,3964.95
175,Burundi,1998,Cardiovascular diseases,dalys,5320.1,2987.35,2002.39,3854.94
175,Burundi,1999,Cardiovascular diseases,dalys,5248.32,2910.41,2027.42,3782.07
175,Burundi,2000,Cardiovascular diseases,dalys,5217.42,2848.19,2010.28,3792.02
175,Burundi,2001,Cardiovascular diseases,dalys,5125.63,2751.19,1988.51,3638.71
175,Burundi,2002,Cardiovascular diseases,dalys,5036.01,2654.43,1972.57,3483.37
175,Burundi,2003,Cardiovascular diseases,dalys,4948.39,2553.55,1947.5,3310.76
175,Burundi,2004,Cardiovascular diseases,dalys,5006.78,2515.99,1922.66,3283.19
175,Burundi,2005,Cardiovascular diseases,dalys,5109.22,2501.67,1926.2,3274.62
175,Burundi,2006,Cardiovascular diseases,dalys,5205.91,2484.72,1929.77,3233.48
169,Central African Republic,1990,Cardiovascular diseases,dalys,7492.95,3641.15,2418.16,4908.55
169,Central African Republic,1991,Cardiovascular diseases,dalys,7610.69,3666.77,2433.94,4907.16
169,Central African Republic,1992,Cardiovascular diseases,dalys,7633.24,3639.42,2480.23,4816.32
169,Central African Republic,1993,Cardiovascular diseases,dalys,7864.08,3724.55,2581.24,4942.17
169,Central African Republic,1994,Cardiovascular diseases,dalys,7888.65,3712.41,2579.15,4968.71
169,Central African Republic,1995,Cardiovascular diseases,dalys,7721.82,3616.11,2506.62,4897.66
169,Central African Republic,1996,Cardiovascular diseases,dalys,7845.83,3676.38,2578.02,4978.49
169,Central African Republic,1997,Cardiovascular diseases,dalys,7660.86,3576.68,2516.21,4885.55
169,Central African Republic,1998,Cardiovascular diseases,dalys,7710.78,3589.04,2487.8,4893.8
169,Central African Republic,1999,Cardiovascular diseases,dalys,7678.17,3563.15,2474.69,4827.09
169,Central African Republic,2000,Cardiovascular diseases,dalys,7441.98,3425.05,2368.3,4656.37
169,Central African Republic,2001,Cardiovascular diseases,dalys,7300.98,3330.05,2339.18,4546.83
169,Central African Republic,2002,Cardiovascular diseases,dalys,7248.41,3282.96,2331.94,4441.73
169,Central African Republic,2003,Cardiovascular diseases,dalys,7025.29,3153.85,2236.62,4256.36
169,Central African Republic,2004,Cardiovascular diseases,dalys,6850.87,3047.35,2176.53,4100.34
169,Central African Republic,2005,Cardiovascular diseases,dalys,6706.3,2961.38,2097.44,3993.0
169,Central African Republic,2006,Cardiovascular diseases,dalys,6622.84,2910.77,2070.04,3962.12
204,Chad,1990,Cardiovascular diseases,dalys,9260.34,4989.34,3877.21,6182.52
204,Chad,1991,Cardiovascular diseases,dalys,9034.08,4787.72,3676.26,6032.71
204,Chad,1992,Cardiovascular diseases,dalys,8809.52,4623.46,3573.09,5760.23
204,Chad,1993,Cardiovascular diseases,dalys,8788.78,4554.11,3634.45,5605.68
204,Chad,1994,Cardiovascular diseases,dalys,8473.87,4336.4,3471.45,5334.04
204,Chad,1995,Cardiovascular diseases,dalys,8254.05,4159.69,3331.23,5112.8
204,Chad,1996,Cardiovascular diseases,dalys,8312.85,4138.95,3336.39,5091.11
204,Chad,1997,Cardiovascular diseases,dalys,8335.48,4095.16,3283.02,5037.9
204,Chad,1998,Cardiovascular diseases,dalys,8328.07,4037.45,3211.31,5004.06
204,Chad,1999,Cardiovascular diseases,dalys,8346.63,4010.51,3142.62,5008.14
204,Chad,2000,Cardiovascular diseases,dalys,8447.06,3990.32,3149.54,5040.22
204,Chad,2001,Cardiovascular diseases,dalys,8497.98,3954.87,3111.86,4987.34
204,Chad,2002,Cardiovascular diseases,dalys,8527.79,3895.85,3071.81,4913.25
204,Chad,2003,Cardiovascular diseases,dalys,8464.04,3798.9,3043.29,4857.47
204,Chad,2004,Cardiovascular diseases,dalys,8419.07,3725.08,3019.07,4779.52
204,Chad,2005,Cardiovascular diseases,dalys,8425.8,3677.95,2965.41,4648.45
204,Chad,2006,Cardiovascular diseases,dalys,8360.22,3620.39,2932.72,4575.47
7,Democratic People's Republic of Korea,1990,Cardiovascular diseases,dalys,8418.64,5751.07,4872.78,6648.14
7,Democratic People's Republic of Korea,1991,Cardiovascular diseases,dalys,8444.97,5863.18,4965.74,6777.38
7,Democratic People's Republic of Korea,1992,Cardiovascular diseases,dalys,8475.43,5970.25,5094.44,6906.14
7,Democratic People's Republic of Korea,1993,Cardiovascular diseases,dalys,8489.08,6060.67,5133.43,7023.9
7,Democratic People's Republic of Korea,1994,Cardiovascular diseases,dalys,8504.19,6153.14,5249.03,7133.18
7,Democratic People's Republic of Korea,1995,Cardiovascular diseases,dalys,8535.37,6237.3,5268.2,7124.84
7,Democratic People's Republic of Korea,1996,Cardiovascular diseases,dalys,8572.15,6330.21,5372.9,7318.0
7,Democratic People's Republic of Korea,1997,Cardiovascular diseases,dalys,8602.99,6428.48,5552.79,7453.56
7,Democratic People's Republic of Korea,1998,Cardiovascular diseases,dalys,8640.49,6534.57,5617.43,7585.91
7,Democratic People's Republic of Korea,1999,Cardiovascular diseases,dalys,8673.55,6655.06,5671.75,7709.37
7,Democratic People's Republic of Korea,2000,Cardiovascular diseases,dalys,8696.69,6780.88,5750.56,7803.33
7,Democratic People's Republic of Korea,2001,Cardiovascular diseases,dalys,8709.15,6914.67,5900.46,7905.82
7,Democratic People's Republic of Korea,2002,Cardiovascular diseases,dalys,8709.67,7045.0,6064.09,8044.28
7,Democratic People's Republic of Korea,2003,Cardiovascular diseases,dalys,8720.2,7191.46,6207.45,8216.88
7,Democratic People's Republic of Korea,2004,Cardiovascular diseases,dalys,8722.24,7336.18,6295.94,8314.93
7,Democratic People's Republic of Korea,2005,Cardiovascular diseases,dalys,8691.83,7452.68,6452.99,8379.19
7,Democratic People's Republic of Korea,2006,Cardiovascular diseases,dalys,8606.71,7537.54,6548.82,8583.99
171,Democratic Republic of the Congo,1990,Cardiovascular diseases,dalys,7270.72,3515.08,2549.44,4607.9
171,Democratic Republic of the Congo,1991,Cardiovascular diseases,dalys,7249.88,3508.79,2553.16,4534.11
171,Democratic Republic of the Congo,1992,Cardiovascular diseases,dalys,7124.18,3445.97,2518.31,4507.73
171,Democratic Republic of the Congo,1993,Cardiovascular diseases,dalys,6985.65,3371.57,2447.76,4378.98
171,Democratic Republic of the Congo,1994,Cardiovascular diseases,dalys,6773.39,3250.45,2372.26,4170.51
171,Democratic Republic of the Congo,1995,Cardiovascular diseases,dalys,6637.82,3183.99,2288.33,4025.11
171,Democratic Republic of the Congo,1996,Cardiovascular diseases,dalys,6503.97,3113.12,2212.52,3931.71
171,Democratic Republic of the Congo,1997,Cardiovascular diseases,dalys,6378.92,3046.73,2168.25,3871.39
171,Democratic Republic of the Congo,1998,Cardiovascular diseases,dalys,6389.3,3046.37,2129.64,3933.77
171,Democratic Republic of the Congo,1999,Cardiovascular diseases,dalys,6468.04,3082.56,2151.29,4072.97
171,Democratic Republic of the Congo,2000,Cardiovascular diseases,dalys,6502.56,3091.02,2127.44,4137.28
171,Democratic Republic of the Congo,2001,Cardiovascular diseases,dalys,6469.73,3069.99,2118.09,4152.35
171,Democratic Republic of the Congo,2002,Cardiovascular diseases,dalys,6541.89,3091.44,2189.5,4249.65
171,Democratic Republic of the Congo,2003,Cardiovascular diseases,dalys,6498.88,3057.87,2192.25,4175.95
171,Democratic Republic of the Congo,2004,Cardiovascular diseases,dalys,6471.77,3029.12,2163.49,4079.18
171,Democratic Republic of the Congo,2005,Cardiovascular diseases,dalys,6446.37,3002.36,2113.71,4043.86
171,Democratic Republic of the Congo,2006,Cardiovascular diseases,dalys,6460.68,3000.2,2129.68,4024.81
178,Eritrea,1990,Cardiovascular diseases,dalys,6118.2,3196.24,2027.83,4491.41
178,Eritrea,1991,Cardiovascular diseases,dalys,6015.9,3124.25,1966.36,4389.59
178,Eritrea,1992,Cardiovascular diseases,dalys,5976.53,3126.23,2054.07,4433.39
178,Eritrea,1993,Cardiovascular diseases,dalys,5890.87,3109.73,2008.23,4375.99
178,Eritrea,1994,Cardiovascular diseases,dalys,5760.92,3027.66,1969.38,4132.1
178,Eritrea,1995,Cardiovascular diseases,dalys,5650.19,2959.69,1937.59,3927.4
178,Eritrea,1996,Cardiovascular diseases,dalys,5616.4,2937.62,1907.17,3865.49
178,Eritrea,1997,Cardiovascular diseases,dalys,5601.63,2930.57,1898.44,3871.94
178,Eritrea,1998,Cardiovascular diseases,dalys,5563.73,2921.84,1884.96,3865.39
178,Eritrea,1999,Cardiovascular diseases,dalys,5560.25,2938.08,1887.68,3908.57
178,Eritrea,2000,Cardiovascular diseases,dalys,5532.51,2945.68,1899.83,3881.8
178,Eritrea,2001,Cardiovascular diseases,dalys,5401.06,2893.85,1908.3,3790.31
178,Eritrea,2002,Cardiovascular diseases,dalys,5437.03,2945.98,1986.78,3881.02
178,Eritrea,2003,Cardiovascular diseases,dalys,5351.12,2919.87,1998.83,3871.19
178,Eritrea,2004,Cardiovascular diseases,dalys,5333.26,2931.75,2059.3,3895.82
178,Eritrea,2005,Cardiovascular diseases,dalys,5307.73,2934.26,2072.67,3951.16
178,Eritrea,2006,Cardiovascular diseases,dalys,5337.61,2981.63,2131.07,4114.27
179,Ethiopia,1990,Cardiovascular diseases,dalys,4281.11,2227.19,1521.2,3014.67
179,Ethiopia,1991,Cardiovascular diseases,dalys,4293.89,2212.08,1509.16,3006.7
179,Ethiopia,1992,Cardiovascular diseases,dalys,4327.21,2200.33,1510.68,3005.19
179,Ethiopia,1993,Cardiovascular diseases,dalys,4360.5,2189.51,1524.48,2949.74
179,Ethiopia,1994,Cardiovascular diseases,dalys,4386.45,2180.06,1517.61,2978.19
179,Ethiopia,1995,Cardiovascular diseases,dalys,4411.29,2164.75,1504.85,2900.53
179,Ethiopia,1996,Cardiovascular diseases,dalys,4465.14,2161.78,1498.18,2885.61
179,Ethiopia,1997,Cardiovascular diseases,dalys,4503.51,2150.82,1521.86,2840.08
179,Ethiopia,1998,Cardiovascular diseases,dalys,4531.2,2135.92,1507.66,2856.63
179,Ethiopia,1999,Cardiovascular diseases,dalys,4545.96,2117.86,1522.31,2780.25
179,Ethiopia,2000,Cardiovascular diseases,dalys,4539.04,2094.35,1547.74,2755.53
179,Ethiopia,2001,Cardiovascular diseases,dalys,4528.72,2069.76,1538.67,2698.17
179,Ethiopia,2002,Cardiovascular diseases,dalys,4510.15,2041.79,1554.4,2612.49
179,Ethiopia,2003,Cardiovascular diseases,dalys,4461.25,2001.82,1548.28,2588.84
179,Ethiopia,2004,Cardiovascular diseases,dalys,4456.64,1984.81,1554.48,2549.66
179,Ethiopia,2005,Cardiovascular diseases,dalys,4517.84,2000.92,1588.17,2603.49
179,Ethiopia,2006,Cardiovascular diseases,dalys,4621.46,2037.65,1648.59,2645.01
206,Gambia,1990,Cardiovascular diseases,dalys,5283.91,2590.06,2057.42,3251.32
206,Gambia,1991,Cardiovascular diseases,dalys,5313.61,2601.01,2064.58,3237.53
206,Gambia,1992,Cardiovascular diseases,dalys,5490.26,2679.14,2131.38,3287.61
206,Gambia,1993,Cardiovascular diseases,dalys,5321.59,2598.79,2054.25,3120.24
206,Gambia,1994,Cardiovascular diseases,dalys,5116.61,2505.23,2016.61,3024.01
206,Gambia,1995,Cardiovascular diseases,dalys,5602.14,2733.87,2213.45,3274.71
206,Gambia,1996,Cardiovascular diseases,dalys,5175.46,2538.11,2053.0,3064.72
206,Gambia,1997,Cardiovascular diseases,dalys,5043.32,2482.25,1972.61,3010.15
206,Gambia,1998,Cardiovascular diseases,dalys,5304.01,2609.13,2087.38,3174.83
206,Gambia,1999,Cardiovascular diseases,dalys,5620.77,2764.87,2239.12,3349.17
206,Gambia,2000,Cardiovascular diseases,dalys,5178.36,2562.07,2069.98,3103.89
206,Gambia,2001,Cardiovascular diseases,dalys,4823.52,2399.83,1962.99,2892.32
206,Gambia,2002,Cardiovascular diseases,dalys,4773.56,2373.01,1940.88,2884.7
206,Gambia,2003,Cardiovascular diseases,dalys,4772.12,2382.54,1971.97,2860.55
206,Gambia,2004,Cardiovascular diseases,dalys,5131.07,2575.21,2119.03,3135.08
206,Gambia,2005,Cardiovascular diseases,dalys,5248.85,2632.17,2148.04,3205.22
206,Gambia,2006,Cardiovascular diseases,dalys,5092.92,2552.58,2067.71,3102.73
209,Guinea-Bissau,1990,Cardiovascular diseases,dalys,7935.25,4201.78,3173.37,5289.69
209,Guinea-Bissau,1991,Cardiovascular diseases,dalys,7895.74,4155.0,3143.74,5265.94
209,Guinea-Bissau,1992,Cardiovascular diseases,dalys,7848.24,4097.87,3084.2,5177.44
209,Guinea-Bissau,1993,Cardiovascular diseases,dalys,7813.85,4042.19,3038.08,5103.73
209,Guinea-Bissau,1994,Cardiovascular diseases,dalys,7883.54,4030.29,2991.75,5008.24
209,Guinea-Bissau,1995,Cardiovascular diseases,dalys,7691.69,3894.13,2890.22,4889.28
209,Guinea-Bissau,1996,Cardiovascular diseases,dalys,8494.23,4213.19,3125.72,5304.42
209,Guinea-Bissau,1997,Cardiovascular diseases,dalys,8323.15,4080.99,2990.76,5071.2
209,Guinea-Bissau,1998,Cardiovascular diseases,dalys,7719.23,3758.68,2739.16,4681.0
209,Guinea-Bissau,1999,Cardiovascular diseases,dalys,7626.62,3673.98,2705.57,4581.3
209,Guinea-Bissau,2000,Cardiovascular diseases,dalys,7615.15,3640.42,2762.55,4498.28
209,Guinea-Bissau,2001,Cardiovascular diseases,dalys,7720.41,3658.54,2831.65,4443.3
209,Guinea-Bissau,2002,Cardiovascular diseases,dalys,7833.57,3668.35,2884.19,4488.81
209,Guinea-Bissau,2003,Cardiovascular diseases,dalys,7868.42,3635.6,2840.76,4459.11
209,Guinea-Bissau,2004,Cardiovascular diseases,dalys,7909.88,3605.45,2875.6,4438.51
209,Guinea-Bissau,2005,Cardiovascular diseases,dalys,8342.12,3734.84,2993.43,4569.94
209,Guinea-Bissau,2006,Cardiovascular diseases,dalys,8034.95,3578.18,2876.22,4372.61
210,Liberia,1990,Cardiovascular diseases,dalys,9164.38,4966.77,3935.65,6039.33
210,Liberia,1991,Cardiovascular diseases,dalys,8983.08,5194.25,4126.56,6307.95
210,Liberia,1992,Cardiovascular diseases,dalys,8424.72,5301.06,4282.07,6352.38
210,Liberia,1993,Cardiovascular diseases,dalys,8150.73,4961.77,4081.62,5968.87
210,Liberia,1994,Cardiovascular diseases,dalys,8041.06,4787.06,3933.03,5717.75
210,Liberia,1995,Cardiovascular diseases,dalys,7674.54,4645.33,3799.78,5508.7
210,Liberia,1996,Cardiovascular diseases,dalys,8078.6,4904.54,4016.69,5872.67
210,Liberia,1997,Cardiovascular diseases,dalys,7593.95,4572.74,3748.82,5525.47
210,Liberia,1998,Cardiovascular diseases,dalys,7713.96,4474.0,3660.21,5478.45
210,Liberia,1999,Cardiovascular diseases,dalys,7746.0,4254.83,3494.76,5258.92
210,Liberia,2000,Cardiovascular diseases,dalys,7748.77,4108.96,3363.4,5087.1
210,Liberia,2001,Cardiovascular diseases,dalys,7506.54,3917.49,3219.93,4788.83
210,Liberia,2002,Cardiovascular diseases,dalys,7428.28,3835.65,3184.17,4616.6
210,Liberia,2003,Cardiovascular diseases,dalys,7237.2,3716.01,3069.47,4429.48
210,Liberia,2004,Cardiovascular diseases,dalys,7195.89,3715.23,3080.85,4464.4
210,Liberia,2005,Cardiovascular diseases,dalys,6972.54,3608.53,2971.51,4355.53
210,Liberia,2006,Cardiovascular diseases,dalys,7070.47,3611.69,2955.5,4394.62
181,Madagascar,1990,Cardiovascular diseases,dalys,8725.84,4100.78,3347.98,4902.51
181,Madagascar,1991,Cardiovascular diseases,dalys,8769.14,4118.22,3382.28,4918.82
181,Madagascar,1992,Cardiovascular diseases,dalys,8798.88,4120.06,3389.87,4973.88
181,Madagascar,1993,Cardiovascular diseases,dalys,8642.13,4014.81,3321.79,4771.18
181,Madagascar,1994,Cardiovascular diseases,dalys,8675.61,3988.47,3264.78,4744.74
181,Madagascar,1995,Cardiovascular diseases,dalys,8352.39,3865.31,3128.17,4602.45
181,Madagascar,1996,Cardiovascular diseases,dalys,8187.29,3723.86,3006.86,4453.47
181,Madagascar,1997,Cardiovascular diseases,dalys,8012.69,3584.86,2938.86,4294.88
181,Madagascar,1998,Cardiovascular diseases,dalys,7835.47,3453.8,2800.6,4156.13
181,Madagascar,1999,Cardiovascular diseases,dalys,7808.58,3391.82,2773.75,4094.86
181,Madagascar,2000,Cardiovascular diseases,dalys,7698.25,3293.46,2730.58,3987.62
181,Madagascar,2001,Cardiovascular diseases,dalys,7557.92,3198.95,2643.44,3889.38
181,Madagascar,2002,Cardiovascular diseases,dalys,7386.38,3091.1,2560.93,3711.11
181,Madagascar,2003,Cardiovascular diseases,dalys,7192.65,2984.52,2443.14,3554.28
181,Madagascar,2004,Cardiovascular diseases,dalys,7063.39,2910.73,2381.57,3495.48
181,Madagascar,2005,Cardiovascular diseases,dalys,6947.09,2859.09,2355.5,3490.28
181,Madagascar,2006,Cardiovascular diseases,dalys,6961.21,2854.92,2374.4,3503.09
182,Malawi,1990,Cardiovascular diseases,dalys,6846.47,3307.64,2577.51,4178.42
182,Malawi,1991,Cardiovascular diseases,dalys,6728.71,3180.89,2498.02,4013.3
182,Malawi,1992,Cardiovascular diseases,dalys,6665.56,3095.5,2431.1,3932.54
182,Malawi,1993,Cardiovascular diseases,dalys,6646.13,3040.82,2402.59,3892.04
182,Malawi,1994,Cardiovascular diseases,dalys,6539.22,2990.1,2373.72,3796.09
182,Malawi,1995,Cardiovascular diseases,dalys,6579.78,3072.12,2427.55,3861.58
182,Malawi,1996,Cardiovascular diseases,dalys,6576.14,3121.84,2466.95,3945.17
182,Malawi,1997,Cardiovascular diseases,dalys,6589.79,3120.79,2462.56,3960.44
182,Malawi,1998,Cardiovascular diseases,dalys,6577.16,3095.19,2454.7,3951.93
182,Malawi,1999,Cardiovascular diseases,dalys,6521.13,3051.84,2431.73,3928.54
182,Malawi,2000,Cardiovascular diseases,dalys,6685.67,3086.63,2459.98,3904.06
182,Malawi,2001,Cardiovascular diseases,dalys,6688.32,3045.18,2435.89,3796.9
182,Malawi,2002,Cardiovascular diseases,dalys,6777.6,3035.85,2416.54,3724.35
182,Malawi,2003,Cardiovascular diseases,dalys,6654.44,2948.67,2347.34,3577.66
182,Malawi,2004,Cardiovascular diseases,dalys,6710.16,2935.25,2374.32,3576.29
182,Malawi,2005,Cardiovascular diseases,dalys,6552.89,2837.73,2285.4,3494.35
182,Malawi,2006,Cardiovascular diseases,dalys,6332.69,2719.88,2161.72,3332.36
211,Mali,1990,Cardiovascular diseases,dalys,6616.25,3677.19,2839.74,4678.43
211,Mali,1991,Cardiovascular diseases,dalys,6531.66,3598.3,2808.26,4587.05
211,Mali,1992,Cardiovascular diseases,dalys,6436.63,3512.07,2740.39,4429.31
211,Mali,1993,Cardiovascular diseases,dalys,6365.1,3439.72,2718.99,4346.75
211,Mali,1994,Cardiovascular diseases,dalys,6260.58,3354.77,2647.38,4203.49
211,Mali,1995,Cardiovascular diseases,dalys,6210.45,3297.51,2603.66,4044.86
211,Mali,1996,Cardiovascular diseases,dalys,6230.97,3269.9,2595.01,3996.88
211,Mali,1997,Cardiovascular diseases,dalys,6144.7,3179.3,2515.18,3977.59
211,Mali,1998,Cardiovascular diseases,dalys,6144.31,3131.13,2474.53,3844.61
211,Mali,1999,Cardiovascular diseases,dalys,6106.05,3072.19,2396.18,3735.33
211,Mali,2000,Cardiovascular diseases,dalys,6076.55,3008.87,2366.03,3684.49
211,Mali,2001,Cardiovascular diseases,dalys,5911.48,2892.27,2309.46,3571.03
211,Mali,2002,Cardiovascular diseases,dalys,5806.8,2823.09,2293.78,3485.7
211,Mali,2003,Cardiovascular diseases,dalys,5639.91,2710.43,2218.09,3421.27
211,Mali,2004,Cardiovascular diseases,dalys,5554.75,2636.71,2160.54,3386.23
211,Mali,2005,Cardiovascular diseases,dalys,5463.04,2567.36,2118.17,3311.39
211,Mali,2006,Cardiovascular diseases,dalys,5511.33,2567.15,2112.4,3249.25
184,Mozambique,1990,Cardiovascular diseases,dalys,4302.95,2365.92,1904.0,2817.12
184,Mozambique,1991,Cardiovascular diseases,dalys,4265.33,2363.13,1876.03,2782.52
184,Mozambique,1992,Cardiovascular diseases,dalys,4249.34,2357.07,1891.35,2765.72
184,Mozambique,1993,Cardiovascular diseases,dalys,4223.78,2344.05,1914.1,2733.11
184,Mozambique,1994,Cardiovascular diseases,dalys,4206.49,2316.61,1898.48,2758.64
184,Mozambique,1995,Cardiovascular diseases,dalys,4213.18,2249.36,1861.97,2714.72
184,Mozambique,1996,Cardiovascular diseases,dalys,4215.16,2187.09,1820.28,2630.24
184,Mozambique,1997,Cardiovascular diseases,dalys,4223.63,2161.87,1763.14,2631.41
184,Mozambique,1998,Cardiovascular diseases,dalys,4259.43,2158.33,1761.61,2602.26
184,Mozambique,1999,Cardiovascular diseases,dalys,4285.25,2152.07,1801.93,2589.27
184,Mozambique,2000,Cardiovascular diseases,dalys,4332.69,2152.11,1805.9,2570.56
184,Mozambique,2001,Cardiovascular diseases,dalys,4285.69,2113.17,1790.95,2508.24
184,Mozambique,2002,Cardiovascular diseases,dalys,4346.07,2116.05,1827.1,2516.22
184,Mozambique,2003,Cardiovascular diseases,dalys,4341.06,2102.53,1827.07,2510.12
184,Mozambique,2004,Cardiovascular diseases,dalys,4409.87,2121.32,1848.33,2521.37
184,Mozambique,2005,Cardiovascular diseases,dalys,4462.15,2126.98,1851.55,2537.51
184,Mozambique,2006,Cardiovascular diseases,dalys,4448.22,2112.13,1835.6,2513.14
213,Niger,1990,Cardiovascular diseases,dalys,7494.6,3299.8,2370.38,4302.02
213,Niger,1991,Cardiovascular diseases,dalys,7500.97,3271.73,2370.23,4230.47
213,Niger,1992,Cardiovascular diseases,dalys,7449.06,3229.84,2374.53,4255.03
213,Niger,1993,Cardiovascular diseases,dalys,7469.57,3225.54,2379.81,4217.42
213,Niger,1994,Cardiovascular diseases,dalys,7447.34,3193.88,2375.14,4164.32
213,Niger,1995,Cardiovascular diseases,dalys,7444.84,3153.38,2343.41,4119.01
213,Niger,1996,Cardiovascular diseases,dalys,7469.29,3143.97,2316.23,4108.23
213,Niger,1997,Cardiovascular diseases,dalys,7486.58,3133.92,2291.42,4075.84
213,Niger,1998,Cardiovascular diseases,dalys,7566.43,3150.0,2290.78,4102.39
213,Niger,1999,Cardiovascular diseases,dalys,7525.37,3101.9,2267.94,4022.2
213,Niger,2000,Cardiovascular diseases,dalys,7688.84,3134.14,2320.33,4053.87
213,Niger,2001,Cardiovascular diseases,dalys,7563.16,3049.18,2315.65,3918.57
213,Niger,2002,Cardiovascular diseases,dalys,7695.48,3076.24,2328.26,3969.24
213,Niger,2003,Cardiovascular diseases,dalys,7548.87,2983.74,2240.9,3856.14
213,Niger,2004,Cardiovascular diseases,dalys,7411.21,2900.03,2193.3,3851.14
213,Niger,2005,Cardiovascular diseases,dalys,7168.84,2824.21,2169.75,3834.04
213,Niger,2006,Cardiovascular diseases,dalys,7160.59,2814.21,2132.73,3808.17
185,Rwanda,1990,Cardiovascular diseases,dalys,8024.13,4466.35,3179.31,5645.66
185,Rwanda,1991,Cardiovascular diseases,dalys,8156.22,4616.31,3340.64,6008.91
185,Rwanda,1992,Cardiovascular diseases,dalys,8317.52,4788.66,3511.15,6212.26
185,Rwanda,1993,Cardiovascular diseases,dalys,8429.58,4941.68,3679.06,6408.07
185,Rwanda,1994,Cardiovascular diseases,dalys,9766.0,5679.82,4179.08,7415.53
185,Rwanda,1995,Cardiovascular diseases,dalys,8329.56,5059.12,3642.96,6583.68
185,Rwanda,1996,Cardiovascular diseases,dalys,8061.83,4974.0,3566.73,6482.8
185,Rwanda,1997,Cardiovascular diseases,dalys,7773.89,4640.38,3392.56,6005.82
185,Rwanda,1998,Cardiovascular diseases,dalys,7461.5,4280.87,3195.23,5480.08
185,Rwanda,1999,Cardiovascular diseases,dalys,7167.44,3959.91,3039.98,5057.66
185,Rwanda,2000,Cardiovascular diseases,dalys,6867.54,3627.85,2815.05,4598.5
185,Rwanda,2001,Cardiovascular diseases,dalys,6518.49,3296.96,2597.07,4110.09
185,Rwanda,2002,Cardiovascular diseases,dalys,6351.92,3075.59,2429.41,3790.64
185,Rwanda,2003,Cardiovascular diseases,dalys,6209.63,2893.16,2359.28,3530.34
185,Rwanda,2004,Cardiovascular diseases,dalys,6237.92,2836.13,2316.9,3371.93
185,Rwanda,2005,Cardiovascular diseases,dalys,6198.51,2772.22,2265.55,3305.41
185,Rwanda,2006,Cardiovascular diseases,dalys,6208.66,2754.67,2245.06,3293.22
217,Sierra Leone,1990,Cardiovascular diseases,dalys,7474.62,4343.61,3187.57,5393.24
217,Sierra Leone,1991,Cardiovascular diseases,dalys,7305.7,4234.79,3167.27,5315.76
217,Sierra Leone,1992,Cardiovascular diseases,dalys,7258.55,4265.98,3219.4,5355.7
217,Sierra Leone,1993,Cardiovascular diseases,dalys,7143.95,4347.91,3313.06,5441.47
217,Sierra Leone,1994,Cardiovascular diseases,dalys,7115.22,4416.61,3370.6,5545.12
217,Sierra Leone,1995,Cardiovascular diseases,dalys,6989.69,4371.66,3332.62,5411.71
217,Sierra Leone,1996,Cardiovascular diseases,dalys,6779.86,4292.94,3276.73,5313.5
217,Sierra Leone,1997,Cardiovascular diseases,dalys,6499.93,4167.48,3207.07,5145.94
217,Sierra Leone,1998,Cardiovascular diseases,dalys,6473.48,4142.43,3211.72,5137.86
217,Sierra Leone,1999,Cardiovascular diseases,dalys,6365.82,4076.08,3236.36,5164.58
217,Sierra Leone,2000,Cardiovascular diseases,dalys,6380.42,4129.36,3302.64,5163.01
217,Sierra Leone,2001,Cardiovascular diseases,dalys,6194.36,4000.68,3190.48,4936.81
217,Sierra Leone,2002,Cardiovascular diseases,dalys,6169.82,3862.23,3138.59,4676.44
217,Sierra Leone,2003,Cardiovascular diseases,dalys,6152.0,3729.97,3018.71,4509.36
217,Sierra Leone,2004,Cardiovascular diseases,dalys,6121.0,3630.0,2913.06,4373.77
217,Sierra Leone,2005,Cardiovascular diseases,dalys,6182.23,3592.23,2852.13,4326.24
217,Sierra Leone,2006,Cardiovascular diseases,dalys,6356.73,3620.35,2893.08,4381.17
187,Somalia,1990,Cardiovascular diseases,dalys,2765.37,1223.08,852.69,1736.69
187,Somalia,1991,Cardiovascular diseases,dalys,2754.71,1233.2,859.6,1767.57
187,Somalia,1992,Cardiovascular diseases,dalys,2809.48,1280.25,903.4,1835.68
187,Somalia,1993,Cardiovascular diseases,dalys,2759.83,1291.39,923.69,1854.0
187,Somalia,1994,Cardiovascular diseases,dalys,2798.91,1325.28,932.22,1870.31
187,Somalia,1995,Cardiovascular diseases,dalys,2741.87,1302.35,915.61,1822.67
187,Somalia,1996,Cardiovascular diseases,dalys,2743.59,1311.63,903.82,1833.87
187,Somalia,1997,Cardiovascular diseases,dalys,2769.26,1325.57,924.78,1911.17
187,Somalia,1998,Cardiovascular diseases,dalys,2799.95,1340.06,932.88,1909.1
187,Somalia,1999,Cardiovascular diseases,dalys,2826.35,1355.7,950.08,1945.64
187,Somalia,2000,Cardiovascular diseases,dalys,2895.44,1386.68,989.54,2003.4
187,Somalia,2001,Cardiovascular diseases,dalys,2885.61,1384.52,996.2,1970.19
187,Somalia,2002,Cardiovascular diseases,dalys,2894.44,1387.27,1004.23,1960.45
187,Somalia,2003,Cardiovascular diseases,dalys,2882.28,1383.71,1001.56,1965.42
187,Somalia,2004,Cardiovascular diseases,dalys,2919.61,1403.78,1014.01,1973.49
187,Somalia,2005,Cardiovascular diseases,dalys,2959.76,1426.77,1030.22,1987.0
187,Somalia,2006,Cardiovascular diseases,dalys,2953.41,1423.74,1020.53,2004.43
435,South Sudan,1990,Cardiovascular diseases,dalys,7662.04,3829.34,2822.64,4692.99
435,South Sudan,1991,Cardiovascular diseases,dalys,7535.42,3737.43,2790.06,4594.59
435,South Sudan,1992,Cardiovascular diseases,dalys,7597.23,3744.7,2792.64,4642.77
435,South Sudan,1993,Cardiovascular diseases,dalys,7603.29,3718.57,2840.0,4577.0
435,South Sudan,1994,Cardiovascular diseases,dalys,7602.7,3684.69,2762.81,4514.01
435,South Sudan,1995,Cardiovascular diseases,dalys,7749.84,3737.92,2750.85,4609.75
435,South Sudan,1996,Cardiovascular diseases,dalys,7615.88,3632.13,2649.92,4467.18
435,South Sudan,1997,Cardiovascular diseases,dalys,7220.23,3384.74,2502.83,4197.61
435,South Sudan,1998,Cardiovascular diseases,dalys,7252.44,3359.48,2452.8,4222.69
435,South Sudan,1999,Cardiovascular diseases,dalys,7169.69,3290.07,2381.12,4145.51
435,South Sudan,2000,Cardiovascular diseases,dalys,7199.64,3271.98,2453.18,4088.62
435,South Sudan,2001,Cardiovascular diseases,dalys,6889.96,3088.22,2361.14,3874.64
435,South Sudan,2002,Cardiovascular diseases,dalys,6790.77,3009.17,2345.75,3816.2
435,South Sudan,2003,Cardiovascular diseases,dalys,6894.81,3039.05,2379.24,3861.49
435,South Sudan,2004,Cardiovascular diseases,dalys,6993.87,3069.07,2402.3,3919.37
435,South Sudan,2005,Cardiovascular diseases,dalys,6959.05,3034.7,2405.77,3868.15
435,South Sudan,2006,Cardiovascular diseases,dalys,7229.6,3138.19,2478.97,4016.43
522,Sudan,1990,Cardiovascular diseases,dalys,20616.13,10875.38,9306.93,12428.47
522,Sudan,1991,Cardiovascular diseases,dalys,20260.56,10667.51,9053.09,12380.68
522,Sudan,1992,Cardiovascular diseases,dalys,19910.87,10442.92,8856.95,12190.78
522,Sudan,1993,Cardiovascular diseases,dalys,19781.49,10352.83,8728.41,11988.3
522,Sudan,1994,Cardiovascular diseases,dalys,19268.98,10081.53,8463.43,11657.92
522,Sudan,1995,Cardiovascular diseases,dalys,18972.34,9912.43,8266.71,11508.35
522,Sudan,1996,Cardiovascular diseases,dalys,18701.85,9759.34,8057.01,11435.2
522,Sudan,1997,Cardiovascular diseases,dalys,18409.48,9630.42,7975.85,11173.95
522,Sudan,1998,Cardiovascular diseases,dalys,18341.96,9598.75,7998.21,11083.12
522,Sudan,1999,Cardiovascular diseases,dalys,17900.7,9351.42,7835.53,10796.57
522,Sudan,2000,Cardiovascular diseases,dalys,17647.68,9222.6,7777.86,10762.57
522,Sudan,2001,Cardiovascular diseases,dalys,17276.46,9016.9,7623.23,10604.34
522,Sudan,2002,Cardiovascular diseases,dalys,17046.26,8884.37,7384.18,10451.45
522,Sudan,2003,Cardiovascular diseases,dalys,16605.2,8642.27,7245.42,10099.61
522,Sudan,2004,Cardiovascular diseases,dalys,16335.91,8544.99,7194.93,9963.23
522,Sudan,2005,Cardiovascular diseases,dalys,15906.37,8399.65,7036.16,9788.08
522,Sudan,2006,Cardiovascular diseases,dalys,15591.24,8268.49,7001.02,9519.9
153,Syrian Arab Republic,1990,Cardiovascular diseases,dalys,14850.8,6845.85,5873.75,7598.07
153,Syrian Arab Republic,1991,Cardiovascular diseases,dalys,14919.73,6833.04,5917.01,7609.45
153,Syrian Arab Republic,1992,Cardiovascular diseases,dalys,15004.77,6824.02,5949.08,7522.82
153,Syrian Arab Republic,1993,Cardiovascular diseases,dalys,14945.81,6768.53,5928.19,7435.6
153,Syrian Arab Republic,1994,Cardiovascular diseases,dalys,14827.98,6679.29,5887.28,7289.01
153,Syrian Arab Republic,1995,Cardiovascular diseases,dalys,14690.86,6591.41,5837.13,7154.99
153,Syrian Arab Republic,1996,Cardiovascular diseases,dalys,14552.11,6526.66,5825.5,7068.13
153,Syrian Arab Republic,1997,Cardiovascular diseases,dalys,14344.76,6433.42,5703.69,6934.52
153,Syrian Arab Republic,1998,Cardiovascular diseases,dalys,13934.62,6261.44,5591.36,6721.08
153,Syrian Arab Republic,1999,Cardiovascular diseases,dalys,13645.92,6184.52,5635.35,6627.44
153,Syrian Arab Republic,2000,Cardiovascular diseases,dalys,13626.47,6171.17,5669.3,6577.65
153,Syrian Arab Republic,2001,Cardiovascular diseases,dalys,13416.47,6062.03,5638.71,6444.13
153,Syrian Arab Republic,2002,Cardiovascular diseases,dalys,13129.99,5909.59,5510.51,6251.14
153,Syrian Arab Republic,2003,Cardiovascular diseases,dalys,12936.24,5812.89,5440.02,6113.24
153,Syrian Arab Republic,2004,Cardiovascular diseases,dalys,12549.53,5579.47,5245.66,5864.97
153,Syrian Arab Republic,2005,Cardiovascular diseases,dalys,12159.57,5382.83,5070.87,5654.22
153,Syrian Arab Republic,2006,Cardiovascular diseases,dalys,11759.95,5170.33,4868.1,5435.39
218,Togo,1990,Cardiovascular diseases,dalys,8457.77,3715.64,2926.61,4504.26
218,Togo,1991,Cardiovascular diseases,dalys,8255.39,3617.02,2877.81,4492.82
218,Togo,1992,Cardiovascular diseases,dalys,8079.54,3533.98,2808.73,4319.33
218,Togo,1993,Cardiovascular diseases,dalys,7915.66,3453.74,2759.35,4234.47
218,Togo,1994,Cardiovascular diseases,dalys,7780.23,3385.18,2709.16,4144.77
218,Togo,1995,Cardiovascular diseases,dalys,7690.68,3343.49,2688.42,4127.37
218,Togo,1996,Cardiovascular diseases,dalys,7622.52,3309.92,2629.38,4053.91
218,Togo,1997,Cardiovascular diseases,dalys,7561.68,3292.3,2565.74,4073.18
218,Togo,1998,Cardiovascular diseases,dalys,7628.26,3326.37,2598.69,4121.21
218,Togo,1999,Cardiovascular diseases,dalys,7590.06,3327.16,2634.41,4121.55
218,Togo,2000,Cardiovascular diseases,dalys,7684.9,3377.95,2711.16,4152.89
218,Togo,2001,Cardiovascular diseases,dalys,7459.07,3294.45,2648.95,4069.42
218,Togo,2002,Cardiovascular diseases,dalys,7195.37,3201.79,2587.96,3954.15
218,Togo,2003,Cardiovascular diseases,dalys,6758.15,3020.51,2429.64,3737.53
218,Togo,2004,Cardiovascular diseases,dalys,6493.3,2916.52,2358.93,3616.15
218,Togo,2005,Cardiovascular diseases,dalys,6338.04,2866.73,2326.7,3567.62
218,Togo,2006,Cardiovascular diseases,dalys,6367.13,2884.15,2337.29,3549.61
190,Uganda,1990,Cardiovascular diseases,dalys,4968.05,2231.42,1710.54,2772.25
190,Uganda,1991,Cardiovascular diseases,dalys,5166.06,2306.65,1786.65,2840.24
190,Uganda,1992,Cardiovascular diseases,dalys,5209.44,2303.92,1816.64,2810.76
190,Uganda,1993,Cardiovascular diseases,dalys,5281.52,2316.88,1830.28,2825.88
190,Uganda,1994,Cardiovascular diseases,dalys,5362.9,2336.29,1865.41,2834.42
190,Uganda,1995,Cardiovascular diseases,dalys,5357.59,2313.29,1824.9,2815.73
190,Uganda,1996,Cardiovascular diseases,dalys,5349.93,2291.04,1820.89,2778.88
190,Uganda,1997,Cardiovascular diseases,dalys,5288.16,2240.7,1797.85,2769.58
190,Uganda,1998,Cardiovascular diseases,dalys,5258.71,2205.67,1777.33,2731.45
190,Uganda,1999,Cardiovascular diseases,dalys,5190.8,2155.72,1753.7,2641.83
190,Uganda,2000,Cardiovascular diseases,dalys,5215.23,2139.25,1706.18,2570.84
190,Uganda,2001,Cardiovascular diseases,dalys,5082.34,2075.28,1646.23,2497.69
190,Uganda,2002,Cardiovascular diseases,dalys,5006.93,2017.72,1624.03,2435.64
190,Uganda,2003,Cardiovascular diseases,dalys,4833.52,1931.39,1582.29,2357.93
190,Uganda,2004,Cardiovascular diseases,dalys,4746.58,1891.14,1530.24,2308.6
190,Uganda,2005,Cardiovascular diseases,dalys,4683.03,1857.24,1511.76,2256.68
190,Uganda,2006,Cardiovascular diseases,dalys,4711.81,1855.68,1517.82,2264.56
157,Yemen,1990,Cardiovascular diseases,dalys,16555.28,6378.16,5443.33,7477.65
157,Yemen,1991,Cardiovascular diseases,dalys,16177.66,6186.34,5273.24,7187.0
157,Yemen,1992,Cardiovascular diseases,dalys,15882.85,6026.74,5170.5,6935.77
157,Yemen,1993,Cardiovascular diseases,dalys,15577.97,5873.81,5077.55,6739.1
157,Yemen,1994,Cardiovascular diseases,dalys,15378.26,5762.8,5012.37,6671.02
157,Yemen,1995,Cardiovascular diseases,dalys,15055.58,5607.89,4877.27,6342.18
157,Yemen,1996,Cardiovascular diseases,dalys,14729.62,5463.83,4767.91,6247.45
157,Yemen,1997,Cardiovascular diseases,dalys,14410.65,5327.08,4666.9,6055.0
157,Yemen,1998,Cardiovascular diseases,dalys,14051.9,5187.43,4518.65,5887.59
157,Yemen,1999,Cardiovascular diseases,dalys,13944.11,5145.22,4512.63,5775.25
157,Yemen,2000,Cardiovascular diseases,dalys,13751.1,5065.51,4425.47,5670.01
157,Yemen,2001,Cardiovascular diseases,dalys,13400.49,4932.57,4320.99,5562.93
157,Yemen,2002,Cardiovascular diseases,dalys,13145.95,4863.27,4246.38,5402.27
157,Yemen,2003,Cardiovascular diseases,dalys,12850.45,4758.2,4154.99,5352.32
157,Yemen,2004,Cardiovascular diseases,dalys,12745.63,4724.17,4138.05,5335.48
157,Yemen,2005,Cardiovascular diseases,dalys,12558.98,4665.75,4082.63,5294.44
157,Yemen,2006,Cardiovascular diseases,dalys,12372.63,4605.22,4026.23,5232.82
160,Afghanistan,2007,Cardiovascular diseases,dalys,14189.01,5491.94,4762.2,6293.59
160,Afghanistan,2008,Cardiovascular diseases,dalys,13947.24,5301.53,4574.06,6088.56
160,Afghanistan,2009,Cardiovascular diseases,dalys,13758.64,5165.93,4479.77,5888.86
160,Afghanistan,2010,Cardiovascular diseases,dalys,13543.25,4998.69,4396.51,5724.56
160,Afghanistan,2011,Cardiovascular diseases,dalys,13583.53,4983.13,4381.88,5697.01
160,Afghanistan,2012,Cardiovascular diseases,dalys,13560.91,4930.0,4344.22,5577.24
160,Afghanistan,2013,Cardiovascular diseases,dalys,13372.35,4812.35,4182.85,5485.23
160,Afghanistan,2014,Cardiovascular diseases,dalys,13293.96,4759.27,4139.45,5498.47
160,Afghanistan,2015,Cardiovascular diseases,dalys,13121.04,4652.16,3999.67,5356.15
160,Afghanistan,2016,Cardiovascular diseases,dalys,12856.58,4544.12,3879.72,5236.64
160,Afghanistan,2017,Cardiovascular diseases,dalys,12538.63,4408.4,3744.51,5091.77
160,Afghanistan,2018,Cardiovascular diseases,dalys,12404.49,4376.53,3749.72,5023.59
160,Afghanistan,2019,Cardiovascular diseases,dalys,12109.14,4282.96,3684.72,4916.93
160,Afghanistan,2020,Cardiovascular diseases,dalys,11983.81,4128.98,3488.67,4875.66
160,Afghanistan,2021,Cardiovascular diseases,dalys,12885.67,4489.87,3752.1,5370.91
160,Afghanistan,2022,Cardiovascular diseases,dalys,12034.37,4227.36,3664.28,4997.47
160,Afghanistan,2023,Cardiovascular diseases,dalys,11908.88,4349.34,3708.86,5059.83
201,Burkina Faso,2007,Cardiovascular diseases,dalys,4120.8,2081.8,1728.94,2521.11
201,Burkina Faso,2008,Cardiovascular diseases,dalys,4046.29,2031.39,1684.82,2498.83
201,Burkina Faso,2009,Cardiovascular diseases,dalys,3956.51,1977.0,1624.23,2422.65
201,Burkina Faso,2010,Cardiovascular diseases,dalys,3867.83,1926.13,1585.21,2323.47
201,Burkina Faso,2011,Cardiovascular diseases,dalys,3778.26,1872.98,1548.11,2273.21
201,Burkina Faso,2012,Cardiovascular diseases,dalys,3860.04,1914.94,1592.36,2302.5
201,Burkina Faso,2013,Cardiovascular diseases,dalys,3736.24,1848.45,1541.66,2207.53
201,Burkina Faso,2014,Cardiovascular diseases,dalys,3740.07,1860.87,1541.9,2205.74
201,Burkina Faso,2015,Cardiovascular diseases,dalys,4123.2,2054.93,1691.43,2435.61
201,Burkina Faso,2016,Cardiovascular diseases,dalys,4037.47,2022.75,1678.73,2415.42
201,Burkina Faso,2017,Cardiovascular diseases,dalys,3959.47,1994.03,1684.06,2364.55
201,Burkina Faso,2018,Cardiovascular diseases,dalys,3862.72,1952.35,1648.26,2319.73
201,Burkina Faso,2019,Cardiovascular diseases,dalys,3714.8,1889.0,1578.74,2245.44
201,Burkina Faso,2020,Cardiovascular diseases,dalys,3623.97,1851.16,1543.6,2178.8
201,Burkina Faso,2021,Cardiovascular diseases,dalys,3444.9,1769.89,1478.76,2143.78
201,Burkina Faso,2022,Cardiovascular diseases,dalys,3898.98,1987.81,1683.74,2371.26
201,Burkina Faso,2023,Cardiovascular diseases,dalys,4161.49,2140.52,1777.45,2527.91
175,Burundi,2007,Cardiovascular diseases,dalys,5350.06,2495.32,1942.29,3262.84
175,Burundi,2008,Cardiovascular diseases,dalys,5516.99,2513.36,1952.88,3278.11
175,Burundi,2009,Cardiovascular diseases,dalys,5549.31,2479.38,1900.86,3222.52
175,Burundi,2010,Cardiovascular diseases,dalys,5577.65,2456.51,1890.84,3197.84
175,Burundi,2011,Cardiovascular diseases,dalys,5641.38,2455.39,1902.61,3163.7
175,Burundi,2012,Cardiovascular diseases,dalys,5688.44,2471.4,1934.8,3136.4
175,Burundi,2013,Cardiovascular diseases,dalys,5649.6,2460.49,1928.08,3045.85
175,Burundi,2014,Cardiovascular diseases,dalys,5723.13,2493.91,1985.42,3064.15
175,Burundi,2015,Cardiovascular diseases,dalys,5760.44,2515.48,2013.39,3092.06
175,Burundi,2016,Cardiovascular diseases,dalys,5747.75,2538.34,2028.76,3118.35
175,Burundi,2017,Cardiovascular diseases,dalys,5699.5,2558.01,2041.45,3178.53
175,Burundi,2018,Cardiovascular diseases,dalys,5591.72,2550.33,1987.7,3209.82
175,Burundi,2019,Cardiovascular diseases,dalys,5576.91,2563.59,1976.23,3230.46
175,Burundi,2020,Cardiovascular diseases,dalys,5626.72,2574.06,2000.76,3173.35
175,Burundi,2021,Cardiovascular diseases,dalys,6178.99,2809.3,2109.11,3550.07
175,Burundi,2022,Cardiovascular diseases,dalys,5904.9,2742.91,2183.73,3438.04
175,Burundi,2023,Cardiovascular diseases,dalys,6119.48,2899.72,2194.18,3567.56
169,Central African Republic,2007,Cardiovascular diseases,dalys,6479.25,2839.31,2023.22,3807.77
169,Central African Republic,2008,Cardiovascular diseases,dalys,6331.66,2767.41,1952.99,3682.6
169,Central African Republic,2009,Cardiovascular diseases,dalys,6363.1,2783.98,1936.21,3762.47
169,Central African Republic,2010,Cardiovascular diseases,dalys,6615.31,2897.18,2011.83,3939.6
169,Central African Republic,2011,Cardiovascular diseases,dalys,6781.46,2962.94,2085.6,4005.24
169,Central African Republic,2012,Cardiovascular diseases,dalys,6737.52,2931.59,2063.03,3914.12
169,Central African Republic,2013,Cardiovascular diseases,dalys,6717.0,2912.14,2046.89,3867.28
169,Central African Republic,2014,Cardiovascular diseases,dalys,6622.55,2880.14,1989.56,3807.15
169,Central African Republic,2015,Cardiovascular diseases,dalys,6768.24,2995.14,2067.96,3916.24
169,Central African Republic,2016,Cardiovascular diseases,dalys,6661.87,2987.01,2048.18,3943.31
169,Central African Republic,2017,Cardiovascular diseases,dalys,6675.13,3004.26,2046.79,4044.07
169,Central African Republic,2018,Cardiovascular diseases,dalys,6547.92,2950.82,2009.91,3945.0
169,Central African Republic,2019,Cardiovascular diseases,dalys,6640.4,3006.57,2064.02,4013.97
169,Central African Republic,2020,Cardiovascular diseases,dalys,6621.35,2992.76,2090.48,3952.2
169,Central African Republic,2021,Cardiovascular diseases,dalys,6467.88,2920.46,2073.7,3922.56
169,Central African Republic,2022,Cardiovascular diseases,dalys,7104.85,3219.4,2277.02,4301.95
169,Central African Republic,2023,Cardiovascular diseases,dalys,7257.32,3303.27,2336.53,4322.1
204,Chad,2007,Cardiovascular diseases,dalys,8335.89,3592.53,2914.62,4532.1
204,Chad,2008,Cardiovascular diseases,dalys,8290.36,3540.31,2815.75,4525.02
204,Chad,2009,Cardiovascular diseases,dalys,8295.19,3515.39,2753.05,4497.22
204,Chad,2010,Cardiovascular diseases,dalys,8359.35,3499.99,2746.42,4461.35
204,Chad,2011,Cardiovascular diseases,dalys,8431.19,3486.25,2776.18,4393.93
204,Chad,2012,Cardiovascular diseases,dalys,8486.03,3471.54,2763.66,4412.94
204,Chad,2013,Cardiovascular diseases,dalys,8317.6,3365.48,2726.17,4217.77
204,Chad,2014,Cardiovascular diseases,dalys,8200.38,3292.75,2616.18,4115.23
204,Chad,2015,Cardiovascular diseases,dalys,8662.93,3463.08,2672.09,4238.69
204,Chad,2016,Cardiovascular diseases,dalys,8404.97,3339.17,2586.06,4082.69
204,Chad,2017,Cardiovascular diseases,dalys,8250.17,3257.06,2546.95,3984.25
204,Chad,2018,Cardiovascular diseases,dalys,8162.06,3202.69,2551.52,3931.23
204,Chad,2019,Cardiovascular diseases,dalys,8049.66,3146.37,2509.96,3845.38
204,Chad,2020,Cardiovascular diseases,dalys,8063.37,3103.39,2491.34,3797.4
204,Chad,2021,Cardiovascular diseases,dalys,7704.42,2988.96,2340.6,3677.69
204,Chad,2022,Cardiovascular diseases,dalys,8578.51,3287.13,2633.35,3958.14
204,Chad,2023,Cardiovascular diseases,dalys,8802.93,3359.99,2668.02,4060.39
7,Democratic People's Republic of Korea,2007,Cardiovascular diseases,dalys,8506.8,7607.53,6603.01,8619.11
7,Democratic People's Republic of Korea,2008,Cardiovascular diseases,dalys,8392.0,7655.02,6560.1,8644.96
7,Democratic People's Republic of Korea,2009,Cardiovascular diseases,dalys,8298.58,7716.58,6642.4,8762.45
7,Democratic People's Republic of Korea,2010,Cardiovascular diseases,dalys,8245.24,7812.15,6635.98,8874.31
7,Democratic People's Republic of Korea,2011,Cardiovascular diseases,dalys,8274.2,8001.72,6803.33,9134.6
7,Democratic People's Republic of Korea,2012,Cardiovascular diseases,dalys,8225.49,8108.57,6939.92,9280.68
7,Democratic People's Republic of Korea,2013,Cardiovascular diseases,dalys,8335.06,8373.19,7260.83,9572.16
7,Democratic People's Republic of Korea,2014,Cardiovascular diseases,dalys,8255.16,8432.83,7235.5,9695.01
7,Democratic People's Republic of Korea,2015,Cardiovascular diseases,dalys,8160.26,8472.29,7322.9,9740.41
7,Democratic People's Republic of Korea,2016,Cardiovascular diseases,dalys,7998.73,8453.02,7179.01,9685.33
7,Democratic People's Republic of Korea,2017,Cardiovascular diseases,dalys,7945.31,8545.11,7348.64,9780.51
7,Democratic People's Republic of Korea,2018,Cardiovascular diseases,dalys,7814.97,8535.77,7259.39,9713.65
7,Democratic People's Republic of Korea,2019,Cardiovascular diseases,dalys,7698.54,8540.94,7210.39,9651.03
7,Democratic People's Republic of Korea,2020,Cardiovascular diseases,dalys,7582.73,8532.28,7289.87,9697.68
7,Democratic People's Republic of Korea,2021,Cardiovascular diseases,dalys,7612.5,8722.75,7420.31,10025.31
7,Democratic People's Republic of Korea,2022,Cardiovascular diseases,dalys,7818.57,9138.17,7840.54,10606.56
7,Democratic People's Republic of Korea,2023,Cardiovascular diseases,dalys,7938.0,9440.02,8110.83,10798.83
171,Democratic Republic of the Congo,2007,Cardiovascular diseases,dalys,6443.28,2985.35,2133.24,3949.71
171,Democratic Republic of the Congo,2008,Cardiovascular diseases,dalys,6485.72,2995.15,2144.88,3966.79
171,Democratic Republic of the Congo,2009,Cardiovascular diseases,dalys,6498.03,2999.8,2147.39,3962.16
171,Democratic Republic of the Congo,2010,Cardiovascular diseases,dalys,6498.58,2999.44,2145.06,3924.86
171,Democratic Republic of the Congo,2011,Cardiovascular diseases,dalys,6510.92,3009.66,2151.26,3908.46
171,Democratic Republic of the Congo,2012,Cardiovascular diseases,dalys,6494.29,3013.23,2180.04,3894.97
171,Democratic Republic of the Congo,2013,Cardiovascular diseases,dalys,6482.92,3029.3,2207.51,3873.57
171,Democratic Republic of the Congo,2014,Cardiovascular diseases,dalys,6545.1,3082.1,2291.56,3925.67
171,Democratic Republic of the Congo,2015,Cardiovascular diseases,dalys,6523.55,3075.2,2297.74,3903.33
171,Democratic Republic of the Congo,2016,Cardiovascular diseases,dalys,6475.83,3068.38,2340.7,3877.42
171,Democratic Republic of the Congo,2017,Cardiovascular diseases,dalys,6493.65,3096.45,2332.93,3958.0
171,Democratic Republic of the Congo,2018,Cardiovascular diseases,dalys,6570.18,3154.42,2347.21,4051.53
171,Democratic Republic of the Congo,2019,Cardiovascular diseases,dalys,6603.79,3188.78,2386.6,4091.86
171,Democratic Republic of the Congo,2020,Cardiovascular diseases,dalys,6874.44,3280.29,2517.16,4189.28
171,Democratic Republic of the Congo,2021,Cardiovascular diseases,dalys,6702.23,3226.58,2425.38,4083.72
171,Democratic Republic of the Congo,2022,Cardiovascular diseases,dalys,7250.51,3491.92,2650.26,4373.87
171,Democratic Republic of the Congo,2023,Cardiovascular diseases,dalys,7241.28,3536.51,2607.04,4481.05
178,Eritrea,2007,Cardiovascular diseases,dalys,5380.02,3034.3,2155.4,4247.27
178,Eritrea,2008,Cardiovascular diseases,dalys,5442.53,3096.35,2200.13,4385.94
178,Eritrea,2009,Cardiovascular diseases,dalys,5476.08,3133.65,2245.18,4446.3
178,Eritrea,2010,Cardiovascular diseases,dalys,5468.42,3153.44,2222.22,4436.96
178,Eritrea,2011,Cardiovascular diseases,dalys,5486.42,3192.4,2266.04,4433.76
178,Eritrea,2012,Cardiovascular diseases,dalys,5577.07,3274.05,2336.33,4480.22
178,Eritrea,2013,Cardiovascular diseases,dalys,5613.74,3326.6,2363.23,4434.2
178,Eritrea,2014,Cardiovascular diseases,dalys,5443.28,3250.33,2319.9,4368.25
178,Eritrea,2015,Cardiovascular diseases,dalys,5595.72,3369.87,2397.19,4519.3
178,Eritrea,2016,Cardiovascular diseases,dalys,5561.13,3378.57,2434.44,4543.57
178,Eritrea,2017,Cardiovascular diseases,dalys,5590.5,3422.99,2461.79,4582.68
178,Eritrea,2018,Cardiovascular diseases,dalys,5589.28,3448.7,2484.24,4575.45
178,Eritrea,2019,Cardiovascular diseases,dalys,5462.24,3391.47,2450.44,4431.4
178,Eritrea,2020,Cardiovascular diseases,dalys,5400.3,3368.22,2447.89,4339.35
178,Eritrea,2021,Cardiovascular diseases,dalys,5332.01,3329.23,2369.86,4307.14
178,Eritrea,2022,Cardiovascular diseases,dalys,6053.15,3724.32,2654.45,4774.89
178,Eritrea,2023,Cardiovascular diseases,dalys,5961.91,3726.27,2755.39,4686.41
179,Ethiopia,2007,Cardiovascular diseases,dalys,4758.16,2098.18,1718.52,2668.85
179,Ethiopia,2008,Cardiovascular diseases,dalys,4896.2,2158.58,1790.83,2683.74
179,Ethiopia,2009,Cardiovascular diseases,dalys,4954.69,2183.71,1823.32,2693.87
179,Ethiopia,2010,Cardiovascular diseases,dalys,5014.93,2212.29,1846.99,2701.17
179,Ethiopia,2011,Cardiovascular diseases,dalys,5062.07,2242.28,1892.56,2688.12
179,Ethiopia,2012,Cardiovascular diseases,dalys,5056.38,2255.24,1890.86,2677.8
179,Ethiopia,2013,Cardiovascular diseases,dalys,5027.12,2260.92,1895.37,2659.51
179,Ethiopia,2014,Cardiovascular diseases,dalys,4960.48,2260.27,1896.01,2631.7
179,Ethiopia,2015,Cardiovascular diseases,dalys,4913.33,2265.99,1908.44,2644.95
179,Ethiopia,2016,Cardiovascular diseases,dalys,4863.04,2266.97,1929.98,2638.61
179,Ethiopia,2017,Cardiovascular diseases,dalys,4850.08,2292.59,1950.35,2702.58
179,Ethiopia,2018,Cardiovascular diseases,dalys,4848.47,2327.52,1962.72,2738.26
179,Ethiopia,2019,Cardiovascular diseases,dalys,4814.07,2344.61,1980.02,2773.26
179,Ethiopia,2020,Cardiovascular diseases,dalys,4695.54,2299.51,1925.04,2734.93
179,Ethiopia,2021,Cardiovascular diseases,dalys,4962.98,2414.61,2009.4,2847.58
179,Ethiopia,2022,Cardiovascular diseases,dalys,5154.36,2574.03,2113.05,3016.78
179,Ethiopia,2023,Cardiovascular diseases,dalys,5317.74,2713.24,2281.06,3218.95
206,Gambia,2007,Cardiovascular diseases,dalys,5046.42,2528.76,2040.69,3102.09
206,Gambia,2008,Cardiovascular diseases,dalys,4769.19,2391.4,1937.04,2900.61
206,Gambia,2009,Cardiovascular diseases,dalys,4803.41,2408.7,1937.76,2934.91
206,Gambia,2010,Cardiovascular diseases,dalys,4644.0,2334.24,1899.27,2878.6
206,Gambia,2011,Cardiovascular diseases,dalys,4201.88,2122.97,1751.59,2615.7
206,Gambia,2012,Cardiovascular diseases,dalys,4280.63,2176.06,1786.0,2678.6
206,Gambia,2013,Cardiovascular diseases,dalys,4128.83,2098.64,1719.27,2556.67
206,Gambia,2014,Cardiovascular diseases,dalys,4482.64,2289.14,1860.53,2768.56
206,Gambia,2015,Cardiovascular diseases,dalys,4543.3,2324.37,1879.98,2794.98
206,Gambia,2016,Cardiovascular diseases,dalys,4751.04,2436.66,1965.73,2943.44
206,Gambia,2017,Cardiovascular diseases,dalys,5326.92,2732.02,2211.88,3294.3
206,Gambia,2018,Cardiovascular diseases,dalys,5153.28,2651.21,2147.54,3203.36
206,Gambia,2019,Cardiovascular diseases,dalys,5368.54,2759.25,2240.15,3336.6
206,Gambia,2020,Cardiovascular diseases,dalys,5328.57,2730.75,2228.84,3342.84
206,Gambia,2021,Cardiovascular diseases,dalys,5300.38,2709.81,2184.25,3319.08
206,Gambia,2022,Cardiovascular diseases,dalys,5553.21,2816.62,2284.68,3361.17
206,Gambia,2023,Cardiovascular diseases,dalys,5764.57,2946.88,2373.85,3521.23
209,Guinea-Bissau,2007,Cardiovascular diseases,dalys,7988.99,3564.16,2830.72,4380.07
209,Guinea-Bissau,2008,Cardiovascular diseases,dalys,8220.56,3652.93,2901.77,4535.21
209,Guinea-Bissau,2009,Cardiovascular diseases,dalys,8081.4,3583.65,2839.99,4441.34
209,Guinea-Bissau,2010,Cardiovascular diseases,dalys,8100.03,3577.65,2833.81,4436.03
209,Guinea-Bissau,2011,Cardiovascular diseases,dalys,8136.9,3592.88,2802.8,4465.62
209,Guinea-Bissau,2012,Cardiovascular diseases,dalys,8322.94,3676.89,2881.04,4596.12
209,Guinea-Bissau,2013,Cardiovascular diseases,dalys,7952.18,3512.41,2791.47,4413.84
209,Guinea-Bissau,2014,Cardiovascular diseases,dalys,8003.17,3532.74,2805.55,4359.74
209,Guinea-Bissau,2015,Cardiovascular diseases,dalys,8462.63,3742.42,2901.29,4444.35
209,Guinea-Bissau,2016,Cardiovascular diseases,dalys,8449.08,3761.05,2940.68,4555.37
209,Guinea-Bissau,2017,Cardiovascular diseases,dalys,8614.34,3851.45,3083.45,4732.62
209,Guinea-Bissau,2018,Cardiovascular diseases,dalys,8535.36,3831.29,3045.47,4684.59
209,Guinea-Bissau,2019,Cardiovascular diseases,dalys,8522.62,3857.04,3046.41,4709.8
209,Guinea-Bissau,2020,Cardiovascular diseases,dalys,8383.05,3781.82,2927.09,4622.82
209,Guinea-Bissau,2021,Cardiovascular diseases,dalys,7912.71,3590.5,2849.66,4386.16
209,Guinea-Bissau,2022,Cardiovascular diseases,dalys,8860.18,4011.4,3185.09,4814.98
209,Guinea-Bissau,2023,Cardiovascular diseases,dalys,8974.19,4108.95,3294.23,4912.49
210,Liberia,2007,Cardiovascular diseases,dalys,6914.89,3473.73,2822.42,4233.86
210,Liberia,2008,Cardiovascular diseases,dalys,7015.55,3454.39,2795.5,4223.07
210,Liberia,2009,Cardiovascular diseases,dalys,7190.26,3488.21,2832.55,4251.89
210,Liberia,2010,Cardiovascular diseases,dalys,7352.97,3539.13,2859.78,4367.11
210,Liberia,2011,Cardiovascular diseases,dalys,7634.55,3669.89,3022.78,4483.17
210,Liberia,2012,Cardiovascular diseases,dalys,7929.98,3780.97,3102.67,4606.77
210,Liberia,2013,Cardiovascular diseases,dalys,7898.07,3758.28,3096.83,4553.1
210,Liberia,2014,Cardiovascular diseases,dalys,7644.6,3672.2,3052.13,4499.09
210,Liberia,2015,Cardiovascular diseases,dalys,7970.19,3863.49,3211.49,4676.31
210,Liberia,2016,Cardiovascular diseases,dalys,7674.76,3776.51,3115.55,4604.44
210,Liberia,2017,Cardiovascular diseases,dalys,7367.02,3689.25,3041.22,4474.52
210,Liberia,2018,Cardiovascular diseases,dalys,7326.82,3742.54,3110.14,4546.29
210,Liberia,2019,Cardiovascular diseases,dalys,7325.53,3811.59,3138.64,4627.44
210,Liberia,2020,Cardiovascular diseases,dalys,7659.64,4015.84,3223.11,4866.69
210,Liberia,2021,Cardiovascular diseases,dalys,8188.23,4341.41,3478.34,5248.94
210,Liberia,2022,Cardiovascular diseases,dalys,7970.46,4227.77,3376.66,5138.5
210,Liberia,2023,Cardiovascular diseases,dalys,8131.05,4394.3,3537.83,5353.89
181,Madagascar,2007,Cardiovascular diseases,dalys,7058.07,2896.83,2427.98,3544.31
181,Madagascar,2008,Cardiovascular diseases,dalys,7206.7,2951.55,2426.69,3621.79
181,Madagascar,2009,Cardiovascular diseases,dalys,7271.02,2969.25,2414.96,3620.0
181,Madagascar,2010,Cardiovascular diseases,dalys,7326.7,2982.43,2453.79,3645.18
181,Madagascar,2011,Cardiovascular diseases,dalys,7358.58,3000.61,2481.36,3660.73
181,Madagascar,2012,Cardiovascular diseases,dalys,7287.69,2973.79,2485.16,3580.32
181,Madagascar,2013,Cardiovascular diseases,dalys,7248.62,2963.7,2465.19,3551.03
181,Madagascar,2014,Cardiovascular diseases,dalys,7142.41,2940.87,2445.69,3459.52
181,Madagascar,2015,Cardiovascular diseases,dalys,7134.51,2949.41,2442.05,3493.92
181,Madagascar,2016,Cardiovascular diseases,dalys,7110.04,2958.33,2477.65,3544.05
181,Madagascar,2017,Cardiovascular diseases,dalys,6984.51,2930.96,2478.05,3504.92
181,Madagascar,2018,Cardiovascular diseases,dalys,7001.19,2968.82,2458.35,3560.99
181,Madagascar,2019,Cardiovascular diseases,dalys,6900.27,2950.4,2448.33,3525.39
181,Madagascar,2020,Cardiovascular diseases,dalys,6632.06,2826.09,2358.04,3361.18
181,Madagascar,2021,Cardiovascular diseases,dalys,6924.19,2973.87,2436.52,3547.99
181,Madagascar,2022,Cardiovascular diseases,dalys,7489.28,3234.93,2611.93,3872.99
181,Madagascar,2023,Cardiovascular diseases,dalys,7505.77,3313.54,2727.29,3986.08
182,Malawi,2007,Cardiovascular diseases,dalys,6092.35,2613.69,2126.12,3179.77
182,Malawi,2008,Cardiovascular diseases,dalys,6000.14,2573.37,2110.73,3149.38
182,Malawi,2009,Cardiovascular diseases,dalys,6008.72,2588.07,2094.01,3164.23
182,Malawi,2010,Cardiovascular diseases,dalys,6116.09,2636.42,2147.09,3216.78
182,Malawi,2011,Cardiovascular diseases,dalys,6110.46,2644.51,2137.18,3178.03
182,Malawi,2012,Cardiovascular diseases,dalys,5993.73,2607.06,2081.31,3154.01
182,Malawi,2013,Cardiovascular diseases,dalys,5806.32,2538.7,2060.41,3071.08
182,Malawi,2014,Cardiovascular diseases,dalys,5722.77,2518.17,2046.3,3041.56
182,Malawi,2015,Cardiovascular diseases,dalys,5679.07,2509.97,2066.08,3046.41
182,Malawi,2016,Cardiovascular diseases,dalys,5598.68,2490.16,2038.11,2993.85
182,Malawi,2017,Cardiovascular diseases,dalys,5477.56,2459.76,2003.45,2985.3
182,Malawi,2018,Cardiovascular diseases,dalys,5413.05,2460.98,2001.05,3006.89
182,Malawi,2019,Cardiovascular diseases,dalys,5361.26,2462.18,2007.05,2977.52
182,Malawi,2020,Cardiovascular diseases,dalys,5253.41,2427.65,1974.34,2951.49
182,Malawi,2021,Cardiovascular diseases,dalys,6921.2,3065.67,2578.79,3610.94
182,Malawi,2022,Cardiovascular diseases,dalys,5752.59,2627.62,2184.86,3078.75
182,Malawi,2023,Cardiovascular diseases,dalys,5766.8,2673.75,2178.07,3195.71
211,Mali,2007,Cardiovascular diseases,dalys,5562.06,2580.16,2085.79,3308.79
211,Mali,2008,Cardiovascular diseases,dalys,5601.43,2590.12,2105.44,3359.28
211,Mali,2009,Cardiovascular diseases,dalys,5658.34,2607.85,2108.76,3371.26
211,Mali,2010,Cardiovascular diseases,dalys,5661.1,2595.42,2067.38,3340.12
211,Mali,2011,Cardiovascular diseases,dalys,5518.03,2524.17,2005.18,3197.5
211,Mali,2012,Cardiovascular diseases,dalys,5488.91,2517.89,2000.54,3134.36
211,Mali,2013,Cardiovascular diseases,dalys,5196.93,2379.22,1919.07,2892.26
211,Mali,2014,Cardiovascular diseases,dalys,5260.9,2424.34,1925.18,2953.49
211,Mali,2015,Cardiovascular diseases,dalys,5722.18,2644.16,2089.44,3227.63
211,Mali,2016,Cardiovascular diseases,dalys,5640.35,2629.54,2104.19,3214.88
211,Mali,2017,Cardiovascular diseases,dalys,5762.86,2691.89,2169.64,3239.27
211,Mali,2018,Cardiovascular diseases,dalys,5738.64,2683.49,2178.37,3202.06
211,Mali,2019,Cardiovascular diseases,dalys,5582.69,2612.23,2121.67,3122.95
211,Mali,2020,Cardiovascular diseases,dalys,5355.65,2503.95,2015.67,2982.47
211,Mali,2021,Cardiovascular diseases,dalys,5517.36,2588.69,2060.68,3067.73
211,Mali,2022,Cardiovascular diseases,dalys,5882.96,2732.28,2208.33,3186.33
211,Mali,2023,Cardiovascular diseases,dalys,6046.8,2814.07,2254.95,3269.84
184,Mozambique,2007,Cardiovascular diseases,dalys,4331.51,2049.72,1758.27,2433.4
184,Mozambique,2008,Cardiovascular diseases,dalys,4449.97,2099.93,1803.24,2441.59
184,Mozambique,2009,Cardiovascular diseases,dalys,4426.24,2086.03,1788.81,2397.39
184,Mozambique,2010,Cardiovascular diseases,dalys,4411.03,2069.59,1774.17,2404.61
184,Mozambique,2011,Cardiovascular diseases,dalys,4456.27,2074.89,1776.36,2416.49
184,Mozambique,2012,Cardiovascular diseases,dalys,4535.56,2095.98,1773.02,2431.23
184,Mozambique,2013,Cardiovascular diseases,dalys,4562.54,2089.92,1765.24,2429.83
184,Mozambique,2014,Cardiovascular diseases,dalys,4453.27,2030.66,1703.59,2341.26
184,Mozambique,2015,Cardiovascular diseases,dalys,4422.25,1999.38,1686.38,2311.31
184,Mozambique,2016,Cardiovascular diseases,dalys,4377.28,1982.08,1662.82,2305.97
184,Mozambique,2017,Cardiovascular diseases,dalys,4338.7,1954.61,1646.45,2306.66
184,Mozambique,2018,Cardiovascular diseases,dalys,4341.18,1946.65,1641.53,2302.62
184,Mozambique,2019,Cardiovascular diseases,dalys,4424.14,1980.41,1675.82,2345.55
184,Mozambique,2020,Cardiovascular diseases,dalys,4415.65,1965.07,1656.0,2308.37
184,Mozambique,2021,Cardiovascular diseases,dalys,4571.4,2005.58,1690.88,2337.07
184,Mozambique,2022,Cardiovascular diseases,dalys,4536.35,1996.05,1645.8,2331.25
184,Mozambique,2023,Cardiovascular diseases,dalys,4560.53,2029.13,1664.01,2425.99
213,Niger,2007,Cardiovascular diseases,dalys,6938.77,2722.73,2034.09,3669.36
213,Niger,2008,Cardiovascular diseases,dalys,6897.2,2704.35,2005.44,3567.88
213,Niger,2009,Cardiovascular diseases,dalys,6808.81,2666.78,1975.29,3570.56
213,Niger,2010,Cardiovascular diseases,dalys,6707.79,2614.69,1942.94,3488.68
213,Niger,2011,Cardiovascular diseases,dalys,6719.27,2622.97,1928.13,3453.18
213,Niger,2012,Cardiovascular diseases,dalys,6666.01,2605.22,1916.17,3426.29
213,Niger,2013,Cardiovascular diseases,dalys,6452.24,2535.2,1838.92,3397.01
213,Niger,2014,Cardiovascular diseases,dalys,6337.54,2505.37,1842.37,3315.59
213,Niger,2015,Cardiovascular diseases,dalys,7199.51,2868.36,2063.09,3709.85
213,Niger,2016,Cardiovascular diseases,dalys,7144.46,2855.33,2043.3,3728.43
213,Niger,2017,Cardiovascular diseases,dalys,6886.93,2740.29,2038.25,3574.61
213,Niger,2018,Cardiovascular diseases,dalys,6894.61,2715.41,2035.55,3524.15
213,Niger,2019,Cardiovascular diseases,dalys,6599.11,2589.03,1977.21,3340.77
213,Niger,2020,Cardiovascular diseases,dalys,6745.77,2652.09,2027.59,3390.96
213,Niger,2021,Cardiovascular diseases,dalys,6361.03,2524.7,1927.11,3193.84
213,Niger,2022,Cardiovascular diseases,dalys,6689.5,2606.1,2032.96,3242.44
213,Niger,2023,Cardiovascular diseases,dalys,7166.54,2815.89,2148.66,3527.86
185,Rwanda,2007,Cardiovascular diseases,dalys,6091.55,2693.78,2219.38,3248.29
185,Rwanda,2008,Cardiovascular diseases,dalys,5944.57,2622.61,2142.39,3181.79
185,Rwanda,2009,Cardiovascular diseases,dalys,5831.58,2580.62,2113.57,3118.12
185,Rwanda,2010,Cardiovascular diseases,dalys,5702.73,2544.97,2089.46,3064.06
185,Rwanda,2011,Cardiovascular diseases,dalys,5653.23,2552.86,2104.93,3055.88
185,Rwanda,2012,Cardiovascular diseases,dalys,5618.92,2573.67,2138.02,3082.61
185,Rwanda,2013,Cardiovascular diseases,dalys,5650.57,2637.04,2205.17,3163.2
185,Rwanda,2014,Cardiovascular diseases,dalys,5629.5,2680.49,2197.97,3202.41
185,Rwanda,2015,Cardiovascular diseases,dalys,5552.84,2686.7,2214.19,3259.76
185,Rwanda,2016,Cardiovascular diseases,dalys,5449.45,2693.85,2196.64,3292.79
185,Rwanda,2017,Cardiovascular diseases,dalys,5393.31,2726.72,2241.68,3320.09
185,Rwanda,2018,Cardiovascular diseases,dalys,5376.08,2779.12,2277.76,3418.79
185,Rwanda,2019,Cardiovascular diseases,dalys,5410.84,2860.03,2348.66,3500.97
185,Rwanda,2020,Cardiovascular diseases,dalys,5395.56,2917.49,2393.15,3572.54
185,Rwanda,2021,Cardiovascular diseases,dalys,5551.69,3052.15,2448.54,3772.34
185,Rwanda,2022,Cardiovascular diseases,dalys,5844.83,3299.89,2653.11,4050.08
185,Rwanda,2023,Cardiovascular diseases,dalys,5976.9,3464.99,2770.67,4311.56
217,Sierra Leone,2007,Cardiovascular diseases,dalys,6331.65,3557.47,2864.57,4309.76
217,Sierra Leone,2008,Cardiovascular diseases,dalys,6265.71,3457.29,2774.88,4153.47
217,Sierra Leone,2009,Cardiovascular diseases,dalys,6309.52,3413.15,2760.43,4098.16
217,Sierra Leone,2010,Cardiovascular diseases,dalys,6481.25,3451.37,2773.68,4167.62
217,Sierra Leone,2011,Cardiovascular diseases,dalys,6713.51,3511.58,2826.14,4252.3
217,Sierra Leone,2012,Cardiovascular diseases,dalys,6968.97,3587.61,2887.9,4317.11
217,Sierra Leone,2013,Cardiovascular diseases,dalys,6871.83,3492.11,2841.14,4189.03
217,Sierra Leone,2014,Cardiovascular diseases,dalys,6916.59,3487.03,2862.6,4178.4
217,Sierra Leone,2015,Cardiovascular diseases,dalys,7345.54,3675.39,3034.41,4388.83
217,Sierra Leone,2016,Cardiovascular diseases,dalys,7118.41,3565.26,2949.62,4226.74
217,Sierra Leone,2017,Cardiovascular diseases,dalys,7069.06,3541.46,2923.4,4214.95
217,Sierra Leone,2018,Cardiovascular diseases,dalys,7031.58,3540.96,2895.31,4213.69
217,Sierra Leone,2019,Cardiovascular diseases,dalys,6917.75,3509.97,2926.44,4149.65
217,Sierra Leone,2020,Cardiovascular diseases,dalys,6973.57,3531.06,2951.37,4162.99
217,Sierra Leone,2021,Cardiovascular diseases,dalys,6763.31,3469.95,2887.78,4110.05
217,Sierra Leone,2022,Cardiovascular diseases,dalys,7034.85,3619.67,2984.01,4292.78
217,Sierra Leone,2023,Cardiovascular diseases,dalys,7248.9,3778.07,3079.79,4435.45
187,Somalia,2007,Cardiovascular diseases,dalys,2980.06,1444.56,1036.74,2053.06
187,Somalia,2008,Cardiovascular diseases,dalys,2976.43,1455.91,1062.05,2065.58
187,Somalia,2009,Cardiovascular diseases,dalys,2990.7,1467.64,1058.49,2091.43
187,Somalia,2010,Cardiovascular diseases,dalys,2976.19,1466.07,1062.81,2100.54
187,Somalia,2011,Cardiovascular diseases,dalys,3005.83,1480.35,1078.97,2102.35
187,Somalia,2012,Cardiovascular diseases,dalys,2990.9,1479.01,1074.67,2061.59
187,Somalia,2013,Cardiovascular diseases,dalys,2963.91,1478.26,1065.41,2033.62
187,Somalia,2014,Cardiovascular diseases,dalys,2952.74,1476.56,1068.94,2000.86
187,Somalia,2015,Cardiovascular diseases,dalys,2948.38,1474.13,1086.12,1954.68
187,Somalia,2016,Cardiovascular diseases,dalys,2965.52,1484.76,1118.96,1964.67
187,Somalia,2017,Cardiovascular diseases,dalys,2978.4,1490.16,1142.65,1932.87
187,Somalia,2018,Cardiovascular diseases,dalys,2982.11,1494.92,1155.29,1967.12
187,Somalia,2019,Cardiovascular diseases,dalys,2967.85,1490.61,1157.14,1912.71
187,Somalia,2020,Cardiovascular diseases,dalys,2950.11,1468.44,1147.36,1838.93
187,Somalia,2021,Cardiovascular diseases,dalys,3468.06,1660.96,1305.18,2041.15
187,Somalia,2022,Cardiovascular diseases,dalys,3081.76,1502.96,1169.1,1849.71
187,Somalia,2023,Cardiovascular diseases,dalys,3154.04,1542.39,1175.76,1916.3
435,South Sudan,2007,Cardiovascular diseases,dalys,7210.54,3127.29,2482.0,4022.02
435,South Sudan,2008,Cardiovascular diseases,dalys,7144.69,3089.32,2448.06,3953.55
435,South Sudan,2009,Cardiovascular diseases,dalys,7155.92,3090.88,2437.71,3924.01
435,South Sudan,2010,Cardiovascular diseases,dalys,7115.55,3068.93,2447.23,3852.92
435,South Sudan,2011,Cardiovascular diseases,dalys,7123.09,3072.92,2417.58,3822.51
435,South Sudan,2012,Cardiovascular diseases,dalys,7171.44,3105.98,2405.73,3874.7
435,South Sudan,2013,Cardiovascular diseases,dalys,7209.62,3145.55,2469.71,3926.3
435,South Sudan,2014,Cardiovascular diseases,dalys,7161.38,3150.46,2479.83,3849.48
435,South Sudan,2015,Cardiovascular diseases,dalys,7399.2,3321.34,2527.95,4046.14
435,South Sudan,2016,Cardiovascular diseases,dalys,7361.01,3372.22,2572.09,4073.85
435,South Sudan,2017,Cardiovascular diseases,dalys,7317.11,3437.97,2668.22,4176.8
435,South Sudan,2018,Cardiovascular diseases,dalys,7305.78,3620.62,2897.66,4422.79
435,South Sudan,2019,Cardiovascular diseases,dalys,7235.25,3714.64,2954.37,4548.69
435,South Sudan,2020,Cardiovascular diseases,dalys,7210.22,3684.97,2895.62,4533.89
435,South Sudan,2021,Cardiovascular diseases,dalys,6941.86,3591.48,2818.15,4423.98
435,South Sudan,2022,Cardiovascular diseases,dalys,7766.94,4025.48,3173.26,4870.44
435,South Sudan,2023,Cardiovascular diseases,dalys,7944.34,4175.04,3259.25,5003.57
522,Sudan,2007,Cardiovascular diseases,dalys,15195.25,8083.62,6914.26,9376.95
522,Sudan,2008,Cardiovascular diseases,dalys,14945.26,7974.92,6796.63,9283.11
522,Sudan,2009,Cardiovascular diseases,dalys,14810.33,7927.14,6691.22,9269.66
522,Sudan,2010,Cardiovascular diseases,dalys,14478.67,7774.5,6589.47,9003.74
522,Sudan,2011,Cardiovascular diseases,dalys,14192.09,7677.2,6546.63,8880.23
522,Sudan,2012,Cardiovascular diseases,dalys,13928.34,7621.17,6497.15,8766.52
522,Sudan,2013,Cardiovascular diseases,dalys,13614.64,7527.09,6315.73,8646.61
522,Sudan,2014,Cardiovascular diseases,dalys,13089.87,7300.01,6208.1,8447.6
522,Sudan,2015,Cardiovascular diseases,dalys,13128.99,7419.9,6316.88,8592.13
522,Sudan,2016,Cardiovascular diseases,dalys,12760.68,7273.11,6169.74,8547.27
522,Sudan,2017,Cardiovascular diseases,dalys,12614.39,7273.35,6096.91,8548.84
522,Sudan,2018,Cardiovascular diseases,dalys,12364.8,7191.9,6013.98,8463.93
522,Sudan,2019,Cardiovascular diseases,dalys,12021.09,7037.71,5857.05,8301.55
522,Sudan,2020,Cardiovascular diseases,dalys,12000.15,7072.55,5687.12,8652.55
522,Sudan,2021,Cardiovascular diseases,dalys,11913.04,7144.66,5874.81,8652.17
522,Sudan,2022,Cardiovascular diseases,dalys,11792.19,7150.84,5913.36,8552.51
522,Sudan,2023,Cardiovascular diseases,dalys,11646.76,7209.47,5796.11,8641.24
153,Syrian Arab Republic,2007,Cardiovascular diseases,dalys,11440.99,4972.89,4698.18,5213.7
153,Syrian Arab Republic,2008,Cardiovascular diseases,dalys,11049.39,4704.1,4441.68,4923.67
153,Syrian Arab Republic,2009,Cardiovascular diseases,dalys,10674.33,4537.46,4267.67,4764.88
153,Syrian Arab Republic,2010,Cardiovascular diseases,dalys,10335.01,4447.75,4157.32,4682.34
153,Syrian Arab Republic,2011,Cardiovascular diseases,dalys,10074.81,4389.26,4090.09,4639.36
153,Syrian Arab Republic,2012,Cardiovascular diseases,dalys,9885.71,4389.63,4089.46,4653.1
153,Syrian Arab Republic,2013,Cardiovascular diseases,dalys,9764.86,4497.58,4180.19,4780.56
153,Syrian Arab Republic,2014,Cardiovascular diseases,dalys,9635.2,4751.42,4396.22,5068.81
153,Syrian Arab Republic,2015,Cardiovascular diseases,dalys,9555.93,5120.81,4684.61,5469.91
153,Syrian Arab Republic,2016,Cardiovascular diseases,dalys,9373.24,5409.77,4890.76,5847.38
153,Syrian Arab Republic,2017,Cardiovascular diseases,dalys,9209.94,5645.44,5061.26,6129.94
153,Syrian Arab Republic,2018,Cardiovascular diseases,dalys,9016.87,5813.35,5202.04,6357.39
153,Syrian Arab Republic,2019,Cardiovascular diseases,dalys,8858.13,5984.44,5374.82,6567.46
153,Syrian Arab Republic,2020,Cardiovascular diseases,dalys,8527.42,5822.19,5237.16,6443.29
153,Syrian Arab Republic,2021,Cardiovascular diseases,dalys,8261.46,5692.03,5095.88,6364.16
153,Syrian Arab Republic,2022,Cardiovascular diseases,dalys,8545.91,6163.55,5530.08,6781.72
153,Syrian Arab Republic,2023,Cardiovascular diseases,dalys,8435.57,6214.44,5582.41,6829.82
218,Togo,2007,Cardiovascular diseases,dalys,6194.92,2824.82,2307.71,3523.4
218,Togo,2008,Cardiovascular diseases,dalys,6360.82,2909.52,2366.56,3633.59
218,Togo,2009,Cardiovascular diseases,dalys,6508.13,3015.58,2475.68,3760.31
218,Togo,2010,Cardiovascular diseases,dalys,6570.05,3090.15,2546.59,3866.72
218,Togo,2011,Cardiovascular diseases,dalys,6541.77,3122.41,2566.52,3850.93
218,Togo,2012,Cardiovascular diseases,dalys,6472.05,3123.0,2531.16,3801.73
218,Togo,2013,Cardiovascular diseases,dalys,6104.68,2966.02,2403.78,3615.86
218,Togo,2014,Cardiovascular diseases,dalys,5957.69,2941.2,2378.85,3614.48
218,Togo,2015,Cardiovascular diseases,dalys,6531.18,3276.13,2598.07,3975.73
218,Togo,2016,Cardiovascular diseases,dalys,6451.06,3296.66,2640.22,4007.51
218,Togo,2017,Cardiovascular diseases,dalys,6589.49,3425.32,2756.71,4171.18
218,Togo,2018,Cardiovascular diseases,dalys,6511.61,3441.15,2804.4,4151.56
218,Togo,2019,Cardiovascular diseases,dalys,6385.07,3432.59,2840.17,4067.81
218,Togo,2020,Cardiovascular diseases,dalys,6307.82,3443.38,2846.03,4070.63
218,Togo,2021,Cardiovascular diseases,dalys,6324.77,3506.95,2880.9,4179.56
218,Togo,2022,Cardiovascular diseases,dalys,6766.15,3804.55,3149.5,4482.86
218,Togo,2023,Cardiovascular diseases,dalys,6854.54,3913.1,3217.81,4610.44
190,Uganda,2007,Cardiovascular diseases,dalys,4736.17,1860.29,1510.08,2256.31
190,Uganda,2008,Cardiovascular diseases,dalys,4773.98,1871.58,1502.88,2266.2
190,Uganda,2009,Cardiovascular diseases,dalys,4786.85,1878.1,1530.97,2264.41
190,Uganda,2010,Cardiovascular diseases,dalys,4723.32,1858.4,1539.21,2242.28
190,Uganda,2011,Cardiovascular diseases,dalys,4771.57,1892.01,1571.93,2268.6
190,Uganda,2012,Cardiovascular diseases,dalys,4863.03,1943.24,1609.33,2344.75
190,Uganda,2013,Cardiovascular diseases,dalys,4893.82,1983.19,1640.97,2398.57
190,Uganda,2014,Cardiovascular diseases,dalys,4887.75,2005.92,1658.09,2428.96
190,Uganda,2015,Cardiovascular diseases,dalys,4875.23,2013.81,1672.31,2463.88
190,Uganda,2016,Cardiovascular diseases,dalys,4739.9,1972.27,1639.24,2421.78
190,Uganda,2017,Cardiovascular diseases,dalys,4609.35,1938.18,1597.66,2376.72
190,Uganda,2018,Cardiovascular diseases,dalys,4535.48,1926.68,1589.63,2379.66
190,Uganda,2019,Cardiovascular diseases,dalys,4400.55,1888.58,1542.77,2330.63
190,Uganda,2020,Cardiovascular diseases,dalys,4281.18,1850.99,1493.25,2263.95
190,Uganda,2021,Cardiovascular diseases,dalys,4621.32,1983.7,1562.82,2475.99
190,Uganda,2022,Cardiovascular diseases,dalys,4401.75,1927.58,1536.6,2398.67
190,Uganda,2023,Cardiovascular diseases,dalys,4518.21,2008.47,1577.33,2526.16
157,Yemen,2007,Cardiovascular diseases,dalys,12040.18,4526.43,3911.37,5235.67
157,Yemen,2008,Cardiovascular diseases,dalys,11943.16,4515.47,3931.3,5237.1
157,Yemen,2009,Cardiovascular diseases,dalys,11648.18,4408.27,3774.09,5102.08
157,Yemen,2010,Cardiovascular diseases,dalys,11176.44,4233.72,3638.34,4911.75
157,Yemen,2011,Cardiovascular diseases,dalys,11119.44,4242.16,3717.35,4891.67
157,Yemen,2012,Cardiovascular diseases,dalys,11076.22,4259.24,3749.68,4891.05
157,Yemen,2013,Cardiovascular diseases,dalys,10907.87,4227.21,3689.59,4847.51
157,Yemen,2014,Cardiovascular diseases,dalys,10448.74,4074.56,3525.23,4700.01
157,Yemen,2015,Cardiovascular diseases,dalys,10452.66,4121.11,3549.24,4748.47
157,Yemen,2016,Cardiovascular diseases,dalys,10070.65,4005.47,3466.22,4592.22
157,Yemen,2017,Cardiovascular diseases,dalys,9892.9,3981.22,3449.46,4580.52
157,Yemen,2018,Cardiovascular diseases,dalys,9721.25,3960.6,3422.64,4496.58
157,Yemen,2019,Cardiovascular diseases,dalys,9787.28,4036.64,3491.74,4596.34
157,Yemen,2020,Cardiovascular diseases,dalys,9764.45,4035.17,3412.87,4728.0
157,Yemen,2021,Cardiovascular diseases,dalys,9520.92,3989.85,3374.78,4735.39
157,Yemen,2022,Cardiovascular diseases,dalys,9582.46,4084.77,3536.75,4725.42
157,Yemen,2023,Cardiovascular diseases,dalys,9445.95,4082.28,3588.1,4714.68
43,Albania,1990,Cardiovascular diseases,dalys,7646.45,4970.93,4548.83,5326.92
43,Albania,1991,Cardiovascular diseases,dalys,7437.23,4739.58,4331.7,5103.88
43,Albania,1992,Cardiovascular diseases,dalys,7242.04,4602.82,4213.32,4952.26
43,Albania,1993,Cardiovascular diseases,dalys,7050.13,4512.42,4121.57,4872.27
43,Albania,1994,Cardiovascular diseases,dalys,6910.42,4335.34,3945.56,4672.78
43,Albania,1995,Cardiovascular diseases,dalys,6891.4,4590.25,4189.73,4955.42
43,Albania,1996,Cardiovascular diseases,dalys,6948.09,4829.96,4440.7,5169.48
43,Albania,1997,Cardiovascular diseases,dalys,6869.07,4684.38,4324.19,5002.27
43,Albania,1998,Cardiovascular diseases,dalys,6737.52,4964.95,4593.52,5297.87
43,Albania,1999,Cardiovascular diseases,dalys,6681.52,4870.18,4497.71,5197.78
43,Albania,2000,Cardiovascular diseases,dalys,6702.14,5246.32,4849.51,5560.68
43,Albania,2001,Cardiovascular diseases,dalys,6670.01,5279.65,4877.79,5611.21
139,Algeria,1990,Cardiovascular diseases,dalys,11253.92,5908.7,5045.72,6922.37
139,Algeria,1991,Cardiovascular diseases,dalys,11022.73,5832.32,4994.89,6844.05
139,Algeria,1992,Cardiovascular diseases,dalys,10816.11,5767.79,4927.92,6756.62
139,Algeria,1993,Cardiovascular diseases,dalys,10633.97,5712.68,4893.19,6667.37
139,Algeria,1994,Cardiovascular diseases,dalys,10447.6,5652.96,4837.69,6512.41
139,Algeria,1995,Cardiovascular diseases,dalys,10285.17,5611.49,4825.31,6421.71
139,Algeria,1996,Cardiovascular diseases,dalys,10129.74,5573.69,4771.46,6360.14
139,Algeria,1997,Cardiovascular diseases,dalys,9958.9,5541.93,4716.24,6320.81
139,Algeria,1998,Cardiovascular diseases,dalys,9800.49,5517.01,4747.06,6313.12
139,Algeria,1999,Cardiovascular diseases,dalys,9616.55,5481.39,4694.95,6287.7
139,Algeria,2000,Cardiovascular diseases,dalys,9422.81,5446.66,4621.57,6212.41
139,Algeria,2001,Cardiovascular diseases,dalys,9208.69,5402.83,4577.87,6188.08
97,Argentina,1990,Cardiovascular diseases,dalys,7092.12,6638.14,6406.46,6849.76
97,Argentina,1991,Cardiovascular diseases,dalys,6805.4,6405.8,6167.26,6633.79
97,Argentina,1992,Cardiovascular diseases,dalys,6736.1,6392.78,6170.0,6621.8
97,Argentina,1993,Cardiovascular diseases,dalys,6531.76,6250.93,6027.81,6471.82
97,Argentina,1994,Cardiovascular diseases,dalys,6111.76,5881.39,5643.63,6095.63
97,Argentina,1995,Cardiovascular diseases,dalys,6062.42,5911.42,5660.1,6107.23
97,Argentina,1996,Cardiovascular diseases,dalys,5813.26,5718.37,5478.99,5926.39
97,Argentina,1997,Cardiovascular diseases,dalys,5581.67,5556.02,5316.57,5751.98
97,Argentina,1998,Cardiovascular diseases,dalys,5515.13,5559.52,5312.27,5759.77
97,Argentina,1999,Cardiovascular diseases,dalys,5449.84,5550.16,5295.42,5755.48
97,Argentina,2000,Cardiovascular diseases,dalys,5058.08,5167.79,4908.32,5369.57
97,Argentina,2001,Cardiovascular diseases,dalys,4956.19,5121.63,4863.68,5314.85
33,Armenia,1990,Cardiovascular diseases,dalys,9749.24,7366.3,6847.08,7827.36
33,Armenia,1991,Cardiovascular diseases,dalys,10353.92,7955.0,7387.4,8403.21
33,Armenia,1992,Cardiovascular diseases,dalys,10914.58,8512.48,7863.32,9023.9
33,Armenia,1993,Cardiovascular diseases,dalys,11082.95,8760.35,8081.82,9245.58
33,Armenia,1994,Cardiovascular diseases,dalys,10883.02,8691.61,8069.19,9178.7
33,Armenia,1995,Cardiovascular diseases,dalys,10686.67,8753.85,8160.25,9211.82
33,Armenia,1996,Cardiovascular diseases,dalys,10285.24,8660.89,8125.11,9114.08
33,Armenia,1997,Cardiovascular diseases,dalys,9872.94,8532.85,8026.64,8964.13
33,Armenia,1998,Cardiovascular diseases,dalys,9443.7,8398.23,7934.24,8808.18
33,Armenia,1999,Cardiovascular diseases,dalys,9202.2,8446.26,8000.68,8908.77
33,Armenia,2000,Cardiovascular diseases,dalys,9002.39,8525.33,8113.23,8928.01
33,Armenia,2001,Cardiovascular diseases,dalys,8828.09,8597.57,8171.4,8983.96
34,Azerbaijan,1990,Cardiovascular diseases,dalys,11897.95,8045.7,7100.53,8808.96
34,Azerbaijan,1991,Cardiovascular diseases,dalys,12111.76,8282.11,7345.27,9036.82
34,Azerbaijan,1992,Cardiovascular diseases,dalys,12572.25,8605.21,7719.25,9424.71
34,Azerbaijan,1993,Cardiovascular diseases,dalys,13151.62,9023.32,8073.8,9806.66
34,Azerbaijan,1994,Cardiovascular diseases,dalys,13282.41,9113.76,8248.25,9902.6
34,Azerbaijan,1995,Cardiovascular diseases,dalys,13273.19,9116.86,8360.34,9884.83
34,Azerbaijan,1996,Cardiovascular diseases,dalys,12886.1,8899.16,8160.49,9617.58
34,Azerbaijan,1997,Cardiovascular diseases,dalys,12445.01,8620.79,7877.94,9213.64
34,Azerbaijan,1998,Cardiovascular diseases,dalys,12194.77,8493.86,7795.89,9091.6
34,Azerbaijan,1999,Cardiovascular diseases,dalys,12088.15,8475.48,7805.96,9026.92
34,Azerbaijan,2000,Cardiovascular diseases,dalys,11950.8,8420.54,7826.25,8927.33
34,Azerbaijan,2001,Cardiovascular diseases,dalys,11786.37,8391.2,7871.86,8841.63
57,Belarus,1990,Cardiovascular diseases,dalys,11897.53,14088.67,13460.52,14562.8
57,Belarus,1991,Cardiovascular diseases,dalys,12212.88,14597.69,13943.87,15119.85
57,Belarus,1992,Cardiovascular diseases,dalys,12498.99,15028.2,14347.81,15610.24
57,Belarus,1993,Cardiovascular diseases,dalys,13086.1,15927.63,15209.7,16556.11
57,Belarus,1994,Cardiovascular diseases,dalys,13388.12,16425.98,15764.78,17041.4
57,Belarus,1995,Cardiovascular diseases,dalys,13504.28,16716.77,16085.77,17303.17
57,Belarus,1996,Cardiovascular diseases,dalys,13595.14,17002.12,16406.96,17575.08
57,Belarus,1997,Cardiovascular diseases,dalys,13830.89,17474.06,16905.36,18033.51
57,Belarus,1998,Cardiovascular diseases,dalys,14048.22,17956.7,17355.58,18503.62
57,Belarus,1999,Cardiovascular diseases,dalys,14031.42,18191.03,17610.25,18793.49
57,Belarus,2000,Cardiovascular diseases,dalys,13874.61,18162.94,17555.15,18678.84
57,Belarus,2001,Cardiovascular diseases,dalys,13804.07,18315.22,17686.09,18800.36
108,Belize,1990,Cardiovascular diseases,dalys,5436.99,2878.19,2717.72,3044.29
108,Belize,1991,Cardiovascular diseases,dalys,5361.65,2858.52,2692.78,3029.7
108,Belize,1992,Cardiovascular diseases,dalys,5352.8,2854.73,2689.6,3022.65
108,Belize,1993,Cardiovascular diseases,dalys,5450.95,2897.04,2733.19,3065.1
108,Belize,1994,Cardiovascular diseases,dalys,5645.97,3002.66,2836.15,3177.21
108,Belize,1995,Cardiovascular diseases,dalys,5784.22,3110.16,2934.01,3274.36
108,Belize,1996,Cardiovascular diseases,dalys,5979.73,3256.52,3075.5,3439.33
108,Belize,1997,Cardiovascular diseases,dalys,5916.88,3218.13,3029.58,3392.94
108,Belize,1998,Cardiovascular diseases,dalys,5920.93,3248.04,3055.55,3452.3
108,Belize,1999,Cardiovascular diseases,dalys,6115.44,3355.83,3144.0,3564.68
108,Belize,2000,Cardiovascular diseases,dalys,6368.04,3495.57,3265.99,3692.12
108,Belize,2001,Cardiovascular diseases,dalys,5701.65,3141.77,2951.16,3325.51
44,Bosnia and Herzegovina,1990,Cardiovascular diseases,dalys,9224.86,7491.39,7089.91,7944.51
44,Bosnia and Herzegovina,1991,Cardiovascular diseases,dalys,9036.31,7456.67,7056.27,7931.9
44,Bosnia and Herzegovina,1992,Cardiovascular diseases,dalys,8739.39,7220.83,6800.55,7684.23
44,Bosnia and Herzegovina,1993,Cardiovascular diseases,dalys,8572.41,7282.29,6826.1,7738.62
44,Bosnia and Herzegovina,1994,Cardiovascular diseases,dalys,8393.65,7449.27,6948.96,7931.01
44,Bosnia and Herzegovina,1995,Cardiovascular diseases,dalys,8335.57,7897.3,7302.69,8388.6
44,Bosnia and Herzegovina,1996,Cardiovascular diseases,dalys,8273.84,8238.29,7603.28,8743.64
44,Bosnia and Herzegovina,1997,Cardiovascular diseases,dalys,8112.19,8532.6,7935.9,9046.22
44,Bosnia and Herzegovina,1998,Cardiovascular diseases,dalys,7935.82,8697.85,8149.1,9304.21
44,Bosnia and Herzegovina,1999,Cardiovascular diseases,dalys,7821.45,8461.17,7898.27,9130.47
44,Bosnia and Herzegovina,2000,Cardiovascular diseases,dalys,7721.83,8367.28,7696.6,8973.71
44,Bosnia and Herzegovina,2001,Cardiovascular diseases,dalys,7666.58,8492.22,7834.82,9167.86
193,Botswana,1990,Cardiovascular diseases,dalys,4718.05,2582.44,2074.87,3208.69
193,Botswana,1991,Cardiovascular diseases,dalys,4560.3,2479.32,2026.45,3013.96
193,Botswana,1992,Cardiovascular diseases,dalys,4461.64,2407.87,1977.55,2876.08
193,Botswana,1993,Cardiovascular diseases,dalys,4370.87,2347.42,1918.65,2773.73
193,Botswana,1994,Cardiovascular diseases,dalys,4410.44,2354.89,1942.71,2763.49
193,Botswana,1995,Cardiovascular diseases,dalys,4501.84,2394.02,1999.29,2818.04
193,Botswana,1996,Cardiovascular diseases,dalys,4614.38,2454.85,2035.13,2914.43
193,Botswana,1997,Cardiovascular diseases,dalys,4788.85,2551.3,2109.42,3028.67
193,Botswana,1998,Cardiovascular diseases,dalys,5017.42,2687.06,2215.81,3182.7
193,Botswana,1999,Cardiovascular diseases,dalys,5212.74,2811.14,2322.83,3355.52
193,Botswana,2000,Cardiovascular diseases,dalys,5402.61,2939.56,2416.0,3522.04
193,Botswana,2001,Cardiovascular diseases,dalys,5479.14,3017.45,2485.36,3637.75
135,Brazil,1990,Cardiovascular diseases,dalys,7302.92,4552.75,4362.35,4727.68
135,Brazil,1991,Cardiovascular diseases,dalys,6935.42,4396.27,4197.54,4564.34
135,Brazil,1992,Cardiovascular diseases,dalys,6870.05,4435.71,4255.75,4616.4
135,Brazil,1993,Cardiovascular diseases,dalys,6931.81,4554.83,4358.54,4728.85
135,Brazil,1994,Cardiovascular diseases,dalys,6730.75,4501.49,4295.84,4687.77
135,Brazil,1995,Cardiovascular diseases,dalys,6499.09,4419.59,4206.38,4604.95
135,Brazil,1996,Cardiovascular diseases,dalys,6372.56,4404.84,4199.02,4592.5
135,Brazil,1997,Cardiovascular diseases,dalys,6162.69,4332.61,4123.65,4516.58
135,Brazil,1998,Cardiovascular diseases,dalys,6074.01,4348.02,4139.76,4516.67
135,Brazil,1999,Cardiovascular diseases,dalys,5937.68,4322.4,4103.24,4494.76
135,Brazil,2000,Cardiovascular diseases,dalys,5749.09,4255.79,4052.55,4433.76
135,Brazil,2001,Cardiovascular diseases,dalys,5592.63,4211.6,3982.86,4389.37
6,China,1990,Cardiovascular diseases,dalys,10065.67,6908.01,5799.93,8035.38
6,China,1991,Cardiovascular diseases,dalys,9912.1,6890.43,5815.72,8019.51
6,China,1992,Cardiovascular diseases,dalys,9701.09,6841.47,5831.91,7871.62
6,China,1993,Cardiovascular diseases,dalys,9436.92,6757.41,5751.82,7745.55
6,China,1994,Cardiovascular diseases,dalys,9173.64,6685.99,5771.18,7618.6
6,China,1995,Cardiovascular diseases,dalys,8904.58,6610.57,5781.96,7433.23
6,China,1996,Cardiovascular diseases,dalys,8646.3,6546.2,5690.18,7374.97
6,China,1997,Cardiovascular diseases,dalys,8422.28,6508.7,5662.54,7260.56
6,China,1998,Cardiovascular diseases,dalys,8222.55,6486.28,5690.15,7236.43
6,China,1999,Cardiovascular diseases,dalys,8034.66,6478.34,5785.88,7198.3
6,China,2000,Cardiovascular diseases,dalys,7839.67,6466.09,5916.51,7122.63
6,China,2001,Cardiovascular diseases,dalys,7610.15,6427.65,5831.16,7050.85
125,Colombia,1990,Cardiovascular diseases,dalys,5940.7,3341.53,3216.79,3444.53
125,Colombia,1991,Cardiovascular diseases,dalys,5745.12,3277.56,3142.61,3392.88
125,Colombia,1992,Cardiovascular diseases,dalys,5648.44,3260.22,3127.98,3383.74
125,Colombia,1993,Cardiovascular diseases,dalys,5560.15,3247.8,3127.9,3376.25
125,Colombia,1994,Cardiovascular diseases,dalys,5455.64,3225.96,3110.4,3341.13
125,Colombia,1995,Cardiovascular diseases,dalys,5338.86,3205.89,3077.87,3323.92
125,Colombia,1996,Cardiovascular diseases,dalys,5177.49,3168.57,3056.05,3290.41
125,Colombia,1997,Cardiovascular diseases,dalys,4776.54,2981.85,2870.52,3098.76
125,Colombia,1998,Cardiovascular diseases,dalys,4478.87,2845.48,2723.35,2954.87
125,Colombia,1999,Cardiovascular diseases,dalys,4433.24,2878.8,2766.71,2987.11
125,Colombia,2000,Cardiovascular diseases,dalys,4336.87,2878.21,2758.88,2988.14
125,Colombia,2001,Cardiovascular diseases,dalys,4157.41,2823.2,2707.82,2948.01
126,Costa Rica,1990,Cardiovascular diseases,dalys,4214.22,2442.12,2333.34,2549.52
126,Costa Rica,1991,Cardiovascular diseases,dalys,4248.33,2495.59,2385.04,2606.22
126,Costa Rica,1992,Cardiovascular diseases,dalys,4234.97,2514.26,2386.12,2622.15
126,Costa Rica,1993,Cardiovascular diseases,dalys,4264.23,2564.51,2446.99,2675.64
126,Costa Rica,1994,Cardiovascular diseases,dalys,4257.56,2594.46,2465.47,2705.04
126,Costa Rica,1995,Cardiovascular diseases,dalys,4163.93,2580.97,2462.5,2682.63
126,Costa Rica,1996,Cardiovascular diseases,dalys,4094.22,2578.9,2460.98,2682.84
126,Costa Rica,1997,Cardiovascular diseases,dalys,3822.39,2428.12,2306.64,2526.16
126,Costa Rica,1998,Cardiovascular diseases,dalys,3701.24,2397.62,2275.86,2496.63
126,Costa Rica,1999,Cardiovascular diseases,dalys,3680.81,2407.49,2280.1,2497.34
126,Costa Rica,2000,Cardiovascular diseases,dalys,3658.65,2441.74,2306.79,2534.93
126,Costa Rica,2001,Cardiovascular diseases,dalys,3532.7,2406.25,2278.09,2507.3
109,Cuba,1990,Cardiovascular diseases,dalys,6115.17,5930.13,5676.05,6142.26
109,Cuba,1991,Cardiovascular diseases,dalys,6010.79,5908.51,5663.42,6134.67
109,Cuba,1992,Cardiovascular diseases,dalys,6022.39,6017.2,5766.32,6241.86
109,Cuba,1993,Cardiovascular diseases,dalys,6015.88,6101.62,5851.03,6326.55
109,Cuba,1994,Cardiovascular diseases,dalys,5942.71,6105.39,5862.49,6321.06
109,Cuba,1995,Cardiovascular diseases,dalys,5913.87,6158.81,5896.95,6404.87
109,Cuba,1996,Cardiovascular diseases,dalys,5826.79,6166.5,5929.41,6389.67
109,Cuba,1997,Cardiovascular diseases,dalys,5610.59,6016.0,5758.68,6247.97
109,Cuba,1998,Cardiovascular diseases,dalys,5495.58,5987.5,5704.75,6234.41
109,Cuba,1999,Cardiovascular diseases,dalys,5350.43,5942.2,5656.05,6184.7
109,Cuba,2000,Cardiovascular diseases,dalys,5150.83,5812.8,5547.66,6052.76
109,Cuba,2001,Cardiovascular diseases,dalys,4961.6,5689.56,5417.36,5937.13
110,Dominica,1990,Cardiovascular diseases,dalys,5467.49,5111.03,4755.66,5485.44
110,Dominica,1991,Cardiovascular diseases,dalys,5490.43,5187.99,4793.89,5610.81
110,Dominica,1992,Cardiovascular diseases,dalys,5493.42,5263.28,4861.8,5677.21
110,Dominica,1993,Cardiovascular diseases,dalys,5491.46,5343.04,4948.89,5738.85
110,Dominica,1994,Cardiovascular diseases,dalys,5466.43,5390.9,4997.43,5791.38
110,Dominica,1995,Cardiovascular diseases,dalys,5418.34,5421.78,4983.07,5827.67
110,Dominica,1996,Cardiovascular diseases,dalys,5347.03,5428.21,4998.61,5839.66
110,Dominica,1997,Cardiovascular diseases,dalys,5205.41,5265.61,4844.14,5681.79
110,Dominica,1998,Cardiovascular diseases,dalys,5150.28,5289.28,4849.1,5712.27
110,Dominica,1999,Cardiovascular diseases,dalys,4993.76,5238.38,4812.35,5633.7
110,Dominica,2000,Cardiovascular diseases,dalys,4904.51,5180.02,4741.68,5560.08
110,Dominica,2001,Cardiovascular diseases,dalys,4814.79,5119.5,4688.32,5483.18
111,Dominican Republic,1990,Cardiovascular diseases,dalys,6699.04,3960.07,3624.72,4227.8
111,Dominican Republic,1991,Cardiovascular diseases,dalys,6467.58,3872.58,3546.22,4163.15
111,Dominican Republic,1992,Cardiovascular diseases,dalys,6235.63,3777.77,3455.74,4061.81
111,Dominican Republic,1993,Cardiovascular diseases,dalys,5997.18,3672.09,3356.71,3937.43
111,Dominican Republic,1994,Cardiovascular diseases,dalys,5775.32,3578.39,3264.41,3828.63
111,Dominican Republic,1995,Cardiovascular diseases,dalys,5585.46,3503.13,3209.62,3740.98
111,Dominican Republic,1996,Cardiovascular diseases,dalys,5455.41,3480.66,3197.29,3714.33
111,Dominican Republic,1997,Cardiovascular diseases,dalys,5307.81,3439.76,3161.42,3681.78
111,Dominican Republic,1998,Cardiovascular diseases,dalys,5176.62,3403.02,3132.31,3644.79
111,Dominican Republic,1999,Cardiovascular diseases,dalys,5091.92,3402.12,3138.79,3664.12
111,Dominican Republic,2000,Cardiovascular diseases,dalys,5062.01,3429.91,3175.54,3690.23
111,Dominican Republic,2001,Cardiovascular diseases,dalys,5023.76,3455.88,3209.72,3717.06
122,Ecuador,1990,Cardiovascular diseases,dalys,4871.99,2851.28,2753.65,2953.29
122,Ecuador,1991,Cardiovascular diseases,dalys,5065.66,2968.99,2872.44,3079.4
122,Ecuador,1992,Cardiovascular diseases,dalys,5074.01,2995.07,2897.86,3098.25
122,Ecuador,1993,Cardiovascular diseases,dalys,5041.43,3001.96,2891.97,3104.23
122,Ecuador,1994,Cardiovascular diseases,dalys,5139.0,3125.48,3014.94,3221.12
122,Ecuador,1995,Cardiovascular diseases,dalys,4740.57,2914.35,2809.73,3002.62
122,Ecuador,1996,Cardiovascular diseases,dalys,4506.62,2788.58,2696.12,2878.11
122,Ecuador,1997,Cardiovascular diseases,dalys,4353.93,2721.43,2633.41,2814.36
122,Ecuador,1998,Cardiovascular diseases,dalys,4386.04,2782.02,2691.53,2880.51
122,Ecuador,1999,Cardiovascular diseases,dalys,4420.78,2834.6,2745.03,2939.74
122,Ecuador,2000,Cardiovascular diseases,dalys,4319.48,2814.14,2708.23,2926.54
122,Ecuador,2001,Cardiovascular diseases,dalys,4225.21,2806.38,2696.06,2910.77
127,El Salvador,1990,Cardiovascular diseases,dalys,5290.27,3273.89,2932.53,3554.03
127,El Salvador,1991,Cardiovascular diseases,dalys,5284.33,3298.67,2971.62,3570.72
127,El Salvador,1992,Cardiovascular diseases,dalys,5163.48,3253.58,2939.77,3518.23
127,El Salvador,1993,Cardiovascular diseases,dalys,5007.89,3188.0,2878.98,3451.84
127,El Salvador,1994,Cardiovascular diseases,dalys,4794.39,3082.16,2816.67,3350.0
127,El Salvador,1995,Cardiovascular diseases,dalys,4602.88,2994.39,2747.65,3237.94
127,El Salvador,1996,Cardiovascular diseases,dalys,4435.68,2915.81,2692.01,3151.06
127,El Salvador,1997,Cardiovascular diseases,dalys,4247.57,2817.79,2581.98,3059.15
127,El Salvador,1998,Cardiovascular diseases,dalys,4077.66,2732.7,2507.89,2954.24
127,El Salvador,1999,Cardiovascular diseases,dalys,3991.3,2710.0,2493.42,2939.75
127,El Salvador,2000,Cardiovascular diseases,dalys,3837.44,2641.03,2424.02,2859.26
127,El Salvador,2001,Cardiovascular diseases,dalys,3731.74,2607.54,2406.78,2833.58
172,Equatorial Guinea,1990,Cardiovascular diseases,dalys,9172.1,4733.11,3377.09,6036.2
172,Equatorial Guinea,1991,Cardiovascular diseases,dalys,9138.33,4647.98,3365.17,5877.47
172,Equatorial Guinea,1992,Cardiovascular diseases,dalys,9056.86,4532.89,3339.32,5679.23
172,Equatorial Guinea,1993,Cardiovascular diseases,dalys,8994.73,4433.08,3343.31,5616.25
172,Equatorial Guinea,1994,Cardiovascular diseases,dalys,8717.93,4215.4,3173.88,5358.1
172,Equatorial Guinea,1995,Cardiovascular diseases,dalys,8702.61,4141.38,3152.35,5272.0
172,Equatorial Guinea,1996,Cardiovascular diseases,dalys,8640.26,4042.74,3063.2,5134.27
172,Equatorial Guinea,1997,Cardiovascular diseases,dalys,8754.17,4039.12,3053.72,5100.54
172,Equatorial Guinea,1998,Cardiovascular diseases,dalys,8704.25,3955.21,3032.43,4995.9
172,Equatorial Guinea,1999,Cardiovascular diseases,dalys,8756.61,3925.24,3026.9,4914.33
172,Equatorial Guinea,2000,Cardiovascular diseases,dalys,8746.75,3858.06,3012.18,4773.05
172,Equatorial Guinea,2001,Cardiovascular diseases,dalys,8493.88,3699.77,2900.84,4638.67
22,Fiji,1990,Cardiovascular diseases,dalys,10590.22,5871.13,5027.66,6738.66
22,Fiji,1991,Cardiovascular diseases,dalys,10642.38,5966.18,5155.07,6806.39
22,Fiji,1992,Cardiovascular diseases,dalys,10738.34,6103.42,5306.74,6914.38
22,Fiji,1993,Cardiovascular diseases,dalys,10796.31,6204.25,5453.94,6938.99
22,Fiji,1994,Cardiovascular diseases,dalys,10881.8,6331.3,5535.06,7015.88
22,Fiji,1995,Cardiovascular diseases,dalys,10940.37,6453.75,5728.27,7113.03
22,Fiji,1996,Cardiovascular diseases,dalys,10923.13,6533.36,5819.22,7167.78
22,Fiji,1997,Cardiovascular diseases,dalys,10935.16,6649.37,5961.64,7280.81
22,Fiji,1998,Cardiovascular diseases,dalys,11082.14,6860.67,6166.5,7490.51
22,Fiji,1999,Cardiovascular diseases,dalys,11072.43,6970.64,6280.67,7561.58
22,Fiji,2000,Cardiovascular diseases,dalys,10960.96,7034.07,6361.3,7618.08
22,Fiji,2001,Cardiovascular diseases,dalys,10978.91,7182.0,6584.54,7687.32
173,Gabon,1990,Cardiovascular diseases,dalys,5744.74,3403.65,2530.98,4238.9
173,Gabon,1991,Cardiovascular diseases,dalys,5795.8,3449.47,2594.38,4280.29
173,Gabon,1992,Cardiovascular diseases,dalys,5729.13,3417.15,2593.46,4263.56
173,Gabon,1993,Cardiovascular diseases,dalys,5459.73,3251.31,2460.07,4085.92
173,Gabon,1994,Cardiovascular diseases,dalys,5407.72,3227.39,2451.61,4035.69
173,Gabon,1995,Cardiovascular diseases,dalys,5473.06,3277.7,2475.15,4102.3
173,Gabon,1996,Cardiovascular diseases,dalys,5354.87,3209.19,2405.72,4008.43
173,Gabon,1997,Cardiovascular diseases,dalys,5388.75,3237.03,2433.9,4046.09
173,Gabon,1998,Cardiovascular diseases,dalys,5318.31,3198.81,2395.23,4016.33
173,Gabon,1999,Cardiovascular diseases,dalys,5123.88,3079.51,2336.05,3818.83
173,Gabon,2000,Cardiovascular diseases,dalys,5126.2,3082.75,2354.46,3815.18
173,Gabon,2001,Cardiovascular diseases,dalys,5142.51,3108.4,2377.73,3893.85
35,Georgia,1990,Cardiovascular diseases,dalys,14160.04,14640.41,13598.95,15462.98
35,Georgia,1991,Cardiovascular diseases,dalys,14170.45,14948.97,13917.92,15758.19
35,Georgia,1992,Cardiovascular diseases,dalys,14158.32,15197.39,14284.69,16011.59
35,Georgia,1993,Cardiovascular diseases,dalys,13746.3,15034.84,14151.96,15865.03
35,Georgia,1994,Cardiovascular diseases,dalys,13375.51,14934.02,14066.52,15766.85
35,Georgia,1995,Cardiovascular diseases,dalys,12965.44,14761.51,13913.9,15602.16
35,Georgia,1996,Cardiovascular diseases,dalys,12978.53,15139.29,14316.4,15921.24
35,Georgia,1997,Cardiovascular diseases,dalys,13007.52,15512.76,14741.35,16369.31
35,Georgia,1998,Cardiovascular diseases,dalys,13145.61,16037.84,15123.15,16943.23
35,Georgia,1999,Cardiovascular diseases,dalys,13362.77,16646.1,15672.75,17577.4
35,Georgia,2000,Cardiovascular diseases,dalys,13387.25,16989.57,16124.14,17864.36
35,Georgia,2001,Cardiovascular diseases,dalys,13271.03,17203.77,16318.94,18096.57
112,Grenada,1990,Cardiovascular diseases,dalys,8034.76,6229.05,5843.67,6651.09
112,Grenada,1991,Cardiovascular diseases,dalys,8208.31,6412.94,6035.69,6816.79
112,Grenada,1992,Cardiovascular diseases,dalys,7930.14,6249.23,5859.14,6659.54
112,Grenada,1993,Cardiovascular diseases,dalys,7678.7,6116.26,5744.91,6498.17
112,Grenada,1994,Cardiovascular diseases,dalys,7499.73,6056.84,5598.34,6400.56
112,Grenada,1995,Cardiovascular diseases,dalys,7257.5,5935.42,5458.88,6273.52
112,Grenada,1996,Cardiovascular diseases,dalys,6740.98,5512.79,5083.73,5839.59
112,Grenada,1997,Cardiovascular diseases,dalys,6673.5,5596.3,5177.27,5940.9
112,Grenada,1998,Cardiovascular diseases,dalys,6531.33,5666.2,5268.13,6029.28
112,Grenada,1999,Cardiovascular diseases,dalys,6176.01,5417.65,5061.41,5761.17
112,Grenada,2000,Cardiovascular diseases,dalys,5976.36,5339.82,4989.95,5678.62
112,Grenada,2001,Cardiovascular diseases,dalys,5881.37,5324.24,4961.54,5645.09
128,Guatemala,1990,Cardiovascular diseases,dalys,5023.77,2364.56,2223.98,2500.45
128,Guatemala,1991,Cardiovascular diseases,dalys,5223.61,2480.48,2339.84,2621.84
128,Guatemala,1992,Cardiovascular diseases,dalys,5390.59,2554.34,2432.6,2695.94
128,Guatemala,1993,Cardiovascular diseases,dalys,5496.8,2619.3,2480.94,2758.2
128,Guatemala,1994,Cardiovascular diseases,dalys,5280.61,2517.51,2398.26,2656.13
128,Guatemala,1995,Cardiovascular diseases,dalys,5008.61,2380.62,2249.01,2497.62
128,Guatemala,1996,Cardiovascular diseases,dalys,4800.68,2298.44,2178.5,2423.65
128,Guatemala,1997,Cardiovascular diseases,dalys,4529.07,2190.29,2078.08,2309.05
128,Guatemala,1998,Cardiovascular diseases,dalys,4504.01,2196.05,2074.45,2316.52
128,Guatemala,1999,Cardiovascular diseases,dalys,4353.47,2148.97,2032.95,2283.36
128,Guatemala,2000,Cardiovascular diseases,dalys,3895.28,1927.52,1808.6,2036.34
128,Guatemala,2001,Cardiovascular diseases,dalys,3708.72,1848.06,1724.01,1960.51
11,Indonesia,1990,Cardiovascular diseases,dalys,7936.25,4538.14,3757.49,5262.76
11,Indonesia,1991,Cardiovascular diseases,dalys,7813.83,4523.81,3788.46,5281.1
11,Indonesia,1992,Cardiovascular diseases,dalys,7720.52,4527.53,3815.23,5267.06
11,Indonesia,1993,Cardiovascular diseases,dalys,7624.32,4531.88,3879.45,5231.52
11,Indonesia,1994,Cardiovascular diseases,dalys,7542.62,4548.67,3858.05,5192.95
11,Indonesia,1995,Cardiovascular diseases,dalys,7479.58,4579.69,3823.15,5180.68
11,Indonesia,1996,Cardiovascular diseases,dalys,7454.59,4646.87,3890.83,5306.62
11,Indonesia,1997,Cardiovascular diseases,dalys,7453.34,4726.85,3909.72,5363.81
11,Indonesia,1998,Cardiovascular diseases,dalys,7411.32,4778.19,3954.72,5472.16
11,Indonesia,1999,Cardiovascular diseases,dalys,7381.17,4834.75,4094.48,5510.05
11,Indonesia,2000,Cardiovascular diseases,dalys,7368.1,4898.25,4206.22,5606.05
11,Indonesia,2001,Cardiovascular diseases,dalys,7353.7,4960.89,4279.91,5701.0
142,Iran (Islamic Republic of),1990,Cardiovascular diseases,dalys,10689.02,5036.7,4219.29,5821.19
142,Iran (Islamic Republic of),1991,Cardiovascular diseases,dalys,10094.9,4776.93,4027.49,5492.86
142,Iran (Islamic Republic of),1992,Cardiovascular diseases,dalys,9788.26,4660.13,3929.84,5328.38
142,Iran (Islamic Republic of),1993,Cardiovascular diseases,dalys,9504.77,4599.87,3909.93,5220.22
142,Iran (Islamic Republic of),1994,Cardiovascular diseases,dalys,9232.05,4595.27,3914.05,5183.14
142,Iran (Islamic Republic of),1995,Cardiovascular diseases,dalys,8980.01,4599.18,3935.94,5170.86
142,Iran (Islamic Republic of),1996,Cardiovascular diseases,dalys,8754.9,4573.53,3922.41,5150.31
142,Iran (Islamic Republic of),1997,Cardiovascular diseases,dalys,8546.23,4547.34,3913.22,5120.6
142,Iran (Islamic Republic of),1998,Cardiovascular diseases,dalys,8359.95,4525.2,3894.18,5091.22
142,Iran (Islamic Republic of),1999,Cardiovascular diseases,dalys,8152.78,4489.13,3883.67,5029.25
142,Iran (Islamic Republic of),2000,Cardiovascular diseases,dalys,7947.84,4452.4,3911.46,4985.58
142,Iran (Islamic Republic of),2001,Cardiovascular diseases,dalys,7722.24,4399.76,3877.74,4911.3
143,Iraq,1990,Cardiovascular diseases,dalys,12019.95,5647.05,4645.98,6466.93
143,Iraq,1991,Cardiovascular diseases,dalys,11959.27,5637.37,4710.67,6470.69
143,Iraq,1992,Cardiovascular diseases,dalys,12069.08,5734.51,4817.53,6577.94
143,Iraq,1993,Cardiovascular diseases,dalys,12141.41,5762.14,4894.41,6584.08
143,Iraq,1994,Cardiovascular diseases,dalys,12160.51,5704.77,4840.41,6489.61
143,Iraq,1995,Cardiovascular diseases,dalys,12217.73,5670.73,4768.54,6446.91
143,Iraq,1996,Cardiovascular diseases,dalys,12289.47,5703.05,4833.08,6489.4
143,Iraq,1997,Cardiovascular diseases,dalys,12344.36,5734.41,4874.62,6611.39
143,Iraq,1998,Cardiovascular diseases,dalys,12371.47,5757.86,4931.96,6612.17
143,Iraq,1999,Cardiovascular diseases,dalys,12362.06,5767.08,4967.49,6643.01
143,Iraq,2000,Cardiovascular diseases,dalys,12322.02,5757.2,5025.13,6600.64
143,Iraq,2001,Cardiovascular diseases,dalys,12228.58,5724.98,5042.58,6516.72
115,Jamaica,1990,Cardiovascular diseases,dalys,5346.92,4185.31,3986.89,4409.67
115,Jamaica,1991,Cardiovascular diseases,dalys,5004.0,3939.53,3739.67,4164.5
115,Jamaica,1992,Cardiovascular diseases,dalys,4905.99,3893.23,3624.53,4127.35
115,Jamaica,1993,Cardiovascular diseases,dalys,4916.06,3931.81,3663.11,4166.8
115,Jamaica,1994,Cardiovascular diseases,dalys,4909.75,3952.79,3679.76,4233.69
115,Jamaica,1995,Cardiovascular diseases,dalys,4698.21,3805.65,3543.75,4072.98
115,Jamaica,1996,Cardiovascular diseases,dalys,4106.41,3351.98,3104.36,3598.62
115,Jamaica,1997,Cardiovascular diseases,dalys,3907.25,3219.75,2994.81,3449.88
115,Jamaica,1998,Cardiovascular diseases,dalys,3962.18,3295.73,3057.84,3516.95
115,Jamaica,1999,Cardiovascular diseases,dalys,3992.03,3347.71,3088.86,3563.67
115,Jamaica,2000,Cardiovascular diseases,dalys,4042.53,3440.7,3170.76,3661.24
115,Jamaica,2001,Cardiovascular diseases,dalys,4041.91,3472.11,3194.3,3677.84
36,Kazakhstan,1990,Cardiovascular diseases,dalys,10909.06,7905.94,7578.42,8223.08
36,Kazakhstan,1991,Cardiovascular diseases,dalys,11559.38,8480.78,8146.83,8763.61
36,Kazakhstan,1992,Cardiovascular diseases,dalys,12246.38,9079.75,8740.43,9374.67
36,Kazakhstan,1993,Cardiovascular diseases,dalys,13604.06,10226.86,9901.05,10527.42
36,Kazakhstan,1994,Cardiovascular diseases,dalys,14850.4,11309.71,10944.64,11612.77
36,Kazakhstan,1995,Cardiovascular diseases,dalys,15442.27,11903.65,11539.76,12243.1
36,Kazakhstan,1996,Cardiovascular diseases,dalys,15516.52,12080.3,11745.37,12422.24
36,Kazakhstan,1997,Cardiovascular diseases,dalys,15091.87,11844.1,11520.64,12200.59
36,Kazakhstan,1998,Cardiovascular diseases,dalys,14707.6,11657.64,11265.72,11994.88
36,Kazakhstan,1999,Cardiovascular diseases,dalys,14720.01,11833.66,11445.81,12226.9
36,Kazakhstan,2000,Cardiovascular diseases,dalys,14550.04,11860.94,11474.15,12178.46
36,Kazakhstan,2001,Cardiovascular diseases,dalys,14611.19,12052.63,11683.58,12436.88
147,Libya,1990,Cardiovascular diseases,dalys,10067.49,5183.38,4540.52,5912.19
147,Libya,1991,Cardiovascular diseases,dalys,9842.87,5103.16,4476.94,5829.77
147,Libya,1992,Cardiovascular diseases,dalys,9621.61,5036.45,4390.92,5692.22
147,Libya,1993,Cardiovascular diseases,dalys,9438.69,4986.57,4327.52,5599.15
147,Libya,1994,Cardiovascular diseases,dalys,9253.77,4934.46,4300.94,5518.9
147,Libya,1995,Cardiovascular diseases,dalys,9124.92,4901.06,4251.56,5460.08
147,Libya,1996,Cardiovascular diseases,dalys,9067.49,4901.49,4260.44,5474.07
147,Libya,1997,Cardiovascular diseases,dalys,8978.38,4865.73,4222.61,5456.11
147,Libya,1998,Cardiovascular diseases,dalys,9022.16,4912.44,4269.74,5545.82
147,Libya,1999,Cardiovascular diseases,dalys,9022.61,4941.12,4300.76,5610.16
147,Libya,2000,Cardiovascular diseases,dalys,8943.19,4913.64,4253.72,5616.93
147,Libya,2001,Cardiovascular diseases,dalys,8919.2,4913.77,4189.19,5622.67
13,Malaysia,1990,Cardiovascular diseases,dalys,8200.03,4224.07,3541.1,4845.32
13,Malaysia,1991,Cardiovascular diseases,dalys,8086.01,4203.02,3571.61,4775.51
13,Malaysia,1992,Cardiovascular diseases,dalys,7922.66,4134.99,3576.97,4696.67
13,Malaysia,1993,Cardiovascular diseases,dalys,7789.75,4079.67,3581.94,4584.68
13,Malaysia,1994,Cardiovascular diseases,dalys,7757.18,4082.32,3591.78,4610.46
13,Malaysia,1995,Cardiovascular diseases,dalys,7665.6,4058.22,3591.9,4589.55
13,Malaysia,1996,Cardiovascular diseases,dalys,7565.1,4063.64,3619.46,4555.27
13,Malaysia,1997,Cardiovascular diseases,dalys,7427.19,4024.72,3602.32,4523.53
13,Malaysia,1998,Cardiovascular diseases,dalys,7518.19,4109.94,3710.34,4578.71
13,Malaysia,1999,Cardiovascular diseases,dalys,7511.68,4123.64,3739.49,4553.53
13,Malaysia,2000,Cardiovascular diseases,dalys,7384.97,4086.58,3721.77,4490.09
13,Malaysia,2001,Cardiovascular diseases,dalys,7178.02,4016.2,3681.73,4337.4
14,Maldives,1990,Cardiovascular diseases,dalys,10036.94,4456.85,3602.12,5210.75
14,Maldives,1991,Cardiovascular diseases,dalys,10052.18,4463.36,3613.81,5190.17
14,Maldives,1992,Cardiovascular diseases,dalys,9992.69,4435.8,3598.85,5165.3
14,Maldives,1993,Cardiovascular diseases,dalys,9842.42,4376.6,3542.52,5011.27
14,Maldives,1994,Cardiovascular diseases,dalys,9675.35,4301.46,3452.88,4908.07
14,Maldives,1995,Cardiovascular diseases,dalys,9551.91,4268.58,3439.35,4834.96
14,Maldives,1996,Cardiovascular diseases,dalys,9357.32,4263.52,3461.16,4810.76
14,Maldives,1997,Cardiovascular diseases,dalys,9155.9,4227.18,3486.34,4764.98
14,Maldives,1998,Cardiovascular diseases,dalys,8842.07,4140.41,3464.32,4657.45
14,Maldives,1999,Cardiovascular diseases,dalys,8495.3,4054.63,3459.55,4550.41
14,Maldives,2000,Cardiovascular diseases,dalys,8245.28,4028.86,3506.89,4495.72
14,Maldives,2001,Cardiovascular diseases,dalys,8065.93,4035.62,3566.19,4456.97
24,Marshall Islands,1990,Cardiovascular diseases,dalys,15830.09,6247.41,4913.19,7605.99
24,Marshall Islands,1991,Cardiovascular diseases,dalys,15802.22,6206.29,4902.9,7573.67
24,Marshall Islands,1992,Cardiovascular diseases,dalys,15765.57,6170.62,4845.19,7564.69
24,Marshall Islands,1993,Cardiovascular diseases,dalys,15745.94,6146.76,4836.91,7596.31
24,Marshall Islands,1994,Cardiovascular diseases,dalys,15886.72,6176.25,4838.73,7544.95
24,Marshall Islands,1995,Cardiovascular diseases,dalys,15822.8,6149.06,4789.16,7504.84
24,Marshall Islands,1996,Cardiovascular diseases,dalys,15837.85,6165.7,4794.44,7474.0
24,Marshall Islands,1997,Cardiovascular diseases,dalys,15873.5,6200.11,4864.13,7585.54
24,Marshall Islands,1998,Cardiovascular diseases,dalys,15986.28,6273.66,4908.77,7661.78
24,Marshall Islands,1999,Cardiovascular diseases,dalys,16000.22,6311.67,4863.97,7716.0
24,Marshall Islands,2000,Cardiovascular diseases,dalys,16325.16,6466.87,4997.6,7862.27
24,Marshall Islands,2001,Cardiovascular diseases,dalys,16022.48,6410.21,4971.08,7847.62
183,Mauritius,1990,Cardiovascular diseases,dalys,8639.25,5886.01,5663.33,6098.86
183,Mauritius,1991,Cardiovascular diseases,dalys,7692.1,5262.33,5060.64,5482.0
183,Mauritius,1992,Cardiovascular diseases,dalys,7403.49,5143.69,4940.63,5343.77
183,Mauritius,1993,Cardiovascular diseases,dalys,7631.37,5370.93,5185.63,5573.11
183,Mauritius,1994,Cardiovascular diseases,dalys,7491.0,5353.58,5142.97,5545.31
183,Mauritius,1995,Cardiovascular diseases,dalys,7298.57,5281.13,5057.41,5454.39
183,Mauritius,1996,Cardiovascular diseases,dalys,7223.27,5309.75,5078.44,5486.36
183,Mauritius,1997,Cardiovascular diseases,dalys,7340.08,5507.52,5260.07,5715.54
183,Mauritius,1998,Cardiovascular diseases,dalys,7204.25,5518.33,5278.33,5716.95
183,Mauritius,1999,Cardiovascular diseases,dalys,6819.81,5313.83,5089.68,5491.39
183,Mauritius,2000,Cardiovascular diseases,dalys,6425.05,5120.06,4876.68,5300.24
183,Mauritius,2001,Cardiovascular diseases,dalys,6292.46,5128.31,4899.8,5312.68
130,Mexico,1990,Cardiovascular diseases,dalys,3902.0,2116.7,2022.55,2233.84
130,Mexico,1991,Cardiovascular diseases,dalys,3875.08,2111.56,2010.22,2224.34
130,Mexico,1992,Cardiovascular diseases,dalys,3878.83,2118.49,2017.15,2224.45
130,Mexico,1993,Cardiovascular diseases,dalys,3898.49,2137.86,2035.66,2240.43
130,Mexico,1994,Cardiovascular diseases,dalys,3909.7,2152.41,2056.36,2245.75
130,Mexico,1995,Cardiovascular diseases,dalys,3905.85,2172.64,2070.28,2269.69
130,Mexico,1996,Cardiovascular diseases,dalys,3889.11,2194.42,2094.8,2296.39
130,Mexico,1997,Cardiovascular diseases,dalys,3843.4,2209.0,2109.41,2311.25
130,Mexico,1998,Cardiovascular diseases,dalys,3726.39,2198.57,2096.7,2306.01
130,Mexico,1999,Cardiovascular diseases,dalys,3604.59,2175.99,2072.24,2283.3
130,Mexico,2000,Cardiovascular diseases,dalys,3436.2,2129.28,2026.55,2229.19
130,Mexico,2001,Cardiovascular diseases,dalys,3345.62,2135.49,2028.91,2242.45
38,Mongolia,1990,Cardiovascular diseases,dalys,12132.57,6026.25,5306.97,6763.35
38,Mongolia,1991,Cardiovascular diseases,dalys,12815.98,6282.73,5580.93,6937.34
38,Mongolia,1992,Cardiovascular diseases,dalys,13294.69,6412.48,5743.09,7079.41
38,Mongolia,1993,Cardiovascular diseases,dalys,13487.66,6431.23,5735.28,7067.12
38,Mongolia,1994,Cardiovascular diseases,dalys,13455.76,6366.76,5734.63,7011.14
38,Mongolia,1995,Cardiovascular diseases,dalys,13950.64,6560.56,5902.0,7231.19
38,Mongolia,1996,Cardiovascular diseases,dalys,14372.14,6736.03,6087.15,7422.41
38,Mongolia,1997,Cardiovascular diseases,dalys,14474.48,6755.46,6046.8,7477.23
38,Mongolia,1998,Cardiovascular diseases,dalys,14359.28,6731.11,5989.68,7451.66
38,Mongolia,1999,Cardiovascular diseases,dalys,14199.86,6684.86,5944.85,7378.47
38,Mongolia,2000,Cardiovascular diseases,dalys,14198.86,6752.92,6009.63,7474.3
38,Mongolia,2001,Cardiovascular diseases,dalys,14298.63,6930.84,6140.22,7649.94
50,Montenegro,1990,Cardiovascular diseases,dalys,9522.13,8048.57,7329.03,8679.18
50,Montenegro,1991,Cardiovascular diseases,dalys,9478.62,7843.37,7151.17,8462.42
50,Montenegro,1992,Cardiovascular diseases,dalys,9470.69,8124.31,7482.38,8759.63
50,Montenegro,1993,Cardiovascular diseases,dalys,9579.27,8526.5,7928.11,9091.0
50,Montenegro,1994,Cardiovascular diseases,dalys,9729.78,8992.63,8385.54,9546.39
50,Montenegro,1995,Cardiovascular diseases,dalys,9801.88,9407.03,8802.49,9925.32
50,Montenegro,1996,Cardiovascular diseases,dalys,9849.15,9297.08,8646.16,9807.01
50,Montenegro,1997,Cardiovascular diseases,dalys,9860.38,9884.54,9227.5,10428.81
50,Montenegro,1998,Cardiovascular diseases,dalys,9846.91,10235.88,9546.58,10792.53
50,Montenegro,1999,Cardiovascular diseases,dalys,9666.67,10214.58,9486.14,10778.59
50,Montenegro,2000,Cardiovascular diseases,dalys,9589.27,10373.25,9642.04,10912.51
50,Montenegro,2001,Cardiovascular diseases,dalys,9532.03,10417.31,9701.82,10922.94
195,Namibia,1990,Cardiovascular diseases,dalys,7280.16,4099.68,3272.95,5120.71
195,Namibia,1991,Cardiovascular diseases,dalys,7233.92,4075.14,3266.54,5015.75
195,Namibia,1992,Cardiovascular diseases,dalys,7128.38,4006.19,3183.33,4859.06
195,Namibia,1993,Cardiovascular diseases,dalys,6932.26,3882.38,3081.37,4738.91
195,Namibia,1994,Cardiovascular diseases,dalys,6737.46,3752.48,3055.97,4555.81
195,Namibia,1995,Cardiovascular diseases,dalys,6473.27,3585.87,2909.39,4364.88
195,Namibia,1996,Cardiovascular diseases,dalys,6268.12,3459.89,2811.93,4214.04
195,Namibia,1997,Cardiovascular diseases,dalys,6132.12,3375.26,2752.2,4106.67
195,Namibia,1998,Cardiovascular diseases,dalys,6010.98,3308.1,2680.84,4033.38
195,Namibia,1999,Cardiovascular diseases,dalys,5950.85,3277.39,2637.95,4008.36
195,Namibia,2000,Cardiovascular diseases,dalys,5919.82,3265.71,2621.14,3995.86
195,Namibia,2001,Cardiovascular diseases,dalys,5816.91,3218.07,2613.63,3948.88
49,North Macedonia,1990,Cardiovascular diseases,dalys,10980.42,9056.01,8492.58,9577.92
49,North Macedonia,1991,Cardiovascular diseases,dalys,10984.72,9238.6,8744.64,9653.07
49,North Macedonia,1992,Cardiovascular diseases,dalys,11069.43,9765.21,9285.63,10198.7
49,North Macedonia,1993,Cardiovascular diseases,dalys,11177.49,9880.52,9406.58,10357.34
49,North Macedonia,1994,Cardiovascular diseases,dalys,11192.08,10114.64,9578.8,10566.92
49,North Macedonia,1995,Cardiovascular diseases,dalys,11279.19,10484.72,9940.99,10955.13
49,North Macedonia,1996,Cardiovascular diseases,dalys,11228.92,10540.66,10060.34,11007.99
49,North Macedonia,1997,Cardiovascular diseases,dalys,11149.53,10827.78,10294.66,11335.7
49,North Macedonia,1998,Cardiovascular diseases,dalys,10986.36,10777.85,10230.11,11268.15
49,North Macedonia,1999,Cardiovascular diseases,dalys,10894.55,10789.07,10224.28,11268.05
49,North Macedonia,2000,Cardiovascular diseases,dalys,10783.23,10846.95,10314.07,11305.89
49,North Macedonia,2001,Cardiovascular diseases,dalys,10594.46,10578.7,10012.32,11013.34
136,Paraguay,1990,Cardiovascular diseases,dalys,5759.8,3238.46,2847.96,3520.19
136,Paraguay,1991,Cardiovascular diseases,dalys,5717.6,3237.68,2866.69,3514.4
136,Paraguay,1992,Cardiovascular diseases,dalys,5683.46,3239.93,2882.7,3484.17
136,Paraguay,1993,Cardiovascular diseases,dalys,5698.54,3270.86,2899.57,3491.46
136,Paraguay,1994,Cardiovascular diseases,dalys,5724.89,3307.72,2945.95,3522.66
136,Paraguay,1995,Cardiovascular diseases,dalys,5668.78,3296.69,2963.58,3491.93
136,Paraguay,1996,Cardiovascular diseases,dalys,5564.16,3267.58,2964.8,3448.46
136,Paraguay,1997,Cardiovascular diseases,dalys,5433.99,3225.19,2955.62,3408.12
136,Paraguay,1998,Cardiovascular diseases,dalys,5322.23,3196.11,2970.74,3371.25
136,Paraguay,1999,Cardiovascular diseases,dalys,5170.39,3141.11,2920.63,3312.69
136,Paraguay,2000,Cardiovascular diseases,dalys,5034.79,3096.66,2884.36,3268.74
136,Paraguay,2001,Cardiovascular diseases,dalys,4924.26,3076.45,2886.52,3264.55
123,Peru,1990,Cardiovascular diseases,dalys,3297.69,2052.11,1808.08,2250.69
123,Peru,1991,Cardiovascular diseases,dalys,3384.99,2087.65,1852.12,2271.92
123,Peru,1992,Cardiovascular diseases,dalys,3389.45,2152.55,1913.43,2365.09
123,Peru,1993,Cardiovascular diseases,dalys,3440.04,2200.79,1925.64,2435.58
123,Peru,1994,Cardiovascular diseases,dalys,3448.8,2226.69,1957.94,2462.26
123,Peru,1995,Cardiovascular diseases,dalys,3422.34,2253.95,2008.57,2473.99
123,Peru,1996,Cardiovascular diseases,dalys,3400.03,2270.08,2038.18,2476.33
123,Peru,1997,Cardiovascular diseases,dalys,3182.48,2148.97,1939.15,2350.4
123,Peru,1998,Cardiovascular diseases,dalys,2982.72,2055.02,1846.09,2224.45
123,Peru,1999,Cardiovascular diseases,dalys,2769.81,1921.19,1736.19,2091.55
123,Peru,2000,Cardiovascular diseases,dalys,2577.34,1815.6,1649.44,1970.79
123,Peru,2001,Cardiovascular diseases,dalys,2452.06,1755.17,1597.06,1915.8
61,Republic of Moldova,1990,Cardiovascular diseases,dalys,11263.09,10249.22,9848.77,10632.49
61,Republic of Moldova,1991,Cardiovascular diseases,dalys,11745.81,10823.44,10406.93,11252.16
61,Republic of Moldova,1992,Cardiovascular diseases,dalys,12074.3,11237.04,10842.0,11663.43
61,Republic of Moldova,1993,Cardiovascular diseases,dalys,12937.81,12247.29,11880.61,12682.55
61,Republic of Moldova,1994,Cardiovascular diseases,dalys,13766.07,13249.91,12814.38,13727.98
61,Republic of Moldova,1995,Cardiovascular diseases,dalys,14092.77,13787.95,13351.74,14296.66
61,Republic of Moldova,1996,Cardiovascular diseases,dalys,13595.66,13513.97,13017.1,13916.5
61,Republic of Moldova,1997,Cardiovascular diseases,dalys,12773.04,12922.97,12482.57,13301.81
61,Republic of Moldova,1998,Cardiovascular diseases,dalys,12019.98,12450.4,11950.88,12838.75
61,Republic of Moldova,1999,Cardiovascular diseases,dalys,11903.8,12664.49,12196.94,13065.78
61,Republic of Moldova,2000,Cardiovascular diseases,dalys,11772.46,12851.47,12376.63,13297.46
61,Republic of Moldova,2001,Cardiovascular diseases,dalys,11516.61,12891.63,12453.32,13345.86
116,Saint Lucia,1990,Cardiovascular diseases,dalys,7525.11,5152.74,4843.42,5467.39
116,Saint Lucia,1991,Cardiovascular diseases,dalys,7295.61,5058.29,4738.5,5345.8
116,Saint Lucia,1992,Cardiovascular diseases,dalys,6928.83,4835.36,4527.76,5143.86
116,Saint Lucia,1993,Cardiovascular diseases,dalys,6767.47,4835.12,4534.18,5128.41
116,Saint Lucia,1994,Cardiovascular diseases,dalys,6705.23,4856.04,4540.53,5167.1
116,Saint Lucia,1995,Cardiovascular diseases,dalys,6490.29,4758.43,4460.38,5039.21
116,Saint Lucia,1996,Cardiovascular diseases,dalys,6219.26,4679.37,4414.43,4961.93
116,Saint Lucia,1997,Cardiovascular diseases,dalys,5985.21,4568.42,4292.28,4829.02
116,Saint Lucia,1998,Cardiovascular diseases,dalys,5697.87,4414.3,4092.58,4698.42
116,Saint Lucia,1999,Cardiovascular diseases,dalys,5538.26,4346.25,4064.2,4628.71
116,Saint Lucia,2000,Cardiovascular diseases,dalys,5089.91,4052.85,3774.59,4307.27
116,Saint Lucia,2001,Cardiovascular diseases,dalys,4930.5,4063.35,3778.36,4331.25
117,Saint Vincent and the Grenadines,1990,Cardiovascular diseases,dalys,7120.16,4942.58,4618.58,5281.09
117,Saint Vincent and the Grenadines,1991,Cardiovascular diseases,dalys,7155.13,5008.98,4653.23,5340.78
117,Saint Vincent and the Grenadines,1992,Cardiovascular diseases,dalys,7255.5,5112.41,4772.75,5455.94
117,Saint Vincent and the Grenadines,1993,Cardiovascular diseases,dalys,7374.37,5272.84,4925.79,5636.22
117,Saint Vincent and the Grenadines,1994,Cardiovascular diseases,dalys,7429.16,5395.71,5053.15,5772.96
117,Saint Vincent and the Grenadines,1995,Cardiovascular diseases,dalys,7343.88,5417.1,5036.57,5793.17
117,Saint Vincent and the Grenadines,1996,Cardiovascular diseases,dalys,7069.6,5238.58,4905.05,5614.75
117,Saint Vincent and the Grenadines,1997,Cardiovascular diseases,dalys,7139.25,5430.2,5075.74,5763.96
117,Saint Vincent and the Grenadines,1998,Cardiovascular diseases,dalys,6980.48,5378.27,5053.71,5772.13
117,Saint Vincent and the Grenadines,1999,Cardiovascular diseases,dalys,6648.18,5210.25,4858.19,5560.24
117,Saint Vincent and the Grenadines,2000,Cardiovascular diseases,dalys,6356.4,5003.2,4693.81,5344.97
117,Saint Vincent and the Grenadines,2001,Cardiovascular diseases,dalys,6146.58,4967.55,4644.58,5276.59
53,Serbia,1990,Cardiovascular diseases,dalys,12633.36,12361.4,11137.41,13289.21
53,Serbia,1991,Cardiovascular diseases,dalys,12587.8,12578.55,11287.22,13573.72
53,Serbia,1992,Cardiovascular diseases,dalys,12626.11,13008.65,11734.68,14036.41
53,Serbia,1993,Cardiovascular diseases,dalys,12780.06,13340.38,12093.1,14471.52
53,Serbia,1994,Cardiovascular diseases,dalys,12848.05,13572.11,12381.39,14609.9
53,Serbia,1995,Cardiovascular diseases,dalys,12896.31,14028.99,12903.89,15078.85
53,Serbia,1996,Cardiovascular diseases,dalys,12926.79,14264.38,13285.77,15200.8
53,Serbia,1997,Cardiovascular diseases,dalys,12856.97,14345.28,13369.72,15120.47
53,Serbia,1998,Cardiovascular diseases,dalys,12646.31,14404.24,13573.23,15095.47
53,Serbia,1999,Cardiovascular diseases,dalys,12311.54,14559.36,13772.52,15253.17
53,Serbia,2000,Cardiovascular diseases,dalys,12040.04,14789.71,13957.65,15510.63
53,Serbia,2001,Cardiovascular diseases,dalys,11788.22,14339.81,13590.41,15089.27
196,South Africa,1990,Cardiovascular diseases,dalys,5341.54,3105.21,2704.8,3518.59
196,South Africa,1991,Cardiovascular diseases,dalys,5325.04,3118.38,2734.32,3470.71
196,South Africa,1992,Cardiovascular diseases,dalys,5289.77,3124.37,2776.53,3493.66
196,South Africa,1993,Cardiovascular diseases,dalys,5560.1,3326.63,2962.73,3658.23
196,South Africa,1994,Cardiovascular diseases,dalys,5749.02,3486.62,3114.36,3829.59
196,South Africa,1995,Cardiovascular diseases,dalys,5816.16,3562.27,3190.03,3892.77
196,South Africa,1996,Cardiovascular diseases,dalys,6207.79,3843.88,3504.84,4151.59
196,South Africa,1997,Cardiovascular diseases,dalys,6116.17,3808.57,3462.6,4108.51
196,South Africa,1998,Cardiovascular diseases,dalys,6182.16,3864.75,3545.04,4179.25
196,South Africa,1999,Cardiovascular diseases,dalys,6021.93,3782.76,3473.44,4070.15
196,South Africa,2000,Cardiovascular diseases,dalys,5809.25,3663.53,3338.55,3941.38
196,South Africa,2001,Cardiovascular diseases,dalys,5734.57,3644.2,3337.1,3918.01
118,Suriname,1990,Cardiovascular diseases,dalys,7161.52,4875.25,4379.58,5251.87
118,Suriname,1991,Cardiovascular diseases,dalys,7147.27,4905.39,4438.0,5297.14
118,Suriname,1992,Cardiovascular diseases,dalys,7173.6,4986.96,4518.95,5376.02
118,Suriname,1993,Cardiovascular diseases,dalys,7001.82,4928.41,4461.02,5344.13
118,Suriname,1994,Cardiovascular diseases,dalys,7030.83,5037.94,4581.83,5409.81
118,Suriname,1995,Cardiovascular diseases,dalys,7169.21,5126.15,4635.38,5481.98
118,Suriname,1996,Cardiovascular diseases,dalys,7139.97,5142.94,4653.99,5497.62
118,Suriname,1997,Cardiovascular diseases,dalys,7090.81,5132.3,4667.64,5478.17
118,Suriname,1998,Cardiovascular diseases,dalys,7010.85,5097.96,4658.7,5422.65
118,Suriname,1999,Cardiovascular diseases,dalys,6939.27,5078.41,4672.36,5378.39
118,Suriname,2000,Cardiovascular diseases,dalys,6652.78,4876.64,4505.98,5182.83
118,Suriname,2001,Cardiovascular diseases,dalys,6561.19,4860.57,4517.88,5145.33
18,Thailand,1990,Cardiovascular diseases,dalys,5093.67,3269.88,2720.62,3860.53
18,Thailand,1991,Cardiovascular diseases,dalys,5137.14,3368.08,2813.53,3956.41
18,Thailand,1992,Cardiovascular diseases,dalys,5217.97,3490.14,2891.35,4086.52
18,Thailand,1993,Cardiovascular diseases,dalys,5260.14,3603.14,3006.7,4202.87
18,Thailand,1994,Cardiovascular diseases,dalys,5373.46,3774.3,3166.57,4435.17
18,Thailand,1995,Cardiovascular diseases,dalys,5402.58,3895.56,3279.75,4549.37
18,Thailand,1996,Cardiovascular diseases,dalys,5006.09,3704.37,3118.9,4275.94
18,Thailand,1997,Cardiovascular diseases,dalys,4419.56,3331.33,2873.89,3808.92
18,Thailand,1998,Cardiovascular diseases,dalys,4450.07,3403.43,2957.96,3866.76
18,Thailand,1999,Cardiovascular diseases,dalys,4909.21,3870.99,3381.46,4414.66
18,Thailand,2000,Cardiovascular diseases,dalys,5075.22,4136.42,3605.79,4710.68
18,Thailand,2001,Cardiovascular diseases,dalys,5071.02,4258.53,3740.73,4823.53
29,Tonga,1990,Cardiovascular diseases,dalys,7997.8,4815.86,4079.07,5670.62
29,Tonga,1991,Cardiovascular diseases,dalys,7993.91,4863.33,4113.89,5698.99
29,Tonga,1992,Cardiovascular diseases,dalys,8000.7,4915.96,4184.44,5711.14
29,Tonga,1993,Cardiovascular diseases,dalys,8003.2,4965.12,4210.25,5699.53
29,Tonga,1994,Cardiovascular diseases,dalys,7997.4,5006.94,4244.42,5730.46
29,Tonga,1995,Cardiovascular diseases,dalys,7996.48,5049.35,4284.06,5744.62
29,Tonga,1996,Cardiovascular diseases,dalys,8024.8,5112.83,4354.75,5772.84
29,Tonga,1997,Cardiovascular diseases,dalys,8071.55,5187.95,4428.32,5911.54
29,Tonga,1998,Cardiovascular diseases,dalys,8076.62,5232.74,4453.43,6019.17
29,Tonga,1999,Cardiovascular diseases,dalys,8090.03,5286.1,4515.59,6127.85
29,Tonga,2000,Cardiovascular diseases,dalys,8083.93,5317.52,4563.01,6093.31
29,Tonga,2001,Cardiovascular diseases,dalys,8064.77,5336.67,4616.4,6102.19
40,Turkmenistan,1990,Cardiovascular diseases,dalys,13157.95,6885.28,6564.1,7192.11
40,Turkmenistan,1991,Cardiovascular diseases,dalys,13560.03,7219.16,6884.47,7522.96
40,Turkmenistan,1992,Cardiovascular diseases,dalys,14289.73,7668.24,7353.11,8000.79
40,Turkmenistan,1993,Cardiovascular diseases,dalys,15336.78,8431.13,8052.79,8737.39
40,Turkmenistan,1994,Cardiovascular diseases,dalys,15626.77,8644.4,8280.42,8965.62
40,Turkmenistan,1995,Cardiovascular diseases,dalys,15920.92,8766.41,8398.48,9122.36
40,Turkmenistan,1996,Cardiovascular diseases,dalys,16096.34,9021.38,8662.11,9392.99
40,Turkmenistan,1997,Cardiovascular diseases,dalys,15971.44,8808.74,8451.88,9194.06
40,Turkmenistan,1998,Cardiovascular diseases,dalys,15627.71,8685.85,8335.59,9083.86
40,Turkmenistan,1999,Cardiovascular diseases,dalys,15338.75,8369.82,8036.48,8769.81
40,Turkmenistan,2000,Cardiovascular diseases,dalys,15404.0,8677.45,8364.15,9065.82
40,Turkmenistan,2001,Cardiovascular diseases,dalys,15390.04,8788.42,8468.97,9157.16
416,Tuvalu,1990,Cardiovascular diseases,dalys,16407.26,11737.61,9572.03,13990.55
416,Tuvalu,1991,Cardiovascular diseases,dalys,16741.76,12140.33,9973.79,14397.1
416,Tuvalu,1992,Cardiovascular diseases,dalys,16833.27,12384.96,10228.89,14592.84
416,Tuvalu,1993,Cardiovascular diseases,dalys,16952.54,12601.19,10524.67,14804.21
416,Tuvalu,1994,Cardiovascular diseases,dalys,17038.88,12794.99,10718.08,14875.5
416,Tuvalu,1995,Cardiovascular diseases,dalys,17075.78,12925.43,10819.62,14997.88
416,Tuvalu,1996,Cardiovascular diseases,dalys,17182.38,13097.35,10964.7,15233.38
416,Tuvalu,1997,Cardiovascular diseases,dalys,17267.41,13222.55,11069.9,15251.67
416,Tuvalu,1998,Cardiovascular diseases,dalys,17355.37,13333.61,11294.31,15562.11
416,Tuvalu,1999,Cardiovascular diseases,dalys,17320.9,13338.35,11465.26,15605.2
416,Tuvalu,2000,Cardiovascular diseases,dalys,17390.31,13392.51,11413.06,15546.49
416,Tuvalu,2001,Cardiovascular diseases,dalys,17294.65,13304.5,11324.29,15331.9
155,Türkiye,1990,Cardiovascular diseases,dalys,9261.81,5520.32,4414.36,6409.15
155,Türkiye,1991,Cardiovascular diseases,dalys,9092.43,5470.67,4442.21,6370.46
155,Türkiye,1992,Cardiovascular diseases,dalys,9008.1,5481.56,4470.16,6363.8
155,Türkiye,1993,Cardiovascular diseases,dalys,8928.82,5514.68,4509.95,6354.31
155,Türkiye,1994,Cardiovascular diseases,dalys,8869.06,5558.27,4559.23,6350.32
155,Türkiye,1995,Cardiovascular diseases,dalys,8740.3,5548.26,4628.64,6371.61
155,Türkiye,1996,Cardiovascular diseases,dalys,8436.07,5427.6,4519.41,6217.5
155,Türkiye,1997,Cardiovascular diseases,dalys,8256.94,5379.73,4607.11,6132.91
155,Türkiye,1998,Cardiovascular diseases,dalys,8099.32,5346.3,4704.67,6017.81
155,Türkiye,1999,Cardiovascular diseases,dalys,7666.38,5140.64,4565.82,5783.03
155,Türkiye,2000,Cardiovascular diseases,dalys,7420.67,5059.65,4550.23,5636.6
155,Türkiye,2001,Cardiovascular diseases,dalys,7046.79,4881.35,4404.04,5346.43
63,Ukraine,1990,Cardiovascular diseases,dalys,12533.72,16265.53,15425.24,16823.54
63,Ukraine,1991,Cardiovascular diseases,dalys,13081.9,17169.07,16305.96,17846.45
63,Ukraine,1992,Cardiovascular diseases,dalys,13572.45,17963.47,17075.6,18666.57
63,Ukraine,1993,Cardiovascular diseases,dalys,14367.65,19199.1,18209.93,20019.92
63,Ukraine,1994,Cardiovascular diseases,dalys,14919.96,20072.08,19019.56,20954.35
63,Ukraine,1995,Cardiovascular diseases,dalys,15296.31,20711.86,19648.7,21573.05
63,Ukraine,1996,Cardiovascular diseases,dalys,15176.29,20677.34,19723.14,21544.86
63,Ukraine,1997,Cardiovascular diseases,dalys,14734.22,20233.88,19420.88,20986.12
63,Ukraine,1998,Cardiovascular diseases,dalys,14149.36,19598.0,18899.12,20305.3
63,Ukraine,1999,Cardiovascular diseases,dalys,14190.79,19918.12,19224.1,20538.59
63,Ukraine,2000,Cardiovascular diseases,dalys,14260.3,20303.07,19618.96,20918.31
63,Ukraine,2001,Cardiovascular diseases,dalys,13982.48,20162.31,19544.68,20759.17
133,Venezuela (Bolivarian Republic of),1990,Cardiovascular diseases,dalys,7312.52,3567.02,3435.78,3688.22
133,Venezuela (Bolivarian Republic of),1991,Cardiovascular diseases,dalys,7242.89,3579.56,3431.06,3700.5
133,Venezuela (Bolivarian Republic of),1992,Cardiovascular diseases,dalys,7154.76,3585.27,3456.63,3701.25
133,Venezuela (Bolivarian Republic of),1993,Cardiovascular diseases,dalys,7042.7,3585.57,3454.08,3697.6
133,Venezuela (Bolivarian Republic of),1994,Cardiovascular diseases,dalys,6970.61,3591.76,3447.43,3708.87
133,Venezuela (Bolivarian Republic of),1995,Cardiovascular diseases,dalys,6793.95,3588.31,3425.68,3710.62
133,Venezuela (Bolivarian Republic of),1996,Cardiovascular diseases,dalys,6525.4,3527.11,3387.55,3645.55
133,Venezuela (Bolivarian Republic of),1997,Cardiovascular diseases,dalys,6250.27,3431.64,3300.18,3556.57
133,Venezuela (Bolivarian Republic of),1998,Cardiovascular diseases,dalys,6004.96,3358.67,3226.01,3482.24
133,Venezuela (Bolivarian Republic of),1999,Cardiovascular diseases,dalys,6233.65,3536.82,3405.32,3656.53
133,Venezuela (Bolivarian Republic of),2000,Cardiovascular diseases,dalys,5741.78,3315.0,3187.78,3432.05
133,Venezuela (Bolivarian Republic of),2001,Cardiovascular diseases,dalys,5656.14,3340.16,3218.14,3474.25
43,Albania,2002,Cardiovascular diseases,dalys,6738.43,5699.29,5265.48,6045.22
43,Albania,2003,Cardiovascular diseases,dalys,6802.16,6251.78,5772.76,6667.56
43,Albania,2004,Cardiovascular diseases,dalys,6722.96,6323.26,5823.28,6728.42
43,Albania,2005,Cardiovascular diseases,dalys,6576.98,6317.68,5748.43,6728.68
43,Albania,2006,Cardiovascular diseases,dalys,6317.83,6239.15,5635.51,6634.79
43,Albania,2007,Cardiovascular diseases,dalys,6057.87,5658.01,5093.41,6037.58
43,Albania,2008,Cardiovascular diseases,dalys,5953.96,5978.08,5430.72,6378.19
43,Albania,2009,Cardiovascular diseases,dalys,5825.49,5994.06,5495.4,6412.27
43,Albania,2010,Cardiovascular diseases,dalys,5709.36,6205.92,5658.04,6652.91
43,Albania,2011,Cardiovascular diseases,dalys,5612.3,6415.74,5862.45,6919.03
43,Albania,2012,Cardiovascular diseases,dalys,5533.27,6658.6,6066.01,7207.39
43,Albania,2013,Cardiovascular diseases,dalys,5466.8,6934.74,6237.97,7499.55
139,Algeria,2002,Cardiovascular diseases,dalys,9004.57,5367.43,4604.65,6171.42
139,Algeria,2003,Cardiovascular diseases,dalys,8801.43,5340.62,4524.42,6187.75
139,Algeria,2004,Cardiovascular diseases,dalys,8597.52,5315.97,4483.25,6172.37
139,Algeria,2005,Cardiovascular diseases,dalys,8371.95,5275.74,4461.69,6134.9
139,Algeria,2006,Cardiovascular diseases,dalys,8211.66,5275.37,4434.91,6162.19
139,Algeria,2007,Cardiovascular diseases,dalys,8104.92,5308.92,4478.05,6204.13
139,Algeria,2008,Cardiovascular diseases,dalys,7995.09,5338.63,4484.98,6222.45
139,Algeria,2009,Cardiovascular diseases,dalys,7907.0,5383.54,4540.26,6263.47
139,Algeria,2010,Cardiovascular diseases,dalys,7848.21,5445.15,4590.9,6296.28
139,Algeria,2011,Cardiovascular diseases,dalys,7771.35,5489.41,4659.08,6370.81
139,Algeria,2012,Cardiovascular diseases,dalys,7731.8,5557.87,4740.27,6423.97
139,Algeria,2013,Cardiovascular diseases,dalys,7634.05,5575.67,4755.0,6449.57
97,Argentina,2002,Cardiovascular diseases,dalys,4941.6,5145.93,4873.36,5342.29
97,Argentina,2003,Cardiovascular diseases,dalys,4862.72,5124.27,4838.97,5340.51
97,Argentina,2004,Cardiovascular diseases,dalys,4592.45,4860.36,4589.7,5079.25
97,Argentina,2005,Cardiovascular diseases,dalys,4401.34,4685.28,4439.69,4905.16
97,Argentina,2006,Cardiovascular diseases,dalys,4307.07,4616.18,4379.51,4828.68
97,Argentina,2007,Cardiovascular diseases,dalys,4389.08,4767.39,4538.67,4969.68
97,Argentina,2008,Cardiovascular diseases,dalys,4171.94,4528.41,4299.69,4718.81
97,Argentina,2009,Cardiovascular diseases,dalys,4077.54,4455.87,4218.84,4658.92
97,Argentina,2010,Cardiovascular diseases,dalys,4110.46,4568.35,4324.08,4768.06
97,Argentina,2011,Cardiovascular diseases,dalys,4002.41,4476.19,4237.51,4677.61
97,Argentina,2012,Cardiovascular diseases,dalys,3898.45,4387.94,4143.6,4586.42
97,Argentina,2013,Cardiovascular diseases,dalys,3786.1,4309.54,4050.72,4531.14
33,Armenia,2002,Cardiovascular diseases,dalys,8803.95,8834.29,8373.22,9225.59
33,Armenia,2003,Cardiovascular diseases,dalys,8721.9,8985.21,8576.64,9349.06
33,Armenia,2004,Cardiovascular diseases,dalys,8666.82,9141.22,8729.64,9502.22
33,Armenia,2005,Cardiovascular diseases,dalys,8494.01,9218.09,8783.09,9594.71
33,Armenia,2006,Cardiovascular diseases,dalys,8346.3,9284.6,8824.94,9687.67
33,Armenia,2007,Cardiovascular diseases,dalys,8219.88,9343.14,8910.24,9731.37
33,Armenia,2008,Cardiovascular diseases,dalys,7967.43,9236.61,8819.12,9585.84
33,Armenia,2009,Cardiovascular diseases,dalys,7698.04,9100.44,8664.44,9474.07
33,Armenia,2010,Cardiovascular diseases,dalys,7437.26,9010.74,8572.12,9408.59
33,Armenia,2011,Cardiovascular diseases,dalys,7143.93,8856.0,8408.78,9284.75
33,Armenia,2012,Cardiovascular diseases,dalys,6905.13,8764.73,8295.95,9195.59
33,Armenia,2013,Cardiovascular diseases,dalys,6619.41,8588.94,8173.39,8992.19
34,Azerbaijan,2002,Cardiovascular diseases,dalys,11872.49,8499.64,8034.9,8930.17
34,Azerbaijan,2003,Cardiovascular diseases,dalys,12048.77,8681.06,8251.2,9142.47
34,Azerbaijan,2004,Cardiovascular diseases,dalys,12118.74,8780.98,8366.21,9318.17
34,Azerbaijan,2005,Cardiovascular diseases,dalys,12115.43,8815.4,8307.42,9389.65
34,Azerbaijan,2006,Cardiovascular diseases,dalys,11938.1,8767.54,8212.12,9330.87
34,Azerbaijan,2007,Cardiovascular diseases,dalys,11553.3,8547.39,7994.24,9091.85
34,Azerbaijan,2008,Cardiovascular diseases,dalys,11204.6,8371.4,7791.04,8925.85
34,Azerbaijan,2009,Cardiovascular diseases,dalys,10942.66,8266.96,7639.76,8844.9
34,Azerbaijan,2010,Cardiovascular diseases,dalys,10707.69,8177.14,7564.76,8802.28
34,Azerbaijan,2011,Cardiovascular diseases,dalys,10545.23,8166.45,7473.15,8827.54
34,Azerbaijan,2012,Cardiovascular diseases,dalys,10314.36,8069.71,7365.22,8674.51
34,Azerbaijan,2013,Cardiovascular diseases,dalys,10009.61,7910.15,7247.53,8459.57
57,Belarus,2002,Cardiovascular diseases,dalys,13956.79,18743.44,18147.15,19234.3
57,Belarus,2003,Cardiovascular diseases,dalys,13856.27,18824.17,18212.96,19331.45
57,Belarus,2004,Cardiovascular diseases,dalys,13249.62,18214.43,17609.84,18691.63
57,Belarus,2005,Cardiovascular diseases,dalys,12651.58,17602.83,17055.87,18069.0
57,Belarus,2006,Cardiovascular diseases,dalys,12485.33,17592.06,17044.19,18035.21
57,Belarus,2007,Cardiovascular diseases,dalys,12212.39,17414.46,16795.61,17863.66
57,Belarus,2008,Cardiovascular diseases,dalys,12037.24,17388.28,16818.74,17856.05
57,Belarus,2009,Cardiovascular diseases,dalys,12082.59,17670.12,17091.29,18147.97
57,Belarus,2010,Cardiovascular diseases,dalys,12070.55,17840.52,17184.31,18352.76
57,Belarus,2011,Cardiovascular diseases,dalys,11553.27,17225.8,16572.65,17752.26
57,Belarus,2012,Cardiovascular diseases,dalys,11063.53,16696.12,16061.75,17193.49
57,Belarus,2013,Cardiovascular diseases,dalys,10581.63,16161.29,15527.42,16597.85
108,Belize,2002,Cardiovascular diseases,dalys,5506.5,3049.81,2874.87,3216.97
108,Belize,2003,Cardiovascular diseases,dalys,5395.5,3018.94,2841.95,3195.21
108,Belize,2004,Cardiovascular diseases,dalys,5175.9,2891.58,2692.19,3082.44
108,Belize,2005,Cardiovascular diseases,dalys,5019.03,2826.4,2656.27,3008.83
108,Belize,2006,Cardiovascular diseases,dalys,4738.44,2731.99,2570.91,2928.33
108,Belize,2007,Cardiovascular diseases,dalys,4643.54,2672.78,2489.32,2882.35
108,Belize,2008,Cardiovascular diseases,dalys,4498.29,2630.51,2458.09,2845.63
108,Belize,2009,Cardiovascular diseases,dalys,4524.73,2675.47,2485.79,2882.18
108,Belize,2010,Cardiovascular diseases,dalys,4378.58,2657.96,2453.52,2868.58
108,Belize,2011,Cardiovascular diseases,dalys,4359.29,2668.39,2492.78,2873.33
108,Belize,2012,Cardiovascular diseases,dalys,4264.76,2644.85,2441.87,2833.23
108,Belize,2013,Cardiovascular diseases,dalys,4207.85,2638.76,2438.15,2802.9
44,Bosnia and Herzegovina,2002,Cardiovascular diseases,dalys,7539.13,8551.08,7907.93,9147.44
44,Bosnia and Herzegovina,2003,Cardiovascular diseases,dalys,7457.7,8688.42,8122.67,9240.83
44,Bosnia and Herzegovina,2004,Cardiovascular diseases,dalys,7392.21,8804.81,8243.95,9429.63
44,Bosnia and Herzegovina,2005,Cardiovascular diseases,dalys,7346.82,8932.22,8375.22,9490.62
44,Bosnia and Herzegovina,2006,Cardiovascular diseases,dalys,7226.6,8886.58,8327.93,9450.05
44,Bosnia and Herzegovina,2007,Cardiovascular diseases,dalys,7071.47,8989.38,8407.43,9555.65
44,Bosnia and Herzegovina,2008,Cardiovascular diseases,dalys,6887.35,9024.48,8439.8,9589.59
44,Bosnia and Herzegovina,2009,Cardiovascular diseases,dalys,6723.15,9006.13,8393.05,9557.66
44,Bosnia and Herzegovina,2010,Cardiovascular diseases,dalys,6572.25,9102.23,8478.73,9664.68
44,Bosnia and Herzegovina,2011,Cardiovascular diseases,dalys,6497.93,9272.36,8631.7,9785.1
44,Bosnia and Herzegovina,2012,Cardiovascular diseases,dalys,6318.06,9340.0,8725.1,9842.86
44,Bosnia and Herzegovina,2013,Cardiovascular diseases,dalys,6185.39,9424.48,8801.93,9960.58
193,Botswana,2002,Cardiovascular diseases,dalys,5256.19,2905.8,2401.75,3456.66
193,Botswana,2003,Cardiovascular diseases,dalys,4794.3,2637.58,2185.72,3112.27
193,Botswana,2004,Cardiovascular diseases,dalys,4343.74,2390.25,2013.12,2810.06
193,Botswana,2005,Cardiovascular diseases,dalys,4105.96,2276.03,1907.62,2667.65
193,Botswana,2006,Cardiovascular diseases,dalys,4388.7,2447.29,2041.4,2896.15
193,Botswana,2007,Cardiovascular diseases,dalys,3849.51,2192.37,1805.5,2606.34
193,Botswana,2008,Cardiovascular diseases,dalys,3740.95,2165.17,1786.82,2556.48
193,Botswana,2009,Cardiovascular diseases,dalys,3681.46,2167.94,1770.04,2598.88
193,Botswana,2010,Cardiovascular diseases,dalys,3595.36,2147.73,1747.06,2624.53
193,Botswana,2011,Cardiovascular diseases,dalys,3547.84,2154.51,1742.98,2646.19
193,Botswana,2012,Cardiovascular diseases,dalys,3518.11,2169.09,1751.7,2657.74
193,Botswana,2013,Cardiovascular diseases,dalys,3455.0,2163.14,1740.53,2646.23
135,Brazil,2002,Cardiovascular diseases,dalys,5437.82,4164.98,3953.78,4339.5
135,Brazil,2003,Cardiovascular diseases,dalys,5350.65,4175.11,3964.61,4356.21
135,Brazil,2004,Cardiovascular diseases,dalys,5256.49,4180.33,3972.52,4351.93
135,Brazil,2005,Cardiovascular diseases,dalys,4999.68,4050.62,3847.57,4209.14
135,Brazil,2006,Cardiovascular diseases,dalys,4906.43,4061.88,3858.45,4218.91
135,Brazil,2007,Cardiovascular diseases,dalys,4807.19,4067.76,3872.41,4246.96
135,Brazil,2008,Cardiovascular diseases,dalys,4725.52,4092.7,3887.7,4268.92
135,Brazil,2009,Cardiovascular diseases,dalys,4606.71,4081.71,3873.46,4253.75
135,Brazil,2010,Cardiovascular diseases,dalys,4525.56,4105.34,3891.6,4265.37
135,Brazil,2011,Cardiovascular diseases,dalys,4437.28,4122.05,3905.17,4294.99
135,Brazil,2012,Cardiovascular diseases,dalys,4278.67,4066.99,3848.61,4248.36
135,Brazil,2013,Cardiovascular diseases,dalys,4173.51,4067.3,3845.82,4243.65
6,China,2002,Cardiovascular diseases,dalys,7298.87,6309.55,5756.6,6938.11
6,China,2003,Cardiovascular diseases,dalys,7009.19,6213.78,5689.76,6817.39
6,China,2004,Cardiovascular diseases,dalys,6616.57,6023.37,5547.13,6610.88
6,China,2005,Cardiovascular diseases,dalys,6322.73,5899.51,5486.41,6437.15
6,China,2006,Cardiovascular diseases,dalys,6103.75,5827.15,5421.09,6337.72
6,China,2007,Cardiovascular diseases,dalys,5945.06,5817.46,5397.46,6266.76
6,China,2008,Cardiovascular diseases,dalys,5773.57,5791.19,5395.89,6233.08
6,China,2009,Cardiovascular diseases,dalys,5622.58,5792.37,5453.75,6178.7
6,China,2010,Cardiovascular diseases,dalys,5428.25,5737.58,5379.87,6096.31
6,China,2011,Cardiovascular diseases,dalys,5267.81,5722.61,5302.64,6092.2
6,China,2012,Cardiovascular diseases,dalys,5052.84,5642.17,5258.23,5990.03
6,China,2013,Cardiovascular diseases,dalys,4988.51,5733.81,5335.63,6074.07
125,Colombia,2002,Cardiovascular diseases,dalys,4050.56,2816.14,2696.23,2929.41
125,Colombia,2003,Cardiovascular diseases,dalys,3971.94,2842.99,2713.9,2964.65
125,Colombia,2004,Cardiovascular diseases,dalys,3902.15,2862.52,2713.61,2985.88
125,Colombia,2005,Cardiovascular diseases,dalys,3853.62,2910.84,2763.37,3029.36
125,Colombia,2006,Cardiovascular diseases,dalys,3789.91,2935.45,2791.28,3070.87
125,Colombia,2007,Cardiovascular diseases,dalys,3670.93,2913.52,2770.21,3043.88
125,Colombia,2008,Cardiovascular diseases,dalys,3564.6,2900.04,2751.14,3032.54
125,Colombia,2009,Cardiovascular diseases,dalys,3408.54,2837.49,2685.66,2975.44
125,Colombia,2010,Cardiovascular diseases,dalys,3308.79,2833.24,2659.92,2984.8
125,Colombia,2011,Cardiovascular diseases,dalys,3214.95,2821.02,2658.96,2971.4
125,Colombia,2012,Cardiovascular diseases,dalys,3132.36,2816.97,2658.55,2961.46
125,Colombia,2013,Cardiovascular diseases,dalys,3094.08,2852.1,2697.15,2990.82
126,Costa Rica,2002,Cardiovascular diseases,dalys,3387.39,2347.08,2221.04,2449.24
126,Costa Rica,2003,Cardiovascular diseases,dalys,3190.39,2277.68,2161.14,2387.26
126,Costa Rica,2004,Cardiovascular diseases,dalys,3126.24,2290.09,2163.98,2415.1
126,Costa Rica,2005,Cardiovascular diseases,dalys,3067.6,2288.57,2159.8,2412.27
126,Costa Rica,2006,Cardiovascular diseases,dalys,2976.99,2265.32,2142.72,2386.8
126,Costa Rica,2007,Cardiovascular diseases,dalys,2896.76,2263.14,2130.42,2384.59
126,Costa Rica,2008,Cardiovascular diseases,dalys,2826.83,2263.43,2132.89,2384.53
126,Costa Rica,2009,Cardiovascular diseases,dalys,2837.9,2326.42,2190.19,2443.0
126,Costa Rica,2010,Cardiovascular diseases,dalys,2840.38,2393.33,2250.59,2513.79
126,Costa Rica,2011,Cardiovascular diseases,dalys,2842.9,2456.79,2314.02,2574.0
126,Costa Rica,2012,Cardiovascular diseases,dalys,2837.93,2511.51,2361.99,2629.24
126,Costa Rica,2013,Cardiovascular diseases,dalys,2761.77,2492.38,2344.03,2602.44
109,Cuba,2002,Cardiovascular diseases,dalys,4749.84,5527.48,5261.88,5783.53
109,Cuba,2003,Cardiovascular diseases,dalys,4650.81,5560.78,5286.12,5810.16
109,Cuba,2004,Cardiovascular diseases,dalys,4624.91,5667.76,5392.58,5908.91
109,Cuba,2005,Cardiovascular diseases,dalys,4639.42,5815.13,5557.98,6064.01
109,Cuba,2006,Cardiovascular diseases,dalys,4507.44,5724.36,5455.49,5969.9
109,Cuba,2007,Cardiovascular diseases,dalys,4414.37,5726.18,5450.32,5994.12
109,Cuba,2008,Cardiovascular diseases,dalys,4424.34,5873.93,5563.9,6150.8
109,Cuba,2009,Cardiovascular diseases,dalys,4391.37,5941.79,5646.41,6217.09
109,Cuba,2010,Cardiovascular diseases,dalys,4376.54,6044.52,5741.71,6319.69
109,Cuba,2011,Cardiovascular diseases,dalys,4170.61,5851.54,5548.87,6121.79
109,Cuba,2012,Cardiovascular diseases,dalys,4072.54,5807.41,5490.0,6083.11
109,Cuba,2013,Cardiovascular diseases,dalys,4083.99,5936.31,5620.3,6228.24
110,Dominica,2002,Cardiovascular diseases,dalys,4753.1,5091.69,4693.49,5465.83
110,Dominica,2003,Cardiovascular diseases,dalys,4746.22,5094.42,4690.69,5486.51
110,Dominica,2004,Cardiovascular diseases,dalys,4708.65,5083.53,4687.68,5471.45
110,Dominica,2005,Cardiovascular diseases,dalys,4677.21,5013.76,4623.84,5424.31
110,Dominica,2006,Cardiovascular diseases,dalys,4651.48,5185.6,4748.0,5579.53
110,Dominica,2007,Cardiovascular diseases,dalys,4626.18,5196.2,4757.85,5605.48
110,Dominica,2008,Cardiovascular diseases,dalys,4603.89,5321.51,4860.14,5773.78
110,Dominica,2009,Cardiovascular diseases,dalys,4586.36,5374.15,4884.11,5832.63
110,Dominica,2010,Cardiovascular diseases,dalys,4600.11,5489.73,4979.09,5978.79
110,Dominica,2011,Cardiovascular diseases,dalys,4597.09,5486.75,4974.01,5972.17
110,Dominica,2012,Cardiovascular diseases,dalys,4631.69,5739.38,5221.65,6229.25
110,Dominica,2013,Cardiovascular diseases,dalys,4649.66,5742.59,5226.58,6237.37
111,Dominican Republic,2002,Cardiovascular diseases,dalys,4931.73,3440.17,3184.25,3746.38
111,Dominican Republic,2003,Cardiovascular diseases,dalys,4887.55,3455.14,3191.56,3760.41
111,Dominican Republic,2004,Cardiovascular diseases,dalys,4880.37,3497.99,3240.13,3806.87
111,Dominican Republic,2005,Cardiovascular diseases,dalys,4909.05,3568.53,3296.41,3899.83
111,Dominican Republic,2006,Cardiovascular diseases,dalys,4957.64,3664.14,3357.52,4011.6
111,Dominican Republic,2007,Cardiovascular diseases,dalys,5014.17,3762.84,3455.87,4108.15
111,Dominican Republic,2008,Cardiovascular diseases,dalys,5062.3,3850.2,3548.24,4194.5
111,Dominican Republic,2009,Cardiovascular diseases,dalys,5117.13,3941.31,3635.55,4290.16
111,Dominican Republic,2010,Cardiovascular diseases,dalys,5192.28,4045.0,3732.92,4390.26
111,Dominican Republic,2011,Cardiovascular diseases,dalys,5337.81,4212.12,3902.89,4561.41
111,Dominican Republic,2012,Cardiovascular diseases,dalys,5435.34,4338.12,4024.52,4703.02
111,Dominican Republic,2013,Cardiovascular diseases,dalys,5471.98,4409.9,4104.47,4789.57
122,Ecuador,2002,Cardiovascular diseases,dalys,4191.36,2847.16,2720.58,2969.83
122,Ecuador,2003,Cardiovascular diseases,dalys,4048.57,2800.73,2681.77,2908.59
122,Ecuador,2004,Cardiovascular diseases,dalys,3920.45,2762.11,2640.23,2871.5
122,Ecuador,2005,Cardiovascular diseases,dalys,3926.85,2814.42,2707.32,2918.35
122,Ecuador,2006,Cardiovascular diseases,dalys,3838.24,2807.79,2701.12,2923.58
122,Ecuador,2007,Cardiovascular diseases,dalys,3682.26,2735.21,2630.4,2851.34
122,Ecuador,2008,Cardiovascular diseases,dalys,3457.94,2615.64,2512.19,2733.21
122,Ecuador,2009,Cardiovascular diseases,dalys,3218.05,2464.71,2350.65,2583.39
122,Ecuador,2010,Cardiovascular diseases,dalys,3032.4,2360.2,2242.39,2479.77
122,Ecuador,2011,Cardiovascular diseases,dalys,2938.4,2328.81,2209.68,2442.68
122,Ecuador,2012,Cardiovascular diseases,dalys,2831.59,2290.13,2175.97,2392.23
122,Ecuador,2013,Cardiovascular diseases,dalys,2745.29,2257.55,2137.3,2369.23
127,El Salvador,2002,Cardiovascular diseases,dalys,3651.21,2596.28,2369.88,2845.21
127,El Salvador,2003,Cardiovascular diseases,dalys,3600.42,2608.87,2373.23,2838.78
127,El Salvador,2004,Cardiovascular diseases,dalys,3576.85,2643.25,2382.44,2887.69
127,El Salvador,2005,Cardiovascular diseases,dalys,3573.52,2693.4,2432.66,2923.97
127,El Salvador,2006,Cardiovascular diseases,dalys,3558.64,2734.18,2460.22,2973.75
127,El Salvador,2007,Cardiovascular diseases,dalys,3550.61,2781.26,2520.82,3040.09
127,El Salvador,2008,Cardiovascular diseases,dalys,3540.66,2826.02,2564.9,3122.92
127,El Salvador,2009,Cardiovascular diseases,dalys,3469.33,2816.63,2553.37,3120.18
127,El Salvador,2010,Cardiovascular diseases,dalys,3427.24,2830.44,2576.85,3115.96
127,El Salvador,2011,Cardiovascular diseases,dalys,3364.27,2825.34,2568.88,3117.35
127,El Salvador,2012,Cardiovascular diseases,dalys,3507.38,2996.53,2719.99,3291.4
127,El Salvador,2013,Cardiovascular diseases,dalys,3585.13,3111.39,2821.02,3393.22
172,Equatorial Guinea,2002,Cardiovascular diseases,dalys,8154.56,3498.01,2752.21,4420.33
172,Equatorial Guinea,2003,Cardiovascular diseases,dalys,7760.01,3283.79,2609.69,4213.59
172,Equatorial Guinea,2004,Cardiovascular diseases,dalys,7513.04,3136.8,2464.59,3995.99
172,Equatorial Guinea,2005,Cardiovascular diseases,dalys,7412.06,3050.95,2373.43,3913.25
172,Equatorial Guinea,2006,Cardiovascular diseases,dalys,7142.29,2916.52,2246.83,3736.57
172,Equatorial Guinea,2007,Cardiovascular diseases,dalys,6892.18,2794.53,2140.92,3596.75
172,Equatorial Guinea,2008,Cardiovascular diseases,dalys,6721.71,2698.45,2047.11,3579.55
172,Equatorial Guinea,2009,Cardiovascular diseases,dalys,6730.71,2686.88,2020.28,3556.43
172,Equatorial Guinea,2010,Cardiovascular diseases,dalys,6597.32,2616.83,1931.44,3437.24
172,Equatorial Guinea,2011,Cardiovascular diseases,dalys,6286.75,2459.24,1741.82,3293.06
172,Equatorial Guinea,2012,Cardiovascular diseases,dalys,6018.74,2335.46,1676.11,3164.12
172,Equatorial Guinea,2013,Cardiovascular diseases,dalys,5834.1,2274.36,1587.95,3118.63
22,Fiji,2002,Cardiovascular diseases,dalys,11062.31,7380.96,6824.18,7855.27
22,Fiji,2003,Cardiovascular diseases,dalys,10943.08,7428.46,6886.89,7932.0
22,Fiji,2004,Cardiovascular diseases,dalys,10942.66,7557.3,7004.56,8089.01
22,Fiji,2005,Cardiovascular diseases,dalys,10894.16,7647.24,7085.02,8202.87
22,Fiji,2006,Cardiovascular diseases,dalys,10925.64,7801.93,7237.27,8410.71
22,Fiji,2007,Cardiovascular diseases,dalys,10898.38,7926.79,7336.73,8551.02
22,Fiji,2008,Cardiovascular diseases,dalys,10888.25,8042.18,7444.93,8721.77
22,Fiji,2009,Cardiovascular diseases,dalys,11012.56,8261.81,7688.52,8929.32
22,Fiji,2010,Cardiovascular diseases,dalys,10920.22,8323.21,7753.96,9018.28
22,Fiji,2011,Cardiovascular diseases,dalys,10818.96,8367.41,7791.9,9048.04
22,Fiji,2012,Cardiovascular diseases,dalys,10750.58,8413.02,7785.31,9150.09
22,Fiji,2013,Cardiovascular diseases,dalys,10656.97,8433.88,7783.57,9207.62
173,Gabon,2002,Cardiovascular diseases,dalys,5248.89,3186.66,2477.77,3974.7
173,Gabon,2003,Cardiovascular diseases,dalys,5220.55,3181.44,2468.16,3955.72
173,Gabon,2004,Cardiovascular diseases,dalys,5219.77,3193.39,2491.36,3961.7
173,Gabon,2005,Cardiovascular diseases,dalys,5321.44,3283.69,2576.63,4030.32
173,Gabon,2006,Cardiovascular diseases,dalys,5351.21,3325.68,2599.75,4171.77
173,Gabon,2007,Cardiovascular diseases,dalys,5357.71,3344.3,2624.11,4178.05
173,Gabon,2008,Cardiovascular diseases,dalys,5287.13,3311.71,2576.97,4154.7
173,Gabon,2009,Cardiovascular diseases,dalys,5222.71,3284.22,2567.27,4120.52
173,Gabon,2010,Cardiovascular diseases,dalys,5104.28,3217.06,2490.06,4093.82
173,Gabon,2011,Cardiovascular diseases,dalys,5024.45,3186.41,2504.05,4043.05
173,Gabon,2012,Cardiovascular diseases,dalys,5019.44,3209.71,2516.73,4018.42
173,Gabon,2013,Cardiovascular diseases,dalys,5127.41,3310.88,2575.1,4119.72
35,Georgia,2002,Cardiovascular diseases,dalys,13040.92,17209.35,16491.54,18060.87
35,Georgia,2003,Cardiovascular diseases,dalys,12494.0,16795.63,16058.44,17498.13
35,Georgia,2004,Cardiovascular diseases,dalys,11880.08,16252.03,15507.83,16920.03
35,Georgia,2005,Cardiovascular diseases,dalys,11536.84,16004.97,15409.25,16667.32
35,Georgia,2006,Cardiovascular diseases,dalys,11289.3,15954.78,15295.77,16710.79
35,Georgia,2007,Cardiovascular diseases,dalys,11555.84,16581.4,15916.43,17279.2
35,Georgia,2008,Cardiovascular diseases,dalys,11751.24,17184.15,16454.88,17869.86
35,Georgia,2009,Cardiovascular diseases,dalys,11458.45,16982.2,16248.17,17684.26
35,Georgia,2010,Cardiovascular diseases,dalys,11099.73,16722.83,16001.99,17420.0
35,Georgia,2011,Cardiovascular diseases,dalys,9944.71,15375.01,14627.54,16032.82
35,Georgia,2012,Cardiovascular diseases,dalys,9589.83,15034.43,14328.67,15692.8
35,Georgia,2013,Cardiovascular diseases,dalys,9334.64,14775.11,14063.36,15443.73
112,Grenada,2002,Cardiovascular diseases,dalys,5799.29,5401.99,5028.42,5727.0
112,Grenada,2003,Cardiovascular diseases,dalys,5679.5,5412.34,5081.03,5721.79
112,Grenada,2004,Cardiovascular diseases,dalys,5650.0,5504.05,5169.37,5848.87
112,Grenada,2005,Cardiovascular diseases,dalys,5561.05,5523.68,5174.17,5929.11
112,Grenada,2006,Cardiovascular diseases,dalys,5308.26,5316.4,4942.31,5701.44
112,Grenada,2007,Cardiovascular diseases,dalys,5056.19,5224.36,4886.42,5582.91
112,Grenada,2008,Cardiovascular diseases,dalys,5183.95,5452.35,5085.81,5829.88
112,Grenada,2009,Cardiovascular diseases,dalys,5051.21,5407.55,5059.24,5761.13
112,Grenada,2010,Cardiovascular diseases,dalys,4977.63,5448.23,5105.88,5814.52
112,Grenada,2011,Cardiovascular diseases,dalys,4852.2,5430.71,5068.88,5773.72
112,Grenada,2012,Cardiovascular diseases,dalys,4794.99,5470.11,5082.67,5801.36
112,Grenada,2013,Cardiovascular diseases,dalys,4795.74,5546.88,5189.62,5918.62
128,Guatemala,2002,Cardiovascular diseases,dalys,3485.9,1743.02,1627.5,1839.84
128,Guatemala,2003,Cardiovascular diseases,dalys,3429.71,1741.44,1632.45,1833.78
128,Guatemala,2004,Cardiovascular diseases,dalys,3418.58,1781.85,1680.11,1872.75
128,Guatemala,2005,Cardiovascular diseases,dalys,3285.16,1721.56,1625.59,1812.65
128,Guatemala,2006,Cardiovascular diseases,dalys,3271.5,1738.8,1638.43,1836.08
128,Guatemala,2007,Cardiovascular diseases,dalys,3263.52,1755.73,1650.78,1850.96
128,Guatemala,2008,Cardiovascular diseases,dalys,3180.61,1735.9,1632.57,1826.94
128,Guatemala,2009,Cardiovascular diseases,dalys,3234.54,1791.55,1692.01,1890.65
128,Guatemala,2010,Cardiovascular diseases,dalys,3330.76,1890.91,1788.75,1981.26
128,Guatemala,2011,Cardiovascular diseases,dalys,3460.85,1995.05,1884.53,2095.36
128,Guatemala,2012,Cardiovascular diseases,dalys,3465.16,2025.66,1926.4,2135.68
128,Guatemala,2013,Cardiovascular diseases,dalys,3409.52,2027.53,1933.12,2131.23
11,Indonesia,2002,Cardiovascular diseases,dalys,7374.33,5047.42,4360.83,5781.62
11,Indonesia,2003,Cardiovascular diseases,dalys,7472.84,5192.28,4493.98,5977.27
11,Indonesia,2004,Cardiovascular diseases,dalys,8072.94,5675.83,4965.56,6483.49
11,Indonesia,2005,Cardiovascular diseases,dalys,7705.36,5500.3,4865.27,6315.81
11,Indonesia,2006,Cardiovascular diseases,dalys,7815.95,5662.09,5039.99,6511.63
11,Indonesia,2007,Cardiovascular diseases,dalys,7923.15,5830.0,5143.17,6666.45
11,Indonesia,2008,Cardiovascular diseases,dalys,8029.37,6001.47,5334.37,6832.01
11,Indonesia,2009,Cardiovascular diseases,dalys,8078.31,6136.82,5424.29,6976.61
11,Indonesia,2010,Cardiovascular diseases,dalys,8084.72,6246.25,5535.97,7027.95
11,Indonesia,2011,Cardiovascular diseases,dalys,8032.0,6312.45,5632.29,7070.41
11,Indonesia,2012,Cardiovascular diseases,dalys,8101.2,6487.34,5733.69,7209.58
11,Indonesia,2013,Cardiovascular diseases,dalys,8107.76,6612.84,5742.23,7352.66
142,Iran (Islamic Republic of),2002,Cardiovascular diseases,dalys,7507.39,4351.99,3862.59,4820.88
142,Iran (Islamic Republic of),2003,Cardiovascular diseases,dalys,7547.82,4466.72,3969.1,4965.02
142,Iran (Islamic Republic of),2004,Cardiovascular diseases,dalys,7017.05,4256.74,3782.03,4760.47
142,Iran (Islamic Republic of),2005,Cardiovascular diseases,dalys,6787.66,4209.56,3713.74,4732.93
142,Iran (Islamic Republic of),2006,Cardiovascular diseases,dalys,6591.38,4178.92,3679.3,4722.17
142,Iran (Islamic Republic of),2007,Cardiovascular diseases,dalys,6426.16,4168.83,3675.58,4738.23
142,Iran (Islamic Republic of),2008,Cardiovascular diseases,dalys,6266.29,4161.57,3692.02,4734.68
142,Iran (Islamic Republic of),2009,Cardiovascular diseases,dalys,6125.8,4166.05,3690.77,4699.38
142,Iran (Islamic Republic of),2010,Cardiovascular diseases,dalys,5971.26,4153.55,3695.93,4669.82
142,Iran (Islamic Republic of),2011,Cardiovascular diseases,dalys,5825.4,4146.93,3693.14,4678.29
142,Iran (Islamic Republic of),2012,Cardiovascular diseases,dalys,5665.32,4049.09,3589.61,4517.65
142,Iran (Islamic Republic of),2013,Cardiovascular diseases,dalys,5568.67,4110.75,3650.77,4609.33
143,Iraq,2002,Cardiovascular diseases,dalys,12151.03,5711.81,5056.26,6463.83
143,Iraq,2003,Cardiovascular diseases,dalys,12100.71,5714.82,5107.66,6442.16
143,Iraq,2004,Cardiovascular diseases,dalys,11960.95,5674.36,5062.33,6468.85
143,Iraq,2005,Cardiovascular diseases,dalys,11840.75,5650.77,5040.16,6445.1
143,Iraq,2006,Cardiovascular diseases,dalys,11740.55,5630.97,5038.23,6428.19
143,Iraq,2007,Cardiovascular diseases,dalys,11695.78,5713.01,5109.45,6436.84
143,Iraq,2008,Cardiovascular diseases,dalys,11586.74,5827.7,5190.55,6543.59
143,Iraq,2009,Cardiovascular diseases,dalys,11363.73,5789.76,5152.78,6480.15
143,Iraq,2010,Cardiovascular diseases,dalys,11131.68,5688.58,5066.86,6373.67
143,Iraq,2011,Cardiovascular diseases,dalys,10755.96,5541.99,4915.86,6175.44
143,Iraq,2012,Cardiovascular diseases,dalys,10474.81,5436.75,4772.47,6033.76
143,Iraq,2013,Cardiovascular diseases,dalys,10118.7,5265.25,4599.0,5857.22
115,Jamaica,2002,Cardiovascular diseases,dalys,3994.73,3453.82,3181.56,3678.36
115,Jamaica,2003,Cardiovascular diseases,dalys,3936.96,3448.46,3212.39,3662.88
115,Jamaica,2004,Cardiovascular diseases,dalys,3768.45,3342.98,3131.62,3538.26
115,Jamaica,2005,Cardiovascular diseases,dalys,3494.75,3121.85,2894.92,3314.81
115,Jamaica,2006,Cardiovascular diseases,dalys,3354.87,3023.26,2803.51,3209.5
115,Jamaica,2007,Cardiovascular diseases,dalys,3349.42,3078.98,2855.27,3274.91
115,Jamaica,2008,Cardiovascular diseases,dalys,3510.09,3260.69,3045.77,3457.52
115,Jamaica,2009,Cardiovascular diseases,dalys,3407.0,3212.81,3001.98,3420.48
115,Jamaica,2010,Cardiovascular diseases,dalys,3592.18,3434.01,3208.36,3646.75
115,Jamaica,2011,Cardiovascular diseases,dalys,3559.0,3420.95,3198.87,3661.38
115,Jamaica,2012,Cardiovascular diseases,dalys,3756.29,3649.39,3415.78,3897.99
115,Jamaica,2013,Cardiovascular diseases,dalys,3971.1,3911.43,3634.41,4142.93
36,Kazakhstan,2002,Cardiovascular diseases,dalys,14880.09,12383.85,12003.45,12735.48
36,Kazakhstan,2003,Cardiovascular diseases,dalys,15332.14,12895.96,12522.72,13249.01
36,Kazakhstan,2004,Cardiovascular diseases,dalys,15359.94,13046.44,12657.24,13430.43
36,Kazakhstan,2005,Cardiovascular diseases,dalys,15560.21,13343.44,12996.45,13757.58
36,Kazakhstan,2006,Cardiovascular diseases,dalys,15592.04,13423.74,13003.66,13801.75
36,Kazakhstan,2007,Cardiovascular diseases,dalys,15257.69,13137.3,12712.34,13503.55
36,Kazakhstan,2008,Cardiovascular diseases,dalys,14416.09,12367.55,11964.06,12688.89
36,Kazakhstan,2009,Cardiovascular diseases,dalys,13243.29,11350.27,11009.63,11661.62
36,Kazakhstan,2010,Cardiovascular diseases,dalys,12592.6,10830.37,10505.81,11197.1
36,Kazakhstan,2011,Cardiovascular diseases,dalys,11956.29,10346.13,9896.65,10811.33
36,Kazakhstan,2012,Cardiovascular diseases,dalys,11011.84,9589.5,9160.04,10152.69
36,Kazakhstan,2013,Cardiovascular diseases,dalys,10389.98,9077.15,8584.96,9582.72
147,Libya,2002,Cardiovascular diseases,dalys,8931.59,4940.82,4209.78,5649.92
147,Libya,2003,Cardiovascular diseases,dalys,8855.96,4923.9,4209.33,5629.58
147,Libya,2004,Cardiovascular diseases,dalys,8840.73,4957.59,4201.02,5697.85
147,Libya,2005,Cardiovascular diseases,dalys,8793.9,4968.0,4208.29,5764.63
147,Libya,2006,Cardiovascular diseases,dalys,8729.65,4983.86,4198.04,5778.73
147,Libya,2007,Cardiovascular diseases,dalys,8604.85,4977.08,4163.8,5762.8
147,Libya,2008,Cardiovascular diseases,dalys,8449.16,4954.36,4146.45,5783.78
147,Libya,2009,Cardiovascular diseases,dalys,8395.31,5003.72,4182.98,5804.64
147,Libya,2010,Cardiovascular diseases,dalys,8208.5,4962.3,4167.74,5718.92
147,Libya,2011,Cardiovascular diseases,dalys,8030.68,4934.99,4146.39,5701.04
147,Libya,2012,Cardiovascular diseases,dalys,7861.93,4930.89,4197.49,5686.08
147,Libya,2013,Cardiovascular diseases,dalys,7905.73,5075.42,4318.67,5828.9
13,Malaysia,2002,Cardiovascular diseases,dalys,7065.6,3994.14,3653.04,4308.66
13,Malaysia,2003,Cardiovascular diseases,dalys,6903.28,3968.8,3663.09,4267.36
13,Malaysia,2004,Cardiovascular diseases,dalys,6686.93,3937.63,3644.65,4194.77
13,Malaysia,2005,Cardiovascular diseases,dalys,6442.29,3891.69,3586.11,4157.75
13,Malaysia,2006,Cardiovascular diseases,dalys,6204.72,3863.26,3575.69,4129.08
13,Malaysia,2007,Cardiovascular diseases,dalys,6068.84,3891.31,3571.84,4179.59
13,Malaysia,2008,Cardiovascular diseases,dalys,5983.97,3953.99,3681.15,4253.57
13,Malaysia,2009,Cardiovascular diseases,dalys,5902.46,4021.21,3731.33,4312.88
13,Malaysia,2010,Cardiovascular diseases,dalys,5843.12,4095.67,3786.5,4413.24
13,Malaysia,2011,Cardiovascular diseases,dalys,5724.83,4141.51,3809.4,4476.62
13,Malaysia,2012,Cardiovascular diseases,dalys,5607.34,4168.57,3860.58,4509.04
13,Malaysia,2013,Cardiovascular diseases,dalys,5573.6,4254.85,3904.61,4593.31
14,Maldives,2002,Cardiovascular diseases,dalys,7884.03,4023.11,3591.4,4457.72
14,Maldives,2003,Cardiovascular diseases,dalys,7663.39,3994.38,3601.44,4440.98
14,Maldives,2004,Cardiovascular diseases,dalys,7572.22,4018.29,3651.21,4427.69
14,Maldives,2005,Cardiovascular diseases,dalys,7314.64,3941.09,3577.05,4366.13
14,Maldives,2006,Cardiovascular diseases,dalys,7107.22,3886.3,3541.13,4279.29
14,Maldives,2007,Cardiovascular diseases,dalys,6904.21,3813.13,3490.78,4230.39
14,Maldives,2008,Cardiovascular diseases,dalys,6694.93,3724.39,3411.25,4111.04
14,Maldives,2009,Cardiovascular diseases,dalys,6548.52,3662.81,3375.78,4018.01
14,Maldives,2010,Cardiovascular diseases,dalys,6423.51,3604.7,3318.87,3920.15
14,Maldives,2011,Cardiovascular diseases,dalys,6280.58,3535.93,3245.28,3844.59
14,Maldives,2012,Cardiovascular diseases,dalys,6160.64,3471.63,3188.84,3789.44
14,Maldives,2013,Cardiovascular diseases,dalys,6070.69,3423.1,3157.25,3739.12
24,Marshall Islands,2002,Cardiovascular diseases,dalys,16023.1,6476.04,5054.72,7899.65
24,Marshall Islands,2003,Cardiovascular diseases,dalys,16057.0,6556.48,5209.55,8019.94
24,Marshall Islands,2004,Cardiovascular diseases,dalys,16070.96,6639.25,5360.0,8110.22
24,Marshall Islands,2005,Cardiovascular diseases,dalys,16058.6,6713.79,5333.6,8207.99
24,Marshall Islands,2006,Cardiovascular diseases,dalys,16070.49,6814.13,5486.74,8435.81
24,Marshall Islands,2007,Cardiovascular diseases,dalys,16155.64,6964.55,5589.7,8664.87
24,Marshall Islands,2008,Cardiovascular diseases,dalys,16257.14,7134.76,5712.66,8871.14
24,Marshall Islands,2009,Cardiovascular diseases,dalys,16321.97,7300.18,5900.43,8970.48
24,Marshall Islands,2010,Cardiovascular diseases,dalys,16346.97,7461.48,6069.19,9050.19
24,Marshall Islands,2011,Cardiovascular diseases,dalys,16360.3,7640.8,6259.99,9177.06
24,Marshall Islands,2012,Cardiovascular diseases,dalys,16362.79,7833.91,6463.37,9334.16
24,Marshall Islands,2013,Cardiovascular diseases,dalys,16373.21,8053.52,6618.1,9600.21
183,Mauritius,2002,Cardiovascular diseases,dalys,6208.19,5165.84,4936.02,5360.9
183,Mauritius,2003,Cardiovascular diseases,dalys,6039.4,5133.09,4916.0,5339.27
183,Mauritius,2004,Cardiovascular diseases,dalys,5927.1,5156.49,4942.76,5368.61
183,Mauritius,2005,Cardiovascular diseases,dalys,6026.59,5367.13,5105.84,5577.91
183,Mauritius,2006,Cardiovascular diseases,dalys,5711.54,5215.31,4963.3,5442.41
183,Mauritius,2007,Cardiovascular diseases,dalys,5584.81,5210.94,4989.57,5441.26
183,Mauritius,2008,Cardiovascular diseases,dalys,5313.4,5100.55,4867.09,5324.0
183,Mauritius,2009,Cardiovascular diseases,dalys,5117.61,5059.5,4813.46,5265.72
183,Mauritius,2010,Cardiovascular diseases,dalys,4904.72,4972.69,4745.11,5189.39
183,Mauritius,2011,Cardiovascular diseases,dalys,4692.64,4869.17,4611.96,5095.06
183,Mauritius,2012,Cardiovascular diseases,dalys,4609.79,4911.33,4660.95,5143.77
183,Mauritius,2013,Cardiovascular diseases,dalys,4609.73,5043.19,4802.06,5290.37
130,Mexico,2002,Cardiovascular diseases,dalys,3328.54,2179.91,2066.64,2291.59
130,Mexico,2003,Cardiovascular diseases,dalys,3290.73,2205.53,2088.34,2321.77
130,Mexico,2004,Cardiovascular diseases,dalys,3229.09,2207.66,2097.67,2327.55
130,Mexico,2005,Cardiovascular diseases,dalys,3195.85,2233.3,2119.09,2359.32
130,Mexico,2006,Cardiovascular diseases,dalys,3155.76,2245.64,2137.44,2365.78
130,Mexico,2007,Cardiovascular diseases,dalys,3200.55,2328.05,2211.66,2448.53
130,Mexico,2008,Cardiovascular diseases,dalys,3239.85,2410.58,2283.49,2536.93
130,Mexico,2009,Cardiovascular diseases,dalys,3197.69,2423.94,2289.57,2551.87
130,Mexico,2010,Cardiovascular diseases,dalys,3282.87,2555.31,2418.77,2683.82
130,Mexico,2011,Cardiovascular diseases,dalys,3210.11,2540.72,2396.45,2658.84
130,Mexico,2012,Cardiovascular diseases,dalys,3153.39,2547.62,2410.04,2670.58
130,Mexico,2013,Cardiovascular diseases,dalys,3133.34,2589.12,2440.36,2711.6
38,Mongolia,2002,Cardiovascular diseases,dalys,14166.56,6986.75,6262.48,7685.88
38,Mongolia,2003,Cardiovascular diseases,dalys,13856.79,7006.26,6292.62,7644.12
38,Mongolia,2004,Cardiovascular diseases,dalys,13468.14,6968.11,6342.02,7597.33
38,Mongolia,2005,Cardiovascular diseases,dalys,13093.21,6964.24,6329.86,7496.56
38,Mongolia,2006,Cardiovascular diseases,dalys,12525.01,6835.0,6216.25,7378.13
38,Mongolia,2007,Cardiovascular diseases,dalys,11865.29,6615.72,6077.11,7120.86
38,Mongolia,2008,Cardiovascular diseases,dalys,11512.65,6585.22,6079.14,7066.61
38,Mongolia,2009,Cardiovascular diseases,dalys,11371.5,6659.68,6045.74,7120.0
38,Mongolia,2010,Cardiovascular diseases,dalys,11298.44,6752.44,6162.27,7278.7
38,Mongolia,2011,Cardiovascular diseases,dalys,11105.94,6769.67,6123.97,7309.03
38,Mongolia,2012,Cardiovascular diseases,dalys,10779.89,6673.28,6095.19,7216.37
38,Mongolia,2013,Cardiovascular diseases,dalys,10255.73,6443.01,5876.19,7017.6
50,Montenegro,2002,Cardiovascular diseases,dalys,9481.8,10725.77,10023.69,11261.06
50,Montenegro,2003,Cardiovascular diseases,dalys,9390.25,10966.07,10225.11,11540.47
50,Montenegro,2004,Cardiovascular diseases,dalys,9306.5,11064.79,10373.14,11579.54
50,Montenegro,2005,Cardiovascular diseases,dalys,9146.78,10400.13,9698.25,10890.21
50,Montenegro,2006,Cardiovascular diseases,dalys,8912.72,11372.1,10600.93,11914.54
50,Montenegro,2007,Cardiovascular diseases,dalys,8684.85,10360.97,9635.04,10925.29
50,Montenegro,2008,Cardiovascular diseases,dalys,8454.62,10003.78,9327.9,10553.81
50,Montenegro,2009,Cardiovascular diseases,dalys,8260.19,10959.51,10227.14,11544.6
50,Montenegro,2010,Cardiovascular diseases,dalys,8107.04,10712.7,9998.02,11367.92
50,Montenegro,2011,Cardiovascular diseases,dalys,7934.83,10809.75,10140.22,11526.63
50,Montenegro,2012,Cardiovascular diseases,dalys,7696.59,10789.66,10045.49,11523.81
50,Montenegro,2013,Cardiovascular diseases,dalys,7470.53,10648.79,9902.53,11427.77
195,Namibia,2002,Cardiovascular diseases,dalys,5850.05,3253.6,2669.18,3980.29
195,Namibia,2003,Cardiovascular diseases,dalys,5836.64,3262.81,2683.82,3942.02
195,Namibia,2004,Cardiovascular diseases,dalys,5628.67,3158.21,2618.24,3790.29
195,Namibia,2005,Cardiovascular diseases,dalys,5471.44,3084.51,2569.97,3733.65
195,Namibia,2006,Cardiovascular diseases,dalys,5280.71,3003.81,2473.37,3643.88
195,Namibia,2007,Cardiovascular diseases,dalys,5301.43,3054.8,2501.81,3674.19
195,Namibia,2008,Cardiovascular diseases,dalys,5329.96,3112.2,2552.22,3714.43
195,Namibia,2009,Cardiovascular diseases,dalys,5291.81,3117.94,2559.87,3718.11
195,Namibia,2010,Cardiovascular diseases,dalys,5232.92,3106.71,2557.16,3727.86
195,Namibia,2011,Cardiovascular diseases,dalys,5225.75,3133.49,2595.99,3792.56
195,Namibia,2012,Cardiovascular diseases,dalys,5172.41,3128.65,2594.61,3779.01
195,Namibia,2013,Cardiovascular diseases,dalys,5026.52,3054.38,2556.89,3676.91
49,North Macedonia,2002,Cardiovascular diseases,dalys,10391.65,10863.55,10294.4,11322.01
49,North Macedonia,2003,Cardiovascular diseases,dalys,10080.88,10826.9,10249.63,11310.19
49,North Macedonia,2004,Cardiovascular diseases,dalys,9835.11,10698.69,10165.69,11159.98
49,North Macedonia,2005,Cardiovascular diseases,dalys,9722.39,10890.89,10304.75,11368.48
49,North Macedonia,2006,Cardiovascular diseases,dalys,9544.12,10847.1,10208.85,11364.11
49,North Macedonia,2007,Cardiovascular diseases,dalys,9350.12,11159.62,10553.18,11678.33
49,North Macedonia,2008,Cardiovascular diseases,dalys,9122.5,10942.65,10385.68,11491.7
49,North Macedonia,2009,Cardiovascular diseases,dalys,8869.66,10805.09,10284.5,11319.98
49,North Macedonia,2010,Cardiovascular diseases,dalys,8663.82,10814.37,10308.6,11309.72
49,North Macedonia,2011,Cardiovascular diseases,dalys,8545.5,11002.96,10423.02,11582.06
49,North Macedonia,2012,Cardiovascular diseases,dalys,8264.46,11083.67,10520.96,11636.76
49,North Macedonia,2013,Cardiovascular diseases,dalys,8032.42,10680.18,10115.01,11238.26
136,Paraguay,2002,Cardiovascular diseases,dalys,4863.58,3085.25,2874.48,3277.01
136,Paraguay,2003,Cardiovascular diseases,dalys,4842.57,3116.56,2916.34,3320.23
136,Paraguay,2004,Cardiovascular diseases,dalys,4929.62,3217.67,3013.12,3440.11
136,Paraguay,2005,Cardiovascular diseases,dalys,5006.28,3316.87,3104.75,3546.91
136,Paraguay,2006,Cardiovascular diseases,dalys,5026.22,3382.32,3145.95,3628.13
136,Paraguay,2007,Cardiovascular diseases,dalys,5072.98,3470.2,3226.04,3734.41
136,Paraguay,2008,Cardiovascular diseases,dalys,5036.12,3499.33,3252.77,3793.86
136,Paraguay,2009,Cardiovascular diseases,dalys,5025.48,3544.1,3303.71,3830.33
136,Paraguay,2010,Cardiovascular diseases,dalys,5036.37,3604.83,3371.01,3880.52
136,Paraguay,2011,Cardiovascular diseases,dalys,4992.72,3630.58,3405.91,3915.73
136,Paraguay,2012,Cardiovascular diseases,dalys,4932.58,3643.43,3421.96,3938.57
136,Paraguay,2013,Cardiovascular diseases,dalys,4831.77,3626.2,3407.1,3954.47
123,Peru,2002,Cardiovascular diseases,dalys,2389.64,1741.23,1571.17,1910.92
123,Peru,2003,Cardiovascular diseases,dalys,2423.19,1807.53,1635.23,1982.23
123,Peru,2004,Cardiovascular diseases,dalys,2433.44,1853.07,1676.25,2031.02
123,Peru,2005,Cardiovascular diseases,dalys,2361.72,1826.07,1643.09,2003.33
123,Peru,2006,Cardiovascular diseases,dalys,2246.17,1754.56,1562.0,1947.73
123,Peru,2007,Cardiovascular diseases,dalys,2175.0,1745.66,1557.56,1924.44
123,Peru,2008,Cardiovascular diseases,dalys,2130.52,1740.69,1557.64,1914.29
123,Peru,2009,Cardiovascular diseases,dalys,2082.96,1729.43,1549.07,1903.57
123,Peru,2010,Cardiovascular diseases,dalys,2035.66,1731.18,1544.62,1890.49
123,Peru,2011,Cardiovascular diseases,dalys,1970.58,1693.62,1534.36,1848.15
123,Peru,2012,Cardiovascular diseases,dalys,1911.65,1676.61,1521.58,1826.07
123,Peru,2013,Cardiovascular diseases,dalys,1833.03,1631.15,1479.36,1784.66
61,Republic of Moldova,2002,Cardiovascular diseases,dalys,11511.68,13216.53,12758.79,13689.89
61,Republic of Moldova,2003,Cardiovascular diseases,dalys,11525.28,13570.84,13101.78,14082.62
61,Republic of Moldova,2004,Cardiovascular diseases,dalys,11407.88,13713.24,13244.15,14175.11
61,Republic of Moldova,2005,Cardiovascular diseases,dalys,11431.45,14012.84,13445.41,14491.17
61,Republic of Moldova,2006,Cardiovascular diseases,dalys,11230.74,13994.38,13462.61,14517.6
61,Republic of Moldova,2007,Cardiovascular diseases,dalys,11030.93,13986.14,13428.98,14479.26
61,Republic of Moldova,2008,Cardiovascular diseases,dalys,10745.94,13856.69,13230.9,14368.87
61,Republic of Moldova,2009,Cardiovascular diseases,dalys,10576.38,13869.81,13290.35,14422.0
61,Republic of Moldova,2010,Cardiovascular diseases,dalys,10372.59,13839.47,13223.77,14323.73
61,Republic of Moldova,2011,Cardiovascular diseases,dalys,9862.6,13379.06,12857.26,13829.84
61,Republic of Moldova,2012,Cardiovascular diseases,dalys,9451.62,13057.87,12566.43,13600.9
61,Republic of Moldova,2013,Cardiovascular diseases,dalys,9223.74,12947.15,12388.93,13452.56
116,Saint Lucia,2002,Cardiovascular diseases,dalys,4843.48,4052.44,3798.53,4311.12
116,Saint Lucia,2003,Cardiovascular diseases,dalys,4861.0,4164.46,3894.21,4418.59
116,Saint Lucia,2004,Cardiovascular diseases,dalys,4744.92,4168.12,3863.63,4431.93
116,Saint Lucia,2005,Cardiovascular diseases,dalys,4879.12,4362.22,4066.59,4639.61
116,Saint Lucia,2006,Cardiovascular diseases,dalys,4679.47,4264.56,3966.89,4571.34
116,Saint Lucia,2007,Cardiovascular diseases,dalys,4552.29,4261.18,3970.64,4556.75
116,Saint Lucia,2008,Cardiovascular diseases,dalys,4407.67,4239.59,3951.01,4525.61
116,Saint Lucia,2009,Cardiovascular diseases,dalys,4376.07,4201.82,3937.29,4494.68
116,Saint Lucia,2010,Cardiovascular diseases,dalys,4288.94,4292.63,4021.58,4596.81
116,Saint Lucia,2011,Cardiovascular diseases,dalys,4076.25,4121.11,3854.2,4443.59
116,Saint Lucia,2012,Cardiovascular diseases,dalys,4030.14,4248.64,3961.74,4569.62
116,Saint Lucia,2013,Cardiovascular diseases,dalys,4108.08,4427.3,4094.05,4728.84
117,Saint Vincent and the Grenadines,2002,Cardiovascular diseases,dalys,6071.47,5018.59,4714.7,5320.84
117,Saint Vincent and the Grenadines,2003,Cardiovascular diseases,dalys,5949.13,5003.1,4698.85,5329.76
117,Saint Vincent and the Grenadines,2004,Cardiovascular diseases,dalys,5795.61,5069.17,4722.07,5386.19
117,Saint Vincent and the Grenadines,2005,Cardiovascular diseases,dalys,5854.1,5238.95,4918.64,5557.83
117,Saint Vincent and the Grenadines,2006,Cardiovascular diseases,dalys,5743.43,5162.71,4824.11,5506.68
117,Saint Vincent and the Grenadines,2007,Cardiovascular diseases,dalys,5841.29,5380.88,5052.16,5719.6
117,Saint Vincent and the Grenadines,2008,Cardiovascular diseases,dalys,5899.12,5664.43,5292.27,6080.95
117,Saint Vincent and the Grenadines,2009,Cardiovascular diseases,dalys,5746.34,5631.4,5249.44,5970.75
117,Saint Vincent and the Grenadines,2010,Cardiovascular diseases,dalys,5623.49,5607.08,5237.01,5972.54
117,Saint Vincent and the Grenadines,2011,Cardiovascular diseases,dalys,5634.58,5854.62,5453.05,6236.84
117,Saint Vincent and the Grenadines,2012,Cardiovascular diseases,dalys,5545.4,5867.68,5485.24,6175.76
117,Saint Vincent and the Grenadines,2013,Cardiovascular diseases,dalys,5481.99,5879.1,5491.88,6243.81
53,Serbia,2002,Cardiovascular diseases,dalys,11477.99,14751.77,14090.61,15491.52
53,Serbia,2003,Cardiovascular diseases,dalys,11139.73,14859.18,14109.4,15600.14
53,Serbia,2004,Cardiovascular diseases,dalys,10836.64,14839.49,14059.62,15510.02
53,Serbia,2005,Cardiovascular diseases,dalys,10503.83,14766.45,14061.69,15446.77
53,Serbia,2006,Cardiovascular diseases,dalys,10130.64,14109.58,13391.97,14738.5
53,Serbia,2007,Cardiovascular diseases,dalys,9738.35,13829.94,13122.86,14455.51
53,Serbia,2008,Cardiovascular diseases,dalys,9454.92,13539.91,12895.24,14249.12
53,Serbia,2009,Cardiovascular diseases,dalys,9126.95,13391.89,12813.88,14145.61
53,Serbia,2010,Cardiovascular diseases,dalys,8815.81,13095.61,12470.01,13829.47
53,Serbia,2011,Cardiovascular diseases,dalys,8536.05,12886.88,12242.95,13575.47
53,Serbia,2012,Cardiovascular diseases,dalys,8222.11,12544.0,11896.87,13267.57
53,Serbia,2013,Cardiovascular diseases,dalys,7980.41,12180.72,11576.23,12785.19
196,South Africa,2002,Cardiovascular diseases,dalys,5649.9,3632.61,3321.55,3890.57
196,South Africa,2003,Cardiovascular diseases,dalys,5559.55,3617.63,3311.26,3885.8
196,South Africa,2004,Cardiovascular diseases,dalys,5274.14,3485.08,3162.65,3756.47
196,South Africa,2005,Cardiovascular diseases,dalys,5241.31,3507.48,3178.47,3791.45
196,South Africa,2006,Cardiovascular diseases,dalys,5351.15,3632.92,3301.61,3961.18
196,South Africa,2007,Cardiovascular diseases,dalys,5420.65,3746.69,3408.1,4083.39
196,South Africa,2008,Cardiovascular diseases,dalys,5501.32,3849.28,3509.1,4188.66
196,South Africa,2009,Cardiovascular diseases,dalys,5713.39,4039.25,3695.09,4430.48
196,South Africa,2010,Cardiovascular diseases,dalys,5815.14,4154.75,3782.39,4520.67
196,South Africa,2011,Cardiovascular diseases,dalys,5868.2,4233.81,3812.14,4583.94
196,South Africa,2012,Cardiovascular diseases,dalys,5754.97,4204.0,3772.86,4578.95
196,South Africa,2013,Cardiovascular diseases,dalys,5689.24,4198.31,3759.66,4586.0
118,Suriname,2002,Cardiovascular diseases,dalys,6607.84,4931.31,4639.79,5196.96
118,Suriname,2003,Cardiovascular diseases,dalys,6547.97,4928.68,4649.06,5185.13
118,Suriname,2004,Cardiovascular diseases,dalys,6489.62,4942.5,4641.24,5193.41
118,Suriname,2005,Cardiovascular diseases,dalys,6415.95,4959.44,4679.83,5219.17
118,Suriname,2006,Cardiovascular diseases,dalys,6327.4,4963.72,4689.26,5252.22
118,Suriname,2007,Cardiovascular diseases,dalys,6200.25,4976.62,4698.71,5275.29
118,Suriname,2008,Cardiovascular diseases,dalys,6062.72,4962.31,4690.22,5233.81
118,Suriname,2009,Cardiovascular diseases,dalys,5962.37,4973.57,4711.29,5251.2
118,Suriname,2010,Cardiovascular diseases,dalys,5851.23,4985.65,4752.97,5289.04
118,Suriname,2011,Cardiovascular diseases,dalys,5729.28,4958.18,4708.33,5284.15
118,Suriname,2012,Cardiovascular diseases,dalys,5729.37,5087.05,4831.66,5458.85
118,Suriname,2013,Cardiovascular diseases,dalys,5630.14,5099.43,4842.98,5471.17
18,Thailand,2002,Cardiovascular diseases,dalys,4956.46,4270.39,3769.96,4784.08
18,Thailand,2003,Cardiovascular diseases,dalys,4833.88,4277.98,3807.85,4783.17
18,Thailand,2004,Cardiovascular diseases,dalys,4720.64,4293.97,3808.92,4790.14
18,Thailand,2005,Cardiovascular diseases,dalys,4543.07,4251.23,3800.44,4708.75
18,Thailand,2006,Cardiovascular diseases,dalys,4266.1,4126.96,3702.7,4588.48
18,Thailand,2007,Cardiovascular diseases,dalys,4061.22,4059.46,3639.6,4509.33
18,Thailand,2008,Cardiovascular diseases,dalys,3845.87,3976.27,3585.25,4399.86
18,Thailand,2009,Cardiovascular diseases,dalys,3626.34,3802.08,3419.67,4202.64
18,Thailand,2010,Cardiovascular diseases,dalys,3519.48,3745.99,3406.66,4123.35
18,Thailand,2011,Cardiovascular diseases,dalys,3344.65,3750.59,3412.21,4104.88
18,Thailand,2012,Cardiovascular diseases,dalys,3250.41,3843.22,3509.75,4207.72
18,Thailand,2013,Cardiovascular diseases,dalys,3225.03,3941.8,3598.88,4299.26
29,Tonga,2002,Cardiovascular diseases,dalys,8053.02,5359.23,4658.42,6135.73
29,Tonga,2003,Cardiovascular diseases,dalys,8055.3,5391.88,4698.05,6165.71
29,Tonga,2004,Cardiovascular diseases,dalys,8088.8,5447.43,4763.86,6263.0
29,Tonga,2005,Cardiovascular diseases,dalys,8118.84,5502.14,4815.16,6334.79
29,Tonga,2006,Cardiovascular diseases,dalys,8159.62,5571.13,4880.57,6377.67
29,Tonga,2007,Cardiovascular diseases,dalys,8188.0,5628.2,4943.01,6439.83
29,Tonga,2008,Cardiovascular diseases,dalys,8205.35,5684.04,4954.02,6473.35
29,Tonga,2009,Cardiovascular diseases,dalys,8656.29,6035.56,5289.88,6894.48
29,Tonga,2010,Cardiovascular diseases,dalys,8260.13,5810.68,5086.37,6671.09
29,Tonga,2011,Cardiovascular diseases,dalys,8220.51,5836.38,5032.85,6725.56
29,Tonga,2012,Cardiovascular diseases,dalys,8212.96,5893.08,5093.58,6800.6
29,Tonga,2013,Cardiovascular diseases,dalys,8212.77,5958.03,5117.77,6872.3
40,Turkmenistan,2002,Cardiovascular diseases,dalys,15603.44,9202.53,8853.02,9543.07
40,Turkmenistan,2003,Cardiovascular diseases,dalys,15908.94,9511.46,9162.74,9844.97
40,Turkmenistan,2004,Cardiovascular diseases,dalys,15835.02,9468.19,9115.43,9822.22
40,Turkmenistan,2005,Cardiovascular diseases,dalys,15658.92,9594.83,9199.57,9938.74
40,Turkmenistan,2006,Cardiovascular diseases,dalys,15364.3,9474.54,9072.75,9825.42
40,Turkmenistan,2007,Cardiovascular diseases,dalys,15055.72,9369.1,8991.84,9705.13
40,Turkmenistan,2008,Cardiovascular diseases,dalys,14258.56,8969.77,8627.77,9298.13
40,Turkmenistan,2009,Cardiovascular diseases,dalys,13293.34,8272.72,7908.38,8586.45
40,Turkmenistan,2010,Cardiovascular diseases,dalys,12777.7,8015.43,7641.97,8349.15
40,Turkmenistan,2011,Cardiovascular diseases,dalys,12668.34,8148.82,7785.93,8474.31
40,Turkmenistan,2012,Cardiovascular diseases,dalys,12627.42,8218.03,7873.56,8560.28
40,Turkmenistan,2013,Cardiovascular diseases,dalys,12572.22,8298.4,7975.6,8665.74
416,Tuvalu,2002,Cardiovascular diseases,dalys,17290.43,13287.83,11307.34,15240.08
416,Tuvalu,2003,Cardiovascular diseases,dalys,17276.54,13263.49,11307.49,15302.23
416,Tuvalu,2004,Cardiovascular diseases,dalys,17226.69,13211.59,11242.36,15240.42
416,Tuvalu,2005,Cardiovascular diseases,dalys,17074.67,13089.98,11057.68,15153.65
416,Tuvalu,2006,Cardiovascular diseases,dalys,16948.71,13014.71,10960.68,15057.45
416,Tuvalu,2007,Cardiovascular diseases,dalys,16834.91,12948.62,10906.61,14955.42
416,Tuvalu,2008,Cardiovascular diseases,dalys,16724.53,12893.86,10852.23,14944.89
416,Tuvalu,2009,Cardiovascular diseases,dalys,16756.17,12968.12,10852.99,15044.1
416,Tuvalu,2010,Cardiovascular diseases,dalys,16797.0,13046.05,10917.09,15124.97
416,Tuvalu,2011,Cardiovascular diseases,dalys,16820.92,13117.9,10986.81,15303.69
416,Tuvalu,2012,Cardiovascular diseases,dalys,16845.13,13187.82,11020.19,15314.12
416,Tuvalu,2013,Cardiovascular diseases,dalys,16866.53,13260.51,11054.48,15430.05
155,Türkiye,2002,Cardiovascular diseases,dalys,6767.61,4766.06,4306.45,5254.7
155,Türkiye,2003,Cardiovascular diseases,dalys,6639.42,4768.49,4281.36,5243.24
155,Türkiye,2004,Cardiovascular diseases,dalys,6466.25,4754.99,4256.9,5212.61
155,Türkiye,2005,Cardiovascular diseases,dalys,6403.62,4810.02,4359.08,5262.73
155,Türkiye,2006,Cardiovascular diseases,dalys,6357.81,4870.22,4415.72,5324.74
155,Türkiye,2007,Cardiovascular diseases,dalys,6110.09,4789.2,4383.83,5220.55
155,Türkiye,2008,Cardiovascular diseases,dalys,5622.09,4531.05,4141.62,4917.49
155,Türkiye,2009,Cardiovascular diseases,dalys,4986.66,4139.92,3806.24,4483.16
155,Türkiye,2010,Cardiovascular diseases,dalys,4766.45,4064.43,3759.18,4346.45
155,Türkiye,2011,Cardiovascular diseases,dalys,4765.47,4168.53,3846.18,4437.18
155,Türkiye,2012,Cardiovascular diseases,dalys,4768.8,4281.22,3953.12,4576.83
155,Türkiye,2013,Cardiovascular diseases,dalys,4935.57,4536.5,4180.56,4850.57
63,Ukraine,2002,Cardiovascular diseases,dalys,13977.3,20465.46,19774.76,21057.81
63,Ukraine,2003,Cardiovascular diseases,dalys,14111.93,20918.27,20251.28,21480.43
63,Ukraine,2004,Cardiovascular diseases,dalys,14048.52,20965.91,20276.36,21491.69
63,Ukraine,2005,Cardiovascular diseases,dalys,14464.15,21777.7,21038.82,22261.13
63,Ukraine,2006,Cardiovascular diseases,dalys,14240.75,21652.68,20965.52,22107.58
63,Ukraine,2007,Cardiovascular diseases,dalys,14112.81,21614.28,20956.79,22087.14
63,Ukraine,2008,Cardiovascular diseases,dalys,13784.18,21233.88,20547.67,21744.71
63,Ukraine,2009,Cardiovascular diseases,dalys,12923.63,20163.45,19513.56,20623.94
63,Ukraine,2010,Cardiovascular diseases,dalys,12397.76,19610.46,18959.84,20085.79
63,Ukraine,2011,Cardiovascular diseases,dalys,11785.08,18766.2,18095.59,19282.67
63,Ukraine,2012,Cardiovascular diseases,dalys,11597.67,18589.53,17876.1,19087.99
63,Ukraine,2013,Cardiovascular diseases,dalys,11549.01,18580.13,17915.73,19072.22
133,Venezuela (Bolivarian Republic of),2002,Cardiovascular diseases,dalys,5511.25,3307.71,3174.65,3445.47
133,Venezuela (Bolivarian Republic of),2003,Cardiovascular diseases,dalys,5449.39,3332.08,3202.99,3462.75
133,Venezuela (Bolivarian Republic of),2004,Cardiovascular diseases,dalys,5314.79,3300.93,3176.92,3420.41
133,Venezuela (Bolivarian Republic of),2005,Cardiovascular diseases,dalys,5168.88,3267.31,3131.78,3385.78
133,Venezuela (Bolivarian Republic of),2006,Cardiovascular diseases,dalys,5093.63,3282.23,3147.96,3415.05
133,Venezuela (Bolivarian Republic of),2007,Cardiovascular diseases,dalys,5035.8,3318.75,3175.8,3451.19
133,Venezuela (Bolivarian Republic of),2008,Cardiovascular diseases,dalys,5007.76,3364.29,3220.58,3501.76
133,Venezuela (Bolivarian Republic of),2009,Cardiovascular diseases,dalys,4954.43,3391.35,3234.91,3540.83
133,Venezuela (Bolivarian Republic of),2010,Cardiovascular diseases,dalys,4932.5,3475.88,3318.57,3618.7
133,Venezuela (Bolivarian Republic of),2011,Cardiovascular diseases,dalys,4883.66,3517.08,3370.4,3655.16
133,Venezuela (Bolivarian Republic of),2012,Cardiovascular diseases,dalys,4746.49,3479.66,3336.94,3631.99
133,Venezuela (Bolivarian Republic of),2013,Cardiovascular diseases,dalys,4698.1,3517.57,3380.11,3668.61
43,Albania,2014,Cardiovascular diseases,dalys,5404.16,7207.11,6466.35,7799.14
43,Albania,2015,Cardiovascular diseases,dalys,5355.85,7546.32,6758.52,8227.39
43,Albania,2016,Cardiovascular diseases,dalys,5249.11,7803.72,6954.63,8436.99
43,Albania,2017,Cardiovascular diseases,dalys,5171.91,8084.11,7159.42,8785.33
43,Albania,2018,Cardiovascular diseases,dalys,5080.72,8059.55,7091.61,8757.81
43,Albania,2019,Cardiovascular diseases,dalys,4980.26,8156.8,7186.93,8872.93
43,Albania,2020,Cardiovascular diseases,dalys,4741.44,8212.18,7381.21,8953.94
43,Albania,2021,Cardiovascular diseases,dalys,4655.13,8588.46,7794.75,9443.67
43,Albania,2022,Cardiovascular diseases,dalys,4654.81,8537.33,7655.18,9367.83
43,Albania,2023,Cardiovascular diseases,dalys,4476.08,7789.4,6899.75,8616.91
139,Algeria,2014,Cardiovascular diseases,dalys,7617.78,5658.82,4839.39,6542.8
139,Algeria,2015,Cardiovascular diseases,dalys,7619.28,5754.38,4915.09,6701.79
139,Algeria,2016,Cardiovascular diseases,dalys,7536.0,5780.34,4926.79,6793.17
139,Algeria,2017,Cardiovascular diseases,dalys,7498.18,5838.82,5001.71,6886.01
139,Algeria,2018,Cardiovascular diseases,dalys,7448.27,5891.7,5046.14,6976.9
139,Algeria,2019,Cardiovascular diseases,dalys,7368.33,5930.16,5084.53,7019.07
139,Algeria,2020,Cardiovascular diseases,dalys,7038.1,5745.39,4803.33,7019.0
139,Algeria,2021,Cardiovascular diseases,dalys,6838.45,5663.52,4685.62,6987.23
139,Algeria,2022,Cardiovascular diseases,dalys,6845.32,5786.08,4785.93,7153.76
139,Algeria,2023,Cardiovascular diseases,dalys,6843.12,5916.39,4935.28,7199.97
97,Argentina,2014,Cardiovascular diseases,dalys,3655.28,4193.49,3950.07,4414.99
97,Argentina,2015,Cardiovascular diseases,dalys,3665.37,4251.29,4002.0,4478.74
97,Argentina,2016,Cardiovascular diseases,dalys,3759.01,4417.59,4160.18,4644.85
97,Argentina,2017,Cardiovascular diseases,dalys,3621.8,4288.72,4020.33,4514.51
97,Argentina,2018,Cardiovascular diseases,dalys,3545.1,4218.31,3956.77,4425.66
97,Argentina,2019,Cardiovascular diseases,dalys,3485.62,4209.31,3938.11,4418.2
97,Argentina,2020,Cardiovascular diseases,dalys,3373.25,4096.48,3860.47,4309.75
97,Argentina,2021,Cardiovascular diseases,dalys,3508.95,4317.19,4065.25,4539.84
97,Argentina,2022,Cardiovascular diseases,dalys,3772.51,4755.28,4441.55,5012.69
97,Argentina,2023,Cardiovascular diseases,dalys,3387.98,4373.21,4052.7,4638.31
33,Armenia,2014,Cardiovascular diseases,dalys,6400.87,8488.47,8052.43,8900.28
33,Armenia,2015,Cardiovascular diseases,dalys,6112.87,8317.85,7921.19,8674.5
33,Armenia,2016,Cardiovascular diseases,dalys,6073.75,8498.79,8030.27,8876.53
33,Armenia,2017,Cardiovascular diseases,dalys,6226.76,8910.26,8437.62,9302.42
33,Armenia,2018,Cardiovascular diseases,dalys,6030.0,8798.83,8246.98,9216.16
33,Armenia,2019,Cardiovascular diseases,dalys,5857.79,8755.37,8227.04,9188.97
33,Armenia,2020,Cardiovascular diseases,dalys,5678.28,8724.91,8317.49,9094.39
33,Armenia,2021,Cardiovascular diseases,dalys,5501.91,8585.07,8160.47,8951.44
33,Armenia,2022,Cardiovascular diseases,dalys,5292.99,8425.54,7876.66,8952.89
33,Armenia,2023,Cardiovascular diseases,dalys,4718.07,7760.68,7214.22,8363.65
34,Azerbaijan,2014,Cardiovascular diseases,dalys,9736.44,7797.37,7176.79,8345.02
34,Azerbaijan,2015,Cardiovascular diseases,dalys,9493.68,7731.31,7044.46,8335.22
34,Azerbaijan,2016,Cardiovascular diseases,dalys,9366.55,7785.27,7089.49,8391.29
34,Azerbaijan,2017,Cardiovascular diseases,dalys,9189.28,7802.76,7100.34,8431.82
34,Azerbaijan,2018,Cardiovascular diseases,dalys,9013.42,7844.08,7098.64,8572.49
34,Azerbaijan,2019,Cardiovascular diseases,dalys,9136.47,8200.43,7382.9,8954.52
34,Azerbaijan,2020,Cardiovascular diseases,dalys,9514.56,8773.47,7836.23,9603.0
34,Azerbaijan,2021,Cardiovascular diseases,dalys,9153.25,8511.8,7657.56,9291.96
34,Azerbaijan,2022,Cardiovascular diseases,dalys,8057.61,7696.3,6919.23,8479.62
34,Azerbaijan,2023,Cardiovascular diseases,dalys,8029.32,7992.96,7204.27,8792.71
57,Belarus,2014,Cardiovascular diseases,dalys,10124.92,15618.98,14985.79,16052.68
57,Belarus,2015,Cardiovascular diseases,dalys,9785.92,15296.85,14671.5,15774.79
57,Belarus,2016,Cardiovascular diseases,dalys,9548.32,15082.86,14404.67,15569.3
57,Belarus,2017,Cardiovascular diseases,dalys,9398.34,15050.36,14398.4,15534.01
57,Belarus,2018,Cardiovascular diseases,dalys,9330.45,15065.35,14424.24,15534.21
57,Belarus,2019,Cardiovascular diseases,dalys,9236.64,15104.56,14466.54,15568.78
57,Belarus,2020,Cardiovascular diseases,dalys,8907.65,14749.23,14090.85,15247.86
57,Belarus,2021,Cardiovascular diseases,dalys,8814.38,14740.99,14058.56,15390.27
57,Belarus,2022,Cardiovascular diseases,dalys,9128.93,15430.27,14727.7,16149.27
57,Belarus,2023,Cardiovascular diseases,dalys,9150.76,15642.82,14921.62,16378.94
108,Belize,2014,Cardiovascular diseases,dalys,4209.53,2678.26,2455.55,2856.51
108,Belize,2015,Cardiovascular diseases,dalys,4202.11,2748.83,2532.76,2927.64
108,Belize,2016,Cardiovascular diseases,dalys,4219.38,2788.12,2576.36,2982.42
108,Belize,2017,Cardiovascular diseases,dalys,4194.25,2859.96,2623.6,3073.82
108,Belize,2018,Cardiovascular diseases,dalys,4150.82,2881.22,2665.46,3086.04
108,Belize,2019,Cardiovascular diseases,dalys,4059.35,2887.21,2669.65,3105.18
108,Belize,2020,Cardiovascular diseases,dalys,3984.29,2880.81,2681.68,3089.74
108,Belize,2021,Cardiovascular diseases,dalys,3917.01,2883.01,2659.64,3099.3
108,Belize,2022,Cardiovascular diseases,dalys,3702.1,2746.58,2508.37,2972.28
108,Belize,2023,Cardiovascular diseases,dalys,3686.88,2803.4,2552.48,3048.44
44,Bosnia and Herzegovina,2014,Cardiovascular diseases,dalys,6126.1,9601.57,8980.03,10134.23
44,Bosnia and Herzegovina,2015,Cardiovascular diseases,dalys,6137.05,9928.19,9221.67,10506.91
44,Bosnia and Herzegovina,2016,Cardiovascular diseases,dalys,5986.76,9882.22,9210.9,10448.85
44,Bosnia and Herzegovina,2017,Cardiovascular diseases,dalys,5954.46,10145.54,9486.24,10741.59
44,Bosnia and Herzegovina,2018,Cardiovascular diseases,dalys,5936.91,10328.8,9693.81,10886.87
44,Bosnia and Herzegovina,2019,Cardiovascular diseases,dalys,5877.97,10477.51,9829.31,11051.42
44,Bosnia and Herzegovina,2020,Cardiovascular diseases,dalys,5776.64,10575.25,9796.03,11208.13
44,Bosnia and Herzegovina,2021,Cardiovascular diseases,dalys,5628.45,10428.97,9663.32,11033.5
44,Bosnia and Herzegovina,2022,Cardiovascular diseases,dalys,5562.77,10406.55,9659.45,11153.42
44,Bosnia and Herzegovina,2023,Cardiovascular diseases,dalys,5474.56,10498.21,9673.66,11292.98
193,Botswana,2014,Cardiovascular diseases,dalys,3413.55,2173.61,1758.21,2631.32
193,Botswana,2015,Cardiovascular diseases,dalys,3440.51,2222.49,1805.55,2700.72
193,Botswana,2016,Cardiovascular diseases,dalys,3448.74,2259.07,1829.92,2755.75
193,Botswana,2017,Cardiovascular diseases,dalys,3370.16,2244.84,1808.7,2750.49
193,Botswana,2018,Cardiovascular diseases,dalys,3342.85,2266.39,1828.23,2769.18
193,Botswana,2019,Cardiovascular diseases,dalys,3318.65,2290.17,1839.21,2770.09
193,Botswana,2020,Cardiovascular diseases,dalys,3297.28,2319.19,1857.98,2834.95
193,Botswana,2021,Cardiovascular diseases,dalys,3670.08,2621.71,2096.59,3198.97
193,Botswana,2022,Cardiovascular diseases,dalys,3436.41,2468.21,1976.28,3062.84
193,Botswana,2023,Cardiovascular diseases,dalys,3475.47,2534.03,2021.88,3140.57
135,Brazil,2014,Cardiovascular diseases,dalys,4057.92,4050.59,3818.52,4233.45
135,Brazil,2015,Cardiovascular diseases,dalys,4013.25,4105.93,3876.88,4288.42
135,Brazil,2016,Cardiovascular diseases,dalys,3988.6,4178.23,3928.18,4357.37
135,Brazil,2017,Cardiovascular diseases,dalys,3840.86,4121.34,3867.74,4307.01
135,Brazil,2018,Cardiovascular diseases,dalys,3719.24,4084.77,3830.57,4272.44
135,Brazil,2019,Cardiovascular diseases,dalys,3651.22,4113.38,3840.91,4320.11
135,Brazil,2020,Cardiovascular diseases,dalys,3527.3,4059.57,3821.83,4251.93
135,Brazil,2021,Cardiovascular diseases,dalys,3532.31,4149.19,3922.4,4339.84
135,Brazil,2022,Cardiovascular diseases,dalys,3592.06,4311.75,4052.77,4510.61
135,Brazil,2023,Cardiovascular diseases,dalys,3503.29,4291.08,4027.55,4503.85
6,China,2014,Cardiovascular diseases,dalys,4846.12,5752.23,5367.7,6112.16
6,China,2015,Cardiovascular diseases,dalys,4821.89,5892.44,5512.55,6272.55
6,China,2016,Cardiovascular diseases,dalys,4896.4,6148.71,5720.19,6536.43
6,China,2017,Cardiovascular diseases,dalys,4889.55,6295.89,5813.84,6672.34
6,China,2018,Cardiovascular diseases,dalys,4578.9,6043.57,5555.88,6413.19
6,China,2019,Cardiovascular diseases,dalys,4195.93,5701.44,5222.86,6052.32
6,China,2020,Cardiovascular diseases,dalys,3937.27,5507.41,5064.5,5861.2
6,China,2021,Cardiovascular diseases,dalys,4158.49,6008.62,5448.55,6418.24
6,China,2022,Cardiovascular diseases,dalys,4243.62,6360.19,5685.05,6930.27
6,China,2023,Cardiovascular diseases,dalys,4059.34,6243.83,5513.71,6837.81
125,Colombia,2014,Cardiovascular diseases,dalys,3095.81,2935.46,2770.33,3072.15
125,Colombia,2015,Cardiovascular diseases,dalys,3095.45,3013.33,2829.98,3151.33
125,Colombia,2016,Cardiovascular diseases,dalys,3046.87,3031.86,2849.68,3181.07
125,Colombia,2017,Cardiovascular diseases,dalys,3018.91,3084.71,2889.44,3232.92
125,Colombia,2018,Cardiovascular diseases,dalys,3009.63,3144.75,2956.48,3302.34
125,Colombia,2019,Cardiovascular diseases,dalys,2930.9,3114.01,2912.28,3282.08
125,Colombia,2020,Cardiovascular diseases,dalys,2935.16,3131.92,2943.31,3291.5
125,Colombia,2021,Cardiovascular diseases,dalys,2931.34,3179.23,3000.16,3347.8
125,Colombia,2022,Cardiovascular diseases,dalys,2907.43,3219.79,3022.07,3401.27
125,Colombia,2023,Cardiovascular diseases,dalys,2800.43,3157.29,2929.65,3345.45
126,Costa Rica,2014,Cardiovascular diseases,dalys,2740.48,2540.01,2397.39,2675.99
126,Costa Rica,2015,Cardiovascular diseases,dalys,2646.13,2513.37,2359.76,2645.84
126,Costa Rica,2016,Cardiovascular diseases,dalys,2581.84,2508.1,2353.19,2647.58
126,Costa Rica,2017,Cardiovascular diseases,dalys,2578.77,2562.66,2408.96,2692.69
126,Costa Rica,2018,Cardiovascular diseases,dalys,2505.87,2542.62,2375.05,2678.69
126,Costa Rica,2019,Cardiovascular diseases,dalys,2386.35,2480.54,2306.49,2616.68
126,Costa Rica,2020,Cardiovascular diseases,dalys,2363.21,2489.17,2313.59,2641.83
126,Costa Rica,2021,Cardiovascular diseases,dalys,2479.88,2685.37,2504.58,2852.4
126,Costa Rica,2022,Cardiovascular diseases,dalys,2608.27,2900.97,2697.05,3085.56
126,Costa Rica,2023,Cardiovascular diseases,dalys,2672.23,3064.0,2859.43,3261.09
109,Cuba,2014,Cardiovascular diseases,dalys,4149.09,6160.87,5857.25,6438.24
109,Cuba,2015,Cardiovascular diseases,dalys,4152.59,6295.34,5978.36,6574.95
109,Cuba,2016,Cardiovascular diseases,dalys,4167.59,6418.54,6091.02,6712.12
109,Cuba,2017,Cardiovascular diseases,dalys,4272.24,6726.96,6366.8,7061.56
109,Cuba,2018,Cardiovascular diseases,dalys,4256.7,6803.86,6442.13,7106.83
109,Cuba,2019,Cardiovascular diseases,dalys,4231.31,6883.12,6531.19,7178.79
109,Cuba,2020,Cardiovascular diseases,dalys,4306.37,7125.16,6757.25,7410.1
109,Cuba,2021,Cardiovascular diseases,dalys,4641.76,7805.16,7473.62,8097.15
109,Cuba,2022,Cardiovascular diseases,dalys,3828.4,6541.67,6094.62,7097.27
109,Cuba,2023,Cardiovascular diseases,dalys,3899.08,6781.72,6139.69,7355.03
110,Dominica,2014,Cardiovascular diseases,dalys,4661.34,5777.41,5290.82,6302.33
110,Dominica,2015,Cardiovascular diseases,dalys,4672.47,6012.43,5502.12,6540.21
110,Dominica,2016,Cardiovascular diseases,dalys,4660.47,6084.95,5533.55,6696.57
110,Dominica,2017,Cardiovascular diseases,dalys,4644.57,5962.18,5363.57,6572.25
110,Dominica,2018,Cardiovascular diseases,dalys,4605.12,6014.8,5324.31,6650.29
110,Dominica,2019,Cardiovascular diseases,dalys,4591.51,6109.01,5393.47,6800.75
110,Dominica,2020,Cardiovascular diseases,dalys,4667.1,6319.42,5535.27,7064.8
110,Dominica,2021,Cardiovascular diseases,dalys,4473.93,6160.73,5328.74,6957.1
110,Dominica,2022,Cardiovascular diseases,dalys,4280.26,5999.37,5232.87,6829.92
110,Dominica,2023,Cardiovascular diseases,dalys,4234.92,6055.13,5242.78,6850.09
111,Dominican Republic,2014,Cardiovascular diseases,dalys,5496.21,4475.0,4177.33,4861.17
111,Dominican Republic,2015,Cardiovascular diseases,dalys,5671.97,4667.55,4362.92,5077.01
111,Dominican Republic,2016,Cardiovascular diseases,dalys,5770.43,4806.59,4487.08,5262.0
111,Dominican Republic,2017,Cardiovascular diseases,dalys,5853.78,4927.8,4591.33,5452.39
111,Dominican Republic,2018,Cardiovascular diseases,dalys,5963.71,5072.21,4716.93,5634.37
111,Dominican Republic,2019,Cardiovascular diseases,dalys,6036.95,5195.97,4856.07,5811.81
111,Dominican Republic,2020,Cardiovascular diseases,dalys,6382.85,5546.91,5195.43,6246.96
111,Dominican Republic,2021,Cardiovascular diseases,dalys,6438.63,5651.82,5310.74,6382.73
111,Dominican Republic,2022,Cardiovascular diseases,dalys,6495.87,5753.35,5368.77,6452.24
111,Dominican Republic,2023,Cardiovascular diseases,dalys,6390.65,5716.95,5313.42,6394.6
122,Ecuador,2014,Cardiovascular diseases,dalys,2706.1,2270.36,2145.14,2386.42
122,Ecuador,2015,Cardiovascular diseases,dalys,2684.12,2297.74,2177.22,2418.03
122,Ecuador,2016,Cardiovascular diseases,dalys,2738.3,2391.89,2261.33,2512.59
122,Ecuador,2017,Cardiovascular diseases,dalys,2773.23,2483.66,2346.52,2598.13
122,Ecuador,2018,Cardiovascular diseases,dalys,2783.63,2544.99,2404.6,2680.15
122,Ecuador,2019,Cardiovascular diseases,dalys,2871.93,2668.94,2528.16,2809.76
122,Ecuador,2020,Cardiovascular diseases,dalys,2992.41,2760.05,2634.09,2893.44
122,Ecuador,2021,Cardiovascular diseases,dalys,3060.64,2861.29,2737.09,3006.49
122,Ecuador,2022,Cardiovascular diseases,dalys,3127.06,2994.44,2843.15,3129.2
122,Ecuador,2023,Cardiovascular diseases,dalys,3115.18,3097.63,2887.43,3250.4
127,El Salvador,2014,Cardiovascular diseases,dalys,3676.63,3234.5,2951.76,3514.62
127,El Salvador,2015,Cardiovascular diseases,dalys,3736.81,3326.21,3064.4,3631.97
127,El Salvador,2016,Cardiovascular diseases,dalys,3680.74,3321.05,3051.36,3633.9
127,El Salvador,2017,Cardiovascular diseases,dalys,3695.92,3381.54,3111.67,3689.91
127,El Salvador,2018,Cardiovascular diseases,dalys,3688.19,3420.09,3162.45,3735.24
127,El Salvador,2019,Cardiovascular diseases,dalys,3696.4,3472.41,3215.57,3818.33
127,El Salvador,2020,Cardiovascular diseases,dalys,3793.76,3600.36,3311.51,3934.56
127,El Salvador,2021,Cardiovascular diseases,dalys,3935.94,3766.15,3445.23,4092.69
127,El Salvador,2022,Cardiovascular diseases,dalys,3818.16,3698.37,3352.22,4051.23
127,El Salvador,2023,Cardiovascular diseases,dalys,3791.72,3738.5,3354.78,4173.38
172,Equatorial Guinea,2014,Cardiovascular diseases,dalys,5828.27,2281.42,1577.87,3129.08
172,Equatorial Guinea,2015,Cardiovascular diseases,dalys,5855.85,2267.4,1557.38,3048.47
172,Equatorial Guinea,2016,Cardiovascular diseases,dalys,5827.71,2249.71,1584.1,3033.73
172,Equatorial Guinea,2017,Cardiovascular diseases,dalys,5949.79,2311.11,1694.2,3070.3
172,Equatorial Guinea,2018,Cardiovascular diseases,dalys,5978.99,2332.67,1714.11,3092.91
172,Equatorial Guinea,2019,Cardiovascular diseases,dalys,5965.45,2341.24,1734.87,3079.04
172,Equatorial Guinea,2020,Cardiovascular diseases,dalys,6093.51,2400.26,1783.2,3107.9
172,Equatorial Guinea,2021,Cardiovascular diseases,dalys,6362.29,2540.87,1925.79,3238.74
172,Equatorial Guinea,2022,Cardiovascular diseases,dalys,6869.11,2788.37,2110.51,3505.21
172,Equatorial Guinea,2023,Cardiovascular diseases,dalys,7135.03,2978.95,2198.05,3787.6
22,Fiji,2014,Cardiovascular diseases,dalys,10536.56,8432.52,7782.16,9219.97
22,Fiji,2015,Cardiovascular diseases,dalys,10433.19,8441.3,7733.11,9271.33
22,Fiji,2016,Cardiovascular diseases,dalys,10304.66,8416.54,7625.92,9275.59
22,Fiji,2017,Cardiovascular diseases,dalys,10127.63,8360.48,7515.3,9157.79
22,Fiji,2018,Cardiovascular diseases,dalys,10015.97,8357.22,7464.51,9163.26
22,Fiji,2019,Cardiovascular diseases,dalys,9773.06,8234.66,7289.85,9110.77
22,Fiji,2020,Cardiovascular diseases,dalys,9649.65,8214.78,7223.2,9132.41
22,Fiji,2021,Cardiovascular diseases,dalys,9615.6,8265.38,7251.09,9228.7
22,Fiji,2022,Cardiovascular diseases,dalys,9921.06,8596.9,7657.92,9514.7
22,Fiji,2023,Cardiovascular diseases,dalys,10147.22,8859.03,7903.47,9828.41
173,Gabon,2014,Cardiovascular diseases,dalys,5149.6,3351.77,2592.4,4117.51
173,Gabon,2015,Cardiovascular diseases,dalys,5257.59,3433.13,2698.9,4258.68
173,Gabon,2016,Cardiovascular diseases,dalys,5170.38,3391.36,2669.27,4197.78
173,Gabon,2017,Cardiovascular diseases,dalys,5058.3,3332.25,2648.96,4125.23
173,Gabon,2018,Cardiovascular diseases,dalys,4981.0,3296.37,2626.33,4149.38
173,Gabon,2019,Cardiovascular diseases,dalys,4941.98,3293.26,2652.63,4127.71
173,Gabon,2020,Cardiovascular diseases,dalys,4939.21,3298.8,2660.25,4093.78
173,Gabon,2021,Cardiovascular diseases,dalys,4852.4,3259.74,2597.26,4031.6
173,Gabon,2022,Cardiovascular diseases,dalys,5194.82,3516.63,2837.57,4233.98
173,Gabon,2023,Cardiovascular diseases,dalys,5206.98,3569.29,2885.61,4239.23
35,Georgia,2014,Cardiovascular diseases,dalys,9189.97,14636.46,13836.62,15319.59
35,Georgia,2015,Cardiovascular diseases,dalys,8846.17,14164.24,13319.56,14805.2
35,Georgia,2016,Cardiovascular diseases,dalys,8427.44,13584.86,12854.86,14181.28
35,Georgia,2017,Cardiovascular diseases,dalys,8316.04,13417.84,12721.69,13978.95
35,Georgia,2018,Cardiovascular diseases,dalys,8243.52,13332.8,12620.41,13903.11
35,Georgia,2019,Cardiovascular diseases,dalys,7904.0,12830.79,12142.98,13389.41
35,Georgia,2020,Cardiovascular diseases,dalys,7951.54,12973.2,12281.53,13520.56
35,Georgia,2021,Cardiovascular diseases,dalys,7982.5,13012.12,12288.48,13597.83
35,Georgia,2022,Cardiovascular diseases,dalys,7730.29,12581.41,11774.9,13312.73
35,Georgia,2023,Cardiovascular diseases,dalys,7309.59,11958.9,11210.59,12772.93
112,Grenada,2014,Cardiovascular diseases,dalys,4726.12,5648.02,5294.18,5997.96
112,Grenada,2015,Cardiovascular diseases,dalys,4556.25,5471.52,5112.26,5817.9
112,Grenada,2016,Cardiovascular diseases,dalys,4628.77,5617.75,5219.5,6005.16
112,Grenada,2017,Cardiovascular diseases,dalys,4555.08,5624.28,5229.72,5956.22
112,Grenada,2018,Cardiovascular diseases,dalys,4628.42,5822.42,5448.22,6231.35
112,Grenada,2019,Cardiovascular diseases,dalys,4545.68,5848.96,5499.16,6244.52
112,Grenada,2020,Cardiovascular diseases,dalys,4730.66,6080.98,5735.32,6442.86
112,Grenada,2021,Cardiovascular diseases,dalys,4940.31,6407.6,6031.07,6843.32
112,Grenada,2022,Cardiovascular diseases,dalys,4733.86,6188.55,5700.34,6693.04
112,Grenada,2023,Cardiovascular diseases,dalys,4641.72,6187.96,5618.89,6730.37
128,Guatemala,2014,Cardiovascular diseases,dalys,3428.86,2070.33,1969.59,2169.04
128,Guatemala,2015,Cardiovascular diseases,dalys,3445.73,2118.45,2012.06,2228.54
128,Guatemala,2016,Cardiovascular diseases,dalys,3448.05,2159.47,2053.12,2264.96
128,Guatemala,2017,Cardiovascular diseases,dalys,3470.91,2220.45,2118.36,2326.31
128,Guatemala,2018,Cardiovascular diseases,dalys,3451.65,2223.02,2100.2,2339.62
128,Guatemala,2019,Cardiovascular diseases,dalys,3449.8,2248.5,2127.83,2362.44
128,Guatemala,2020,Cardiovascular diseases,dalys,3636.13,2339.38,2219.22,2445.76
128,Guatemala,2021,Cardiovascular diseases,dalys,3761.13,2429.24,2306.57,2526.2
128,Guatemala,2022,Cardiovascular diseases,dalys,3633.24,2401.37,2269.48,2527.18
128,Guatemala,2023,Cardiovascular diseases,dalys,3419.46,2330.16,2145.29,2560.44
11,Indonesia,2014,Cardiovascular diseases,dalys,8056.8,6695.85,5919.51,7338.29
11,Indonesia,2015,Cardiovascular diseases,dalys,8069.98,6837.32,6016.03,7510.58
11,Indonesia,2016,Cardiovascular diseases,dalys,7956.63,6868.4,6084.78,7541.08
11,Indonesia,2017,Cardiovascular diseases,dalys,7767.03,6835.98,6070.34,7500.36
11,Indonesia,2018,Cardiovascular diseases,dalys,7663.18,6882.12,6056.03,7596.42
11,Indonesia,2019,Cardiovascular diseases,dalys,7533.99,6906.08,6051.98,7667.27
11,Indonesia,2020,Cardiovascular diseases,dalys,7577.9,7095.58,6220.75,7847.94
11,Indonesia,2021,Cardiovascular diseases,dalys,8065.36,7729.55,6760.15,8719.91
11,Indonesia,2022,Cardiovascular diseases,dalys,7321.44,7081.35,5998.54,8038.66
11,Indonesia,2023,Cardiovascular diseases,dalys,7263.53,7154.59,6118.54,8095.14
142,Iran (Islamic Republic of),2014,Cardiovascular diseases,dalys,5476.69,4074.07,3633.43,4552.73
142,Iran (Islamic Republic of),2015,Cardiovascular diseases,dalys,5452.55,4133.35,3683.1,4599.96
142,Iran (Islamic Republic of),2016,Cardiovascular diseases,dalys,5335.68,4148.29,3704.03,4577.65
142,Iran (Islamic Republic of),2017,Cardiovascular diseases,dalys,5153.64,4089.49,3656.28,4507.92
142,Iran (Islamic Republic of),2018,Cardiovascular diseases,dalys,5034.48,4078.24,3638.29,4491.95
142,Iran (Islamic Republic of),2019,Cardiovascular diseases,dalys,4844.33,4023.23,3516.12,4465.45
142,Iran (Islamic Republic of),2020,Cardiovascular diseases,dalys,4725.3,3872.42,3322.89,4374.83
142,Iran (Islamic Republic of),2021,Cardiovascular diseases,dalys,4357.63,3617.15,3062.29,4118.03
142,Iran (Islamic Republic of),2022,Cardiovascular diseases,dalys,4215.13,3585.88,3036.55,4080.77
142,Iran (Islamic Republic of),2023,Cardiovascular diseases,dalys,4211.95,3640.77,3103.25,4139.84
143,Iraq,2014,Cardiovascular diseases,dalys,9850.73,5130.85,4536.77,5693.45
143,Iraq,2015,Cardiovascular diseases,dalys,9806.78,5158.47,4568.05,5757.21
143,Iraq,2016,Cardiovascular diseases,dalys,9480.57,5063.32,4489.55,5670.28
143,Iraq,2017,Cardiovascular diseases,dalys,9250.62,5018.86,4478.07,5661.01
143,Iraq,2018,Cardiovascular diseases,dalys,9286.55,5132.8,4544.87,5765.09
143,Iraq,2019,Cardiovascular diseases,dalys,9197.64,5170.11,4552.04,5837.82
143,Iraq,2020,Cardiovascular diseases,dalys,9245.75,5314.95,4559.54,6145.4
143,Iraq,2021,Cardiovascular diseases,dalys,8953.8,5205.61,4424.0,6097.02
143,Iraq,2022,Cardiovascular diseases,dalys,9059.83,5297.54,4529.06,6096.52
143,Iraq,2023,Cardiovascular diseases,dalys,9144.28,5448.43,4622.83,6277.75
115,Jamaica,2014,Cardiovascular diseases,dalys,4220.0,4254.75,3962.25,4502.34
115,Jamaica,2015,Cardiovascular diseases,dalys,4424.88,4462.76,4183.24,4698.76
115,Jamaica,2016,Cardiovascular diseases,dalys,4545.28,4655.62,4373.72,4885.3
115,Jamaica,2017,Cardiovascular diseases,dalys,4589.94,4761.21,4477.27,5020.69
115,Jamaica,2018,Cardiovascular diseases,dalys,4564.99,4813.71,4480.64,5082.97
115,Jamaica,2019,Cardiovascular diseases,dalys,4484.83,4799.6,4479.98,5092.28
115,Jamaica,2020,Cardiovascular diseases,dalys,4468.2,4852.77,4508.27,5131.53
115,Jamaica,2021,Cardiovascular diseases,dalys,4548.33,5009.62,4629.97,5312.34
115,Jamaica,2022,Cardiovascular diseases,dalys,4356.18,4875.28,4486.88,5232.33
115,Jamaica,2023,Cardiovascular diseases,dalys,4195.71,4784.17,4383.41,5181.05
36,Kazakhstan,2014,Cardiovascular diseases,dalys,9465.0,8346.7,7946.53,8789.9
36,Kazakhstan,2015,Cardiovascular diseases,dalys,8370.07,7490.21,7107.42,7934.19
36,Kazakhstan,2016,Cardiovascular diseases,dalys,7643.17,6913.57,6547.71,7389.1
36,Kazakhstan,2017,Cardiovascular diseases,dalys,7386.71,6753.52,6373.21,7221.43
36,Kazakhstan,2018,Cardiovascular diseases,dalys,7232.12,6701.71,6380.39,7110.96
36,Kazakhstan,2019,Cardiovascular diseases,dalys,7056.9,6621.6,6278.95,7048.87
36,Kazakhstan,2020,Cardiovascular diseases,dalys,7174.22,6816.53,6481.06,7226.12
36,Kazakhstan,2021,Cardiovascular diseases,dalys,7093.12,6739.44,6397.66,7208.91
36,Kazakhstan,2022,Cardiovascular diseases,dalys,6111.26,5827.28,5483.04,6216.1
36,Kazakhstan,2023,Cardiovascular diseases,dalys,6241.51,6053.56,5662.85,6452.97
147,Libya,2014,Cardiovascular diseases,dalys,7867.01,5160.17,4401.6,5963.75
147,Libya,2015,Cardiovascular diseases,dalys,7879.43,5278.28,4530.34,6137.57
147,Libya,2016,Cardiovascular diseases,dalys,7794.61,5336.39,4593.63,6170.85
147,Libya,2017,Cardiovascular diseases,dalys,7644.46,5348.65,4584.24,6214.43
147,Libya,2018,Cardiovascular diseases,dalys,7718.3,5533.3,4692.35,6385.42
147,Libya,2019,Cardiovascular diseases,dalys,7577.63,5562.55,4674.16,6464.43
147,Libya,2020,Cardiovascular diseases,dalys,7851.9,5841.59,4762.27,6961.77
147,Libya,2021,Cardiovascular diseases,dalys,8449.11,6423.69,5144.86,7799.22
147,Libya,2022,Cardiovascular diseases,dalys,7723.63,5958.2,4904.3,6982.46
147,Libya,2023,Cardiovascular diseases,dalys,7667.81,6062.5,5085.53,7013.63
13,Malaysia,2014,Cardiovascular diseases,dalys,5529.24,4336.5,4001.43,4656.98
13,Malaysia,2015,Cardiovascular diseases,dalys,5562.14,4476.2,4159.19,4781.64
13,Malaysia,2016,Cardiovascular diseases,dalys,5588.7,4610.3,4290.56,4923.04
13,Malaysia,2017,Cardiovascular diseases,dalys,5564.62,4686.89,4341.49,5013.91
13,Malaysia,2018,Cardiovascular diseases,dalys,5547.34,4762.05,4430.89,5077.16
13,Malaysia,2019,Cardiovascular diseases,dalys,5361.85,4697.71,4390.42,5018.6
13,Malaysia,2020,Cardiovascular diseases,dalys,5173.11,4640.4,4338.51,4940.14
13,Malaysia,2021,Cardiovascular diseases,dalys,5291.37,4838.4,4468.57,5200.55
13,Malaysia,2022,Cardiovascular diseases,dalys,5653.73,5253.33,4871.28,5657.14
13,Malaysia,2023,Cardiovascular diseases,dalys,5265.86,4994.92,4557.73,5402.26
14,Maldives,2014,Cardiovascular diseases,dalys,5927.45,3343.96,3065.44,3644.5
14,Maldives,2015,Cardiovascular diseases,dalys,5801.87,3271.0,2990.32,3575.75
14,Maldives,2016,Cardiovascular diseases,dalys,5739.52,3233.0,2943.91,3526.59
14,Maldives,2017,Cardiovascular diseases,dalys,5668.29,3188.12,2889.29,3467.37
14,Maldives,2018,Cardiovascular diseases,dalys,5565.08,3136.74,2822.75,3416.17
14,Maldives,2019,Cardiovascular diseases,dalys,5445.45,3081.2,2776.38,3373.71
14,Maldives,2020,Cardiovascular diseases,dalys,5343.89,2996.73,2704.63,3296.25
14,Maldives,2021,Cardiovascular diseases,dalys,5343.44,2892.09,2598.45,3212.25
14,Maldives,2022,Cardiovascular diseases,dalys,5508.93,2989.49,2666.46,3312.33
14,Maldives,2023,Cardiovascular diseases,dalys,5677.66,3066.34,2731.86,3381.43
24,Marshall Islands,2014,Cardiovascular diseases,dalys,16326.12,8264.31,6806.13,9755.63
24,Marshall Islands,2015,Cardiovascular diseases,dalys,16219.98,8449.23,6955.62,9865.77
24,Marshall Islands,2016,Cardiovascular diseases,dalys,16134.74,8656.03,7087.77,9968.52
24,Marshall Islands,2017,Cardiovascular diseases,dalys,16021.01,8856.94,7370.83,10221.28
24,Marshall Islands,2018,Cardiovascular diseases,dalys,15884.9,9053.65,7531.97,10415.04
24,Marshall Islands,2019,Cardiovascular diseases,dalys,15711.39,9236.64,7767.02,10660.05
24,Marshall Islands,2020,Cardiovascular diseases,dalys,15838.12,9598.42,8118.19,11197.61
24,Marshall Islands,2021,Cardiovascular diseases,dalys,16812.44,10525.29,8694.5,12336.04
24,Marshall Islands,2022,Cardiovascular diseases,dalys,16280.9,10379.41,8786.55,11972.98
24,Marshall Islands,2023,Cardiovascular diseases,dalys,16345.96,10681.5,9128.31,12204.43
183,Mauritius,2014,Cardiovascular diseases,dalys,4569.54,5114.71,4852.42,5342.01
183,Mauritius,2015,Cardiovascular diseases,dalys,4645.4,5327.2,5029.85,5568.09
183,Mauritius,2016,Cardiovascular diseases,dalys,4698.3,5531.31,5226.21,5777.96
183,Mauritius,2017,Cardiovascular diseases,dalys,4623.64,5592.84,5287.6,5845.0
183,Mauritius,2018,Cardiovascular diseases,dalys,4791.31,5971.55,5676.53,6253.59
183,Mauritius,2019,Cardiovascular diseases,dalys,4667.09,5919.65,5620.01,6192.54
183,Mauritius,2020,Cardiovascular diseases,dalys,4763.69,6179.31,5882.53,6440.87
183,Mauritius,2021,Cardiovascular diseases,dalys,5099.21,6792.66,6481.83,7070.94
183,Mauritius,2022,Cardiovascular diseases,dalys,5183.39,7050.34,6698.01,7349.13
183,Mauritius,2023,Cardiovascular diseases,dalys,5351.97,7416.85,7042.38,7776.46
130,Mexico,2014,Cardiovascular diseases,dalys,3154.45,2663.41,2509.57,2794.63
130,Mexico,2015,Cardiovascular diseases,dalys,3191.73,2760.58,2611.27,2890.8
130,Mexico,2016,Cardiovascular diseases,dalys,3237.91,2867.71,2722.32,3005.38
130,Mexico,2017,Cardiovascular diseases,dalys,3292.04,2988.19,2838.64,3138.78
130,Mexico,2018,Cardiovascular diseases,dalys,3327.38,3092.47,2926.28,3255.7
130,Mexico,2019,Cardiovascular diseases,dalys,3340.18,3177.6,3004.1,3328.72
130,Mexico,2020,Cardiovascular diseases,dalys,3393.27,3287.46,3135.95,3434.63
130,Mexico,2021,Cardiovascular diseases,dalys,3489.83,3440.39,3288.07,3579.79
130,Mexico,2022,Cardiovascular diseases,dalys,3364.96,3378.89,3216.43,3515.27
130,Mexico,2023,Cardiovascular diseases,dalys,3218.39,3298.83,3118.55,3438.91
38,Mongolia,2014,Cardiovascular diseases,dalys,9577.56,6046.92,5503.68,6576.51
38,Mongolia,2015,Cardiovascular diseases,dalys,9090.2,5800.16,5311.79,6308.84
38,Mongolia,2016,Cardiovascular diseases,dalys,8525.3,5494.24,5056.97,5973.14
38,Mongolia,2017,Cardiovascular diseases,dalys,7924.67,5168.36,4773.1,5548.17
38,Mongolia,2018,Cardiovascular diseases,dalys,7470.6,4951.32,4594.93,5312.66
38,Mongolia,2019,Cardiovascular diseases,dalys,6939.08,4648.61,4292.2,4981.11
38,Mongolia,2020,Cardiovascular diseases,dalys,6683.42,4543.8,4226.2,4882.04
38,Mongolia,2021,Cardiovascular diseases,dalys,7223.55,4981.75,4622.99,5327.04
38,Mongolia,2022,Cardiovascular diseases,dalys,7158.24,5062.38,4555.38,5484.43
38,Mongolia,2023,Cardiovascular diseases,dalys,6765.42,4957.24,4445.93,5425.09
50,Montenegro,2014,Cardiovascular diseases,dalys,7309.63,10577.56,9811.81,11489.27
50,Montenegro,2015,Cardiovascular diseases,dalys,7202.65,10803.01,10021.26,11778.47
50,Montenegro,2016,Cardiovascular diseases,dalys,6943.16,10629.54,9898.43,11589.3
50,Montenegro,2017,Cardiovascular diseases,dalys,6711.21,9619.49,8883.51,10523.51
50,Montenegro,2018,Cardiovascular diseases,dalys,6568.27,10349.14,9495.45,11338.81
50,Montenegro,2019,Cardiovascular diseases,dalys,6342.28,8906.62,8142.21,9678.95
50,Montenegro,2020,Cardiovascular diseases,dalys,6301.66,9768.15,8958.19,10644.53
50,Montenegro,2021,Cardiovascular diseases,dalys,6092.55,9860.63,8892.74,10917.17
50,Montenegro,2022,Cardiovascular diseases,dalys,6115.96,10067.16,9106.29,11047.6
50,Montenegro,2023,Cardiovascular diseases,dalys,6096.65,10026.85,9141.21,10909.08
195,Namibia,2014,Cardiovascular diseases,dalys,4857.73,2964.35,2459.29,3584.31
195,Namibia,2015,Cardiovascular diseases,dalys,4813.36,2953.62,2453.75,3569.38
195,Namibia,2016,Cardiovascular diseases,dalys,4721.57,2914.87,2434.31,3515.23
195,Namibia,2017,Cardiovascular diseases,dalys,4569.9,2838.89,2351.2,3437.57
195,Namibia,2018,Cardiovascular diseases,dalys,4507.68,2819.82,2307.27,3419.45
195,Namibia,2019,Cardiovascular diseases,dalys,4496.56,2838.75,2319.99,3440.41
195,Namibia,2020,Cardiovascular diseases,dalys,4378.24,2789.74,2267.07,3428.93
195,Namibia,2021,Cardiovascular diseases,dalys,4865.04,3053.25,2481.48,3771.91
195,Namibia,2022,Cardiovascular diseases,dalys,4485.91,2811.51,2269.11,3441.54
195,Namibia,2023,Cardiovascular diseases,dalys,4479.53,2834.87,2293.47,3496.99
49,North Macedonia,2014,Cardiovascular diseases,dalys,7845.37,10778.88,10188.59,11284.34
49,North Macedonia,2015,Cardiovascular diseases,dalys,7687.95,11006.07,10498.8,11544.04
49,North Macedonia,2016,Cardiovascular diseases,dalys,7445.77,10807.47,10332.97,11402.34
49,North Macedonia,2017,Cardiovascular diseases,dalys,7327.05,10914.56,10402.67,11489.76
49,North Macedonia,2018,Cardiovascular diseases,dalys,7201.28,10698.89,10213.96,11240.71
49,North Macedonia,2019,Cardiovascular diseases,dalys,7118.72,11044.98,10528.8,11652.09
49,North Macedonia,2020,Cardiovascular diseases,dalys,6712.49,11048.53,10485.81,11652.75
49,North Macedonia,2021,Cardiovascular diseases,dalys,6459.38,10441.14,9866.68,10993.58
49,North Macedonia,2022,Cardiovascular diseases,dalys,6534.92,10782.31,10045.31,11398.7
49,North Macedonia,2023,Cardiovascular diseases,dalys,6345.07,10762.46,10025.97,11538.91
136,Paraguay,2014,Cardiovascular diseases,dalys,4815.93,3671.58,3420.84,3988.24
136,Paraguay,2015,Cardiovascular diseases,dalys,4809.02,3719.45,3455.27,4031.1
136,Paraguay,2016,Cardiovascular diseases,dalys,4834.19,3794.83,3527.76,4127.6
136,Paraguay,2017,Cardiovascular diseases,dalys,4876.18,3888.38,3617.7,4238.69
136,Paraguay,2018,Cardiovascular diseases,dalys,4904.85,3977.29,3708.4,4320.88
136,Paraguay,2019,Cardiovascular diseases,dalys,4942.63,4079.53,3812.7,4432.13
136,Paraguay,2020,Cardiovascular diseases,dalys,4941.74,4141.79,3892.79,4436.44
136,Paraguay,2021,Cardiovascular diseases,dalys,5014.88,4230.13,3991.17,4485.5
136,Paraguay,2022,Cardiovascular diseases,dalys,4489.83,3787.08,3487.99,4123.73
136,Paraguay,2023,Cardiovascular diseases,dalys,4523.71,3896.98,3529.68,4297.94
123,Peru,2014,Cardiovascular diseases,dalys,1770.76,1596.25,1439.98,1743.74
123,Peru,2015,Cardiovascular diseases,dalys,1718.77,1571.07,1415.6,1708.1
123,Peru,2016,Cardiovascular diseases,dalys,1757.41,1636.48,1473.91,1773.23
123,Peru,2017,Cardiovascular diseases,dalys,1862.98,1808.36,1641.78,1956.1
123,Peru,2018,Cardiovascular diseases,dalys,1943.63,1909.51,1744.6,2065.44
123,Peru,2019,Cardiovascular diseases,dalys,1980.13,1988.69,1816.7,2183.87
123,Peru,2020,Cardiovascular diseases,dalys,1994.67,2007.34,1825.57,2203.6
123,Peru,2021,Cardiovascular diseases,dalys,2247.22,2309.52,2045.88,2566.97
123,Peru,2022,Cardiovascular diseases,dalys,2078.7,2184.54,1933.71,2438.99
123,Peru,2023,Cardiovascular diseases,dalys,2082.53,2116.18,1838.58,2413.23
61,Republic of Moldova,2014,Cardiovascular diseases,dalys,9103.78,13012.49,12477.8,13542.51
61,Republic of Moldova,2015,Cardiovascular diseases,dalys,8985.21,13085.44,12549.21,13624.49
61,Republic of Moldova,2016,Cardiovascular diseases,dalys,8600.7,12741.95,12127.04,13290.4
61,Republic of Moldova,2017,Cardiovascular diseases,dalys,8222.57,12420.69,11777.61,12886.91
61,Republic of Moldova,2018,Cardiovascular diseases,dalys,7863.58,12111.69,11414.53,12623.62
61,Republic of Moldova,2019,Cardiovascular diseases,dalys,7319.79,11516.66,10926.8,12036.32
61,Republic of Moldova,2020,Cardiovascular diseases,dalys,6710.26,10792.3,10363.59,11165.0
61,Republic of Moldova,2021,Cardiovascular diseases,dalys,6366.42,10446.54,10090.02,10770.39
61,Republic of Moldova,2022,Cardiovascular diseases,dalys,6652.96,11139.79,10537.52,11660.25
61,Republic of Moldova,2023,Cardiovascular diseases,dalys,6605.87,11346.15,10571.98,11992.16
116,Saint Lucia,2014,Cardiovascular diseases,dalys,3900.85,4388.18,4039.04,4706.85
116,Saint Lucia,2015,Cardiovascular diseases,dalys,3890.34,4419.85,4093.24,4741.86
116,Saint Lucia,2016,Cardiovascular diseases,dalys,3856.94,4425.88,4127.54,4724.67
116,Saint Lucia,2017,Cardiovascular diseases,dalys,3790.51,4451.17,4115.91,4736.82
116,Saint Lucia,2018,Cardiovascular diseases,dalys,3753.6,4547.41,4171.07,4870.07
116,Saint Lucia,2019,Cardiovascular diseases,dalys,3669.93,4559.51,4188.39,4879.0
116,Saint Lucia,2020,Cardiovascular diseases,dalys,3643.93,4622.82,4276.45,4927.95
116,Saint Lucia,2021,Cardiovascular diseases,dalys,3759.53,4868.16,4501.98,5236.85
116,Saint Lucia,2022,Cardiovascular diseases,dalys,3614.05,4780.52,4370.14,5227.82
116,Saint Lucia,2023,Cardiovascular diseases,dalys,3651.84,4961.0,4354.46,5377.94
117,Saint Vincent and the Grenadines,2014,Cardiovascular diseases,dalys,5421.41,5993.84,5632.43,6377.21
117,Saint Vincent and the Grenadines,2015,Cardiovascular diseases,dalys,5186.51,5844.73,5471.9,6205.54
117,Saint Vincent and the Grenadines,2016,Cardiovascular diseases,dalys,5245.61,6025.85,5662.18,6438.13
117,Saint Vincent and the Grenadines,2017,Cardiovascular diseases,dalys,5237.08,6145.64,5745.0,6547.61
117,Saint Vincent and the Grenadines,2018,Cardiovascular diseases,dalys,5204.57,6186.52,5757.42,6597.39
117,Saint Vincent and the Grenadines,2019,Cardiovascular diseases,dalys,5169.23,6368.36,5884.11,6765.65
117,Saint Vincent and the Grenadines,2020,Cardiovascular diseases,dalys,5324.39,6642.03,6190.46,7077.08
117,Saint Vincent and the Grenadines,2021,Cardiovascular diseases,dalys,5226.27,6736.76,6288.66,7167.88
117,Saint Vincent and the Grenadines,2022,Cardiovascular diseases,dalys,5197.88,6860.44,6389.62,7428.85
117,Saint Vincent and the Grenadines,2023,Cardiovascular diseases,dalys,5139.69,6956.06,6198.3,7648.22
53,Serbia,2014,Cardiovascular diseases,dalys,7782.5,12053.92,11472.55,12669.68
53,Serbia,2015,Cardiovascular diseases,dalys,7635.17,12086.69,11460.44,12722.84
53,Serbia,2016,Cardiovascular diseases,dalys,7429.04,11770.53,11199.96,12402.42
53,Serbia,2017,Cardiovascular diseases,dalys,7276.13,11883.32,11282.85,12531.32
53,Serbia,2018,Cardiovascular diseases,dalys,7149.99,11707.82,11149.46,12310.19
53,Serbia,2019,Cardiovascular diseases,dalys,7026.05,11579.91,10981.66,12108.03
53,Serbia,2020,Cardiovascular diseases,dalys,6952.88,11704.57,11033.09,12190.54
53,Serbia,2021,Cardiovascular diseases,dalys,6942.77,11804.68,10930.27,12339.11
53,Serbia,2022,Cardiovascular diseases,dalys,6836.97,11470.63,10602.41,12105.35
53,Serbia,2023,Cardiovascular diseases,dalys,6734.05,11497.47,10297.63,12446.07
196,South Africa,2014,Cardiovascular diseases,dalys,5704.31,4244.53,3827.72,4610.62
196,South Africa,2015,Cardiovascular diseases,dalys,5652.19,4242.42,3798.18,4640.32
196,South Africa,2016,Cardiovascular diseases,dalys,5508.85,4181.85,3770.91,4582.14
196,South Africa,2017,Cardiovascular diseases,dalys,5317.14,4089.61,3676.06,4514.24
196,South Africa,2018,Cardiovascular diseases,dalys,5190.21,4035.74,3599.49,4427.45
196,South Africa,2019,Cardiovascular diseases,dalys,4877.14,3847.66,3431.23,4214.58
196,South Africa,2020,Cardiovascular diseases,dalys,4494.74,3601.04,3239.44,3932.14
196,South Africa,2021,Cardiovascular diseases,dalys,4524.74,3649.19,3293.22,3948.92
196,South Africa,2022,Cardiovascular diseases,dalys,4518.61,3725.64,3333.38,4111.81
196,South Africa,2023,Cardiovascular diseases,dalys,4573.48,3836.17,3445.46,4277.92
118,Suriname,2014,Cardiovascular diseases,dalys,5605.97,5213.7,4946.83,5595.57
118,Suriname,2015,Cardiovascular diseases,dalys,5557.26,5299.44,5030.43,5721.57
118,Suriname,2016,Cardiovascular diseases,dalys,5547.4,5381.67,5094.17,5790.36
118,Suriname,2017,Cardiovascular diseases,dalys,5553.26,5494.42,5189.16,5920.0
118,Suriname,2018,Cardiovascular diseases,dalys,5549.52,5619.82,5299.09,6067.61
118,Suriname,2019,Cardiovascular diseases,dalys,5492.73,5684.08,5366.74,6153.44
118,Suriname,2020,Cardiovascular diseases,dalys,5374.88,5647.74,5305.49,6181.18
118,Suriname,2021,Cardiovascular diseases,dalys,5774.45,6221.14,5823.47,6861.59
118,Suriname,2022,Cardiovascular diseases,dalys,5161.21,5580.76,5181.15,6174.59
118,Suriname,2023,Cardiovascular diseases,dalys,5008.04,5504.13,5086.45,6019.91
18,Thailand,2014,Cardiovascular diseases,dalys,3145.35,3968.29,3629.78,4307.48
18,Thailand,2015,Cardiovascular diseases,dalys,3118.77,4056.18,3702.05,4414.73
18,Thailand,2016,Cardiovascular diseases,dalys,3120.7,4186.32,3856.11,4554.32
18,Thailand,2017,Cardiovascular diseases,dalys,2944.35,4065.73,3709.49,4451.97
18,Thailand,2018,Cardiovascular diseases,dalys,2878.8,4086.9,3751.63,4456.94
18,Thailand,2019,Cardiovascular diseases,dalys,2925.15,4268.42,3934.38,4638.55
18,Thailand,2020,Cardiovascular diseases,dalys,2908.57,4350.86,4005.75,4746.44
18,Thailand,2021,Cardiovascular diseases,dalys,2946.33,4510.17,4107.35,4922.64
18,Thailand,2022,Cardiovascular diseases,dalys,3066.74,4805.09,4372.72,5242.06
18,Thailand,2023,Cardiovascular diseases,dalys,2942.45,4700.52,4235.47,5185.4
29,Tonga,2014,Cardiovascular diseases,dalys,8191.89,6008.06,5139.53,6900.48
29,Tonga,2015,Cardiovascular diseases,dalys,8125.48,6026.18,5182.68,6846.73
29,Tonga,2016,Cardiovascular diseases,dalys,8055.32,6044.07,5150.46,6892.79
29,Tonga,2017,Cardiovascular diseases,dalys,7960.53,6047.62,5142.35,6933.49
29,Tonga,2018,Cardiovascular diseases,dalys,7883.26,6067.88,5156.71,6994.23
29,Tonga,2019,Cardiovascular diseases,dalys,7793.06,6079.39,5116.0,7095.95
29,Tonga,2020,Cardiovascular diseases,dalys,7915.3,6257.97,5215.84,7357.92
29,Tonga,2021,Cardiovascular diseases,dalys,8574.48,6863.19,5626.84,8200.0
29,Tonga,2022,Cardiovascular diseases,dalys,8184.76,6607.14,5538.02,7710.0
29,Tonga,2023,Cardiovascular diseases,dalys,8240.91,6729.53,5710.0,7944.27
40,Turkmenistan,2014,Cardiovascular diseases,dalys,12614.64,8356.66,8031.75,8666.16
40,Turkmenistan,2015,Cardiovascular diseases,dalys,12471.92,8345.7,7975.02,8664.38
40,Turkmenistan,2016,Cardiovascular diseases,dalys,12319.23,8402.53,7981.56,8821.37
40,Turkmenistan,2017,Cardiovascular diseases,dalys,12243.52,8511.44,8041.78,8970.18
40,Turkmenistan,2018,Cardiovascular diseases,dalys,12112.22,8589.03,8121.86,9095.77
40,Turkmenistan,2019,Cardiovascular diseases,dalys,11909.72,8604.03,8109.07,9103.7
40,Turkmenistan,2020,Cardiovascular diseases,dalys,11755.61,8663.66,8104.39,9217.87
40,Turkmenistan,2021,Cardiovascular diseases,dalys,11791.66,8860.77,8233.57,9541.76
40,Turkmenistan,2022,Cardiovascular diseases,dalys,11488.11,8735.04,8088.45,9357.05
40,Turkmenistan,2023,Cardiovascular diseases,dalys,11314.02,8751.06,8025.95,9609.06
416,Tuvalu,2014,Cardiovascular diseases,dalys,16857.93,13294.86,11158.9,15425.85
416,Tuvalu,2015,Cardiovascular diseases,dalys,16778.97,13261.61,11321.55,15364.42
416,Tuvalu,2016,Cardiovascular diseases,dalys,16733.78,13298.45,11350.92,15221.8
416,Tuvalu,2017,Cardiovascular diseases,dalys,16607.16,13206.25,11183.31,15269.59
416,Tuvalu,2018,Cardiovascular diseases,dalys,16456.0,13124.34,11098.56,15318.43
416,Tuvalu,2019,Cardiovascular diseases,dalys,16256.92,13030.06,11158.48,15173.21
416,Tuvalu,2020,Cardiovascular diseases,dalys,16519.55,13234.35,11318.48,15414.86
416,Tuvalu,2021,Cardiovascular diseases,dalys,17743.09,14241.38,11873.1,16768.57
416,Tuvalu,2022,Cardiovascular diseases,dalys,16811.42,13424.09,11527.06,15554.05
416,Tuvalu,2023,Cardiovascular diseases,dalys,16460.3,13257.42,11345.92,15442.04
155,Türkiye,2014,Cardiovascular diseases,dalys,5056.73,4745.05,4391.69,5040.96
155,Türkiye,2015,Cardiovascular diseases,dalys,5107.92,4869.68,4522.84,5191.91
155,Türkiye,2016,Cardiovascular diseases,dalys,5105.31,4921.33,4577.46,5273.71
155,Türkiye,2017,Cardiovascular diseases,dalys,4948.67,4843.95,4490.51,5231.25
155,Türkiye,2018,Cardiovascular diseases,dalys,4770.73,4760.36,4343.9,5155.82
155,Türkiye,2019,Cardiovascular diseases,dalys,4689.81,4784.19,4345.88,5223.72
155,Türkiye,2020,Cardiovascular diseases,dalys,4677.75,4872.88,4389.63,5348.51
155,Türkiye,2021,Cardiovascular diseases,dalys,4713.81,4990.24,4435.74,5545.33
155,Türkiye,2022,Cardiovascular diseases,dalys,4483.4,4823.53,4212.96,5392.09
155,Türkiye,2023,Cardiovascular diseases,dalys,4197.85,4630.95,3969.18,5310.86
63,Ukraine,2014,Cardiovascular diseases,dalys,11040.06,17937.19,17285.39,18495.52
63,Ukraine,2015,Cardiovascular diseases,dalys,10426.21,17145.85,16493.94,17626.88
63,Ukraine,2016,Cardiovascular diseases,dalys,10188.44,17027.11,16373.01,17528.05
63,Ukraine,2017,Cardiovascular diseases,dalys,10309.33,17476.66,16720.17,17976.43
63,Ukraine,2018,Cardiovascular diseases,dalys,10034.56,17161.98,16403.31,17715.61
63,Ukraine,2019,Cardiovascular diseases,dalys,9967.32,17238.62,16383.48,17830.79
63,Ukraine,2020,Cardiovascular diseases,dalys,10163.94,17821.22,17023.73,18391.08
63,Ukraine,2021,Cardiovascular diseases,dalys,9467.36,16593.95,15949.71,17230.34
63,Ukraine,2022,Cardiovascular diseases,dalys,8906.47,15625.64,14739.79,16563.25
63,Ukraine,2023,Cardiovascular diseases,dalys,8766.63,16631.72,15487.36,17766.05
133,Venezuela (Bolivarian Republic of),2014,Cardiovascular diseases,dalys,4798.76,3689.63,3533.56,3838.19
133,Venezuela (Bolivarian Republic of),2015,Cardiovascular diseases,dalys,4890.48,3831.7,3673.38,3984.21
133,Venezuela (Bolivarian Republic of),2016,Cardiovascular diseases,dalys,4990.86,3990.25,3819.03,4157.17
133,Venezuela (Bolivarian Republic of),2017,Cardiovascular diseases,dalys,5101.43,4161.44,3982.08,4327.21
133,Venezuela (Bolivarian Republic of),2018,Cardiovascular diseases,dalys,5354.82,4473.46,4238.31,4686.68
133,Venezuela (Bolivarian Republic of),2019,Cardiovascular diseases,dalys,5738.08,5100.23,4819.17,5368.46
133,Venezuela (Bolivarian Republic of),2020,Cardiovascular diseases,dalys,5875.26,5623.69,5318.08,5921.43
133,Venezuela (Bolivarian Republic of),2021,Cardiovascular diseases,dalys,5967.19,5988.05,5632.13,6415.25
133,Venezuela (Bolivarian Republic of),2022,Cardiovascular diseases,dalys,6102.38,6360.51,5869.13,6817.2
133,Venezuela (Bolivarian Republic of),2023,Cardiovascular diseases,dalys,6389.2,7014.84,6503.62,7531.37
