"location_id","location_name","year","cause_name","measure","rate_age_std_combined","rate_combined","rate_lower_combined","rate_upper_combined"
298,"American Samoa",1990,"Cardiovascular diseases","deaths",362.652192763094,143.925012146741,119.994298259335,167.080478890097
298,"American Samoa",1991,"Cardiovascular diseases","deaths",368.842632668166,146.910621082962,124.425051621808,169.505443405179
298,"American Samoa",1992,"Cardiovascular diseases","deaths",374.068558122887,149.426808633993,127.512709575074,172.037860052658
298,"American Samoa",1993,"Cardiovascular diseases","deaths",380.387889692515,152.565173979415,130.275977528441,177.094906382113
298,"American Samoa",1994,"Cardiovascular diseases","deaths",383.556270788271,154.494417502852,133.449669369591,176.656224745712
298,"American Samoa",1995,"Cardiovascular diseases","deaths",385.587700829541,156.076511497054,135.0071778291,177.681995366914
298,"American Samoa",1996,"Cardiovascular diseases","deaths",388.429478523816,158.265086666504,138.050456577791,179.870909141915
298,"American Samoa",1997,"Cardiovascular diseases","deaths",391.123881150413,160.719635037308,137.839362243993,181.679932909855
298,"American Samoa",1998,"Cardiovascular diseases","deaths",393.03011821195,162.733382771504,139.397844667223,183.269917883028
74,"Andorra",1990,"Cardiovascular diseases","deaths",149.844663743386,147.907609554667,118.943890124321,176.843774379657
74,"Andorra",1991,"Cardiovascular diseases","deaths",147.401471134155,148.231617609051,120.88178973838,176.315418947062
74,"Andorra",1992,"Cardiovascular diseases","deaths",144.774874999447,151.547049137781,125.33220914573,178.913489488451
74,"Andorra",1993,"Cardiovascular diseases","deaths",142.582770315037,154.574940222005,126.191881505662,182.28553746984
74,"Andorra",1994,"Cardiovascular diseases","deaths",139.054890502325,157.686070963756,130.845292892029,185.145781519775
74,"Andorra",1995,"Cardiovascular diseases","deaths",135.144998549072,161.658770993411,133.471711132425,189.079054514513
74,"Andorra",1996,"Cardiovascular diseases","deaths",131.74804391302,168.320841782975,135.531937223313,197.451159047233
74,"Andorra",1997,"Cardiovascular diseases","deaths",128.117666824487,171.948230755028,138.388134453745,199.438141701882
74,"Andorra",1998,"Cardiovascular diseases","deaths",125.460439547325,176.053878363523,143.118766981387,204.31486423033
105,"Antigua and Barbuda",1990,"Cardiovascular diseases","deaths",326.541015909832,277.689134702267,261.696581579883,291.54238154618
105,"Antigua and Barbuda",1991,"Cardiovascular diseases","deaths",315.556315106682,270.127386971654,254.880136207054,286.262458591978
105,"Antigua and Barbuda",1992,"Cardiovascular diseases","deaths",311.223181898267,267.436006511112,254.008517559412,284.016175382754
105,"Antigua and Barbuda",1993,"Cardiovascular diseases","deaths",303.125900996146,255.129172005632,240.110561099751,268.713076537413
105,"Antigua and Barbuda",1994,"Cardiovascular diseases","deaths",299.56998147149,251.781965555904,236.986734684715,266.504970700771
105,"Antigua and Barbuda",1995,"Cardiovascular diseases","deaths",305.088070183762,255.71296164511,240.977710582883,270.310918608294
105,"Antigua and Barbuda",1996,"Cardiovascular diseases","deaths",294.389162158332,240.925263779892,224.477601788507,254.538612679034
105,"Antigua and Barbuda",1997,"Cardiovascular diseases","deaths",289.343565328201,241.001386771782,223.976613740186,254.155651565056
105,"Antigua and Barbuda",1998,"Cardiovascular diseases","deaths",280.137514592663,228.861301021707,213.624032667668,242.618846706744
71,"Australia",1990,"Cardiovascular diseases","deaths",279.389398641644,308.134537643692,284.099672024252,320.145695914736
71,"Australia",1991,"Cardiovascular diseases","deaths",265.378812269827,297.692037696688,272.886998748983,309.566398930136
71,"Australia",1992,"Cardiovascular diseases","deaths",261.256624113389,300.645771291892,276.746834537102,312.542195926435
71,"Australia",1993,"Cardiovascular diseases","deaths",251.476221808455,293.750014291125,268.877273518636,305.485073558052
71,"Australia",1994,"Cardiovascular diseases","deaths",247.571374066001,297.727379884611,271.717416411835,310.600032663887
71,"Australia",1995,"Cardiovascular diseases","deaths",236.264124140614,289.358441912815,262.910951884849,302.383402740043
71,"Australia",1996,"Cardiovascular diseases","deaths",227.804723212159,286.908373845301,260.905741953008,300.036676399994
71,"Australia",1997,"Cardiovascular diseases","deaths",214.674318527801,276.886991761311,252.275026480706,290.46752639656
71,"Australia",1998,"Cardiovascular diseases","deaths",206.154444838898,269.860149769339,244.676320590496,283.13228446834
75,"Austria",1990,"Cardiovascular diseases","deaths",327.271196901713,515.26560097393,475.802973154563,536.678043998846
75,"Austria",1991,"Cardiovascular diseases","deaths",327.03907314174,519.761773037748,478.769917258429,539.349213554853
75,"Austria",1992,"Cardiovascular diseases","deaths",322.431989820103,516.618013297249,472.27388135195,539.117253054341
75,"Austria",1993,"Cardiovascular diseases","deaths",316.665562359745,511.087399596777,466.752535951594,532.921495702023
75,"Austria",1994,"Cardiovascular diseases","deaths",309.025548412733,500.762171511647,456.911091145578,522.031158874691
75,"Austria",1995,"Cardiovascular diseases","deaths",305.291395068773,503.626990084293,457.62304362351,527.200773072055
75,"Austria",1996,"Cardiovascular diseases","deaths",302.48870493544,503.86309923181,460.698729915287,526.243669581619
75,"Austria",1997,"Cardiovascular diseases","deaths",296.308444944291,495.684130993435,453.038725878812,518.577531969184
75,"Austria",1998,"Cardiovascular diseases","deaths",289.553313892528,487.831003841231,443.636482202656,511.086820545715
106,"Bahamas",1990,"Cardiovascular diseases","deaths",313.273551516229,172.296029542402,162.528884471271,180.08900009336
106,"Bahamas",1991,"Cardiovascular diseases","deaths",310.209615265699,172.944899219455,162.187857339637,181.256516865102
106,"Bahamas",1992,"Cardiovascular diseases","deaths",307.883041075758,173.468849834665,162.714623160005,181.542292357764
106,"Bahamas",1993,"Cardiovascular diseases","deaths",302.451307549046,171.862727458871,161.984668221457,180.281888916171
106,"Bahamas",1994,"Cardiovascular diseases","deaths",294.853601088046,169.273340086781,159.601182884689,177.74354694938
106,"Bahamas",1995,"Cardiovascular diseases","deaths",297.287086842292,172.845098052912,163.514533183356,180.696688663136
106,"Bahamas",1996,"Cardiovascular diseases","deaths",292.067735271651,172.443702854543,163.00632935829,180.498754520862
106,"Bahamas",1997,"Cardiovascular diseases","deaths",292.752053729306,175.571794491017,167.223361766051,183.396897868681
106,"Bahamas",1998,"Cardiovascular diseases","deaths",288.292057644519,175.523331997094,167.65238331733,183.129775558372
140,"Bahrain",1990,"Cardiovascular diseases","deaths",591.372590624302,141.120802570191,128.86417154391,153.226552482614
140,"Bahrain",1991,"Cardiovascular diseases","deaths",570.49078801193,138.015517478324,126.145738860666,150.827564880206
140,"Bahrain",1992,"Cardiovascular diseases","deaths",561.412526157131,138.052173139472,126.138063123077,150.696936611614
140,"Bahrain",1993,"Cardiovascular diseases","deaths",548.315516914588,137.107462876278,125.915291705302,149.392593196373
140,"Bahrain",1994,"Cardiovascular diseases","deaths",532.252619661038,135.945004510307,122.96451830428,148.47053925374
140,"Bahrain",1995,"Cardiovascular diseases","deaths",528.28926764335,137.981477534889,124.061353772029,151.062703628414
140,"Bahrain",1996,"Cardiovascular diseases","deaths",527.140286489654,139.602235456674,126.169086440907,152.526914714035
140,"Bahrain",1997,"Cardiovascular diseases","deaths",526.134515787307,140.754416366659,127.226827257447,152.247426753873
140,"Bahrain",1998,"Cardiovascular diseases","deaths",516.058777009254,139.355490932278,126.427227692433,149.841315359505
107,"Barbados",1990,"Cardiovascular diseases","deaths",284.69357763473,342.174536746431,319.706152728589,357.053409595349
107,"Barbados",1991,"Cardiovascular diseases","deaths",282.594386318274,347.26650299838,325.582520151216,363.747534924978
107,"Barbados",1992,"Cardiovascular diseases","deaths",280.600220951994,352.935994715737,330.835570737364,369.648427955774
107,"Barbados",1993,"Cardiovascular diseases","deaths",273.444797852117,347.922529248912,328.594205811306,363.961230947737
107,"Barbados",1994,"Cardiovascular diseases","deaths",274.985431539239,354.892834611812,334.170153398735,371.940152484878
107,"Barbados",1995,"Cardiovascular diseases","deaths",268.36118199316,351.957251791729,331.097498583199,369.914690975003
107,"Barbados",1996,"Cardiovascular diseases","deaths",262.509563992909,342.626718545594,321.542122131183,360.521346209991
107,"Barbados",1997,"Cardiovascular diseases","deaths",251.875439848428,330.799425676546,307.804837799624,347.675643926946
107,"Barbados",1998,"Cardiovascular diseases","deaths",230.476477438538,304.784463161074,282.431719253352,320.694259309206
76,"Belgium",1990,"Cardiovascular diseases","deaths",252.888690317644,397.488016859162,365.02394709134,417.480800812607
76,"Belgium",1991,"Cardiovascular diseases","deaths",243.850405216361,388.504549888117,356.357084598879,408.202830302176
76,"Belgium",1992,"Cardiovascular diseases","deaths",234.089780866629,378.42583550907,345.659258850824,399.142515508159
76,"Belgium",1993,"Cardiovascular diseases","deaths",229.924868075398,379.097652504637,345.802461649769,399.742769664578
76,"Belgium",1994,"Cardiovascular diseases","deaths",220.008945097845,364.743437904984,330.439139622252,384.545124469929
76,"Belgium",1995,"Cardiovascular diseases","deaths",215.105622191506,361.471824234606,326.896829710715,381.886897903063
76,"Belgium",1996,"Cardiovascular diseases","deaths",212.840156410359,363.485804785417,326.847088799283,384.164301001268
76,"Belgium",1997,"Cardiovascular diseases","deaths",204.740208449574,353.470999996596,318.406540191452,374.247359813664
76,"Belgium",1998,"Cardiovascular diseases","deaths",203.385061659956,354.010783440352,316.70463826095,374.357673280492
305,"Bermuda",1990,"Cardiovascular diseases","deaths",350.979624219634,333.12451509586,316.058584108009,348.150005214478
305,"Bermuda",1991,"Cardiovascular diseases","deaths",340.923358870667,330.48073823846,313.871920079323,344.802748312851
305,"Bermuda",1992,"Cardiovascular diseases","deaths",331.917580305914,321.435173377153,304.691630497964,337.271974644526
305,"Bermuda",1993,"Cardiovascular diseases","deaths",319.978094301609,323.737119090639,303.624590931465,339.463478183882
305,"Bermuda",1994,"Cardiovascular diseases","deaths",319.193309822303,327.177690772053,308.731299634321,343.14068877257
305,"Bermuda",1995,"Cardiovascular diseases","deaths",318.603122558884,324.106582903432,307.214735619421,339.751521986155
305,"Bermuda",1996,"Cardiovascular diseases","deaths",302.459654959542,315.71083057584,297.206491498669,331.579837310237
305,"Bermuda",1997,"Cardiovascular diseases","deaths",282.454183478946,302.258590166152,285.384183878068,317.78627172179
305,"Bermuda",1998,"Cardiovascular diseases","deaths",271.460351345749,299.725464106473,279.470396685052,314.677494557467
66,"Brunei Darussalam",1990,"Cardiovascular diseases","deaths",301.969569776215,105.564676976755,81.6601386730162,123.473609796259
66,"Brunei Darussalam",1991,"Cardiovascular diseases","deaths",303.93950747496,105.86662683748,84.624526844958,122.591270083214
66,"Brunei Darussalam",1992,"Cardiovascular diseases","deaths",302.981159587709,105.361387132086,86.2976631277323,120.68099118858
66,"Brunei Darussalam",1993,"Cardiovascular diseases","deaths",300.64057847902,104.302274132023,88.6779981406446,117.838436658892
66,"Brunei Darussalam",1994,"Cardiovascular diseases","deaths",298.123194820331,102.890227371595,89.4264563684912,114.347271178647
66,"Brunei Darussalam",1995,"Cardiovascular diseases","deaths",294.515389855014,102.785917945078,90.5995052610619,112.48726489776
66,"Brunei Darussalam",1996,"Cardiovascular diseases","deaths",288.841837890797,100.472399883951,89.2187226452364,109.378165605693
66,"Brunei Darussalam",1997,"Cardiovascular diseases","deaths",283.747382680679,99.0214128542953,88.9411046060202,107.092796372376
66,"Brunei Darussalam",1998,"Cardiovascular diseases","deaths",278.49463627557,97.7509964497033,88.3986321194263,104.895828162558
45,"Bulgaria",1990,"Cardiovascular diseases","deaths",635.858926819141,777.26881973887,748.651874455604,795.69967338719
45,"Bulgaria",1991,"Cardiovascular diseases","deaths",638.321797989822,804.815733458685,774.663945839633,823.717979622184
45,"Bulgaria",1992,"Cardiovascular diseases","deaths",630.339294322899,790.242201329881,763.5407211903,810.266684510409
45,"Bulgaria",1993,"Cardiovascular diseases","deaths",650.103610482713,829.569571971875,804.370596866361,850.349985629708
45,"Bulgaria",1994,"Cardiovascular diseases","deaths",646.753304205322,838.10477150441,810.783233948181,857.194246320227
45,"Bulgaria",1995,"Cardiovascular diseases","deaths",649.549705812538,887.772267097699,858.161409474141,909.810343307161
45,"Bulgaria",1996,"Cardiovascular diseases","deaths",651.391161102404,921.86125676181,891.144066561575,944.893554648593
45,"Bulgaria",1997,"Cardiovascular diseases","deaths",660.739126831076,964.321353057887,932.012793795495,986.870919684926
45,"Bulgaria",1998,"Cardiovascular diseases","deaths",653.25796674023,951.842162252427,920.512195265863,973.133036845383
101,"Canada",1990,"Cardiovascular diseases","deaths",229.190445789052,266.758884229651,247.57171070008,277.519184190564
101,"Canada",1991,"Cardiovascular diseases","deaths",221.963041133093,263.358693765986,243.280395348148,274.117913731568
101,"Canada",1992,"Cardiovascular diseases","deaths",215.862243794734,259.88517814156,239.781462920805,271.234496209699
101,"Canada",1993,"Cardiovascular diseases","deaths",215.490945352319,265.008836229512,244.271520304303,276.750616683275
101,"Canada",1994,"Cardiovascular diseases","deaths",210.333447822633,263.118469135726,242.605105292455,274.071305336824
101,"Canada",1995,"Cardiovascular diseases","deaths",204.657645838301,261.219303619826,240.896078526794,272.504196218973
101,"Canada",1996,"Cardiovascular diseases","deaths",199.311717170062,259.597690579551,238.714222833778,270.961292020668
101,"Canada",1997,"Cardiovascular diseases","deaths",195.00931294105,259.758852026058,239.293686960873,270.891671034124
101,"Canada",1998,"Cardiovascular diseases","deaths",188.360970867953,256.432614216528,235.163998339977,267.879116732319
98,"Chile",1990,"Cardiovascular diseases","deaths",246.849921816393,168.251305029036,159.452246479813,174.02068286409
98,"Chile",1991,"Cardiovascular diseases","deaths",234.645911071095,160.290014745531,151.757740952965,165.583842236002
98,"Chile",1992,"Cardiovascular diseases","deaths",226.158366485233,156.947682372933,147.809688755624,162.118923817181
98,"Chile",1993,"Cardiovascular diseases","deaths",218.178653345321,156.171738970458,147.722084026236,161.539211396609
98,"Chile",1994,"Cardiovascular diseases","deaths",208.931524330606,150.750025253297,142.883987265822,155.708894561873
98,"Chile",1995,"Cardiovascular diseases","deaths",201.218273816788,149.888860579504,141.530583227849,154.828661813775
98,"Chile",1996,"Cardiovascular diseases","deaths",194.022809764728,147.942499089368,139.407946912119,153.116231049182
98,"Chile",1997,"Cardiovascular diseases","deaths",183.906836459839,144.756024781401,136.575300233188,150.212642674436
98,"Chile",1998,"Cardiovascular diseases","deaths",181.223708377949,146.953412219508,138.19722556787,152.755626847875
46,"Croatia",1990,"Cardiovascular diseases","deaths",486.484589667351,541.15519422486,516.713879876183,556.575416930279
46,"Croatia",1991,"Cardiovascular diseases","deaths",474.430182112465,532.99640054066,507.562758256736,548.590302133085
46,"Croatia",1992,"Cardiovascular diseases","deaths",458.033976722633,519.192984848078,495.260645622621,532.753306889974
46,"Croatia",1993,"Cardiovascular diseases","deaths",451.300266173078,519.830084784948,495.005019542147,534.847797320185
46,"Croatia",1994,"Cardiovascular diseases","deaths",446.930853220347,522.679091192166,498.484702322496,537.587643309812
46,"Croatia",1995,"Cardiovascular diseases","deaths",447.300166789066,540.338573330163,517.20037715385,556.579531871213
46,"Croatia",1996,"Cardiovascular diseases","deaths",438.490955260026,538.916553118732,513.135137029835,555.204879545913
46,"Croatia",1997,"Cardiovascular diseases","deaths",436.786322811477,546.484798406962,521.193268161646,561.779724824369
46,"Croatia",1998,"Cardiovascular diseases","deaths",432.40958449134,551.700349723302,525.641425404718,567.051563497419
77,"Cyprus",1990,"Cardiovascular diseases","deaths",385.76428360825,377.807182620772,306.239412967679,442.040959930306
77,"Cyprus",1991,"Cardiovascular diseases","deaths",378.806111335024,378.564722659669,313.667256449518,442.509707365785
77,"Cyprus",1992,"Cardiovascular diseases","deaths",370.067291809926,383.835403256305,321.474316480076,452.268191386089
77,"Cyprus",1993,"Cardiovascular diseases","deaths",363.749765549144,348.437281174509,294.386546042496,397.953710859599
77,"Cyprus",1994,"Cardiovascular diseases","deaths",354.943495074695,348.720355252518,289.617066545608,398.585562196655
77,"Cyprus",1995,"Cardiovascular diseases","deaths",350.109141605266,344.940894262656,292.568063571842,390.749796368322
77,"Cyprus",1996,"Cardiovascular diseases","deaths",345.29252480463,346.815936570326,302.595733680516,393.692643055984
77,"Cyprus",1997,"Cardiovascular diseases","deaths",341.850687347222,357.807079952149,308.154038618284,408.935091274534
77,"Cyprus",1998,"Cardiovascular diseases","deaths",333.60206966358,364.922076842548,312.418764929524,423.248850830421
47,"Czechia",1990,"Cardiovascular diseases","deaths",545.449310609639,676.14819043556,650.791078147652,692.126551282929
47,"Czechia",1991,"Cardiovascular diseases","deaths",527.12619803581,655.107200676649,628.804765317044,672.151326128526
47,"Czechia",1992,"Cardiovascular diseases","deaths",507.414901375895,631.671413798325,605.428574840337,648.85863433209
47,"Czechia",1993,"Cardiovascular diseases","deaths",494.183553362971,620.205484662088,594.710901643568,636.247323853515
47,"Czechia",1994,"Cardiovascular diseases","deaths",481.64946219236,612.198855436762,585.476907769883,629.412214095494
47,"Czechia",1995,"Cardiovascular diseases","deaths",471.45734615016,605.121467377347,576.8537643805,620.700095252121
47,"Czechia",1996,"Cardiovascular diseases","deaths",455.953327329597,588.352671510457,561.741426654279,605.216514565298
47,"Czechia",1997,"Cardiovascular diseases","deaths",446.254809630697,581.543072438107,552.104770482423,598.231902782391
47,"Czechia",1998,"Cardiovascular diseases","deaths",430.600700830312,564.389065680615,536.381909755235,580.881388800739
78,"Denmark",1990,"Cardiovascular diseases","deaths",315.854060731335,516.174861711705,482.517153327036,536.753640068625
78,"Denmark",1991,"Cardiovascular diseases","deaths",308.308291109431,507.444412326013,475.644861352235,527.14614873756
78,"Denmark",1992,"Cardiovascular diseases","deaths",304.132280729949,509.070190582992,475.883365597892,529.207460968111
78,"Denmark",1993,"Cardiovascular diseases","deaths",303.714492397235,513.910233146647,478.438417634713,535.20796926297
78,"Denmark",1994,"Cardiovascular diseases","deaths",287.890909782957,486.846069500114,452.751214923536,507.807002261877
78,"Denmark",1995,"Cardiovascular diseases","deaths",279.18368000354,478.975195216935,440.74968596541,500.664278950107
78,"Denmark",1996,"Cardiovascular diseases","deaths",264.845796203962,452.868222315879,416.535822895884,472.884621213383
78,"Denmark",1997,"Cardiovascular diseases","deaths",249.057811093132,428.221591837019,394.368279955674,448.983572297182
78,"Denmark",1998,"Cardiovascular diseases","deaths",238.142228367597,409.069452610358,373.174338756982,429.855947728374
58,"Estonia",1990,"Cardiovascular diseases","deaths",579.691416441913,712.312060290032,681.795917726755,735.669122968643
58,"Estonia",1991,"Cardiovascular diseases","deaths",579.275630789693,722.065639333577,689.437482717022,745.100064418127
58,"Estonia",1992,"Cardiovascular diseases","deaths",589.165312221859,747.819222660128,715.239626900655,771.975023262055
58,"Estonia",1993,"Cardiovascular diseases","deaths",594.161713805469,772.441779890902,740.41380557033,796.371637686543
58,"Estonia",1994,"Cardiovascular diseases","deaths",598.36904431343,789.262305781234,757.240211134194,814.334012902271
58,"Estonia",1995,"Cardiovascular diseases","deaths",579.814300158476,780.375889154227,748.25763609682,803.397514807703
58,"Estonia",1996,"Cardiovascular diseases","deaths",553.953734751158,754.79449843193,720.097640579441,777.880498741404
58,"Estonia",1997,"Cardiovascular diseases","deaths",530.305216012467,735.343346935534,696.086488152783,756.895004260391
58,"Estonia",1998,"Cardiovascular diseases","deaths",520.049920207189,733.958391460512,695.040010111037,756.461438963899
79,"Finland",1990,"Cardiovascular diseases","deaths",349.231682100937,483.803542829574,451.58409775106,500.901068775781
79,"Finland",1991,"Cardiovascular diseases","deaths",339.91198165424,477.979927889804,444.023500645633,496.002824456033
79,"Finland",1992,"Cardiovascular diseases","deaths",332.375551137449,475.564267451246,440.633999829765,494.051671711084
79,"Finland",1993,"Cardiovascular diseases","deaths",324.06371176651,474.810196436061,437.067911888648,492.635586984658
79,"Finland",1994,"Cardiovascular diseases","deaths",307.27952949527,451.239299057618,414.136077442404,469.757925513463
79,"Finland",1995,"Cardiovascular diseases","deaths",300.486889721034,450.209117528745,414.141029547287,470.132671935557
79,"Finland",1996,"Cardiovascular diseases","deaths",287.742282587181,439.984367110496,404.201271012268,459.883554778346
79,"Finland",1997,"Cardiovascular diseases","deaths",278.635547129082,433.204608018915,397.564554413565,453.249811086076
79,"Finland",1998,"Cardiovascular diseases","deaths",272.606820887355,430.295616423083,392.919567134564,449.898927490701
80,"France",1990,"Cardiovascular diseases","deaths",181.555107913923,294.479794707449,268.767328399311,310.297670367205
80,"France",1991,"Cardiovascular diseases","deaths",175.927888337942,289.363651670445,263.657164586594,305.660323417427
80,"France",1992,"Cardiovascular diseases","deaths",168.838321661749,283.075688859839,257.002737360799,299.644526417179
80,"France",1993,"Cardiovascular diseases","deaths",165.31603065119,285.182645983216,258.70836389028,301.729645332534
80,"France",1994,"Cardiovascular diseases","deaths",158.043786275975,275.227882376071,248.170647437216,291.344332039427
80,"France",1995,"Cardiovascular diseases","deaths",157.55956574742,279.879396799682,251.113855457703,295.598754070344
80,"France",1996,"Cardiovascular diseases","deaths",156.234475430798,280.758331249945,252.749722312853,297.343866219256
80,"France",1997,"Cardiovascular diseases","deaths",151.672293784932,275.079407080174,247.454778138211,291.323418047387
80,"France",1998,"Cardiovascular diseases","deaths",150.952860143084,271.484215493335,244.097093856964,287.080913508592
81,"Germany",1990,"Cardiovascular diseases","deaths",324.563114880646,544.715720416198,495.074390520896,567.81223417616
81,"Germany",1991,"Cardiovascular diseases","deaths",315.310329223152,528.670039930492,479.689275589854,551.90661454654
81,"Germany",1992,"Cardiovascular diseases","deaths",303.913772828065,505.608833150516,458.601453881864,528.436164572995
81,"Germany",1993,"Cardiovascular diseases","deaths",301.029808121473,506.565679575947,457.394845986645,530.094496129304
81,"Germany",1994,"Cardiovascular diseases","deaths",289.006081597068,493.041588605927,445.482984818259,516.226330069683
81,"Germany",1995,"Cardiovascular diseases","deaths",279.630850558382,486.692124557189,438.450425057923,510.390320401807
81,"Germany",1996,"Cardiovascular diseases","deaths",273.810769671827,482.088540529213,433.067826936904,506.563720548201
81,"Germany",1997,"Cardiovascular diseases","deaths",267.255118384329,468.259074483167,420.879116426557,492.59417516652
81,"Germany",1998,"Cardiovascular diseases","deaths",260.896789141236,461.727316071267,413.115633942467,486.021584307657
82,"Greece",1990,"Cardiovascular diseases","deaths",331.35239062899,446.754252388249,415.818967176567,464.35915789601
82,"Greece",1991,"Cardiovascular diseases","deaths",329.499578330211,452.883792134385,420.749740490786,470.616091940412
82,"Greece",1992,"Cardiovascular diseases","deaths",325.220804705182,452.036479308584,420.217114809638,469.975262555437
82,"Greece",1993,"Cardiovascular diseases","deaths",317.740253116656,443.929900030203,410.218374301316,462.77765888386
82,"Greece",1994,"Cardiovascular diseases","deaths",314.469438179497,443.499501701345,407.888663823142,462.2130849685
82,"Greece",1995,"Cardiovascular diseases","deaths",314.256173528384,450.406680558905,415.550194916587,467.109836612713
82,"Greece",1996,"Cardiovascular diseases","deaths",308.376355115094,446.908775436394,412.987229351316,466.06694138498
82,"Greece",1997,"Cardiovascular diseases","deaths",301.794939709695,442.244372398913,409.514828855523,461.035135529838
82,"Greece",1998,"Cardiovascular diseases","deaths",298.653401205573,447.698510468525,413.459047148658,467.085598524712
349,"Greenland",1990,"Cardiovascular diseases","deaths",588.961900922355,230.415082666079,203.855412734876,255.139893423794
349,"Greenland",1991,"Cardiovascular diseases","deaths",585.940678067645,231.51259318206,206.687544767685,254.55009463827
349,"Greenland",1992,"Cardiovascular diseases","deaths",583.992213315876,236.268820879832,211.816910445332,258.494432997823
349,"Greenland",1993,"Cardiovascular diseases","deaths",578.183726632074,237.421165250962,213.430792279994,258.145596157133
349,"Greenland",1994,"Cardiovascular diseases","deaths",563.804481077125,237.630787566243,215.482875195715,259.762709517348
349,"Greenland",1995,"Cardiovascular diseases","deaths",562.561054990734,238.471062299404,218.182558728871,262.000570129087
349,"Greenland",1996,"Cardiovascular diseases","deaths",554.249416618756,235.449216213545,214.75758390766,257.836450964052
349,"Greenland",1997,"Cardiovascular diseases","deaths",550.204448272453,234.782201020038,213.881377971581,256.735174814343
349,"Greenland",1998,"Cardiovascular diseases","deaths",539.167903788277,233.91857880069,214.773437899773,255.20382174261
351,"Guam",1990,"Cardiovascular diseases","deaths",300.19767216127,138.55180486509,128.673283141215,146.1630776933
351,"Guam",1991,"Cardiovascular diseases","deaths",301.794680755461,141.760676292472,132.043235954617,149.649575221409
351,"Guam",1992,"Cardiovascular diseases","deaths",301.978636652074,144.02661591648,134.571118253206,151.655723105884
351,"Guam",1993,"Cardiovascular diseases","deaths",299.885553304193,144.918988044683,136.881819295142,152.789900319802
351,"Guam",1994,"Cardiovascular diseases","deaths",297.89140799047,145.802145332841,137.988526962839,153.213498789614
351,"Guam",1995,"Cardiovascular diseases","deaths",292.046384379834,147.718464624482,139.870569700807,155.404723464725
351,"Guam",1996,"Cardiovascular diseases","deaths",287.521427588724,147.978667002169,140.117263079075,155.067843821383
351,"Guam",1997,"Cardiovascular diseases","deaths",297.997106027241,158.009661340939,149.886215030388,165.294886733747
351,"Guam",1998,"Cardiovascular diseases","deaths",290.811770682954,161.601802865685,152.800309786595,169.311706232822
113,"Guyana",1990,"Cardiovascular diseases","deaths",555.966438120042,250.017357093111,235.182619182395,263.767121252793
113,"Guyana",1991,"Cardiovascular diseases","deaths",530.885516516482,238.370875877146,221.73563989853,252.205804630892
113,"Guyana",1992,"Cardiovascular diseases","deaths",523.875372435194,235.599205926488,221.782979016175,249.11413834434
113,"Guyana",1993,"Cardiovascular diseases","deaths",523.766687873761,236.641216966977,225.497556060536,249.854156996599
113,"Guyana",1994,"Cardiovascular diseases","deaths",524.913533426172,237.118942438034,224.578301511111,248.473792058237
113,"Guyana",1995,"Cardiovascular diseases","deaths",507.160133786434,230.195807890153,217.985515282051,242.610131407748
113,"Guyana",1996,"Cardiovascular diseases","deaths",498.412305341329,228.794173061931,217.122258409491,242.369886255008
113,"Guyana",1997,"Cardiovascular diseases","deaths",487.189367294627,227.863959356624,216.130106247612,240.532802428628
113,"Guyana",1998,"Cardiovascular diseases","deaths",455.215903381841,214.807072285724,201.879207103733,226.511324303869
354,"Hong Kong Special Administrative Region of China",1990,"Cardiovascular diseases","deaths",171.139148603884,144.951737164367,132.127283864997,166.765234950944
354,"Hong Kong Special Administrative Region of China",1991,"Cardiovascular diseases","deaths",169.46838829352,147.093061273817,133.25599247369,170.067683909159
354,"Hong Kong Special Administrative Region of China",1992,"Cardiovascular diseases","deaths",167.405580327842,148.95800467431,134.818000780563,170.450571663326
354,"Hong Kong Special Administrative Region of China",1993,"Cardiovascular diseases","deaths",161.882117436836,147.657341287071,132.967924598966,168.772479921624
354,"Hong Kong Special Administrative Region of China",1994,"Cardiovascular diseases","deaths",155.445353452244,145.215405955704,131.210411193827,166.810705011528
354,"Hong Kong Special Administrative Region of China",1995,"Cardiovascular diseases","deaths",151.037566388396,144.457705717983,130.151318127948,166.095761037518
354,"Hong Kong Special Administrative Region of China",1996,"Cardiovascular diseases","deaths",142.755747572161,140.348258701022,124.965973479532,161.330425224579
354,"Hong Kong Special Administrative Region of China",1997,"Cardiovascular diseases","deaths",133.476628389219,135.528123259942,120.501969103421,154.651175000015
354,"Hong Kong Special Administrative Region of China",1998,"Cardiovascular diseases","deaths",128.876031784256,134.475076882358,118.911078644617,154.414297042884
48,"Hungary",1990,"Cardiovascular diseases","deaths",532.955691594928,708.439349990127,679.209738530579,725.237958189732
48,"Hungary",1991,"Cardiovascular diseases","deaths",530.320947114214,711.666015000087,682.310235660891,727.97961197592
48,"Hungary",1992,"Cardiovascular diseases","deaths",526.792773771018,712.593000317635,683.416875535868,728.360532559404
48,"Hungary",1993,"Cardiovascular diseases","deaths",524.529875310011,717.57266653599,686.309677179228,734.816546528233
48,"Hungary",1994,"Cardiovascular diseases","deaths",507.993448968153,699.679342629673,670.740821128691,715.298078379722
48,"Hungary",1995,"Cardiovascular diseases","deaths",496.056919816341,693.815529480962,663.017006927169,711.220041597607
48,"Hungary",1996,"Cardiovascular diseases","deaths",486.569000827596,686.918255240986,655.3307484548,705.880526603393
48,"Hungary",1997,"Cardiovascular diseases","deaths",474.07660331606,674.530438635175,645.867621433326,690.690431506108
48,"Hungary",1998,"Cardiovascular diseases","deaths",471.56934956106,680.253587733111,653.470252737343,699.549392922054
83,"Iceland",1990,"Cardiovascular diseases","deaths",257.684770492393,293.73861725789,270.361643382751,311.449637213331
83,"Iceland",1991,"Cardiovascular diseases","deaths",254.335014052377,296.841638182285,269.543193332666,314.618082197235
83,"Iceland",1992,"Cardiovascular diseases","deaths",247.06733900434,291.174249507197,263.322750136256,309.214902497776
83,"Iceland",1993,"Cardiovascular diseases","deaths",241.918565473897,286.859289857198,261.257573020586,302.307260561559
83,"Iceland",1994,"Cardiovascular diseases","deaths",245.276375356931,292.469287022234,267.470366722929,310.590326480196
83,"Iceland",1995,"Cardiovascular diseases","deaths",234.140031039406,286.589529761779,262.659995221671,303.984042729672
83,"Iceland",1996,"Cardiovascular diseases","deaths",229.993588057481,286.403084882679,262.769222411496,303.179184872222
83,"Iceland",1997,"Cardiovascular diseases","deaths",225.753417087396,281.854391604585,255.382896524554,299.060933674807
83,"Iceland",1998,"Cardiovascular diseases","deaths",220.813358641509,279.480447862018,251.095655355386,297.049901710879
84,"Ireland",1990,"Cardiovascular diseases","deaths",347.257654148923,383.621504588936,362.331260752153,396.354843838087
84,"Ireland",1991,"Cardiovascular diseases","deaths",335.542711852777,377.738766451536,356.50887860396,390.808298142059
84,"Ireland",1992,"Cardiovascular diseases","deaths",329.032349035598,373.605051567275,350.004285959615,386.407207724409
84,"Ireland",1993,"Cardiovascular diseases","deaths",327.195040380863,377.680617587475,353.82837271315,390.997776790718
84,"Ireland",1994,"Cardiovascular diseases","deaths",319.42589381016,371.1426993931,345.686943036936,384.61663865181
84,"Ireland",1995,"Cardiovascular diseases","deaths",311.488593309668,366.433019934856,339.481665246653,380.124906657472
84,"Ireland",1996,"Cardiovascular diseases","deaths",302.626471558293,358.928051186347,334.373712406271,372.393045584996
84,"Ireland",1997,"Cardiovascular diseases","deaths",288.440657936574,343.012185396876,320.503358532013,356.876490483549
84,"Ireland",1998,"Cardiovascular diseases","deaths",282.415622463171,336.96600083303,314.855557436703,351.356629173262
85,"Israel",1990,"Cardiovascular diseases","deaths",257.914455695877,238.601761504123,223.841751777995,247.828723537198
85,"Israel",1991,"Cardiovascular diseases","deaths",262.36166543929,251.094459631192,236.214675155356,261.340440317927
85,"Israel",1992,"Cardiovascular diseases","deaths",264.263675050646,260.938722981379,243.798530572327,271.765953049426
85,"Israel",1993,"Cardiovascular diseases","deaths",261.093369026245,257.680974623281,239.46223015964,268.868929290548
85,"Israel",1994,"Cardiovascular diseases","deaths",252.212509062741,252.028304696691,233.024655283772,262.98434043466
85,"Israel",1995,"Cardiovascular diseases","deaths",231.923173291394,242.606041761412,223.008657706848,254.368046908796
85,"Israel",1996,"Cardiovascular diseases","deaths",208.390760443793,217.694656271105,199.621809999109,228.575904235914
85,"Israel",1997,"Cardiovascular diseases","deaths",196.356770853395,209.340868284952,192.941180849425,219.783251092526
85,"Israel",1998,"Cardiovascular diseases","deaths",192.02063262825,231.865070905587,210.631252900346,244.264168308982
86,"Italy",1990,"Cardiovascular diseases","deaths",254.488963691764,390.948351659736,351.067805003478,412.975165035551
86,"Italy",1991,"Cardiovascular diseases","deaths",250.955410813391,398.503522311755,358.113692388698,421.641738651246
86,"Italy",1992,"Cardiovascular diseases","deaths",241.428521854652,392.271728272502,351.691951409586,416.201819789132
86,"Italy",1993,"Cardiovascular diseases","deaths",237.492158128519,396.941676069152,355.913167597382,421.242125126832
86,"Italy",1994,"Cardiovascular diseases","deaths",231.000480858309,396.858053554161,353.564608559984,422.035696785789
86,"Italy",1995,"Cardiovascular diseases","deaths",221.61770693203,391.809130149865,347.480098790533,417.468553323306
86,"Italy",1996,"Cardiovascular diseases","deaths",212.095297987899,386.147701107055,341.067385663909,412.617490932257
86,"Italy",1997,"Cardiovascular diseases","deaths",208.853168419063,392.060559806408,344.808996957241,419.551579785852
86,"Italy",1998,"Cardiovascular diseases","deaths",208.838512141223,401.852493330948,351.291716546032,430.19361473112
67,"Japan",1990,"Cardiovascular diseases","deaths",187.858743033373,230.736976390362,209.144266516046,244.553347816289
67,"Japan",1991,"Cardiovascular diseases","deaths",179.406438130873,227.822221320584,205.721428264637,241.315165723898
67,"Japan",1992,"Cardiovascular diseases","deaths",174.092307259941,230.584832547558,207.438708300603,244.41050117211
67,"Japan",1993,"Cardiovascular diseases","deaths",168.217359839735,232.218131422426,208.112103518872,246.14207380369
67,"Japan",1994,"Cardiovascular diseases","deaths",157.010679854594,224.746837592172,200.296235388366,239.053675118578
67,"Japan",1995,"Cardiovascular diseases","deaths",153.653586835601,230.421840209166,205.204899939982,245.146132419957
67,"Japan",1996,"Cardiovascular diseases","deaths",143.283848708454,220.641502296806,194.816302344995,234.836081347933
67,"Japan",1997,"Cardiovascular diseases","deaths",137.324751916295,220.46504903211,193.55928306455,235.321095306364
67,"Japan",1998,"Cardiovascular diseases","deaths",132.359259704942,221.043664174963,192.479594596527,236.88010309868
145,"Kuwait",1990,"Cardiovascular diseases","deaths",413.656190120327,83.1186809378757,78.9817034291751,87.2317918894488
145,"Kuwait",1991,"Cardiovascular diseases","deaths",409.992648249924,84.9710891683432,80.9449514711428,88.8456963994826
145,"Kuwait",1992,"Cardiovascular diseases","deaths",394.415171775698,81.2038846007854,77.1605633448923,85.1556124787885
145,"Kuwait",1993,"Cardiovascular diseases","deaths",394.689764392669,81.2939882737477,77.3463826766668,85.1378655151849
145,"Kuwait",1994,"Cardiovascular diseases","deaths",389.765168943029,82.1826394261966,78.2131419584927,86.038181768112
145,"Kuwait",1995,"Cardiovascular diseases","deaths",394.44747237887,84.553376807067,80.7234240110062,88.4028233112645
145,"Kuwait",1996,"Cardiovascular diseases","deaths",386.556668032637,85.5064888563628,81.4902691693545,89.3727726580964
145,"Kuwait",1997,"Cardiovascular diseases","deaths",394.896548441656,89.0139387012468,84.767898456315,92.9487236065845
145,"Kuwait",1998,"Cardiovascular diseases","deaths",388.363134071919,85.9717744010716,81.8499957613019,89.8498591810273
59,"Latvia",1990,"Cardiovascular diseases","deaths",571.551283247459,721.348625225289,685.172069690625,745.024997286728
59,"Latvia",1991,"Cardiovascular diseases","deaths",574.60179742041,727.953611200389,690.706932222613,753.88656437461
59,"Latvia",1992,"Cardiovascular diseases","deaths",589.563866907929,753.877918939399,716.964848675099,779.766914995013
59,"Latvia",1993,"Cardiovascular diseases","deaths",611.037450295452,794.24161714471,754.856364996307,822.725324767816
59,"Latvia",1994,"Cardiovascular diseases","deaths",618.329264765566,817.106600348915,775.105341827981,843.321022557985
59,"Latvia",1995,"Cardiovascular diseases","deaths",602.546205732838,800.003296888415,760.558833843622,825.296456650683
59,"Latvia",1996,"Cardiovascular diseases","deaths",583.642559809007,774.888386187666,741.185932496726,799.866799389681
59,"Latvia",1997,"Cardiovascular diseases","deaths",559.154284516343,755.728674944705,721.075024905116,778.757895262521
59,"Latvia",1998,"Cardiovascular diseases","deaths",547.857244052854,753.919599500924,719.014449871945,776.159736286156
60,"Lithuania",1990,"Cardiovascular diseases","deaths",520.667567357393,593.187147185513,562.282708965539,612.215365916032
60,"Lithuania",1991,"Cardiovascular diseases","deaths",523.563718051321,599.154515877376,568.106269465724,619.916931853456
60,"Lithuania",1992,"Cardiovascular diseases","deaths",534.461079217408,617.441046788785,586.705284639885,636.832120496915
60,"Lithuania",1993,"Cardiovascular diseases","deaths",554.518423053393,655.216371572697,627.412058741481,674.463803864004
60,"Lithuania",1994,"Cardiovascular diseases","deaths",558.053668736542,661.093037615174,630.196635345427,680.237178504735
60,"Lithuania",1995,"Cardiovascular diseases","deaths",543.510919272387,646.338765663012,616.214777848167,666.748758088359
60,"Lithuania",1996,"Cardiovascular diseases","deaths",524.53054665049,627.412976406204,595.445767975108,646.33525583618
60,"Lithuania",1997,"Cardiovascular diseases","deaths",505.342498717012,611.174191913977,577.370386713501,631.240402063443
60,"Lithuania",1998,"Cardiovascular diseases","deaths",486.814485313107,598.389731094451,567.249087496614,618.729069667133
87,"Luxembourg",1990,"Cardiovascular diseases","deaths",327.0253282652,456.365456420916,433.874192745708,475.377698102443
87,"Luxembourg",1991,"Cardiovascular diseases","deaths",314.162162348354,441.438771210328,415.853956493678,461.468010843718
87,"Luxembourg",1992,"Cardiovascular diseases","deaths",301.700371257469,425.986634058058,400.765736127624,445.793985543113
87,"Luxembourg",1993,"Cardiovascular diseases","deaths",291.779044615903,413.070389741411,390.647849334342,431.765023542434
87,"Luxembourg",1994,"Cardiovascular diseases","deaths",280.984496868159,397.715773076376,374.032797852821,415.122561078479
87,"Luxembourg",1995,"Cardiovascular diseases","deaths",271.485613355745,385.627275432131,364.361568223337,402.488717926056
87,"Luxembourg",1996,"Cardiovascular diseases","deaths",267.833237906674,386.264623954931,361.226748079586,404.451214788139
87,"Luxembourg",1997,"Cardiovascular diseases","deaths",256.02726724093,370.192692835929,346.858278828786,386.963183555132
87,"Luxembourg",1998,"Cardiovascular diseases","deaths",244.688067515044,352.70893424005,329.624549975719,370.700017759629
361,"Macao Special Administrative Region of China",1990,"Cardiovascular diseases","deaths",263.212116547352,188.25314290837,158.093821412362,221.801508047026
361,"Macao Special Administrative Region of China",1991,"Cardiovascular diseases","deaths",256.850210208026,182.631857095782,153.921340496727,220.130128294864
361,"Macao Special Administrative Region of China",1992,"Cardiovascular diseases","deaths",250.288570096006,177.80444481278,153.556675573665,212.03686218884
361,"Macao Special Administrative Region of China",1993,"Cardiovascular diseases","deaths",242.033075568972,172.513086810855,149.088836749445,200.31964760153
361,"Macao Special Administrative Region of China",1994,"Cardiovascular diseases","deaths",230.434634032089,165.446286896632,140.430394529925,189.767638355578
361,"Macao Special Administrative Region of China",1995,"Cardiovascular diseases","deaths",217.614872185784,158.256718726787,137.305934856876,182.477721001124
361,"Macao Special Administrative Region of China",1996,"Cardiovascular diseases","deaths",205.083650496177,151.81038238985,129.9594128353,175.799890336664
361,"Macao Special Administrative Region of China",1997,"Cardiovascular diseases","deaths",193.694258779297,146.315896122696,123.457029878244,167.944680826291
361,"Macao Special Administrative Region of China",1998,"Cardiovascular diseases","deaths",184.88800965785,143.008747142348,122.433813193767,167.513177690651
88,"Malta",1990,"Cardiovascular diseases","deaths",346.517173306269,359.006106544145,336.510515277559,375.564115458744
88,"Malta",1991,"Cardiovascular diseases","deaths",337.851197461324,358.027044836911,332.73948721087,374.88911425281
88,"Malta",1992,"Cardiovascular diseases","deaths",319.856979297252,342.007588237936,319.458339760709,358.816783671568
88,"Malta",1993,"Cardiovascular diseases","deaths",302.799783152133,327.479960563777,304.694801272628,342.998586946539
88,"Malta",1994,"Cardiovascular diseases","deaths",283.9009053847,315.215409350264,292.074590824437,331.211594077332
88,"Malta",1995,"Cardiovascular diseases","deaths",274.540847338598,310.084278120764,286.253823724161,325.082515944403
88,"Malta",1996,"Cardiovascular diseases","deaths",276.728742618229,318.39670361541,294.565335481162,334.319410387844
88,"Malta",1997,"Cardiovascular diseases","deaths",275.212101393461,324.969083326275,299.376168296508,341.882583076449
88,"Malta",1998,"Cardiovascular diseases","deaths",268.772041530758,327.476453084747,301.452887311066,345.217183474348
367,"Monaco",1990,"Cardiovascular diseases","deaths",297.87065124295,778.996748512085,658.70252735903,878.303042412846
367,"Monaco",1991,"Cardiovascular diseases","deaths",294.622874536774,776.204976790278,661.051552255296,876.614123005477
367,"Monaco",1992,"Cardiovascular diseases","deaths",290.406219104017,769.285975939658,665.761250430921,877.005373937947
367,"Monaco",1993,"Cardiovascular diseases","deaths",286.596302040709,762.658674236426,656.441776651867,869.74572518985
367,"Monaco",1994,"Cardiovascular diseases","deaths",281.209795015156,751.484888857668,648.208050162702,869.257460480231
367,"Monaco",1995,"Cardiovascular diseases","deaths",275.755281072653,740.514499556537,637.423987832045,847.708968539959
367,"Monaco",1996,"Cardiovascular diseases","deaths",272.465800035516,734.560297895464,632.687039761557,867.073072169465
367,"Monaco",1997,"Cardiovascular diseases","deaths",269.51434379777,727.135897014709,614.876611618925,863.04152385264
367,"Monaco",1998,"Cardiovascular diseases","deaths",267.885421717414,723.462031854728,592.301489625028,874.988776376424
369,"Nauru",1990,"Cardiovascular diseases","deaths",789.793115833059,237.315941465312,167.406790354632,292.901365317539
369,"Nauru",1991,"Cardiovascular diseases","deaths",805.624836069922,241.337822492207,172.604285310614,297.397580049008
369,"Nauru",1992,"Cardiovascular diseases","deaths",820.714498724701,244.051082488218,179.308761971617,298.74704824806
369,"Nauru",1993,"Cardiovascular diseases","deaths",837.040084958082,247.347613825666,180.542070408213,304.463272275812
369,"Nauru",1994,"Cardiovascular diseases","deaths",852.514411284945,249.873270445355,182.796540047493,305.821872863879
369,"Nauru",1995,"Cardiovascular diseases","deaths",867.597758271837,253.029354347613,188.059106075217,304.336736994205
369,"Nauru",1996,"Cardiovascular diseases","deaths",882.205936552584,255.82350182258,193.228277158712,311.661231913278
369,"Nauru",1997,"Cardiovascular diseases","deaths",895.000332887842,259.194290060262,196.443450427409,312.788454217465
369,"Nauru",1998,"Cardiovascular diseases","deaths",908.422197261061,263.377748544037,198.613646074971,319.760253727934
89,"Netherlands",1990,"Cardiovascular diseases","deaths",252.607985083919,336.549049123701,310.929164108045,351.693101263011
89,"Netherlands",1991,"Cardiovascular diseases","deaths",246.808707303164,332.705670079408,306.884744439865,347.712751687361
89,"Netherlands",1992,"Cardiovascular diseases","deaths",242.951924808322,331.075814046302,305.265809547213,346.70539365777
89,"Netherlands",1993,"Cardiovascular diseases","deaths",244.781179002254,341.653490404607,315.603521796232,356.523489622281
89,"Netherlands",1994,"Cardiovascular diseases","deaths",234.510107900583,328.32280481707,302.898611181734,343.394393214273
89,"Netherlands",1995,"Cardiovascular diseases","deaths",229.590504923282,325.606568593955,299.259516966089,340.550762518765
89,"Netherlands",1996,"Cardiovascular diseases","deaths",223.821729904861,321.404030029872,294.952811538485,336.165397900304
89,"Netherlands",1997,"Cardiovascular diseases","deaths",214.948008666025,311.799268944687,285.384861123342,326.639803426218
89,"Netherlands",1998,"Cardiovascular diseases","deaths",210.018673852714,308.616601148794,281.201811783276,324.253947573124
72,"New Zealand",1990,"Cardiovascular diseases","deaths",295.537909132998,328.638676898629,305.810344477605,341.722312737098
72,"New Zealand",1991,"Cardiovascular diseases","deaths",288.764998232053,326.387784180117,302.308790923897,339.495386579883
72,"New Zealand",1992,"Cardiovascular diseases","deaths",285.53415033804,328.409824101109,303.783999443534,341.581294292793
72,"New Zealand",1993,"Cardiovascular diseases","deaths",277.315084646234,323.269937889834,298.470161362451,335.786950147593
72,"New Zealand",1994,"Cardiovascular diseases","deaths",265.648820087474,314.088012607924,289.962966538589,327.478293827859
72,"New Zealand",1995,"Cardiovascular diseases","deaths",255.796449376903,307.121525466182,281.656461602216,320.962674501368
72,"New Zealand",1996,"Cardiovascular diseases","deaths",248.611863085242,302.445904459445,275.990409991456,316.591008383772
72,"New Zealand",1997,"Cardiovascular diseases","deaths",237.265478426811,290.459880812955,262.02526692318,304.915448673239
72,"New Zealand",1998,"Cardiovascular diseases","deaths",228.785138002175,281.072870917575,256.713953795801,294.822661243089
376,"Northern Mariana Islands",1990,"Cardiovascular diseases","deaths",380.67869755006,107.260777877814,88.828590234275,127.014742451941
376,"Northern Mariana Islands",1991,"Cardiovascular diseases","deaths",380.690639137608,107.331636808845,88.728560067173,125.764857823356
376,"Northern Mariana Islands",1992,"Cardiovascular diseases","deaths",377.978860618631,106.816616438258,89.2371949741882,124.057962744489
376,"Northern Mariana Islands",1993,"Cardiovascular diseases","deaths",376.892219681931,106.498258803988,89.0857902480002,123.404201030332
376,"Northern Mariana Islands",1994,"Cardiovascular diseases","deaths",376.247587680578,105.880429379938,88.9472135687926,121.675476325865
376,"Northern Mariana Islands",1995,"Cardiovascular diseases","deaths",376.261370548354,105.139959762455,89.7605949085736,120.151778412552
376,"Northern Mariana Islands",1996,"Cardiovascular diseases","deaths",376.74549036074,103.358171853495,88.4882261651437,117.09657955509
376,"Northern Mariana Islands",1997,"Cardiovascular diseases","deaths",376.815563756191,100.162606025779,86.4457165054357,113.689610311183
376,"Northern Mariana Islands",1998,"Cardiovascular diseases","deaths",376.843641982356,96.3193755028087,83.3689057729941,109.972892399382
90,"Norway",1990,"Cardiovascular diseases","deaths",297.612893496177,502.378299603364,464.742789464199,525.4869954995
90,"Norway",1991,"Cardiovascular diseases","deaths",289.013229485165,491.87767259348,452.107647903242,516.415001544809
90,"Norway",1992,"Cardiovascular diseases","deaths",283.920077476302,484.831913171068,447.344978877427,508.993683592947
90,"Norway",1993,"Cardiovascular diseases","deaths",275.797012882667,481.551589542846,440.94245657731,506.61565577458
90,"Norway",1994,"Cardiovascular diseases","deaths",264.465027436585,459.246900300361,417.921855870821,481.882326732133
90,"Norway",1995,"Cardiovascular diseases","deaths",258.300694316823,452.736027984479,412.926974537766,475.330050343322
90,"Norway",1996,"Cardiovascular diseases","deaths",251.275650612654,444.203960159051,405.115685815629,467.943806404242
90,"Norway",1997,"Cardiovascular diseases","deaths",244.181753515128,438.908662814984,398.586296948966,461.886738503392
90,"Norway",1998,"Cardiovascular diseases","deaths",240.687080228911,433.531103448641,390.967205648951,456.801646856791
150,"Oman",1990,"Cardiovascular diseases","deaths",523.962789806557,154.114873475841,135.282287334024,173.350753303239
150,"Oman",1991,"Cardiovascular diseases","deaths",495.520113765691,145.885819464325,129.470411387431,163.025887085829
150,"Oman",1992,"Cardiovascular diseases","deaths",483.673508251615,142.999657865322,127.213515737341,158.506381257831
150,"Oman",1993,"Cardiovascular diseases","deaths",470.791651476371,139.469006180581,123.177433172142,154.316971580803
150,"Oman",1994,"Cardiovascular diseases","deaths",458.915278808613,136.768094742291,119.952046831714,151.328150059806
150,"Oman",1995,"Cardiovascular diseases","deaths",445.587877617538,134.097629343124,117.759904036432,149.203546264336
150,"Oman",1996,"Cardiovascular diseases","deaths",434.834175597423,132.140640104926,115.892401207128,147.798013571873
150,"Oman",1997,"Cardiovascular diseases","deaths",425.793198549155,130.741966357116,114.644513179993,145.986918953111
150,"Oman",1998,"Cardiovascular diseases","deaths",418.523438668,129.882683589146,114.751168179783,144.390748155452
380,"Palau",1990,"Cardiovascular diseases","deaths",498.734750735885,264.13375110327,219.679170798543,308.586762293198
380,"Palau",1991,"Cardiovascular diseases","deaths",495.468977258901,265.66695396973,221.918744406356,306.488740823359
380,"Palau",1992,"Cardiovascular diseases","deaths",492.263199258798,266.628176310854,223.210243604354,307.033038149435
380,"Palau",1993,"Cardiovascular diseases","deaths",490.712178326554,267.830036769098,227.796196440434,306.002368634618
380,"Palau",1994,"Cardiovascular diseases","deaths",498.292934460708,273.900163871109,235.449945831801,309.580308191392
380,"Palau",1995,"Cardiovascular diseases","deaths",497.756767978574,275.812065841372,239.433582976601,309.042278630671
380,"Palau",1996,"Cardiovascular diseases","deaths",497.149545024485,277.140279289176,240.04374613502,309.375493176939
380,"Palau",1997,"Cardiovascular diseases","deaths",494.493290938907,277.075683607696,241.625755121277,311.461688273229
380,"Palau",1998,"Cardiovascular diseases","deaths",493.770044431684,278.141846332963,242.687314217716,313.964288006404
132,"Panama",1990,"Cardiovascular diseases","deaths",217.594046263459,117.984589259764,111.10541867068,124.087170932745
132,"Panama",1991,"Cardiovascular diseases","deaths",215.251064520946,117.735805500352,110.685509945986,124.40413210114
132,"Panama",1992,"Cardiovascular diseases","deaths",214.44935416851,120.139372962303,113.239844030077,126.864119559173
132,"Panama",1993,"Cardiovascular diseases","deaths",214.432171120421,122.352907274235,114.841623088565,128.388569121391
132,"Panama",1994,"Cardiovascular diseases","deaths",212.245796317436,123.549560620889,115.2824110451,129.581445412949
132,"Panama",1995,"Cardiovascular diseases","deaths",208.657678770386,122.479182393727,113.576381514463,128.307820138599
132,"Panama",1996,"Cardiovascular diseases","deaths",207.488768832999,124.971524535669,115.933507427216,130.702460646355
132,"Panama",1997,"Cardiovascular diseases","deaths",202.532472137392,124.779518418826,115.665206379924,130.906105458079
132,"Panama",1998,"Cardiovascular diseases","deaths",180.753202218125,111.630501020964,103.706776045351,117.421122409097
51,"Poland",1990,"Cardiovascular diseases","deaths",502.486564403275,514.893535412274,493.746864315434,529.918570361379
51,"Poland",1991,"Cardiovascular diseases","deaths",510.710297345049,529.63294246134,505.726109035612,544.7143060372
51,"Poland",1992,"Cardiovascular diseases","deaths",496.873835778471,518.984483907889,494.661995847262,534.279872201683
51,"Poland",1993,"Cardiovascular diseases","deaths",484.776377651753,511.747924003276,487.221914758741,526.471291400263
51,"Poland",1994,"Cardiovascular diseases","deaths",467.993672625217,498.975267773634,472.676159975233,513.784982267833
51,"Poland",1995,"Cardiovascular diseases","deaths",456.663174314996,492.589080416151,467.071096926781,508.434602800311
51,"Poland",1996,"Cardiovascular diseases","deaths",449.597463053111,489.487947606763,464.634901326392,505.077365374768
51,"Poland",1997,"Cardiovascular diseases","deaths",436.243899116684,479.150520044055,455.225499494743,494.262435363158
51,"Poland",1998,"Cardiovascular diseases","deaths",419.123030890561,466.06343199138,442.019587802803,482.163947439243
91,"Portugal",1990,"Cardiovascular diseases","deaths",356.553275416024,458.720397734171,429.525438214574,476.61764612783
91,"Portugal",1991,"Cardiovascular diseases","deaths",351.238386283443,463.109135686867,432.874284346833,480.945545753755
91,"Portugal",1992,"Cardiovascular diseases","deaths",334.428439912353,448.546690918076,416.249548918077,467.050167467254
91,"Portugal",1993,"Cardiovascular diseases","deaths",330.059162457651,456.62214505932,424.806193536223,474.473840240733
91,"Portugal",1994,"Cardiovascular diseases","deaths",308.270576089618,431.345270606665,401.15345190194,448.702313174002
91,"Portugal",1995,"Cardiovascular diseases","deaths",299.430605656844,432.052526385794,398.734701485353,449.853702022965
91,"Portugal",1996,"Cardiovascular diseases","deaths",296.896877005389,440.6212631209,406.487134354358,459.666107416665
91,"Portugal",1997,"Cardiovascular diseases","deaths",280.218449338318,422.843394372844,389.402989520666,441.215385972659
91,"Portugal",1998,"Cardiovascular diseases","deaths",272.497467580301,420.659679883913,388.89638041943,439.201929708828
385,"Puerto Rico",1990,"Cardiovascular diseases","deaths",207.933192482474,226.944255680554,211.247874186184,235.506854536641
385,"Puerto Rico",1991,"Cardiovascular diseases","deaths",198.230321711127,220.347871554285,205.599292195095,229.086742190259
385,"Puerto Rico",1992,"Cardiovascular diseases","deaths",192.218201687773,219.09967644249,204.615613063435,227.231831450366
385,"Puerto Rico",1993,"Cardiovascular diseases","deaths",189.735296378381,221.442585020134,207.148674391741,229.437943695341
385,"Puerto Rico",1994,"Cardiovascular diseases","deaths",189.981160104263,224.550728141331,210.069299513222,232.981969121108
385,"Puerto Rico",1995,"Cardiovascular diseases","deaths",186.861863746388,227.421575332531,211.097297413006,236.13306859469
385,"Puerto Rico",1996,"Cardiovascular diseases","deaths",184.961781903137,227.573106024838,210.940337674917,236.582770493875
385,"Puerto Rico",1997,"Cardiovascular diseases","deaths",181.823856042011,227.041367524644,211.327056847896,234.933243529547
385,"Puerto Rico",1998,"Cardiovascular diseases","deaths",178.412866926724,226.988835910692,210.04266659622,236.934385355028
151,"Qatar",1990,"Cardiovascular diseases","deaths",453.07206142869,75.3067803972043,61.6688025799988,89.1191416565275
151,"Qatar",1991,"Cardiovascular diseases","deaths",456.196042150422,76.3042859646954,65.2943891766987,88.4750267134087
151,"Qatar",1992,"Cardiovascular diseases","deaths",459.121018030543,77.4201412770043,67.8310070423045,89.1982059802802
151,"Qatar",1993,"Cardiovascular diseases","deaths",457.887720392156,78.2113892294323,69.3436606689285,89.2959251590067
151,"Qatar",1994,"Cardiovascular diseases","deaths",462.510208164536,78.0652064006662,69.5591160752772,87.9287182783134
151,"Qatar",1995,"Cardiovascular diseases","deaths",465.14885838835,77.4798985443064,69.1919828767438,86.9829870375541
151,"Qatar",1996,"Cardiovascular diseases","deaths",452.512777887733,78.3731616075492,69.9571753000543,87.5451260379881
151,"Qatar",1997,"Cardiovascular diseases","deaths",435.000077440685,78.6941311861648,70.56265027133,88.3052575294219
151,"Qatar",1998,"Cardiovascular diseases","deaths",428.160230649475,78.6956961783188,71.3048770471802,89.8716401173009
68,"Republic of Korea",1990,"Cardiovascular diseases","deaths",343.875656915327,170.851913734056,141.22944459944,193.247938781069
68,"Republic of Korea",1991,"Cardiovascular diseases","deaths",332.364342116584,170.547311920452,143.694816243812,190.944851870609
68,"Republic of Korea",1992,"Cardiovascular diseases","deaths",309.694438767534,164.308638317287,141.116805765513,183.549904108733
68,"Republic of Korea",1993,"Cardiovascular diseases","deaths",293.519507733618,161.162701607659,142.294400057605,176.825185685946
68,"Republic of Korea",1994,"Cardiovascular diseases","deaths",286.645269304446,162.625127069642,147.002663360745,176.441641676906
68,"Republic of Korea",1995,"Cardiovascular diseases","deaths",266.665510769509,156.607365205226,143.391407515122,169.861576900958
68,"Republic of Korea",1996,"Cardiovascular diseases","deaths",247.786346627088,150.753480182662,137.950844062595,163.33900798354
68,"Republic of Korea",1997,"Cardiovascular diseases","deaths",241.704183486442,153.234008788937,139.844470795229,166.570205518414
68,"Republic of Korea",1998,"Cardiovascular diseases","deaths",232.306531013036,152.058106281475,137.325130585888,164.369686607217
52,"Romania",1990,"Cardiovascular diseases","deaths",577.907895031916,579.834441805689,557.311065550708,593.380524708907
52,"Romania",1991,"Cardiovascular diseases","deaths",596.703939474211,612.481392754986,587.777117141467,626.100478609842
52,"Romania",1992,"Cardiovascular diseases","deaths",613.442779424008,642.544877084635,615.307762924611,655.475936644133
52,"Romania",1993,"Cardiovascular diseases","deaths",616.095131278921,653.943127509713,627.200868408264,668.382128096932
52,"Romania",1994,"Cardiovascular diseases","deaths",611.914945230597,658.43144871015,631.027003039934,671.469681564179
52,"Romania",1995,"Cardiovascular diseases","deaths",622.762114663,686.32603681539,662.099320279678,700.165513273721
52,"Romania",1996,"Cardiovascular diseases","deaths",637.735999808675,717.104076348822,689.700882464243,731.291032268884
52,"Romania",1997,"Cardiovascular diseases","deaths",622.450884788062,707.67179690991,679.944706297641,721.553312892566
52,"Romania",1998,"Cardiovascular diseases","deaths",601.726400907697,690.767890498314,666.239516380587,705.266358924288
62,"Russian Federation",1990,"Cardiovascular diseases","deaths",586.792849311069,595.202304076248,573.047586527286,611.019827282108
62,"Russian Federation",1991,"Cardiovascular diseases","deaths",586.330329089031,606.145254956128,582.513093345543,620.558773049525
62,"Russian Federation",1992,"Cardiovascular diseases","deaths",610.34513261261,642.888791861437,617.809839939954,658.754498927549
62,"Russian Federation",1993,"Cardiovascular diseases","deaths",695.815884138745,755.667409302579,727.635834760361,772.631118307317
62,"Russian Federation",1994,"Cardiovascular diseases","deaths",743.049044384445,822.927659264544,794.535455499128,841.530008495135
62,"Russian Federation",1995,"Cardiovascular diseases","deaths",707.843282807542,788.384952879424,763.5647876715,805.116506700442
62,"Russian Federation",1996,"Cardiovascular diseases","deaths",675.447240225478,757.140839221624,730.816532925265,773.842986235593
62,"Russian Federation",1997,"Cardiovascular diseases","deaths",659.159078461245,746.721393308888,720.888820563983,762.768185079218
62,"Russian Federation",1998,"Cardiovascular diseases","deaths",652.892470631766,746.846334224933,721.02022627972,763.881989721936
393,"Saint Kitts and Nevis",1990,"Cardiovascular diseases","deaths",479.567558066114,455.167677107803,434.900738590996,472.855676345931
393,"Saint Kitts and Nevis",1991,"Cardiovascular diseases","deaths",461.880885178113,425.554567396222,406.304705244384,445.211227334726
393,"Saint Kitts and Nevis",1992,"Cardiovascular diseases","deaths",458.598837143525,427.925074192139,410.008873447525,447.851941535113
393,"Saint Kitts and Nevis",1993,"Cardiovascular diseases","deaths",444.806779462655,406.084785134518,386.951033711411,422.592284689148
393,"Saint Kitts and Nevis",1994,"Cardiovascular diseases","deaths",437.214692351088,407.216390564256,388.57744603838,425.011898335145
393,"Saint Kitts and Nevis",1995,"Cardiovascular diseases","deaths",436.533046311961,401.768938335517,379.189739189196,421.12370277029
393,"Saint Kitts and Nevis",1996,"Cardiovascular diseases","deaths",423.14080064735,390.826385021181,368.810082976619,410.11431124258
393,"Saint Kitts and Nevis",1997,"Cardiovascular diseases","deaths",402.663482012716,365.355020041036,343.909402880457,381.349840920864
393,"Saint Kitts and Nevis",1998,"Cardiovascular diseases","deaths",385.362882258332,344.621444895844,323.764487739848,359.979109152109
396,"San Marino",1990,"Cardiovascular diseases","deaths",236.950747184419,341.741178051603,295.431995635103,390.795542897901
396,"San Marino",1991,"Cardiovascular diseases","deaths",227.155281512837,334.857486748777,291.09198080715,378.591392902922
396,"San Marino",1992,"Cardiovascular diseases","deaths",217.954869972465,328.960142051616,291.128800907879,373.477997356933
396,"San Marino",1993,"Cardiovascular diseases","deaths",209.185223045766,331.378076696439,289.307345736575,373.491680326668
396,"San Marino",1994,"Cardiovascular diseases","deaths",200.629711969081,330.616083694608,290.16595487323,372.965615227956
396,"San Marino",1995,"Cardiovascular diseases","deaths",193.497105903758,328.893751924418,283.993526808143,370.475116058132
396,"San Marino",1996,"Cardiovascular diseases","deaths",187.439351587109,317.60018490785,273.305942621387,355.723258625364
396,"San Marino",1997,"Cardiovascular diseases","deaths",182.150395084259,322.843093885098,279.18547357592,359.349379924105
396,"San Marino",1998,"Cardiovascular diseases","deaths",176.634491307666,326.587764553469,279.572690074242,370.044781083207
152,"Saudi Arabia",1990,"Cardiovascular diseases","deaths",498.027961683564,128.245172545867,109.432732981485,146.86271788376
152,"Saudi Arabia",1991,"Cardiovascular diseases","deaths",475.969929284299,122.908309343469,104.959042415904,140.315850319966
152,"Saudi Arabia",1992,"Cardiovascular diseases","deaths",453.319019707484,117.798860992992,100.253194145764,133.543043394878
152,"Saudi Arabia",1993,"Cardiovascular diseases","deaths",434.437599064489,113.892307367956,98.4220677727606,128.215677882806
152,"Saudi Arabia",1994,"Cardiovascular diseases","deaths",414.639836094919,110.058941272415,95.6999276838715,123.633238500416
152,"Saudi Arabia",1995,"Cardiovascular diseases","deaths",395.59121606779,106.587594977668,92.8840104259243,120.290963561541
152,"Saudi Arabia",1996,"Cardiovascular diseases","deaths",379.096597832886,103.862806112517,90.849158152399,116.891904414044
152,"Saudi Arabia",1997,"Cardiovascular diseases","deaths",363.969181715985,101.660409043124,89.7108279759884,112.852142880358
152,"Saudi Arabia",1998,"Cardiovascular diseases","deaths",353.442378436479,100.840187723311,89.9901959782414,111.684142557373
186,"Seychelles",1990,"Cardiovascular diseases","deaths",339.393763233129,256.260559506538,232.978094687825,278.646944945781
186,"Seychelles",1991,"Cardiovascular diseases","deaths",340.189952580462,258.341839764403,232.183716150371,280.545206342969
186,"Seychelles",1992,"Cardiovascular diseases","deaths",338.375352678588,257.890114200772,231.559453582745,280.549935067457
186,"Seychelles",1993,"Cardiovascular diseases","deaths",335.718692920178,255.518547925403,226.505447135767,280.314654790663
186,"Seychelles",1994,"Cardiovascular diseases","deaths",330.966769734359,254.348965610006,225.249444632366,280.951162957155
186,"Seychelles",1995,"Cardiovascular diseases","deaths",326.060516038692,252.044752322687,224.434035096248,278.583788221353
186,"Seychelles",1996,"Cardiovascular diseases","deaths",319.727965287315,251.043234611087,225.534895466342,278.318023693846
186,"Seychelles",1997,"Cardiovascular diseases","deaths",312.782526696025,253.806981198952,228.831703746991,280.487734899997
186,"Seychelles",1998,"Cardiovascular diseases","deaths",306.332498396616,249.500505607052,225.42188447174,275.259779267428
69,"Singapore",1990,"Cardiovascular diseases","deaths",270.082986450177,170.778465224182,163.795252894258,175.976349395056
69,"Singapore",1991,"Cardiovascular diseases","deaths",256.821692293951,163.831213794829,156.952322497122,169.257238046855
69,"Singapore",1992,"Cardiovascular diseases","deaths",250.247534925863,161.2427897108,154.279310010408,166.579632643308
69,"Singapore",1993,"Cardiovascular diseases","deaths",243.120331545272,159.238101208197,152.979393616417,164.735834780413
69,"Singapore",1994,"Cardiovascular diseases","deaths",237.735979853646,157.189894402478,149.782612420109,161.907932324604
69,"Singapore",1995,"Cardiovascular diseases","deaths",229.176728838134,153.859743515873,146.728517977201,158.881440175546
69,"Singapore",1996,"Cardiovascular diseases","deaths",229.990403021302,153.128822761169,146.412962530758,157.525330093578
69,"Singapore",1997,"Cardiovascular diseases","deaths",220.380320539425,146.53474648611,140.103087962275,151.285287072886
69,"Singapore",1998,"Cardiovascular diseases","deaths",208.638273978096,140.273234710768,133.675885396944,145.067569876728
54,"Slovakia",1990,"Cardiovascular diseases","deaths",517.147797846259,540.472377848803,504.671995106865,569.70712274949
54,"Slovakia",1991,"Cardiovascular diseases","deaths",508.834216940984,533.783440973296,506.122405643655,561.486959689306
54,"Slovakia",1992,"Cardiovascular diseases","deaths",497.264739485327,522.530853069675,498.665303533303,548.43138207341
54,"Slovakia",1993,"Cardiovascular diseases","deaths",486.940951031969,514.963278328826,491.248368846192,538.148302399082
54,"Slovakia",1994,"Cardiovascular diseases","deaths",477.35335399941,509.422246567325,485.210727753901,533.442925287184
54,"Slovakia",1995,"Cardiovascular diseases","deaths",472.105260395382,511.085576179522,485.254835595743,536.613495702941
54,"Slovakia",1996,"Cardiovascular diseases","deaths",467.490196754961,509.1097663286,482.474584286847,532.231725653452
54,"Slovakia",1997,"Cardiovascular diseases","deaths",465.717368754565,510.459003892556,481.044218202791,534.061287295168
54,"Slovakia",1998,"Cardiovascular diseases","deaths",463.759939558002,512.6002011039,481.929414325203,534.575314229466
55,"Slovenia",1990,"Cardiovascular diseases","deaths",388.270395722331,426.595786931992,403.625121426813,439.745701569057
55,"Slovenia",1991,"Cardiovascular diseases","deaths",384.597808806775,431.223858382694,410.233186667258,445.2161127551
55,"Slovenia",1992,"Cardiovascular diseases","deaths",380.235616963742,431.687009351455,410.576581667472,446.350055184391
55,"Slovenia",1993,"Cardiovascular diseases","deaths",373.368565470785,430.934440278009,408.531474004076,445.620014421321
55,"Slovenia",1994,"Cardiovascular diseases","deaths",360.257758524448,421.903003730005,399.340442999603,436.985948133462
55,"Slovenia",1995,"Cardiovascular diseases","deaths",337.909783138979,405.153816875019,380.010496183611,420.081596250243
55,"Slovenia",1996,"Cardiovascular diseases","deaths",322.955987961987,394.293923888347,369.628352191388,409.025650158597
55,"Slovenia",1997,"Cardiovascular diseases","deaths",308.356057142513,384.487832230872,361.773970881271,399.007957191664
55,"Slovenia",1998,"Cardiovascular diseases","deaths",304.379366087308,386.372699411903,364.418602655486,400.592569266903
92,"Spain",1990,"Cardiovascular diseases","deaths",232.68192456263,318.561653911755,290.277667136205,333.38288236311
92,"Spain",1991,"Cardiovascular diseases","deaths",227.377107105248,320.583153234971,292.747643416557,335.389795829897
92,"Spain",1992,"Cardiovascular diseases","deaths",215.746872485857,311.458863070389,282.458566831667,326.401221191166
92,"Spain",1993,"Cardiovascular diseases","deaths",210.661973402046,315.236696435166,285.446925597833,331.726468966434
92,"Spain",1994,"Cardiovascular diseases","deaths",200.864378560008,308.980990434718,279.504370135649,324.957789931895
92,"Spain",1995,"Cardiovascular diseases","deaths",194.96900141081,309.654770828534,279.576029604385,326.209053894007
92,"Spain",1996,"Cardiovascular diseases","deaths",190.366218556919,311.631397300063,281.191244812124,328.88936310403
92,"Spain",1997,"Cardiovascular diseases","deaths",183.387294552772,308.142637040687,277.048531926692,325.778629972458
92,"Spain",1998,"Cardiovascular diseases","deaths",182.502902647735,315.884401123645,282.560706940777,334.202430177424
93,"Sweden",1990,"Cardiovascular diseases","deaths",288.174542235186,547.020867861661,502.161355529617,571.167440033352
93,"Sweden",1991,"Cardiovascular diseases","deaths",282.900167489253,541.462177931938,496.720526259764,564.554268114635
93,"Sweden",1992,"Cardiovascular diseases","deaths",275.881997835086,533.540661388574,487.698101420474,558.856024147449
93,"Sweden",1993,"Cardiovascular diseases","deaths",269.91165106159,532.102978596936,485.319646489267,557.286904660921
93,"Sweden",1994,"Cardiovascular diseases","deaths",256.102987560784,503.575002570808,457.55535369113,527.520750600412
93,"Sweden",1995,"Cardiovascular diseases","deaths",251.329717236362,504.276417325455,454.574537833803,529.020055254293
93,"Sweden",1996,"Cardiovascular diseases","deaths",246.289246243084,502.761489765892,453.449397451812,527.815473490937
93,"Sweden",1997,"Cardiovascular diseases","deaths",241.275986623553,498.285564905049,447.247270992469,523.876569462008
93,"Sweden",1998,"Cardiovascular diseases","deaths",238.234985320116,497.882985119003,448.521969585133,523.554445184853
94,"Switzerland",1990,"Cardiovascular diseases","deaths",236.906999035945,383.534262406425,348.615055660717,401.557226544238
94,"Switzerland",1991,"Cardiovascular diseases","deaths",231.407621764776,376.506936977613,341.112849800654,395.453317350127
94,"Switzerland",1992,"Cardiovascular diseases","deaths",223.741089489885,368.437124628544,335.173306789238,387.868588023241
94,"Switzerland",1993,"Cardiovascular diseases","deaths",217.481510966133,365.414864802434,329.957216758452,384.410146967968
94,"Switzerland",1994,"Cardiovascular diseases","deaths",211.630574414655,360.470974844003,323.551810256445,381.616721499482
94,"Switzerland",1995,"Cardiovascular diseases","deaths",204.868482256188,357.291212968513,318.964204506244,377.747563344869
94,"Switzerland",1996,"Cardiovascular diseases","deaths",197.968095039629,351.577249238201,312.855882227443,372.430826072546
94,"Switzerland",1997,"Cardiovascular diseases","deaths",192.977299864677,347.142385291268,305.462992718987,368.754644828697
94,"Switzerland",1998,"Cardiovascular diseases","deaths",188.440216625842,341.440844367761,301.62480942746,361.27356833423
8,"Taiwan",1990,"Cardiovascular diseases","deaths",244.95915414492,146.701644227073,141.222352789019,151.221660119365
8,"Taiwan",1991,"Cardiovascular diseases","deaths",234.930849312206,145.793789586871,140.29881014082,149.993292196288
8,"Taiwan",1992,"Cardiovascular diseases","deaths",226.087844239618,145.85595669091,140.030693340056,149.914216794834
8,"Taiwan",1993,"Cardiovascular diseases","deaths",214.006679802174,142.218651876855,136.087628639998,146.410029926399
8,"Taiwan",1994,"Cardiovascular diseases","deaths",204.420167002716,140.176846632634,133.548697417256,144.341413930926
8,"Taiwan",1995,"Cardiovascular diseases","deaths",197.369598987357,140.058599578499,133.789442192067,144.484583257602
8,"Taiwan",1996,"Cardiovascular diseases","deaths",187.831721963731,138.097424052667,131.498830939765,142.91669711916
8,"Taiwan",1997,"Cardiovascular diseases","deaths",174.276860619928,132.617531296648,126.067392851724,137.179624581515
8,"Taiwan",1998,"Cardiovascular diseases","deaths",164.703312518618,129.680228178909,123.247275444793,134.098178068167
119,"Trinidad and Tobago",1990,"Cardiovascular diseases","deaths",520.959529344868,268.632446719063,260.059593351673,276.949748534996
119,"Trinidad and Tobago",1991,"Cardiovascular diseases","deaths",521.868580498973,273.473111460056,264.364394705574,282.282959065187
119,"Trinidad and Tobago",1992,"Cardiovascular diseases","deaths",516.654936950109,274.550889235851,264.646496220174,282.216790024
119,"Trinidad and Tobago",1993,"Cardiovascular diseases","deaths",510.311239485357,277.105418093863,267.610077665569,284.559373531888
119,"Trinidad and Tobago",1994,"Cardiovascular diseases","deaths",505.526715400021,280.372739091801,270.739987421595,288.04126874055
119,"Trinidad and Tobago",1995,"Cardiovascular diseases","deaths",496.572527240416,280.232489312663,270.018727487414,288.447403974811
119,"Trinidad and Tobago",1996,"Cardiovascular diseases","deaths",490.532661709396,282.619701875469,272.757956633572,291.169731705806
119,"Trinidad and Tobago",1997,"Cardiovascular diseases","deaths",488.822024033204,287.934074764474,277.286583613136,295.707622984715
119,"Trinidad and Tobago",1998,"Cardiovascular diseases","deaths",474.604164830931,284.775759402115,274.209953746508,293.823444561668
156,"United Arab Emirates",1990,"Cardiovascular diseases","deaths",356.836709804362,62.4879020948555,31.2597632502811,88.1952712862358
156,"United Arab Emirates",1991,"Cardiovascular diseases","deaths",348.484614072814,61.0344768469687,30.9287483173786,86.2164913720821
156,"United Arab Emirates",1992,"Cardiovascular diseases","deaths",331.093733182864,58.7014058826822,29.5223794063708,82.952493988549
156,"United Arab Emirates",1993,"Cardiovascular diseases","deaths",322.481178649509,58.027233782811,31.8682333373236,80.7800774149058
156,"United Arab Emirates",1994,"Cardiovascular diseases","deaths",316.05125061476,57.4646042663028,31.6591803724506,79.1072190907175
156,"United Arab Emirates",1995,"Cardiovascular diseases","deaths",302.600735565607,55.7422856396045,29.851722574734,77.6209044717878
156,"United Arab Emirates",1996,"Cardiovascular diseases","deaths",292.672519011632,54.1162315781894,28.2623860676575,76.44766393904
156,"United Arab Emirates",1997,"Cardiovascular diseases","deaths",283.09785361147,52.1161865721137,26.8144496893571,73.7926963877603
156,"United Arab Emirates",1998,"Cardiovascular diseases","deaths",289.459453132624,52.2920250916316,27.3118998916981,73.8943489248278
95,"United Kingdom",1990,"Cardiovascular diseases","deaths",313.262475987509,510.124227139607,475.503826690558,528.890611535559
95,"United Kingdom",1991,"Cardiovascular diseases","deaths",308.378088854615,509.015215740086,471.856748125067,528.542968978592
95,"United Kingdom",1992,"Cardiovascular diseases","deaths",298.039558298736,494.939938828386,459.427109799011,514.191414125655
95,"United Kingdom",1993,"Cardiovascular diseases","deaths",294.6572542037,499.306611126457,462.062913578252,518.399483292277
95,"United Kingdom",1994,"Cardiovascular diseases","deaths",274.872005070764,465.337558992743,430.560973304913,483.332183865617
95,"United Kingdom",1995,"Cardiovascular diseases","deaths",271.023241879559,467.120391644218,432.089748306872,484.965603766297
95,"United Kingdom",1996,"Cardiovascular diseases","deaths",261.994568738727,455.773851267642,420.268134041365,474.052032168934
95,"United Kingdom",1997,"Cardiovascular diseases","deaths",251.109567527274,441.918295663457,407.789888457653,460.348754746765
95,"United Kingdom",1998,"Cardiovascular diseases","deaths",244.658871544547,435.413330556965,401.627957301721,453.790162329126
422,"United States Virgin Islands",1990,"Cardiovascular diseases","deaths",493.979688031796,223.687878551756,209.707922016683,238.188619427248
422,"United States Virgin Islands",1991,"Cardiovascular diseases","deaths",468.960737394024,221.415461104182,208.30666275617,235.000027625476
422,"United States Virgin Islands",1992,"Cardiovascular diseases","deaths",447.488766934103,221.670959530752,207.163961504979,237.668342093769
422,"United States Virgin Islands",1993,"Cardiovascular diseases","deaths",427.045424800891,222.602693761108,208.533658258881,236.546323286406
422,"United States Virgin Islands",1994,"Cardiovascular diseases","deaths",407.629603644761,224.108017896793,208.515977302021,239.147760330924
422,"United States Virgin Islands",1995,"Cardiovascular diseases","deaths",391.069957343729,225.209675139817,209.755696523949,241.355149900959
422,"United States Virgin Islands",1996,"Cardiovascular diseases","deaths",377.615663764333,229.210950939483,215.214126168919,243.693923322349
422,"United States Virgin Islands",1997,"Cardiovascular diseases","deaths",362.029255857341,234.523202798417,221.164267251898,248.656459814204
422,"United States Virgin Islands",1998,"Cardiovascular diseases","deaths",349.132477748376,240.589028870035,227.061163126005,254.808860101414
102,"United States of America",1990,"Cardiovascular diseases","deaths",265.905208215778,341.506818713029,310.148288666915,360.396328644606
102,"United States of America",1991,"Cardiovascular diseases","deaths",259.804510823717,337.077529730399,305.29948103937,356.519692658063
102,"United States of America",1992,"Cardiovascular diseases","deaths",253.387754818017,331.494280365908,299.781348127982,350.292727007328
102,"United States of America",1993,"Cardiovascular diseases","deaths",255.626170366392,340.973263312803,307.829869782111,360.222601185275
102,"United States of America",1994,"Cardiovascular diseases","deaths",250.53056388855,336.532316791639,303.856315514179,355.920302840705
102,"United States of America",1995,"Cardiovascular diseases","deaths",247.427891905018,336.645502857145,304.53875826556,355.603145818464
102,"United States of America",1996,"Cardiovascular diseases","deaths",242.521956701678,333.354132319088,300.411637182242,351.905940924629
102,"United States of America",1997,"Cardiovascular diseases","deaths",236.167368789537,328.343929286327,293.932896562984,347.065930319566
102,"United States of America",1998,"Cardiovascular diseases","deaths",231.596618703099,325.861198249567,290.438960925622,344.857170046046
99,"Uruguay",1990,"Cardiovascular diseases","deaths",312.812872336484,375.017451938758,352.349933400541,390.569600862895
99,"Uruguay",1991,"Cardiovascular diseases","deaths",304.926189006653,370.473472188154,349.337728988719,385.71878032908
99,"Uruguay",1992,"Cardiovascular diseases","deaths",298.282749765597,366.659238493898,344.296408000905,381.31147203997
99,"Uruguay",1993,"Cardiovascular diseases","deaths",296.568968185421,369.505341030421,346.409396393248,384.098636662414
99,"Uruguay",1994,"Cardiovascular diseases","deaths",284.00631854956,356.218307460131,333.904465136435,371.17099700074
99,"Uruguay",1995,"Cardiovascular diseases","deaths",280.436595635535,358.662535701639,335.895484973617,372.872514046943
99,"Uruguay",1996,"Cardiovascular diseases","deaths",271.409402909962,349.727919269109,327.34948973701,363.687082988235
99,"Uruguay",1997,"Cardiovascular diseases","deaths",257.124516607599,334.153563263143,311.51459055494,347.843880836858
99,"Uruguay",1998,"Cardiovascular diseases","deaths",258.169430547844,342.609246320442,318.993036300282,355.423995198777
298,"American Samoa",1999,"Cardiovascular diseases","deaths",397.826283923375,166.121600076849,144.577596858176,184.910783177838
298,"American Samoa",2000,"Cardiovascular diseases","deaths",391.156655931507,164.662075904882,144.880418327384,181.460175370932
298,"American Samoa",2001,"Cardiovascular diseases","deaths",390.71463613333,166.43249847374,147.968892371392,184.470593020465
298,"American Samoa",2002,"Cardiovascular diseases","deaths",388.380590012506,167.729541929444,150.037089582641,187.473457792889
298,"American Samoa",2003,"Cardiovascular diseases","deaths",384.176734986678,168.320913630171,150.486637929005,187.579948752871
298,"American Samoa",2004,"Cardiovascular diseases","deaths",379.386084156487,168.789711821426,149.225475994289,190.03220734209
298,"American Samoa",2005,"Cardiovascular diseases","deaths",377.328060889584,170.647618317274,151.866394251559,193.712668012966
298,"American Samoa",2006,"Cardiovascular diseases","deaths",375.856107658157,173.379097235926,154.483241709745,194.643851979964
298,"American Samoa",2007,"Cardiovascular diseases","deaths",372.210237099111,175.301564777694,156.285063851109,195.317726345569
74,"Andorra",1999,"Cardiovascular diseases","deaths",123.071334455696,181.301082877236,149.965843586519,210.9977700209
74,"Andorra",2000,"Cardiovascular diseases","deaths",120.724700391884,187.441792972087,156.643302893795,220.526987728866
74,"Andorra",2001,"Cardiovascular diseases","deaths",116.742604711661,191.166287364243,161.03991952175,223.576254318716
74,"Andorra",2002,"Cardiovascular diseases","deaths",113.926936358982,197.138090647549,164.827831873225,231.015748757979
74,"Andorra",2003,"Cardiovascular diseases","deaths",109.312561642532,187.982395883868,156.465537901568,220.451584561456
74,"Andorra",2004,"Cardiovascular diseases","deaths",105.452027300366,177.904128636364,145.972327718816,210.32602683305
74,"Andorra",2005,"Cardiovascular diseases","deaths",102.194380560656,173.37858093221,141.44415357203,204.348240045567
74,"Andorra",2006,"Cardiovascular diseases","deaths",98.6193213374012,170.966780418133,138.077571455215,202.409790259279
74,"Andorra",2007,"Cardiovascular diseases","deaths",95.660303424013,174.456154466374,140.073270485927,207.352314898076
105,"Antigua and Barbuda",1999,"Cardiovascular diseases","deaths",266.93667468604,214.898461869917,199.196951575048,228.398403495209
105,"Antigua and Barbuda",2000,"Cardiovascular diseases","deaths",246.811730015635,195.826264368084,182.069326413207,207.991667089396
105,"Antigua and Barbuda",2001,"Cardiovascular diseases","deaths",242.480733597682,195.835936761704,180.987039446677,207.110922481382
105,"Antigua and Barbuda",2002,"Cardiovascular diseases","deaths",236.301890036205,194.34193305567,179.683728660839,205.446859036915
105,"Antigua and Barbuda",2003,"Cardiovascular diseases","deaths",235.329682862254,196.683734506048,180.825294557992,207.741587631137
105,"Antigua and Barbuda",2004,"Cardiovascular diseases","deaths",228.605160462467,188.495162213576,174.671214276666,199.714085206443
105,"Antigua and Barbuda",2005,"Cardiovascular diseases","deaths",227.278748153361,200.938116439291,186.050856491114,212.908981498921
105,"Antigua and Barbuda",2006,"Cardiovascular diseases","deaths",216.614180202211,189.12666070884,175.372412034896,200.815377723465
105,"Antigua and Barbuda",2007,"Cardiovascular diseases","deaths",210.112327453775,183.522482363794,170.742128144078,195.02456980801
71,"Australia",1999,"Cardiovascular diseases","deaths",196.661754287105,263.234043516744,239.108172652778,276.226108713298
71,"Australia",2000,"Cardiovascular diseases","deaths",185.319644163722,255.556019262292,230.232547392141,269.115790240717
71,"Australia",2001,"Cardiovascular diseases","deaths",177.659846418491,249.71064430793,224.797954493187,262.908429769092
71,"Australia",2002,"Cardiovascular diseases","deaths",171.304308506563,249.216958081674,223.318338210713,263.010694632399
71,"Australia",2003,"Cardiovascular diseases","deaths",162.266800994325,240.465072006355,213.51878050391,254.50655967087
71,"Australia",2004,"Cardiovascular diseases","deaths",153.997388978761,231.877175641566,204.871934940394,245.292841246335
71,"Australia",2005,"Cardiovascular diseases","deaths",145.256409700714,223.265613823777,197.473509352429,237.148554728597
71,"Australia",2006,"Cardiovascular diseases","deaths",139.696660927937,221.743329585776,195.300620794982,235.470328447222
71,"Australia",2007,"Cardiovascular diseases","deaths",137.375518534033,223.17066920881,196.153173675747,237.407844500919
75,"Austria",1999,"Cardiovascular diseases","deaths",280.187064518862,477.445343806034,434.071527265865,501.182848396183
75,"Austria",2000,"Cardiovascular diseases","deaths",262.532007575646,453.453198554284,411.770080852386,476.868577735425
75,"Austria",2001,"Cardiovascular diseases","deaths",248.189945929862,432.982301542958,389.29707065743,455.813591217546
75,"Austria",2002,"Cardiovascular diseases","deaths",238.374029546139,424.143664389183,380.442238394916,446.736846016893
75,"Austria",2003,"Cardiovascular diseases","deaths",225.147963983389,404.459641208168,362.495760010452,426.57742010252
75,"Austria",2004,"Cardiovascular diseases","deaths",211.065020046738,378.2729227422,337.75632619722,398.508692831548
75,"Austria",2005,"Cardiovascular diseases","deaths",203.352656021481,371.613167095363,332.287987518611,391.640095983286
75,"Austria",2006,"Cardiovascular diseases","deaths",198.121619974466,368.355178792195,331.170786937952,389.159014476415
75,"Austria",2007,"Cardiovascular diseases","deaths",193.237900487709,365.949010809001,326.359922403936,386.89396942992
106,"Bahamas",1999,"Cardiovascular diseases","deaths",290.632201996562,179.583377251979,171.382533681482,187.404419939243
106,"Bahamas",2000,"Cardiovascular diseases","deaths",289.837690120573,181.639429906226,173.040164158916,189.990942297341
106,"Bahamas",2001,"Cardiovascular diseases","deaths",289.758915253629,184.95993958565,176.333832585265,193.365532810459
106,"Bahamas",2002,"Cardiovascular diseases","deaths",292.449660419231,189.724406185407,181.01981588917,198.583986819768
106,"Bahamas",2003,"Cardiovascular diseases","deaths",279.367827599396,183.856325738701,174.87940362337,192.305323942217
106,"Bahamas",2004,"Cardiovascular diseases","deaths",287.080172681861,190.857159771928,181.495826610939,199.347797866661
106,"Bahamas",2005,"Cardiovascular diseases","deaths",284.434047841825,191.527661980908,182.985269778053,200.850756883752
106,"Bahamas",2006,"Cardiovascular diseases","deaths",272.203954289116,186.291598976965,177.518145206874,194.972134019423
106,"Bahamas",2007,"Cardiovascular diseases","deaths",265.502750233421,184.311112226377,176.265644157345,193.103441281666
140,"Bahrain",1999,"Cardiovascular diseases","deaths",503.467796012273,136.600130312966,123.817245021159,147.644340903307
140,"Bahrain",2000,"Cardiovascular diseases","deaths",497.590201166927,134.678370333421,123.08793692617,145.73045675501
140,"Bahrain",2001,"Cardiovascular diseases","deaths",483.458464468048,129.777231978695,118.522613291656,140.832745378592
140,"Bahrain",2002,"Cardiovascular diseases","deaths",475.398631057647,126.420807890812,115.634543233961,135.800148601211
140,"Bahrain",2003,"Cardiovascular diseases","deaths",468.142354345588,121.612724274952,111.338607148574,130.035248944089
140,"Bahrain",2004,"Cardiovascular diseases","deaths",452.467642456135,112.787574417976,104.037576306552,122.055916151597
140,"Bahrain",2005,"Cardiovascular diseases","deaths",431.693691898239,104.420818398006,94.6592963992829,114.472327994541
140,"Bahrain",2006,"Cardiovascular diseases","deaths",412.393612024542,97.6810835470892,87.876961184577,107.372820329272
140,"Bahrain",2007,"Cardiovascular diseases","deaths",388.010831683614,90.9188288860854,82.5911032619541,99.6146006923583
107,"Barbados",1999,"Cardiovascular diseases","deaths",217.224687972815,290.75421797259,270.16038232454,306.062591690931
107,"Barbados",2000,"Cardiovascular diseases","deaths",210.565923235788,285.453537217792,265.997566239179,298.822453944283
107,"Barbados",2001,"Cardiovascular diseases","deaths",207.349053646317,264.241276032182,247.324931914757,277.204074690191
107,"Barbados",2002,"Cardiovascular diseases","deaths",199.976271182883,267.008682870667,250.298995203293,281.267702941876
107,"Barbados",2003,"Cardiovascular diseases","deaths",197.987487837063,272.031191280762,256.300613441512,285.454050986124
107,"Barbados",2004,"Cardiovascular diseases","deaths",187.710943350408,252.876550634143,237.417787687322,266.348883498626
107,"Barbados",2005,"Cardiovascular diseases","deaths",181.158001091899,252.921410509267,236.403480151722,267.561201302444
107,"Barbados",2006,"Cardiovascular diseases","deaths",181.056175347824,250.447062376133,233.334977584865,265.157024415396
107,"Barbados",2007,"Cardiovascular diseases","deaths",180.20413842798,252.297463150026,235.038194380652,265.860061736619
76,"Belgium",1999,"Cardiovascular diseases","deaths",199.327846255864,353.176086101699,313.898474896374,373.93341084164
76,"Belgium",2000,"Cardiovascular diseases","deaths",191.539632563145,344.690727529988,306.611561476503,365.079758222972
76,"Belgium",2001,"Cardiovascular diseases","deaths",183.137394655529,334.293099979365,297.388121831093,354.523551623959
76,"Belgium",2002,"Cardiovascular diseases","deaths",181.125252342606,336.030857028248,299.744908361267,356.789566618597
76,"Belgium",2003,"Cardiovascular diseases","deaths",177.329253168693,333.115073324301,295.571528646125,354.424036084594
76,"Belgium",2004,"Cardiovascular diseases","deaths",168.450445602069,314.051691200695,278.288023063784,333.515673771967
76,"Belgium",2005,"Cardiovascular diseases","deaths",160.703308921124,306.806890431015,268.29351423756,327.094635974405
76,"Belgium",2006,"Cardiovascular diseases","deaths",152.111610562652,292.983344051842,256.277598883781,312.587959048592
76,"Belgium",2007,"Cardiovascular diseases","deaths",147.402571887201,289.244813421922,252.587076848376,308.35627924201
305,"Bermuda",1999,"Cardiovascular diseases","deaths",265.632285517732,300.697779388033,278.050192542645,313.915744402021
305,"Bermuda",2000,"Cardiovascular diseases","deaths",254.002331703169,294.48082185289,273.021038978247,308.825097671295
305,"Bermuda",2001,"Cardiovascular diseases","deaths",239.118610692598,272.577482837716,253.136860477351,285.804345017393
305,"Bermuda",2002,"Cardiovascular diseases","deaths",220.590416903435,251.772801664368,233.684699378386,264.737545114998
305,"Bermuda",2003,"Cardiovascular diseases","deaths",208.471319296522,259.042277637361,240.720843700241,272.971936558969
305,"Bermuda",2004,"Cardiovascular diseases","deaths",209.502068447904,255.485253190043,237.836345868751,269.408287041226
305,"Bermuda",2005,"Cardiovascular diseases","deaths",206.234820176955,259.089856869299,241.702575477035,273.274442011161
305,"Bermuda",2006,"Cardiovascular diseases","deaths",202.219569775041,256.108219856132,238.328347141983,270.468703439463
305,"Bermuda",2007,"Cardiovascular diseases","deaths",193.80853618206,260.286457150632,241.225249429434,274.926353020863
66,"Brunei Darussalam",1999,"Cardiovascular diseases","deaths",270.577812171918,95.4697234438664,87.4952826095331,102.453163697964
66,"Brunei Darussalam",2000,"Cardiovascular diseases","deaths",263.290601340732,94.7544938691221,87.3384551145639,102.061735625282
66,"Brunei Darussalam",2001,"Cardiovascular diseases","deaths",258.589985206428,93.4482252998385,86.1589583561217,100.086623081159
66,"Brunei Darussalam",2002,"Cardiovascular diseases","deaths",255.040865915021,92.81000489685,85.7917991755265,98.9973429777627
66,"Brunei Darussalam",2003,"Cardiovascular diseases","deaths",249.129625379004,91.7591811304577,84.4670895991002,98.4303202369194
66,"Brunei Darussalam",2004,"Cardiovascular diseases","deaths",240.315879127405,89.6450320398156,81.796608900909,96.3245038692097
66,"Brunei Darussalam",2005,"Cardiovascular diseases","deaths",235.222960557485,90.0682735196185,81.9329697559583,97.4223431410652
66,"Brunei Darussalam",2006,"Cardiovascular diseases","deaths",227.190406516926,88.5421384414287,79.9262447514773,95.5928278964814
66,"Brunei Darussalam",2007,"Cardiovascular diseases","deaths",215.486626158459,86.1900746451479,78.0988737653907,93.780635429212
45,"Bulgaria",1999,"Cardiovascular diseases","deaths",634.45865580548,913.2221855747,877.144215125167,934.756878711543
45,"Bulgaria",2000,"Cardiovascular diseases","deaths",625.908132829817,931.716336356775,897.542986182072,955.429331983723
45,"Bulgaria",2001,"Cardiovascular diseases","deaths",618.641298110612,927.133187135058,886.176990662979,948.187937863526
45,"Bulgaria",2002,"Cardiovascular diseases","deaths",611.14387132797,937.941779095932,898.472263257124,960.87720947004
45,"Bulgaria",2003,"Cardiovascular diseases","deaths",599.862739871627,932.777281566756,893.854350892917,956.856443474804
45,"Bulgaria",2004,"Cardiovascular diseases","deaths",584.930830662223,920.389295707769,884.194319371118,945.312955292053
45,"Bulgaria",2005,"Cardiovascular diseases","deaths",582.778603764604,939.746079516747,904.596036679902,960.874208203939
45,"Bulgaria",2006,"Cardiovascular diseases","deaths",573.311952232634,944.259770689966,906.615725865529,969.298794095385
45,"Bulgaria",2007,"Cardiovascular diseases","deaths",552.517971165809,934.22245856422,894.974596272908,959.455579710704
101,"Canada",1999,"Cardiovascular diseases","deaths",181.443708938463,252.203841057856,230.570321361133,263.699943847164
101,"Canada",2000,"Cardiovascular diseases","deaths",173.746180432577,246.006067731705,224.373051136874,257.041243569942
101,"Canada",2001,"Cardiovascular diseases","deaths",166.069929447747,240.785698101915,219.225120443483,252.631970345099
101,"Canada",2002,"Cardiovascular diseases","deaths",160.62647013732,238.662502477613,217.21762653266,250.721582735127
101,"Canada",2003,"Cardiovascular diseases","deaths",154.303222396021,234.339150149404,211.876836550142,246.575836029783
101,"Canada",2004,"Cardiovascular diseases","deaths",146.730089746479,227.25006435647,204.520554937472,239.329939659631
101,"Canada",2005,"Cardiovascular diseases","deaths",140.637405100206,222.993105777523,200.507504618211,234.673592924787
101,"Canada",2006,"Cardiovascular diseases","deaths",133.380562463542,215.327577716574,193.88047887791,227.028109056752
101,"Canada",2007,"Cardiovascular diseases","deaths",129.836891591703,215.038318975258,192.795494981907,226.867856761824
98,"Chile",1999,"Cardiovascular diseases","deaths",177.343688853782,149.12248765571,139.946222012526,154.772193686951
98,"Chile",2000,"Cardiovascular diseases","deaths",172.853519853008,143.111275846181,134.161573096241,148.511640915299
98,"Chile",2001,"Cardiovascular diseases","deaths",171.223821889278,145.259995586302,136.411788995156,150.824848987744
98,"Chile",2002,"Cardiovascular diseases","deaths",167.116309235038,143.640248022841,134.215430294744,148.845563132367
98,"Chile",2003,"Cardiovascular diseases","deaths",164.974621625828,147.315901690906,137.324913027336,152.616985422276
98,"Chile",2004,"Cardiovascular diseases","deaths",160.386123364277,148.541722146685,138.893337202063,154.155225393308
98,"Chile",2005,"Cardiovascular diseases","deaths",155.572413558617,146.591433238196,136.917023641417,152.395918799785
98,"Chile",2006,"Cardiovascular diseases","deaths",150.629607221576,143.420462980597,133.759521193423,148.901050874684
98,"Chile",2007,"Cardiovascular diseases","deaths",147.946662576934,147.860024436777,137.165036705174,153.934082829635
46,"Croatia",1999,"Cardiovascular diseases","deaths",422.392296457764,548.84722542478,523.468438102783,565.072518276685
46,"Croatia",2000,"Cardiovascular diseases","deaths",411.001371327465,549.217068118602,522.344904258389,567.673090798717
46,"Croatia",2001,"Cardiovascular diseases","deaths",401.653393230606,548.757215355432,522.202958000643,567.877793565866
46,"Croatia",2002,"Cardiovascular diseases","deaths",394.429234623804,553.76545398887,526.516582805368,573.398912894966
46,"Croatia",2003,"Cardiovascular diseases","deaths",389.642721416219,560.363590512553,533.112862988249,576.854618988489
46,"Croatia",2004,"Cardiovascular diseases","deaths",367.985210689438,536.371674200798,508.997239633182,552.601167726822
46,"Croatia",2005,"Cardiovascular diseases","deaths",360.654526548551,544.826509634016,517.204051375199,562.273071576613
46,"Croatia",2006,"Cardiovascular diseases","deaths",354.054132475026,545.767487043928,518.193258319363,563.362654365043
46,"Croatia",2007,"Cardiovascular diseases","deaths",348.648750690072,555.629397688088,521.422195178064,575.572357611348
77,"Cyprus",1999,"Cardiovascular diseases","deaths",320.483883441671,334.895880412926,284.857118041305,383.04243399634
77,"Cyprus",2000,"Cardiovascular diseases","deaths",309.938655173249,349.139639730295,304.329254754377,387.926150628221
77,"Cyprus",2001,"Cardiovascular diseases","deaths",297.960835986844,308.466764287823,272.637418218468,347.031616974266
77,"Cyprus",2002,"Cardiovascular diseases","deaths",287.534099626257,322.838308741358,284.532255076355,363.753540866
77,"Cyprus",2003,"Cardiovascular diseases","deaths",277.397946400113,308.907967639959,269.998220200835,341.612333645201
77,"Cyprus",2004,"Cardiovascular diseases","deaths",269.230437932741,300.925514964008,268.052107530958,333.239718812946
77,"Cyprus",2005,"Cardiovascular diseases","deaths",259.271172218552,300.46591067271,265.691847611088,330.530218511549
77,"Cyprus",2006,"Cardiovascular diseases","deaths",249.653074367871,286.096918842393,253.450065050675,315.845721032786
77,"Cyprus",2007,"Cardiovascular diseases","deaths",243.532440604388,286.845410922766,254.827085820174,316.769933320601
47,"Czechia",1999,"Cardiovascular diseases","deaths",416.495778235558,557.245429776162,529.751907287246,574.171112701478
47,"Czechia",2000,"Cardiovascular diseases","deaths",397.041490521407,539.731061041848,512.195563958335,558.392740780748
47,"Czechia",2001,"Cardiovascular diseases","deaths",387.857999845796,533.747882154288,506.568062575025,550.67875948497
47,"Czechia",2002,"Cardiovascular diseases","deaths",382.028944291176,532.114246702008,505.225757479372,548.567318025169
47,"Czechia",2003,"Cardiovascular diseases","deaths",373.778939107496,530.83391487976,505.152549119121,548.145232754766
47,"Czechia",2004,"Cardiovascular diseases","deaths",358.218391855296,515.006775570305,488.521771987527,531.139372160864
47,"Czechia",2005,"Cardiovascular diseases","deaths",341.238222837253,506.773517133725,477.443309936491,522.643891822023
47,"Czechia",2006,"Cardiovascular diseases","deaths",322.97030383409,487.647048984264,458.242374798192,503.586990941462
47,"Czechia",2007,"Cardiovascular diseases","deaths",312.490233379638,480.957472431956,449.717358366266,497.205036687521
78,"Denmark",1999,"Cardiovascular diseases","deaths",231.57766384061,396.248810148142,362.19508537656,416.825357370104
78,"Denmark",2000,"Cardiovascular diseases","deaths",219.567365810012,382.929953370438,349.551752667279,402.586698702126
78,"Denmark",2001,"Cardiovascular diseases","deaths",216.442194382254,383.103949006283,346.851111442862,403.022952945346
78,"Denmark",2002,"Cardiovascular diseases","deaths",210.276622256498,376.954033310102,338.888779847132,398.424578989092
78,"Denmark",2003,"Cardiovascular diseases","deaths",201.767017131493,362.326234083586,328.719696780669,383.886361015524
78,"Denmark",2004,"Cardiovascular diseases","deaths",189.435197425253,340.316183900648,304.989499620095,360.254415277916
78,"Denmark",2005,"Cardiovascular diseases","deaths",178.591696881243,324.066665920073,290.738687224108,342.9347805221
78,"Denmark",2006,"Cardiovascular diseases","deaths",171.242806089567,313.604989546945,282.344471308553,332.738685813951
78,"Denmark",2007,"Cardiovascular diseases","deaths",164.611395600939,304.322750160069,273.236465453509,323.012918395374
58,"Estonia",1999,"Cardiovascular diseases","deaths",511.791448037616,731.680807424858,694.205909454356,754.977168058849
58,"Estonia",2000,"Cardiovascular diseases","deaths",498.425490016807,721.794928957261,682.526437796377,746.839787709837
58,"Estonia",2001,"Cardiovascular diseases","deaths",486.240556097277,715.481413357865,675.164916869254,738.620237445733
58,"Estonia",2002,"Cardiovascular diseases","deaths",481.33066361612,720.858701877716,681.602244393409,743.911209675955
58,"Estonia",2003,"Cardiovascular diseases","deaths",471.613576220239,721.409576541296,683.429954227195,746.491440334172
58,"Estonia",2004,"Cardiovascular diseases","deaths",453.402785978166,704.792054440671,666.221239349215,728.694928400413
58,"Estonia",2005,"Cardiovascular diseases","deaths",439.902660037067,699.425024726349,656.794366576214,726.192784616431
58,"Estonia",2006,"Cardiovascular diseases","deaths",424.844785644971,687.405096041906,646.310057333005,712.134924401796
58,"Estonia",2007,"Cardiovascular diseases","deaths",408.471767964482,675.764160843417,636.677168011598,699.51375468173
79,"Finland",1999,"Cardiovascular diseases","deaths",266.51683233025,427.470772680093,387.446875861701,447.971980075041
79,"Finland",2000,"Cardiovascular diseases","deaths",257.613258565793,422.530616435734,381.779038741323,444.230617762359
79,"Finland",2001,"Cardiovascular diseases","deaths",249.096980103488,416.1869145136,377.485516066123,437.769130413215
79,"Finland",2002,"Cardiovascular diseases","deaths",245.709014870991,421.102317638112,379.511270231517,443.897175567648
79,"Finland",2003,"Cardiovascular diseases","deaths",237.299930436446,413.518764386455,371.636603872565,436.636857301858
79,"Finland",2004,"Cardiovascular diseases","deaths",225.946954984769,396.005114339882,356.039151891358,417.909278325837
79,"Finland",2005,"Cardiovascular diseases","deaths",219.401528452064,393.424835529975,352.90209482993,415.252807926647
79,"Finland",2006,"Cardiovascular diseases","deaths",215.527336212979,397.483405131241,353.829941543669,421.607558318915
79,"Finland",2007,"Cardiovascular diseases","deaths",211.592076093269,401.419338552242,353.493046110251,426.99446292319
80,"France",1999,"Cardiovascular diseases","deaths",148.420570262512,270.88705635111,242.18214852117,286.517218306748
80,"France",2000,"Cardiovascular diseases","deaths",144.553707879517,265.596141092264,236.810372073618,281.799235811464
80,"France",2001,"Cardiovascular diseases","deaths",141.298561444725,261.865947422004,231.290739547653,277.928086086586
80,"France",2002,"Cardiovascular diseases","deaths",138.000982147837,259.25652862089,230.6765845385,274.896213538588
80,"France",2003,"Cardiovascular diseases","deaths",135.65098156098,262.083222859661,233.175331503695,278.24736601841
80,"France",2004,"Cardiovascular diseases","deaths",123.358007434387,236.311091011906,210.502331817692,251.438940595955
80,"France",2005,"Cardiovascular diseases","deaths",120.99926148401,240.408594097348,212.67069839029,256.182338566684
80,"France",2006,"Cardiovascular diseases","deaths",115.901818774577,230.302589311114,203.117398740326,245.223027331165
80,"France",2007,"Cardiovascular diseases","deaths",113.114465544204,229.392460857804,202.849313665339,244.155026254139
81,"Germany",1999,"Cardiovascular diseases","deaths",250.111485845018,453.047029679143,402.912760572513,477.425969938108
81,"Germany",2000,"Cardiovascular diseases","deaths",234.684610905201,437.985297850699,387.253290831402,462.356184287172
81,"Germany",2001,"Cardiovascular diseases","deaths",225.920737096424,428.348013379628,375.404553357246,453.184700998462
81,"Germany",2002,"Cardiovascular diseases","deaths",222.360366307812,431.003844958823,378.295592057306,456.997420794686
81,"Germany",2003,"Cardiovascular diseases","deaths",219.213410664037,433.034185534792,378.857145096295,459.621705043048
81,"Germany",2004,"Cardiovascular diseases","deaths",207.591734516722,405.894359776388,355.607051356049,430.00194282671
81,"Germany",2005,"Cardiovascular diseases","deaths",200.337695055416,405.656907128063,353.237429626484,430.901147792597
81,"Germany",2006,"Cardiovascular diseases","deaths",193.12353834453,397.193678443933,345.805775742239,421.859412119346
81,"Germany",2007,"Cardiovascular diseases","deaths",187.30831690384,395.366116322689,343.884590850833,421.520610565022
82,"Greece",1999,"Cardiovascular diseases","deaths",291.647012271065,441.477510780292,404.65569238302,460.608436858271
82,"Greece",2000,"Cardiovascular diseases","deaths",281.558885532016,439.862604156118,401.38507225701,458.74953898186
82,"Greece",2001,"Cardiovascular diseases","deaths",269.178219519456,427.449263183293,390.549358613007,447.314570657993
82,"Greece",2002,"Cardiovascular diseases","deaths",263.899320887106,430.469933494367,395.007636792786,450.689864447517
82,"Greece",2003,"Cardiovascular diseases","deaths",259.837017428395,436.596811949151,397.98226576959,456.35382037852
82,"Greece",2004,"Cardiovascular diseases","deaths",248.355355033846,425.743493992583,387.370640099586,445.959775535977
82,"Greece",2005,"Cardiovascular diseases","deaths",235.842493257884,415.144202337052,377.771913443211,435.852026239149
82,"Greece",2006,"Cardiovascular diseases","deaths",228.440462118194,413.785472668539,374.217846842279,433.870672368056
82,"Greece",2007,"Cardiovascular diseases","deaths",228.966413997783,425.922561649994,386.298232275343,448.222053133487
349,"Greenland",1999,"Cardiovascular diseases","deaths",518.234373762826,232.740428813864,213.565233565964,253.826093802589
349,"Greenland",2000,"Cardiovascular diseases","deaths",505.651119908964,233.890786818384,212.306854989159,255.227012092066
349,"Greenland",2001,"Cardiovascular diseases","deaths",492.498513106697,234.141451445292,213.476840749896,258.018273988661
349,"Greenland",2002,"Cardiovascular diseases","deaths",478.102759998439,232.930750151319,212.40985218278,258.21788455231
349,"Greenland",2003,"Cardiovascular diseases","deaths",472.735932781316,231.687084270731,213.501079967778,256.91786703669
349,"Greenland",2004,"Cardiovascular diseases","deaths",455.563907299797,229.803424768302,209.844900911456,254.04719901367
349,"Greenland",2005,"Cardiovascular diseases","deaths",440.947973146778,227.386870805286,204.915594978875,253.34477024549
349,"Greenland",2006,"Cardiovascular diseases","deaths",423.835547118101,224.636133905816,201.806257527123,251.937350805424
349,"Greenland",2007,"Cardiovascular diseases","deaths",407.533633869564,224.942169463128,203.249025247491,251.556390732126
351,"Guam",1999,"Cardiovascular diseases","deaths",307.027699119236,174.829798461917,165.849523611977,183.195478275373
351,"Guam",2000,"Cardiovascular diseases","deaths",291.42779776188,170.47002348993,162.541058558435,178.908837134717
351,"Guam",2001,"Cardiovascular diseases","deaths",293.130766248477,175.850418899639,167.967178518337,184.506680467671
351,"Guam",2002,"Cardiovascular diseases","deaths",280.830763997616,174.060687749428,165.397774771025,182.396462504401
351,"Guam",2003,"Cardiovascular diseases","deaths",267.860235226384,170.29421275817,160.867105474724,178.583790324248
351,"Guam",2004,"Cardiovascular diseases","deaths",258.506506771215,169.432525734154,160.295393692867,177.552543442984
351,"Guam",2005,"Cardiovascular diseases","deaths",256.973932392581,173.711454755097,164.511502605618,181.522162955619
351,"Guam",2006,"Cardiovascular diseases","deaths",253.409185704193,173.450575836828,164.21829430304,181.852949328029
351,"Guam",2007,"Cardiovascular diseases","deaths",247.270993897114,180.760917066701,170.664687414826,188.635615557269
113,"Guyana",1999,"Cardiovascular diseases","deaths",421.05327000716,201.633365807607,189.836012075647,212.462547670904
113,"Guyana",2000,"Cardiovascular diseases","deaths",384.032828786805,186.082941978345,174.034611099601,197.218562804939
113,"Guyana",2001,"Cardiovascular diseases","deaths",407.237073048654,201.528231482687,189.224472544106,213.689570376555
113,"Guyana",2002,"Cardiovascular diseases","deaths",413.759759369334,209.497838293562,196.298440401249,220.836142075104
113,"Guyana",2003,"Cardiovascular diseases","deaths",420.967162803245,218.352110152345,204.875973898424,229.400810625435
113,"Guyana",2004,"Cardiovascular diseases","deaths",418.686898474862,222.645955667848,209.656435432789,234.842526888727
113,"Guyana",2005,"Cardiovascular diseases","deaths",413.92706460029,224.178778628567,211.599246237263,237.066064684858
113,"Guyana",2006,"Cardiovascular diseases","deaths",406.237913224565,225.539672390595,212.412876009992,238.017441875059
113,"Guyana",2007,"Cardiovascular diseases","deaths",406.463247123115,231.654480180781,219.859358453828,245.424327418599
354,"Hong Kong Special Administrative Region of China",1999,"Cardiovascular diseases","deaths",125.012608120074,134.106153582557,117.502087592915,154.782956254506
354,"Hong Kong Special Administrative Region of China",2000,"Cardiovascular diseases","deaths",120.196473766628,133.3020812516,115.807020792428,154.025648846621
354,"Hong Kong Special Administrative Region of China",2001,"Cardiovascular diseases","deaths",114.45352237038,130.302813546256,113.129069119959,149.678477336761
354,"Hong Kong Special Administrative Region of China",2002,"Cardiovascular diseases","deaths",112.045690765766,132.243234311833,115.48009686556,151.377035823833
354,"Hong Kong Special Administrative Region of China",2003,"Cardiovascular diseases","deaths",111.070565044954,137.69401187716,118.954008705444,156.947156323756
354,"Hong Kong Special Administrative Region of China",2004,"Cardiovascular diseases","deaths",109.297969835326,141.334910698496,121.165800472538,161.017365676202
354,"Hong Kong Special Administrative Region of China",2005,"Cardiovascular diseases","deaths",106.068422036693,143.122141182657,123.616200076416,164.03492804145
354,"Hong Kong Special Administrative Region of China",2006,"Cardiovascular diseases","deaths",102.026173936581,141.786408205425,122.155946027382,161.830862435231
354,"Hong Kong Special Administrative Region of China",2007,"Cardiovascular diseases","deaths",99.9441171895334,145.702618969355,124.376931173073,166.468151427287
48,"Hungary",1999,"Cardiovascular diseases","deaths",463.771325267504,679.136819718139,649.969639749471,698.132540164466
48,"Hungary",2000,"Cardiovascular diseases","deaths",440.394382031987,653.741758237643,622.826133954797,671.269478364632
48,"Hungary",2001,"Cardiovascular diseases","deaths",422.008815415645,636.374841568911,602.778153222033,652.376454117091
48,"Hungary",2002,"Cardiovascular diseases","deaths",417.430433096123,640.802460407009,608.903601446152,657.635224605723
48,"Hungary",2003,"Cardiovascular diseases","deaths",414.807203551743,649.194534262213,617.768802828014,666.43922536279
48,"Hungary",2004,"Cardiovascular diseases","deaths",408.043898980237,645.353598159367,614.11591167189,662.417269203983
48,"Hungary",2005,"Cardiovascular diseases","deaths",409.955016492475,659.528712666145,625.153093399579,676.497103866852
48,"Hungary",2006,"Cardiovascular diseases","deaths",393.582213269213,641.083808799404,606.878708734644,659.316623565879
48,"Hungary",2007,"Cardiovascular diseases","deaths",381.610989723346,635.955366360513,602.388139450768,654.21691701288
83,"Iceland",1999,"Cardiovascular diseases","deaths",213.766286490573,274.721102118053,247.088228281646,291.153152531097
83,"Iceland",2000,"Cardiovascular diseases","deaths",202.129212203143,259.803948840693,233.118837038992,276.040541455579
83,"Iceland",2001,"Cardiovascular diseases","deaths",196.898835663692,248.198164685755,224.065391059179,264.774643108491
83,"Iceland",2002,"Cardiovascular diseases","deaths",191.346753341371,247.275393576163,220.612305207669,263.931044772367
83,"Iceland",2003,"Cardiovascular diseases","deaths",186.053220739834,252.15431175921,226.08284371184,269.888251210527
83,"Iceland",2004,"Cardiovascular diseases","deaths",179.174491369675,245.028177341211,217.597770818234,260.646994770012
83,"Iceland",2005,"Cardiovascular diseases","deaths",169.012945286693,232.714008906382,209.124603301391,247.584623078599
83,"Iceland",2006,"Cardiovascular diseases","deaths",169.024731344936,237.167386507472,211.326186095375,253.80735690986
83,"Iceland",2007,"Cardiovascular diseases","deaths",164.091700467353,227.881019505226,202.485110721148,243.982190528468
84,"Ireland",1999,"Cardiovascular diseases","deaths",274.410875999556,330.745595164925,310.339271339433,343.793407183194
84,"Ireland",2000,"Cardiovascular diseases","deaths",259.345158398491,311.596555457281,290.230054951159,324.311023579224
84,"Ireland",2001,"Cardiovascular diseases","deaths",242.33971304149,289.983206831766,268.049568083569,301.906825636231
84,"Ireland",2002,"Cardiovascular diseases","deaths",230.114897876513,275.963414889123,252.381134234121,288.067057326258
84,"Ireland",2003,"Cardiovascular diseases","deaths",215.399243159415,258.530259222512,237.824780031843,269.852823746955
84,"Ireland",2004,"Cardiovascular diseases","deaths",203.270737089224,244.516674046631,223.914044311497,256.260275925913
84,"Ireland",2005,"Cardiovascular diseases","deaths",191.658423501043,231.14280096412,211.320259083503,241.77572178739
84,"Ireland",2006,"Cardiovascular diseases","deaths",181.984225196563,222.515701268455,203.368013316647,233.636380303825
84,"Ireland",2007,"Cardiovascular diseases","deaths",177.976317257227,216.842258219808,197.551237636985,228.36375143267
85,"Israel",1999,"Cardiovascular diseases","deaths",174.706293696544,191.817306253763,174.376403095426,201.363085792297
85,"Israel",2000,"Cardiovascular diseases","deaths",165.588087887055,181.845965392447,164.504340830907,191.0163397509
85,"Israel",2001,"Cardiovascular diseases","deaths",158.4316226718,172.712554386733,156.179716732561,181.820826761323
85,"Israel",2002,"Cardiovascular diseases","deaths",151.593744631335,168.868263409606,150.812052650001,177.733643416356
85,"Israel",2003,"Cardiovascular diseases","deaths",144.99026594819,162.786528618327,145.584086088983,172.006791160558
85,"Israel",2004,"Cardiovascular diseases","deaths",138.938180326546,155.526785716308,140.351839724637,164.655850113529
85,"Israel",2005,"Cardiovascular diseases","deaths",132.685168909103,154.049972310823,137.446855557798,163.504340710707
85,"Israel",2006,"Cardiovascular diseases","deaths",127.724154646119,148.232675492951,131.92977787843,158.115325750956
85,"Israel",2007,"Cardiovascular diseases","deaths",123.142480394886,147.811043881268,132.204542178045,157.402898267687
86,"Italy",1999,"Cardiovascular diseases","deaths",200.361861588686,392.712047861296,340.814227067978,421.977636865203
86,"Italy",2000,"Cardiovascular diseases","deaths",189.578098057267,379.698187181677,327.245182065447,408.540744962229
86,"Italy",2001,"Cardiovascular diseases","deaths",180.456333618149,370.864517449992,317.966764519674,398.961109437293
86,"Italy",2002,"Cardiovascular diseases","deaths",178.740169020191,374.542057240549,320.95372188108,402.601877298917
86,"Italy",2003,"Cardiovascular diseases","deaths",183.578046590158,393.037544763795,336.645819344839,422.755559803737
86,"Italy",2004,"Cardiovascular diseases","deaths",168.059131723168,353.415471762797,302.055639655746,381.59637532653
86,"Italy",2005,"Cardiovascular diseases","deaths",166.395416277925,364.431614036778,310.492564083443,393.986510279676
86,"Italy",2006,"Cardiovascular diseases","deaths",157.863271035048,351.784722229024,298.054741437362,380.824444912809
86,"Italy",2007,"Cardiovascular diseases","deaths",154.74350393573,355.902926174261,300.026134517883,386.765760656893
67,"Japan",1999,"Cardiovascular diseases","deaths",130.410482089815,228.297713370932,197.980099819943,244.969750609918
67,"Japan",2000,"Cardiovascular diseases","deaths",121.301840458145,218.442883401846,187.925566678181,235.193579707636
67,"Japan",2001,"Cardiovascular diseases","deaths",116.548522755192,218.272086814521,186.480998597129,235.324098439575
67,"Japan",2002,"Cardiovascular diseases","deaths",112.998652790701,219.842684760982,186.575998370003,237.156469381114
67,"Japan",2003,"Cardiovascular diseases","deaths",110.869182314162,225.270141843841,190.399408591419,243.436749203955
67,"Japan",2004,"Cardiovascular diseases","deaths",106.923717573325,225.150845643629,189.730878662582,244.165864857069
67,"Japan",2005,"Cardiovascular diseases","deaths",106.2707637124,235.774438257244,198.082573856422,256.252124251377
67,"Japan",2006,"Cardiovascular diseases","deaths",101.696392314584,233.502356128524,195.433638147454,254.185427471404
67,"Japan",2007,"Cardiovascular diseases","deaths",98.7045207693141,236.049014357693,197.555148005771,257.667083096283
145,"Kuwait",1999,"Cardiovascular diseases","deaths",380.483055589314,82.4653289509352,78.4349610341573,86.0864657407483
145,"Kuwait",2000,"Cardiovascular diseases","deaths",368.097265044521,80.4743749162385,76.2075842290806,84.1270759543715
145,"Kuwait",2001,"Cardiovascular diseases","deaths",368.76784186218,82.6195912025002,78.4350631295627,86.3778687371275
145,"Kuwait",2002,"Cardiovascular diseases","deaths",371.392236961829,84.4538651228401,80.0664918654556,88.188479097984
145,"Kuwait",2003,"Cardiovascular diseases","deaths",367.224367800178,85.3364531244795,80.9951079247205,89.154668377829
145,"Kuwait",2004,"Cardiovascular diseases","deaths",354.805233890792,83.2839514479207,79.1940789272423,86.7055125621388
145,"Kuwait",2005,"Cardiovascular diseases","deaths",348.739978071583,82.717565771735,78.6320164258156,85.9025046616667
145,"Kuwait",2006,"Cardiovascular diseases","deaths",344.928813206725,84.5201457208285,80.5688673314163,87.8183284293355
145,"Kuwait",2007,"Cardiovascular diseases","deaths",334.981725741873,83.1097292919991,79.3250654744075,86.2585835518221
59,"Latvia",1999,"Cardiovascular diseases","deaths",535.053094202071,750.943589190229,716.0944657872,774.280230359636
59,"Latvia",2000,"Cardiovascular diseases","deaths",531.876568230017,756.965676438271,726.013854047059,781.026655596437
59,"Latvia",2001,"Cardiovascular diseases","deaths",532.600044164883,769.17948389142,733.129758572657,792.886006597121
59,"Latvia",2002,"Cardiovascular diseases","deaths",532.615927746214,781.14425184077,748.067698890817,804.650642642547
59,"Latvia",2003,"Cardiovascular diseases","deaths",529.501071475212,795.511759541556,760.174899957567,821.156820032633
59,"Latvia",2004,"Cardiovascular diseases","deaths",529.595998787084,812.185787348566,774.682087131282,837.012627320482
59,"Latvia",2005,"Cardiovascular diseases","deaths",530.669609565464,830.401830390814,790.712669552495,856.957470560467
59,"Latvia",2006,"Cardiovascular diseases","deaths",525.466865271944,839.006671205268,800.250937911822,864.948120848466
59,"Latvia",2007,"Cardiovascular diseases","deaths",512.761295919659,842.580538948095,803.375641491888,868.415415844816
60,"Lithuania",1999,"Cardiovascular diseases","deaths",473.492894255899,588.400754447304,557.182470152784,609.035310543942
60,"Lithuania",2000,"Cardiovascular diseases","deaths",461.145568365802,585.161267485094,551.547430371901,602.751406259585
60,"Lithuania",2001,"Cardiovascular diseases","deaths",462.756296021747,602.338215114213,570.569125792192,620.234662115487
60,"Lithuania",2002,"Cardiovascular diseases","deaths",463.481368807905,623.575502599301,592.347297030479,643.501762591845
60,"Lithuania",2003,"Cardiovascular diseases","deaths",461.556289824755,639.286360272476,605.264004085235,660.104942788889
60,"Lithuania",2004,"Cardiovascular diseases","deaths",465.271858991201,663.563963743859,626.962199080242,684.518305799344
60,"Lithuania",2005,"Cardiovascular diseases","deaths",474.469391482564,702.707633310727,661.948207178657,727.168154037478
60,"Lithuania",2006,"Cardiovascular diseases","deaths",479.202937602737,729.156633572043,688.598638909235,753.587674351933
60,"Lithuania",2007,"Cardiovascular diseases","deaths",469.01246440916,733.165335258742,689.1644710309,757.553112366418
87,"Luxembourg",1999,"Cardiovascular diseases","deaths",233.698234467583,337.510984189562,315.296211015187,356.049072234623
87,"Luxembourg",2000,"Cardiovascular diseases","deaths",222.723531334858,322.536461751539,301.685194542865,339.645161439942
87,"Luxembourg",2001,"Cardiovascular diseases","deaths",217.446041577093,317.939953078356,295.590419522513,333.410145664677
87,"Luxembourg",2002,"Cardiovascular diseases","deaths",213.904512239125,313.47953366986,291.593041497403,327.376611826884
87,"Luxembourg",2003,"Cardiovascular diseases","deaths",208.421065678712,316.713355311662,293.320332897851,331.87862635682
87,"Luxembourg",2004,"Cardiovascular diseases","deaths",199.780642609207,296.581207613767,275.861645762928,311.332058829265
87,"Luxembourg",2005,"Cardiovascular diseases","deaths",192.140387472944,289.736956804402,269.267127115878,304.599693493304
87,"Luxembourg",2006,"Cardiovascular diseases","deaths",186.899783910344,287.207974020157,265.844880501744,301.871956409622
87,"Luxembourg",2007,"Cardiovascular diseases","deaths",176.177548155213,271.945790721394,252.370897933415,286.623649334997
361,"Macao Special Administrative Region of China",1999,"Cardiovascular diseases","deaths",177.6176237131,140.903398280792,119.242527169457,162.756591983544
361,"Macao Special Administrative Region of China",2000,"Cardiovascular diseases","deaths",171.434734954,139.574426187265,115.772439811122,163.627895266962
361,"Macao Special Administrative Region of China",2001,"Cardiovascular diseases","deaths",168.332795184095,140.344747817921,115.844887928659,164.824323564881
361,"Macao Special Administrative Region of China",2002,"Cardiovascular diseases","deaths",165.140254780483,140.311802456952,116.3491173583,165.195968017166
361,"Macao Special Administrative Region of China",2003,"Cardiovascular diseases","deaths",162.605258884226,140.32083485401,115.367915398415,166.471360558801
361,"Macao Special Administrative Region of China",2004,"Cardiovascular diseases","deaths",157.472079129341,137.796180281865,112.326633019162,163.552228250428
361,"Macao Special Administrative Region of China",2005,"Cardiovascular diseases","deaths",151.404085440012,134.384517831061,110.023522543418,160.520285289541
361,"Macao Special Administrative Region of China",2006,"Cardiovascular diseases","deaths",143.5443700983,129.451535176928,104.297961183314,156.373655702288
361,"Macao Special Administrative Region of China",2007,"Cardiovascular diseases","deaths",135.525594998703,124.514070484738,98.3524098327571,154.936994635663
88,"Malta",1999,"Cardiovascular diseases","deaths",272.013786440991,334.1490924784,307.607693421496,350.336153467865
88,"Malta",2000,"Cardiovascular diseases","deaths",260.311507035608,326.649282382906,300.596517866583,344.562126431748
88,"Malta",2001,"Cardiovascular diseases","deaths",244.810170080861,315.204983930358,289.190371801379,332.225012293623
88,"Malta",2002,"Cardiovascular diseases","deaths",238.076637146033,311.46620932845,284.350129646422,330.177914126707
88,"Malta",2003,"Cardiovascular diseases","deaths",231.342513790023,314.010205158851,284.77610373551,332.327000474605
88,"Malta",2004,"Cardiovascular diseases","deaths",221.867606257598,306.403642643844,275.968643571164,323.453837618366
88,"Malta",2005,"Cardiovascular diseases","deaths",221.157180772385,319.433103443807,291.249285219049,339.01102497485
88,"Malta",2006,"Cardiovascular diseases","deaths",213.2890369202,317.52877224481,288.895955884814,336.77287305789
88,"Malta",2007,"Cardiovascular diseases","deaths",202.562331902255,304.097122121787,277.276432745272,322.370962377865
367,"Monaco",1999,"Cardiovascular diseases","deaths",264.507567454793,715.82548848742,578.734049825051,886.766159852868
367,"Monaco",2000,"Cardiovascular diseases","deaths",259.15698040384,703.370249241666,551.494504305535,876.441104830461
367,"Monaco",2001,"Cardiovascular diseases","deaths",252.414355808945,687.329628176022,531.368374983093,871.55011043924
367,"Monaco",2002,"Cardiovascular diseases","deaths",246.522367902186,675.095718913861,516.429713570253,867.854794829366
367,"Monaco",2003,"Cardiovascular diseases","deaths",241.394289073471,664.434047520946,497.625831000186,862.200595412352
367,"Monaco",2004,"Cardiovascular diseases","deaths",235.434299361947,650.076633374997,490.913234306648,842.173552583684
367,"Monaco",2005,"Cardiovascular diseases","deaths",229.632366024924,671.933464214345,514.526330490968,884.3553678661
367,"Monaco",2006,"Cardiovascular diseases","deaths",219.840534118105,617.577926745549,473.283266629785,805.952089114456
367,"Monaco",2007,"Cardiovascular diseases","deaths",208.321321713002,569.769526297561,450.691867552691,722.8632389144
369,"Nauru",1999,"Cardiovascular diseases","deaths",918.017724301913,267.084668659946,202.078366212365,326.384855859068
369,"Nauru",2000,"Cardiovascular diseases","deaths",927.56215768443,271.194838586249,209.466267895829,333.047499832883
369,"Nauru",2001,"Cardiovascular diseases","deaths",937.617424334972,275.274355241173,209.492227588929,337.3631031344
369,"Nauru",2002,"Cardiovascular diseases","deaths",946.062984178785,278.032330004518,212.748004109188,339.157335132998
369,"Nauru",2003,"Cardiovascular diseases","deaths",955.649367017567,281.13010168637,215.873423010331,342.871046327975
369,"Nauru",2004,"Cardiovascular diseases","deaths",962.216056920965,283.697440987386,219.810805864343,347.735043048089
369,"Nauru",2005,"Cardiovascular diseases","deaths",961.732512483456,284.539011488062,220.104164021825,349.440180997631
369,"Nauru",2006,"Cardiovascular diseases","deaths",957.779888597874,284.554826524408,218.969770723244,348.662339277365
369,"Nauru",2007,"Cardiovascular diseases","deaths",954.649596908829,285.891617728974,221.402203101671,348.576690415465
89,"Netherlands",1999,"Cardiovascular diseases","deaths",205.447099323024,306.637571514742,279.132141851037,321.840188718675
89,"Netherlands",2000,"Cardiovascular diseases","deaths",197.86906438573,296.847706103796,269.802220486875,312.329021123905
89,"Netherlands",2001,"Cardiovascular diseases","deaths",191.095328215445,290.236676615436,263.353998507574,305.462338221048
89,"Netherlands",2002,"Cardiovascular diseases","deaths",186.818429002705,287.990565346273,260.674879487416,304.188953245543
89,"Netherlands",2003,"Cardiovascular diseases","deaths",178.582801717733,278.645219547431,251.720499539039,294.186059123844
89,"Netherlands",2004,"Cardiovascular diseases","deaths",167.040950061264,261.515480830286,235.125298547339,276.71198083767
89,"Netherlands",2005,"Cardiovascular diseases","deaths",157.907183003045,251.849084963077,225.660168949712,266.466091872282
89,"Netherlands",2006,"Cardiovascular diseases","deaths",149.004737634574,242.839528827834,216.157691515137,258.369662235248
89,"Netherlands",2007,"Cardiovascular diseases","deaths",141.318296164515,233.567128699038,206.616222502513,248.460651855251
72,"New Zealand",1999,"Cardiovascular diseases","deaths",224.382794733101,286.400067126508,260.24586983863,301.429355753445
72,"New Zealand",2000,"Cardiovascular diseases","deaths",217.093260415307,278.659702587436,250.72297099315,292.909894325955
72,"New Zealand",2001,"Cardiovascular diseases","deaths",212.480216308124,284.650890635629,256.280868862918,299.669919477086
72,"New Zealand",2002,"Cardiovascular diseases","deaths",206.206707438934,283.53427648917,254.783690416695,298.968218095562
72,"New Zealand",2003,"Cardiovascular diseases","deaths",198.595620834235,272.612670507947,244.687569046218,288.279931362231
72,"New Zealand",2004,"Cardiovascular diseases","deaths",191.379227047702,264.296160463312,235.353661452908,279.772063709608
72,"New Zealand",2005,"Cardiovascular diseases","deaths",180.451418290664,249.317493069126,219.974407566425,264.49100092949
72,"New Zealand",2006,"Cardiovascular diseases","deaths",173.9286309795,249.255010913953,218.138894343516,265.071951693176
72,"New Zealand",2007,"Cardiovascular diseases","deaths",167.202945494195,241.821900933234,210.007394709959,256.879648630858
376,"Northern Mariana Islands",1999,"Cardiovascular diseases","deaths",385.725328020676,96.1895054585097,83.2725642601159,109.280739241485
376,"Northern Mariana Islands",2000,"Cardiovascular diseases","deaths",379.269841015538,95.5095182765804,82.833102816461,107.669854560312
376,"Northern Mariana Islands",2001,"Cardiovascular diseases","deaths",372.297958987959,98.077622749584,85.5732168726423,110.38851057957
376,"Northern Mariana Islands",2002,"Cardiovascular diseases","deaths",365.7837059676,103.139744746867,90.6655385904076,116.251842287949
376,"Northern Mariana Islands",2003,"Cardiovascular diseases","deaths",359.664131657567,108.563352969084,95.0045273574184,122.493654234537
376,"Northern Mariana Islands",2004,"Cardiovascular diseases","deaths",354.351314834346,113.630555549078,99.4132818788584,127.019987414386
376,"Northern Mariana Islands",2005,"Cardiovascular diseases","deaths",350.54506787568,120.231541120977,105.911081332041,134.367673872348
376,"Northern Mariana Islands",2006,"Cardiovascular diseases","deaths",351.396785652205,129.147076839635,113.806682639769,143.753773061667
376,"Northern Mariana Islands",2007,"Cardiovascular diseases","deaths",352.744719242208,138.003231669345,121.401491942771,155.791365519814
90,"Norway",1999,"Cardiovascular diseases","deaths",233.307577574467,428.434513663304,385.689402550355,454.203381908089
90,"Norway",2000,"Cardiovascular diseases","deaths",220.960329076092,404.67315771396,364.455086407,429.289846515957
90,"Norway",2001,"Cardiovascular diseases","deaths",213.112651565552,396.016543549851,353.574856076725,419.123315086714
90,"Norway",2002,"Cardiovascular diseases","deaths",205.8405234947,387.433246754372,342.759070322957,410.478344896655
90,"Norway",2003,"Cardiovascular diseases","deaths",193.969434694661,365.46297399844,322.018148877406,390.193086214447
90,"Norway",2004,"Cardiovascular diseases","deaths",180.734437396769,341.280247527452,297.768593091159,366.547059956709
90,"Norway",2005,"Cardiovascular diseases","deaths",168.609867707486,321.6225049666,280.328999639156,344.094301390608
90,"Norway",2006,"Cardiovascular diseases","deaths",163.297735859774,317.790869669634,277.021368525515,340.859220609662
90,"Norway",2007,"Cardiovascular diseases","deaths",158.778397053965,311.965157968223,271.163123144501,334.803676872201
150,"Oman",1999,"Cardiovascular diseases","deaths",406.638366224955,127.65002820316,112.418897522012,141.485117782819
150,"Oman",2000,"Cardiovascular diseases","deaths",398.922937959499,127.492283186909,112.621155030936,140.600498584792
150,"Oman",2001,"Cardiovascular diseases","deaths",387.381527317885,125.377939460636,111.454278648266,138.429243794744
150,"Oman",2002,"Cardiovascular diseases","deaths",385.354663052683,126.116482070189,112.496799373573,139.247463634061
150,"Oman",2003,"Cardiovascular diseases","deaths",381.133718647253,125.620317860314,112.227538457689,139.008495159966
150,"Oman",2004,"Cardiovascular diseases","deaths",380.224492165824,125.804880702287,112.839394169334,138.028063353737
150,"Oman",2005,"Cardiovascular diseases","deaths",383.008249941123,127.772332216966,114.844905820916,140.149932097716
150,"Oman",2006,"Cardiovascular diseases","deaths",388.846713347339,130.015803870142,117.497209794388,142.077587168125
150,"Oman",2007,"Cardiovascular diseases","deaths",388.968777012821,129.783418114196,116.867376367382,141.363575578972
380,"Palau",1999,"Cardiovascular diseases","deaths",490.498566552114,278.315214075969,245.403588992451,314.296156814431
380,"Palau",2000,"Cardiovascular diseases","deaths",488.373360669287,279.910009210945,246.122673127198,315.592597665082
380,"Palau",2001,"Cardiovascular diseases","deaths",485.187167489591,280.731866608481,245.860832916147,316.214938368664
380,"Palau",2002,"Cardiovascular diseases","deaths",481.345866511929,281.679856650893,249.274416676947,317.480816041689
380,"Palau",2003,"Cardiovascular diseases","deaths",477.221450653139,283.180800901244,251.546908180062,318.74732777359
380,"Palau",2004,"Cardiovascular diseases","deaths",470.055105025817,283.957021009375,250.210918770621,320.748093392942
380,"Palau",2005,"Cardiovascular diseases","deaths",457.641838746113,282.9035781145,249.590764937897,321.094545596613
380,"Palau",2006,"Cardiovascular diseases","deaths",453.975963631385,286.600130773973,254.515607318476,324.877851981873
380,"Palau",2007,"Cardiovascular diseases","deaths",448.992560034178,290.197453312791,256.801705889063,330.911031885032
132,"Panama",1999,"Cardiovascular diseases","deaths",170.222298934528,107.778604872339,100.331599750748,113.117532622782
132,"Panama",2000,"Cardiovascular diseases","deaths",166.965059035709,106.81452316797,99.4977844565735,112.599957566135
132,"Panama",2001,"Cardiovascular diseases","deaths",163.848236679504,109.007514031428,100.850666713024,114.398551064025
132,"Panama",2002,"Cardiovascular diseases","deaths",160.22607368959,107.472025388737,99.1654912224783,113.302765569468
132,"Panama",2003,"Cardiovascular diseases","deaths",159.997017217319,110.640966700266,102.194858217038,116.486689535128
132,"Panama",2004,"Cardiovascular diseases","deaths",160.373558397431,114.716280126467,105.436482887281,120.800631092645
132,"Panama",2005,"Cardiovascular diseases","deaths",160.063164583822,117.937344146731,108.468865480419,124.464022766932
132,"Panama",2006,"Cardiovascular diseases","deaths",156.210819579571,116.098154698552,106.309389925214,122.157367631215
132,"Panama",2007,"Cardiovascular diseases","deaths",153.728826599293,117.552516720528,108.298151921212,123.705817570988
51,"Poland",1999,"Cardiovascular diseases","deaths",408.585551005202,463.496295202431,441.093731473743,478.68730735179
51,"Poland",2000,"Cardiovascular diseases","deaths",384.094564273336,442.172850812129,419.123624951661,456.543102986264
51,"Poland",2001,"Cardiovascular diseases","deaths",368.471811211525,430.610480100376,407.835588771748,445.659265564984
51,"Poland",2002,"Cardiovascular diseases","deaths",354.3737764378,420.958341980593,397.930391532839,436.577327865773
51,"Poland",2003,"Cardiovascular diseases","deaths",347.729966851881,425.038900909471,400.718426587261,441.575458875633
51,"Poland",2004,"Cardiovascular diseases","deaths",333.702740966692,419.208157292362,394.087680260612,434.955137637086
51,"Poland",2005,"Cardiovascular diseases","deaths",321.364951787962,419.248201641454,394.529386443049,435.621759230281
51,"Poland",2006,"Cardiovascular diseases","deaths",312.71445211601,417.918202022427,393.160975435531,434.058968969506
51,"Poland",2007,"Cardiovascular diseases","deaths",307.477494890937,423.505204821883,398.121021245617,441.366362234592
91,"Portugal",1999,"Cardiovascular diseases","deaths",263.736873255245,415.944342961043,384.243689022207,434.670676535418
91,"Portugal",2000,"Cardiovascular diseases","deaths",248.11930680373,397.197467777227,368.344283750304,414.782169835749
91,"Portugal",2001,"Cardiovascular diseases","deaths",237.138912606396,387.913818631226,355.694962021076,406.362906471919
91,"Portugal",2002,"Cardiovascular diseases","deaths",230.240742366169,386.791999429874,354.887613936359,405.067315220889
91,"Portugal",2003,"Cardiovascular diseases","deaths",221.707177656695,382.297202074722,347.536623759097,401.612200100033
91,"Portugal",2004,"Cardiovascular diseases","deaths",200.055689974663,346.422312256923,313.957336892607,364.155705887699
91,"Portugal",2005,"Cardiovascular diseases","deaths",185.864862293733,331.26014228985,298.352452370441,351.12365244171
91,"Portugal",2006,"Cardiovascular diseases","deaths",173.89726605836,320.401203788056,287.959995077725,339.304261335969
91,"Portugal",2007,"Cardiovascular diseases","deaths",168.130691195577,320.105775889995,286.188429303092,338.741585255474
385,"Puerto Rico",1999,"Cardiovascular diseases","deaths",176.213383620747,219.45055468781,204.004331852622,227.615865025118
385,"Puerto Rico",2000,"Cardiovascular diseases","deaths",168.594245043574,213.202139481159,198.687165311916,222.557954114948
385,"Puerto Rico",2001,"Cardiovascular diseases","deaths",163.57186242116,212.221968853006,196.093255455484,221.59310795567
385,"Puerto Rico",2002,"Cardiovascular diseases","deaths",156.371949572903,208.257157448148,192.303061116828,216.709135130345
385,"Puerto Rico",2003,"Cardiovascular diseases","deaths",152.763236545024,209.518476674391,195.018519948142,217.745001896861
385,"Puerto Rico",2004,"Cardiovascular diseases","deaths",148.636623869659,210.452591274175,195.110583333098,218.386435242174
385,"Puerto Rico",2005,"Cardiovascular diseases","deaths",145.522414525878,210.835301042908,196.196350052859,219.381327558416
385,"Puerto Rico",2006,"Cardiovascular diseases","deaths",140.469664666557,206.260622132014,190.935157391749,215.36048965535
385,"Puerto Rico",2007,"Cardiovascular diseases","deaths",133.327155072478,203.874283289857,187.196875762838,213.231443771061
151,"Qatar",1999,"Cardiovascular diseases","deaths",416.749990295807,77.5207823582032,70.2830607378371,86.9375829987269
151,"Qatar",2000,"Cardiovascular diseases","deaths",403.543282085431,74.7275628563583,66.8416949805666,84.1466333766654
151,"Qatar",2001,"Cardiovascular diseases","deaths",392.85375357446,72.2857026626621,63.8100019404692,81.8634119845743
151,"Qatar",2002,"Cardiovascular diseases","deaths",382.564533168503,69.6188727101849,60.5779949520566,78.5931041735734
151,"Qatar",2003,"Cardiovascular diseases","deaths",374.674361515705,67.2912075387359,58.8399581891467,75.9859454620027
151,"Qatar",2004,"Cardiovascular diseases","deaths",368.149472008956,64.2817348124921,56.2802719292634,72.6256340655483
151,"Qatar",2005,"Cardiovascular diseases","deaths",366.590575941498,60.9369717002863,53.8671649869798,67.7419701761132
151,"Qatar",2006,"Cardiovascular diseases","deaths",357.181832185508,56.5919845948777,50.5300801000618,62.605765303759
151,"Qatar",2007,"Cardiovascular diseases","deaths",337.524992081624,50.751339273145,45.5915016118312,55.7132442428169
68,"Republic of Korea",1999,"Cardiovascular diseases","deaths",223.654378615844,150.758522618918,135.80331250108,162.500929746848
68,"Republic of Korea",2000,"Cardiovascular diseases","deaths",211.668501912238,146.463152161299,133.17556356941,159.185526318136
68,"Republic of Korea",2001,"Cardiovascular diseases","deaths",200.015226445796,143.241256884864,130.661300869189,154.714165736397
68,"Republic of Korea",2002,"Cardiovascular diseases","deaths",193.291515119262,144.472437813461,131.436079135723,156.352571837793
68,"Republic of Korea",2003,"Cardiovascular diseases","deaths",182.507722959271,141.278172113026,128.857961047154,153.183241779768
68,"Republic of Korea",2004,"Cardiovascular diseases","deaths",171.819072632883,137.868934067216,125.023427793281,150.719581047449
68,"Republic of Korea",2005,"Cardiovascular diseases","deaths",160.34159214527,133.418879538105,119.718785980013,144.848212453501
68,"Republic of Korea",2006,"Cardiovascular diseases","deaths",149.369023519931,129.367587363014,116.390108313107,141.38653631404
68,"Republic of Korea",2007,"Cardiovascular diseases","deaths",138.018773600227,125.731754988988,111.750032776881,136.155168421619
52,"Romania",1999,"Cardiovascular diseases","deaths",582.846607857509,678.795247602234,655.227233197197,692.552326184471
52,"Romania",2000,"Cardiovascular diseases","deaths",556.983130687363,663.239914832464,637.708189545055,677.35247069999
52,"Romania",2001,"Cardiovascular diseases","deaths",550.948433617066,674.747330137116,651.232772789983,689.553135403331
52,"Romania",2002,"Cardiovascular diseases","deaths",557.350504281952,705.860464993155,676.718704366118,721.743816651176
52,"Romania",2003,"Cardiovascular diseases","deaths",549.510907430185,710.255394893622,681.778661347385,727.210383477309
52,"Romania",2004,"Cardiovascular diseases","deaths",528.99361298244,697.945658449916,667.440737002028,714.409143508904
52,"Romania",2005,"Cardiovascular diseases","deaths",520.661847011868,711.661788255562,681.87907020364,729.493245452353
52,"Romania",2006,"Cardiovascular diseases","deaths",502.288992162414,706.479518970465,676.358883171366,724.563640105395
52,"Romania",2007,"Cardiovascular diseases","deaths",479.40472993904,692.789986625752,660.747063335833,709.636879238108
62,"Russian Federation",1999,"Cardiovascular diseases","deaths",684.466183432794,804.241936694381,776.467839733953,822.993020672126
62,"Russian Federation",2000,"Cardiovascular diseases","deaths",700.793899042345,836.872291552506,808.192344183466,856.05478037416
62,"Russian Federation",2001,"Cardiovascular diseases","deaths",706.728522338054,856.038665268065,829.469710593763,874.501073918008
62,"Russian Federation",2002,"Cardiovascular diseases","deaths",729.777051368474,895.349810173826,868.114111018777,914.865946277962
62,"Russian Federation",2003,"Cardiovascular diseases","deaths",737.764542207162,909.814094564449,881.865050932676,928.791330519871
62,"Russian Federation",2004,"Cardiovascular diseases","deaths",716.979551953631,890.976537624566,860.007515550053,908.920502820359
62,"Russian Federation",2005,"Cardiovascular diseases","deaths",713.729185204718,898.33594111126,866.748455317655,917.205232687544
62,"Russian Federation",2006,"Cardiovascular diseases","deaths",674.96329932855,858.855608851331,826.679437355095,877.428946606511
62,"Russian Federation",2007,"Cardiovascular diseases","deaths",641.053426479052,827.414832129003,795.792564049135,845.784735429162
393,"Saint Kitts and Nevis",1999,"Cardiovascular diseases","deaths",375.147075743191,344.246632610236,322.539094733223,360.157723388139
393,"Saint Kitts and Nevis",2000,"Cardiovascular diseases","deaths",368.211066157369,334.075574405749,315.524931039572,349.591180566863
393,"Saint Kitts and Nevis",2001,"Cardiovascular diseases","deaths",356.695911926862,314.826503146554,299.338747879863,329.542988010941
393,"Saint Kitts and Nevis",2002,"Cardiovascular diseases","deaths",349.421307095874,322.415048757759,306.089031443372,338.264542945234
393,"Saint Kitts and Nevis",2003,"Cardiovascular diseases","deaths",335.620321602277,294.668201778046,278.541654399388,308.555072992783
393,"Saint Kitts and Nevis",2004,"Cardiovascular diseases","deaths",325.497313578897,296.323765876561,280.267185758097,310.012127321407
393,"Saint Kitts and Nevis",2005,"Cardiovascular diseases","deaths",315.397934020461,284.896926004039,270.479826812112,299.04437273058
393,"Saint Kitts and Nevis",2006,"Cardiovascular diseases","deaths",301.495899820153,267.307861364016,253.422641333995,280.141570455662
393,"Saint Kitts and Nevis",2007,"Cardiovascular diseases","deaths",282.286063338855,249.845772198591,235.57899538775,262.730854287851
396,"San Marino",1999,"Cardiovascular diseases","deaths",170.101961048116,329.568135494946,281.414504361217,373.287341893742
396,"San Marino",2000,"Cardiovascular diseases","deaths",162.99855413897,311.641865433036,264.063483777223,350.752321196294
396,"San Marino",2001,"Cardiovascular diseases","deaths",158.041559369289,315.831522243542,264.507558170037,355.900517215768
396,"San Marino",2002,"Cardiovascular diseases","deaths",152.72285232127,298.185107761956,251.073485644517,335.148815620815
396,"San Marino",2003,"Cardiovascular diseases","deaths",147.439059431827,339.379071611007,281.796199643202,387.202190761073
396,"San Marino",2004,"Cardiovascular diseases","deaths",138.857578057436,286.893781757669,238.205190532445,325.226576105251
396,"San Marino",2005,"Cardiovascular diseases","deaths",134.186629647216,284.897055926142,236.456209782524,322.477579460194
396,"San Marino",2006,"Cardiovascular diseases","deaths",128.227763736665,277.729978515422,231.183917381553,317.679823751197
396,"San Marino",2007,"Cardiovascular diseases","deaths",122.001515121485,270.913238184609,226.997470184414,310.225189277398
152,"Saudi Arabia",1999,"Cardiovascular diseases","deaths",345.290411800622,100.792997858918,90.3066219865157,111.521960856274
152,"Saudi Arabia",2000,"Cardiovascular diseases","deaths",344.350535928256,102.404854583737,91.6711335656912,111.637602916827
152,"Saudi Arabia",2001,"Cardiovascular diseases","deaths",346.143286948442,104.461417482764,93.8125511729674,114.057446746184
152,"Saudi Arabia",2002,"Cardiovascular diseases","deaths",353.71897561018,108.541041300412,98.4927577596506,116.96879765337
152,"Saudi Arabia",2003,"Cardiovascular diseases","deaths",362.925659024478,113.255405045991,103.344117370467,122.353224338389
152,"Saudi Arabia",2004,"Cardiovascular diseases","deaths",374.163082516288,118.565395873585,108.717003563532,127.462018670518
152,"Saudi Arabia",2005,"Cardiovascular diseases","deaths",386.554184573953,123.43167344028,113.530235519261,132.442589023085
152,"Saudi Arabia",2006,"Cardiovascular diseases","deaths",401.14344979162,128.270463651023,117.616070854845,138.513221303589
152,"Saudi Arabia",2007,"Cardiovascular diseases","deaths",410.76306735838,131.076673544548,120.317290644368,141.452735367647
186,"Seychelles",1999,"Cardiovascular diseases","deaths",300.269145953484,243.712889847456,219.359294564376,268.707639183207
186,"Seychelles",2000,"Cardiovascular diseases","deaths",296.232545332448,241.07147235212,217.183613948279,264.052474727308
186,"Seychelles",2001,"Cardiovascular diseases","deaths",293.755058328241,239.16477313979,216.790095325155,260.724675390141
186,"Seychelles",2002,"Cardiovascular diseases","deaths",294.443804579077,246.915605354328,223.440966357786,269.097300186325
186,"Seychelles",2003,"Cardiovascular diseases","deaths",294.484131656336,247.836661317779,223.117816932689,268.656602179409
186,"Seychelles",2004,"Cardiovascular diseases","deaths",294.388612708256,248.375225532996,224.576462564213,268.505744521306
186,"Seychelles",2005,"Cardiovascular diseases","deaths",291.685302374447,249.592666782895,225.857175632216,267.694290646979
186,"Seychelles",2006,"Cardiovascular diseases","deaths",284.416054165257,244.626469437832,221.881736820215,263.994515963503
186,"Seychelles",2007,"Cardiovascular diseases","deaths",278.796874684517,237.672924258978,214.85408186117,256.999052245955
69,"Singapore",1999,"Cardiovascular diseases","deaths",204.093535706113,140.919287587264,133.701507500131,146.237846558204
69,"Singapore",2000,"Cardiovascular diseases","deaths",193.195798237631,135.955812733405,128.307258391375,140.774528618301
69,"Singapore",2001,"Cardiovascular diseases","deaths",185.191816154887,132.282983578731,124.936706381023,137.532195302034
69,"Singapore",2002,"Cardiovascular diseases","deaths",172.15000107829,126.842101339345,119.643726757807,132.172387212014
69,"Singapore",2003,"Cardiovascular diseases","deaths",169.540143870131,130.654443846503,123.208118337738,136.269085121912
69,"Singapore",2004,"Cardiovascular diseases","deaths",159.865854701591,126.421200789988,118.17026643272,131.736031404653
69,"Singapore",2005,"Cardiovascular diseases","deaths",151.331865228377,122.682702114456,114.253374016021,127.769591530243
69,"Singapore",2006,"Cardiovascular diseases","deaths",146.179451761552,120.624744463872,112.597123777105,125.985026286302
69,"Singapore",2007,"Cardiovascular diseases","deaths",143.366683491201,119.926355912015,111.913124749917,125.246379887809
54,"Slovakia",1999,"Cardiovascular diseases","deaths",458.301077052525,513.362135035088,486.562577884143,533.705863143783
54,"Slovakia",2000,"Cardiovascular diseases","deaths",447.499061277161,510.345821478084,480.039331020928,531.523903400208
54,"Slovakia",2001,"Cardiovascular diseases","deaths",437.557257591644,505.641958914266,474.202872137137,527.077587867553
54,"Slovakia",2002,"Cardiovascular diseases","deaths",427.375992565857,500.27244470996,470.827379519251,520.923692336252
54,"Slovakia",2003,"Cardiovascular diseases","deaths",422.454877230958,502.415559461075,472.681515354014,524.091051848567
54,"Slovakia",2004,"Cardiovascular diseases","deaths",419.027523980084,505.261684159352,475.959129581911,528.399713891529
54,"Slovakia",2005,"Cardiovascular diseases","deaths",415.115402805926,514.742941890811,483.45305365725,536.199285456386
54,"Slovakia",2006,"Cardiovascular diseases","deaths",406.921926320885,513.820889164535,482.645893687765,535.287070154758
54,"Slovakia",2007,"Cardiovascular diseases","deaths",395.542451061633,508.311457652821,475.397227169538,531.315388422654
55,"Slovenia",1999,"Cardiovascular diseases","deaths",292.051856624741,377.808510486238,356.44009053727,391.538474765547
55,"Slovenia",2000,"Cardiovascular diseases","deaths",278.313295723149,369.260669297196,348.54279384164,382.742636756088
55,"Slovenia",2001,"Cardiovascular diseases","deaths",268.042221108274,361.859987055211,339.309583696,376.993048200482
55,"Slovenia",2002,"Cardiovascular diseases","deaths",259.513164376643,358.556400646904,335.694504483863,374.888014622245
55,"Slovenia",2003,"Cardiovascular diseases","deaths",253.564679372408,359.882773409371,334.426677366581,375.112539044956
55,"Slovenia",2004,"Cardiovascular diseases","deaths",245.078850722248,352.337408617187,326.932397605396,366.74986029944
55,"Slovenia",2005,"Cardiovascular diseases","deaths",237.905943188134,357.829789713189,329.238168583979,373.903666773129
55,"Slovenia",2006,"Cardiovascular diseases","deaths",226.618267269525,346.440797602499,319.344571328311,362.340782893273
55,"Slovenia",2007,"Cardiovascular diseases","deaths",217.940999367161,345.360409808971,319.176886631937,362.279633146801
92,"Spain",1999,"Cardiovascular diseases","deaths",181.238866591825,320.652223339479,286.119449995089,339.792592187443
92,"Spain",2000,"Cardiovascular diseases","deaths",170.061937811311,302.431424458503,268.142341210837,320.488734409364
92,"Spain",2001,"Cardiovascular diseases","deaths",162.981151330071,294.221265036183,260.409746618397,311.916422849009
92,"Spain",2002,"Cardiovascular diseases","deaths",159.867654817434,294.579686044537,260.662072112389,312.760074003932
92,"Spain",2003,"Cardiovascular diseases","deaths",158.324716882242,299.022939682778,265.150370530177,317.74230088763
92,"Spain",2004,"Cardiovascular diseases","deaths",149.163567736887,280.332843110227,248.270195243651,298.203349381508
92,"Spain",2005,"Cardiovascular diseases","deaths",147.470817444273,282.65469314292,249.808097256419,301.400940448322
92,"Spain",2006,"Cardiovascular diseases","deaths",138.126055854926,264.535915103401,233.073510364574,282.143386054958
92,"Spain",2007,"Cardiovascular diseases","deaths",135.788025332153,266.264857242503,234.558220591706,284.586451117095
93,"Sweden",1999,"Cardiovascular diseases","deaths",232.872944535253,496.055672861813,444.447558359533,521.877262359011
93,"Sweden",2000,"Cardiovascular diseases","deaths",223.562870267106,482.003572669071,430.452120533163,508.490738649065
93,"Sweden",2001,"Cardiovascular diseases","deaths",217.403201080116,476.182807736969,427.013269788735,502.249887091908
93,"Sweden",2002,"Cardiovascular diseases","deaths",213.198259547504,474.818392824649,423.156739567652,500.51111742676
93,"Sweden",2003,"Cardiovascular diseases","deaths",204.346153398049,454.64673216506,403.082339532952,481.093218715494
93,"Sweden",2004,"Cardiovascular diseases","deaths",194.914599595074,434.624322433528,385.070906525276,460.044519527819
93,"Sweden",2005,"Cardiovascular diseases","deaths",189.319155566352,430.461456902304,379.001023953388,456.557248821939
93,"Sweden",2006,"Cardiovascular diseases","deaths",184.682107908897,424.099572035914,371.35247317391,451.085667155997
93,"Sweden",2007,"Cardiovascular diseases","deaths",179.824789883893,417.542463713402,367.296378120615,444.333999762445
94,"Switzerland",1999,"Cardiovascular diseases","deaths",183.080180199901,338.145534299553,297.268552083123,360.025105177889
94,"Switzerland",2000,"Cardiovascular diseases","deaths",174.371958863463,324.869620063582,285.058397780366,345.859762638781
94,"Switzerland",2001,"Cardiovascular diseases","deaths",168.149107205731,316.806159111929,276.665037502709,338.445717209256
94,"Switzerland",2002,"Cardiovascular diseases","deaths",164.561730701856,314.327346792365,272.873917589762,335.08161103756
94,"Switzerland",2003,"Cardiovascular diseases","deaths",161.107388592569,313.263101545427,271.928223244037,333.73801507402
94,"Switzerland",2004,"Cardiovascular diseases","deaths",152.620951128904,295.629903219713,257.776745253199,315.825498440651
94,"Switzerland",2005,"Cardiovascular diseases","deaths",148.552480380926,294.844611311107,256.974053174766,315.672646483443
94,"Switzerland",2006,"Cardiovascular diseases","deaths",143.374761762213,285.634135283729,247.703666636383,307.011232720783
94,"Switzerland",2007,"Cardiovascular diseases","deaths",138.786938193865,282.344863819802,244.925012460877,302.838581423634
8,"Taiwan",1999,"Cardiovascular diseases","deaths",156.455965960475,127.593040254701,120.923407174411,132.081544735357
8,"Taiwan",2000,"Cardiovascular diseases","deaths",149.005112906456,125.966892840501,119.524388837414,130.142811082116
8,"Taiwan",2001,"Cardiovascular diseases","deaths",143.549762256477,125.777095683893,119.009114683986,130.007869188166
8,"Taiwan",2002,"Cardiovascular diseases","deaths",136.662145400721,123.872146767955,117.161030962126,128.113421118375
8,"Taiwan",2003,"Cardiovascular diseases","deaths",134.247001774626,126.521194508954,119.581296719262,131.074098342836
8,"Taiwan",2004,"Cardiovascular diseases","deaths",133.106460687935,131.12881988397,123.392264416892,135.94066297757
8,"Taiwan",2005,"Cardiovascular diseases","deaths",129.372609455531,133.470826451334,125.784652426153,138.559692422202
8,"Taiwan",2006,"Cardiovascular diseases","deaths",122.811291997725,130.754160282521,122.268017968402,135.787533972774
8,"Taiwan",2007,"Cardiovascular diseases","deaths",119.858326749251,133.631280737897,124.55957722274,138.754219350058
119,"Trinidad and Tobago",1999,"Cardiovascular diseases","deaths",448.996936001035,285.50775082831,274.47160231361,294.13637387847
119,"Trinidad and Tobago",2000,"Cardiovascular diseases","deaths",425.80577429734,272.971483498035,264.112159626186,281.736465116873
119,"Trinidad and Tobago",2001,"Cardiovascular diseases","deaths",407.398238835633,267.261150935207,258.734622287799,275.427526058327
119,"Trinidad and Tobago",2002,"Cardiovascular diseases","deaths",394.565504237213,264.692514463281,254.966798505248,274.000949606195
119,"Trinidad and Tobago",2003,"Cardiovascular diseases","deaths",384.699353611478,264.725238352704,254.13115892425,273.573351569059
119,"Trinidad and Tobago",2004,"Cardiovascular diseases","deaths",366.814733613972,256.716306532936,247.216384484963,264.855120028132
119,"Trinidad and Tobago",2005,"Cardiovascular diseases","deaths",354.877386674274,254.556647207964,243.700737283338,261.997956612916
119,"Trinidad and Tobago",2006,"Cardiovascular diseases","deaths",341.990729758871,249.823647355616,238.497267264158,257.703920888133
119,"Trinidad and Tobago",2007,"Cardiovascular diseases","deaths",323.811617413421,241.12039990729,231.154611610926,249.81022035533
156,"United Arab Emirates",1999,"Cardiovascular diseases","deaths",295.224581162883,51.4465396902019,27.4486458059639,73.1828627115073
156,"United Arab Emirates",2000,"Cardiovascular diseases","deaths",297.87905827955,50.4080123256846,27.5110450825702,71.6371663945785
156,"United Arab Emirates",2001,"Cardiovascular diseases","deaths",289.692260636763,48.5168992876704,26.5799539951588,68.5784054839597
156,"United Arab Emirates",2002,"Cardiovascular diseases","deaths",279.276520713548,45.5358139211797,25.2709770183024,65.5305036217001
156,"United Arab Emirates",2003,"Cardiovascular diseases","deaths",271.124904797572,42.9787365280767,23.7523473329351,61.7134006219706
156,"United Arab Emirates",2004,"Cardiovascular diseases","deaths",267.051044842166,40.9211110080917,22.9711239249468,59.2271325394494
156,"United Arab Emirates",2005,"Cardiovascular diseases","deaths",269.333933226073,40.2884702790195,22.8382387954396,58.9383736111759
156,"United Arab Emirates",2006,"Cardiovascular diseases","deaths",261.415004617542,40.1381234327818,22.314059201863,58.9681258489223
156,"United Arab Emirates",2007,"Cardiovascular diseases","deaths",252.461931402772,34.9450237817903,19.7338226752086,52.2435299685519
95,"United Kingdom",1999,"Cardiovascular diseases","deaths",235.893832458178,426.45240450435,394.006632318321,445.183245379675
95,"United Kingdom",2000,"Cardiovascular diseases","deaths",222.300478728955,403.350642704388,371.218378846417,421.844308516034
95,"United Kingdom",2001,"Cardiovascular diseases","deaths",219.472539606622,401.821876458548,366.649737806348,420.605483001889
95,"United Kingdom",2002,"Cardiovascular diseases","deaths",214.457371504415,396.920409699292,363.393192907065,415.591457533071
95,"United Kingdom",2003,"Cardiovascular diseases","deaths",206.882625646948,386.453177430916,353.459192254256,405.665975706142
95,"United Kingdom",2004,"Cardiovascular diseases","deaths",190.990940719059,354.92625640986,323.276791302742,373.340271525072
95,"United Kingdom",2005,"Cardiovascular diseases","deaths",181.306554838942,342.273618321266,309.769302816808,361.1243111212
95,"United Kingdom",2006,"Cardiovascular diseases","deaths",170.814699532072,325.37646268657,292.587822353554,343.464378310513
95,"United Kingdom",2007,"Cardiovascular diseases","deaths",164.760662916001,319.12386612165,285.124021977197,336.403653440976
422,"United States Virgin Islands",1999,"Cardiovascular diseases","deaths",337.862330347087,246.209572353508,232.713767688348,260.698946683186
422,"United States Virgin Islands",2000,"Cardiovascular diseases","deaths",324.2598589435,251.669873021966,235.873669395241,268.685684805171
422,"United States Virgin Islands",2001,"Cardiovascular diseases","deaths",308.671507300415,252.101348722891,236.738640387204,266.873932088605
422,"United States Virgin Islands",2002,"Cardiovascular diseases","deaths",294.582476383358,252.238361856425,236.306507532907,265.675862185528
422,"United States Virgin Islands",2003,"Cardiovascular diseases","deaths",281.425683707309,254.012603693286,237.671431862772,269.594795014956
422,"United States Virgin Islands",2004,"Cardiovascular diseases","deaths",271.3003354518,257.700506588424,241.307437001434,274.065022284209
422,"United States Virgin Islands",2005,"Cardiovascular diseases","deaths",263.04186029276,263.163360462841,247.467657587764,279.657038151329
422,"United States Virgin Islands",2006,"Cardiovascular diseases","deaths",249.66190682997,262.397346664042,245.368211353065,278.617142080678
422,"United States Virgin Islands",2007,"Cardiovascular diseases","deaths",246.346090376973,270.869761192178,252.335933967299,286.044497276999
102,"United States of America",1999,"Cardiovascular diseases","deaths",230.941719502385,329.772798842391,292.592663523925,349.502853604512
102,"United States of America",2000,"Cardiovascular diseases","deaths",223.904829191965,322.684025555011,285.909195204338,342.349676640787
102,"United States of America",2001,"Cardiovascular diseases","deaths",217.912793479117,315.375960030017,278.484173167094,335.105763078873
102,"United States of America",2002,"Cardiovascular diseases","deaths",213.396482232004,311.64225953505,274.431497340328,330.867802869187
102,"United States of America",2003,"Cardiovascular diseases","deaths",206.255787433416,303.715244100373,266.762263610944,322.538386990007
102,"United States of America",2004,"Cardiovascular diseases","deaths",195.143640342947,287.519522746329,252.807709448354,305.930527679656
102,"United States of America",2005,"Cardiovascular diseases","deaths",190.496593224074,285.558272359792,251.474823799486,304.395690745777
102,"United States of America",2006,"Cardiovascular diseases","deaths",182.283135980967,274.511864710873,241.488986240799,292.828251168461
102,"United States of America",2007,"Cardiovascular diseases","deaths",175.20874997941,266.815171476243,234.284050714207,284.648900681772
99,"Uruguay",1999,"Cardiovascular diseases","deaths",253.968332046584,342.172493287505,318.897479920092,356.302307426882
99,"Uruguay",2000,"Cardiovascular diseases","deaths",239.770000770892,324.100681695967,300.235780990692,338.613215463164
99,"Uruguay",2001,"Cardiovascular diseases","deaths",233.446715352089,320.655544309231,297.776657152167,334.71320780613
99,"Uruguay",2002,"Cardiovascular diseases","deaths",229.71367070876,320.94784885649,298.350097912825,335.878946703936
99,"Uruguay",2003,"Cardiovascular diseases","deaths",232.209826337279,332.794819002684,310.420021448532,348.23489771103
99,"Uruguay",2004,"Cardiovascular diseases","deaths",225.183142257082,326.773947114455,303.056305243418,341.558807216926
99,"Uruguay",2005,"Cardiovascular diseases","deaths",215.014302934399,315.009321357797,294.003891207712,330.415092397583
99,"Uruguay",2006,"Cardiovascular diseases","deaths",207.121837582618,306.029113289645,282.993164753018,319.938626461811
99,"Uruguay",2007,"Cardiovascular diseases","deaths",207.067352188901,314.986154579032,290.795575050498,329.779557658254
298,"American Samoa",2008,"Cardiovascular diseases","deaths",368.493160569975,177.914798436486,158.084946904934,201.903352091855
298,"American Samoa",2009,"Cardiovascular diseases","deaths",367.980348924375,182.148287851349,162.192736330786,207.080654546184
298,"American Samoa",2010,"Cardiovascular diseases","deaths",361.749535750778,183.659244974265,161.713047873112,208.449479783333
298,"American Samoa",2011,"Cardiovascular diseases","deaths",354.944591348833,185.923753885619,163.148559363772,210.008044650271
298,"American Samoa",2012,"Cardiovascular diseases","deaths",351.467872202966,190.559044209042,167.426187554938,213.027514493833
298,"American Samoa",2013,"Cardiovascular diseases","deaths",348.80701798852,196.316513971267,174.856589612058,217.378084170118
298,"American Samoa",2014,"Cardiovascular diseases","deaths",346.431549617497,201.768292366308,180.144747781625,223.905768378098
298,"American Samoa",2015,"Cardiovascular diseases","deaths",342.063946747558,206.009299828453,182.453166577557,228.469537466386
298,"American Samoa",2016,"Cardiovascular diseases","deaths",338.233036065609,211.726959415614,186.467389947933,233.970100018846
74,"Andorra",2008,"Cardiovascular diseases","deaths",93.0096013067294,177.18826371464,141.22746692648,211.576424114826
74,"Andorra",2009,"Cardiovascular diseases","deaths",91.1339419793579,182.332648020752,144.659979853093,218.548300996844
74,"Andorra",2010,"Cardiovascular diseases","deaths",90.2157432465892,181.003328628133,143.547438816761,214.404432729625
74,"Andorra",2011,"Cardiovascular diseases","deaths",88.8036167047472,166.708070191321,134.149997314017,194.253289943474
74,"Andorra",2012,"Cardiovascular diseases","deaths",87.23912698712,161.839737989128,131.519007576994,191.228451739031
74,"Andorra",2013,"Cardiovascular diseases","deaths",85.7879993167835,162.21872842481,132.922182855038,190.342341145787
74,"Andorra",2014,"Cardiovascular diseases","deaths",84.3957449705409,164.181220907816,132.838138619193,193.190438458409
74,"Andorra",2015,"Cardiovascular diseases","deaths",83.761676984108,167.808554418288,133.39877912532,197.65765890422
74,"Andorra",2016,"Cardiovascular diseases","deaths",82.4955542137975,166.333570984145,131.822149471953,195.312663471183
105,"Antigua and Barbuda",2008,"Cardiovascular diseases","deaths",203.53801024456,184.058219932751,170.879505977616,195.596771802353
105,"Antigua and Barbuda",2009,"Cardiovascular diseases","deaths",196.347725256052,169.015108979537,157.56025703684,179.326418333835
105,"Antigua and Barbuda",2010,"Cardiovascular diseases","deaths",192.457257669228,168.742561110121,157.541240398116,178.998595341653
105,"Antigua and Barbuda",2011,"Cardiovascular diseases","deaths",190.454348779853,176.598568019546,163.844355904904,187.953487194152
105,"Antigua and Barbuda",2012,"Cardiovascular diseases","deaths",188.203426044876,178.793219194438,165.963973961718,189.181141425098
105,"Antigua and Barbuda",2013,"Cardiovascular diseases","deaths",189.961790764117,182.535744111654,168.614930687623,193.363552665067
105,"Antigua and Barbuda",2014,"Cardiovascular diseases","deaths",187.396566570902,189.099128714508,175.430005858986,200.316754454484
105,"Antigua and Barbuda",2015,"Cardiovascular diseases","deaths",186.728947019797,192.290838140975,179.737226288119,203.784267828121
105,"Antigua and Barbuda",2016,"Cardiovascular diseases","deaths",185.44752029609,192.343753806369,179.440937834536,203.869834566514
71,"Australia",2008,"Cardiovascular diseases","deaths",135.976917991358,227.377802918251,200.846039899052,242.605240225909
71,"Australia",2009,"Cardiovascular diseases","deaths",128.214381798327,214.244800137433,187.486368923764,228.906011236232
71,"Australia",2010,"Cardiovascular diseases","deaths",122.806885478442,209.970735084339,183.233957197795,224.684914689558
71,"Australia",2011,"Cardiovascular diseases","deaths",118.210382761641,207.207876894231,180.238285386646,221.689363381369
71,"Australia",2012,"Cardiovascular diseases","deaths",112.247293066945,200.148424584649,172.896971983231,213.823502431665
71,"Australia",2013,"Cardiovascular diseases","deaths",108.178433854282,193.556148615628,165.870490351758,207.658270277671
71,"Australia",2014,"Cardiovascular diseases","deaths",106.53462760807,196.008582492727,167.186577457891,210.520786068071
71,"Australia",2015,"Cardiovascular diseases","deaths",104.209704655741,196.150006855062,167.138286504853,210.977497229441
71,"Australia",2016,"Cardiovascular diseases","deaths",99.1527862469922,188.171795019976,160.832043941605,202.838737055775
75,"Austria",2008,"Cardiovascular diseases","deaths",188.160459930961,364.908388392271,324.554927604833,386.282787332992
75,"Austria",2009,"Cardiovascular diseases","deaths",187.712904748623,371.206657705769,328.939588471875,393.110241011611
75,"Austria",2010,"Cardiovascular diseases","deaths",182.080114238022,369.45045470646,325.852859221024,391.975243598963
75,"Austria",2011,"Cardiovascular diseases","deaths",174.876442031123,362.691059816907,318.240957070212,384.323331650203
75,"Austria",2012,"Cardiovascular diseases","deaths",173.008658286804,372.8851197722,327.733373426346,395.363270439593
75,"Austria",2013,"Cardiovascular diseases","deaths",169.72591527786,370.961873800908,323.866345830975,394.203162726785
75,"Austria",2014,"Cardiovascular diseases","deaths",163.870403492008,360.286030065331,315.570648584531,381.65437691919
75,"Austria",2015,"Cardiovascular diseases","deaths",164.531620515198,374.65068702888,328.795220278735,397.865120720151
75,"Austria",2016,"Cardiovascular diseases","deaths",157.441705722895,359.587864460877,313.600772347241,382.332191729746
106,"Bahamas",2008,"Cardiovascular diseases","deaths",268.499178150391,188.938791141729,180.166153224749,197.4384651033
106,"Bahamas",2009,"Cardiovascular diseases","deaths",270.831450585603,192.794010122085,183.946367553473,201.631544474761
106,"Bahamas",2010,"Cardiovascular diseases","deaths",272.830375756288,197.183047015129,187.66323571741,206.28571328032
106,"Bahamas",2011,"Cardiovascular diseases","deaths",268.269395009845,195.892029261556,185.812735303271,205.256515111149
106,"Bahamas",2012,"Cardiovascular diseases","deaths",256.65770410987,190.732408106192,180.566361604313,200.161222639196
106,"Bahamas",2013,"Cardiovascular diseases","deaths",251.633782585448,190.829072078867,180.163921606866,200.49353236794
106,"Bahamas",2014,"Cardiovascular diseases","deaths",252.653478015,196.442749051547,185.09309066132,206.553139524534
106,"Bahamas",2015,"Cardiovascular diseases","deaths",255.799364324149,202.908663559916,190.660133752137,213.370397463953
106,"Bahamas",2016,"Cardiovascular diseases","deaths",255.499497562112,206.769994024886,194.704472011331,217.277783522556
140,"Bahrain",2008,"Cardiovascular diseases","deaths",362.026853725979,83.9057070504183,76.4030227924933,91.2752118806194
140,"Bahrain",2009,"Cardiovascular diseases","deaths",338.353554925327,77.8652360217469,70.9912347745158,84.2475040026829
140,"Bahrain",2010,"Cardiovascular diseases","deaths",320.433681488465,74.7068583202773,68.137244988953,81.2804799150767
140,"Bahrain",2011,"Cardiovascular diseases","deaths",303.583043038251,73.0383212682012,66.8376589912024,79.420473985592
140,"Bahrain",2012,"Cardiovascular diseases","deaths",289.462217612318,72.0541222239468,65.8418135630481,78.2139752622808
140,"Bahrain",2013,"Cardiovascular diseases","deaths",272.33560852284,69.3247558825565,63.1063961704066,75.6648870201058
140,"Bahrain",2014,"Cardiovascular diseases","deaths",259.661168135354,66.9971013464365,61.1289040688915,72.5942242395914
140,"Bahrain",2015,"Cardiovascular diseases","deaths",260.779064500161,69.5162301207583,62.1709924914286,76.7211291591516
140,"Bahrain",2016,"Cardiovascular diseases","deaths",246.028333903631,68.1974948555653,61.3798196690029,75.4667389207827
107,"Barbados",2008,"Cardiovascular diseases","deaths",179.176540044387,252.457609887747,236.088972522512,266.132904493741
107,"Barbados",2009,"Cardiovascular diseases","deaths",173.552825300669,246.941232847018,230.210482267645,260.981340979909
107,"Barbados",2010,"Cardiovascular diseases","deaths",169.210825467201,242.629068070892,225.521300153077,256.68938811666
107,"Barbados",2011,"Cardiovascular diseases","deaths",166.04014788209,243.229108854283,226.069944891621,258.308342182822
107,"Barbados",2012,"Cardiovascular diseases","deaths",161.960383855593,243.04746765422,226.851986867257,257.668669836659
107,"Barbados",2013,"Cardiovascular diseases","deaths",163.649787176064,250.948279082879,233.617189730036,265.504563691065
107,"Barbados",2014,"Cardiovascular diseases","deaths",164.662594734008,256.484830227155,237.872688285771,271.663943090169
107,"Barbados",2015,"Cardiovascular diseases","deaths",166.094450798525,263.220725934938,243.804045943658,279.987701220755
107,"Barbados",2016,"Cardiovascular diseases","deaths",166.677396609626,268.878662295597,247.186790100045,287.8745246
76,"Belgium",2008,"Cardiovascular diseases","deaths",144.181784128425,288.961599128553,251.902377481917,309.135457807639
76,"Belgium",2009,"Cardiovascular diseases","deaths",139.372427004131,283.014363790132,246.302555199518,302.505003766948
76,"Belgium",2010,"Cardiovascular diseases","deaths",135.241426445931,281.45534779984,244.520492297342,301.148836421982
76,"Belgium",2011,"Cardiovascular diseases","deaths",129.287151053173,273.453753585734,238.843094801099,292.544360529824
76,"Belgium",2012,"Cardiovascular diseases","deaths",127.575023871748,279.842428708286,241.295367048994,299.474490860776
76,"Belgium",2013,"Cardiovascular diseases","deaths",123.644606282888,274.941684792578,235.148975080152,293.987572810721
76,"Belgium",2014,"Cardiovascular diseases","deaths",116.959246521888,262.085680896883,222.138088428893,281.555354749516
76,"Belgium",2015,"Cardiovascular diseases","deaths",115.859570999563,269.935439345281,227.291537410215,290.854007034766
76,"Belgium",2016,"Cardiovascular diseases","deaths",111.247497878434,260.352968404667,221.099062341949,280.358265052875
305,"Bermuda",2008,"Cardiovascular diseases","deaths",175.399815784133,229.575508330644,210.886243999952,241.303272460861
305,"Bermuda",2009,"Cardiovascular diseases","deaths",165.418898045995,220.291848604309,202.163813017678,232.512299569594
305,"Bermuda",2010,"Cardiovascular diseases","deaths",158.456030576229,232.923531509125,213.081437639978,247.101533501316
305,"Bermuda",2011,"Cardiovascular diseases","deaths",162.92602048632,231.108940769404,213.22471501591,246.576088544998
305,"Bermuda",2012,"Cardiovascular diseases","deaths",158.683426647823,235.688452746632,217.365359969991,251.965817697999
305,"Bermuda",2013,"Cardiovascular diseases","deaths",156.839199830217,244.305018062379,226.721027072638,258.685789896197
305,"Bermuda",2014,"Cardiovascular diseases","deaths",154.140097267054,249.374589360518,231.160086784278,264.157205116629
305,"Bermuda",2015,"Cardiovascular diseases","deaths",151.528733494761,254.334940186337,236.368182195416,270.834315095216
305,"Bermuda",2016,"Cardiovascular diseases","deaths",149.398383657945,274.723543300601,251.956166013573,292.718497783468
66,"Brunei Darussalam",2008,"Cardiovascular diseases","deaths",206.434861540501,85.2015454539433,77.2785128686943,92.9067175244623
66,"Brunei Darussalam",2009,"Cardiovascular diseases","deaths",201.120589634968,85.3407955685185,77.7364207677291,93.1832278056773
66,"Brunei Darussalam",2010,"Cardiovascular diseases","deaths",195.974937110789,86.5263765497812,78.3195840394841,94.5968379608858
66,"Brunei Darussalam",2011,"Cardiovascular diseases","deaths",190.603497279993,86.7667443302546,78.2849785237227,94.8769406842082
66,"Brunei Darussalam",2012,"Cardiovascular diseases","deaths",185.064739196585,86.7600138440169,78.3453387477364,94.7765975110954
66,"Brunei Darussalam",2013,"Cardiovascular diseases","deaths",179.508194976295,87.7537731250453,78.7714306750236,96.0975284275419
66,"Brunei Darussalam",2014,"Cardiovascular diseases","deaths",176.21583729112,89.4376539958542,80.263786678405,97.7332663000471
66,"Brunei Darussalam",2015,"Cardiovascular diseases","deaths",175.369989836671,93.0853135709193,84.2968288787792,101.524417277225
66,"Brunei Darussalam",2016,"Cardiovascular diseases","deaths",172.187495429887,95.6411993940056,87.6432598584769,103.653892152511
45,"Bulgaria",2008,"Cardiovascular diseases","deaths",530.523220622382,909.461874038011,870.08574771963,933.56484921755
45,"Bulgaria",2009,"Cardiovascular diseases","deaths",524.63033649634,902.172494760612,861.181832016801,928.199284400895
45,"Bulgaria",2010,"Cardiovascular diseases","deaths",519.735177564642,932.379120211174,888.066598265484,957.871444378967
45,"Bulgaria",2011,"Cardiovascular diseases","deaths",508.874353040647,918.624292734616,877.811895183394,942.295972086422
45,"Bulgaria",2012,"Cardiovascular diseases","deaths",489.818858250734,914.036655730501,863.57477039986,938.479582472069
45,"Bulgaria",2013,"Cardiovascular diseases","deaths",475.747358029726,882.637013218764,836.059009275827,909.068633869182
45,"Bulgaria",2014,"Cardiovascular diseases","deaths",473.421792642476,915.430570340983,863.737418204443,942.701719434596
45,"Bulgaria",2015,"Cardiovascular diseases","deaths",467.045865781341,933.816417021028,881.589003145694,961.615181521341
45,"Bulgaria",2016,"Cardiovascular diseases","deaths",460.899862900255,917.645562536894,866.124055428752,944.851792877396
101,"Canada",2008,"Cardiovascular diseases","deaths",126.138849378264,213.109609612921,190.90041593949,225.033963093003
101,"Canada",2009,"Cardiovascular diseases","deaths",120.4841968489,206.645480643299,185.131484761729,218.685730064585
101,"Canada",2010,"Cardiovascular diseases","deaths",115.874743031766,203.371387484101,181.854078072577,215.469306552756
101,"Canada",2011,"Cardiovascular diseases","deaths",110.874871587333,198.717462039027,177.007612735982,210.911060733299
101,"Canada",2012,"Cardiovascular diseases","deaths",108.148712125312,197.956839075008,175.885697267323,210.152386265095
101,"Canada",2013,"Cardiovascular diseases","deaths",106.607284125852,199.814378221754,176.2944997712,212.316582849382
101,"Canada",2014,"Cardiovascular diseases","deaths",105.198928967699,201.350749830437,176.339515984421,213.869961501815
101,"Canada",2015,"Cardiovascular diseases","deaths",104.47736366632,203.850519734431,178.743668731188,217.354745976245
101,"Canada",2016,"Cardiovascular diseases","deaths",102.116766985133,202.019460893477,176.706588834827,215.967610414101
98,"Chile",2008,"Cardiovascular diseases","deaths",142.288477337397,141.046347839005,130.587487619128,146.695669516711
98,"Chile",2009,"Cardiovascular diseases","deaths",139.252596341794,144.823078473462,134.008642550663,150.664822459301
98,"Chile",2010,"Cardiovascular diseases","deaths",139.316702483659,153.264134007186,141.243918182011,159.895741239031
98,"Chile",2011,"Cardiovascular diseases","deaths",135.594811542814,152.121351885753,139.037069963686,159.442242124123
98,"Chile",2012,"Cardiovascular diseases","deaths",132.06268869748,151.152326698096,138.402511734004,158.275085947109
98,"Chile",2013,"Cardiovascular diseases","deaths",129.721137636486,150.30336642684,137.37129384915,156.856680011023
98,"Chile",2014,"Cardiovascular diseases","deaths",127.135827416346,151.523824660311,139.214019164464,158.173785732762
98,"Chile",2015,"Cardiovascular diseases","deaths",123.625971502344,150.485207395486,137.258107408865,157.458241810692
98,"Chile",2016,"Cardiovascular diseases","deaths",118.542816951967,148.260984389005,135.086712264814,155.592252256038
46,"Croatia",2008,"Cardiovascular diseases","deaths",342.046723491949,557.142897075231,523.204464886515,576.348999029798
46,"Croatia",2009,"Cardiovascular diseases","deaths",334.799837332627,560.557922891466,525.428493280191,579.555445550102
46,"Croatia",2010,"Cardiovascular diseases","deaths",325.032481411713,560.633347271369,524.588443330022,580.640435304816
46,"Croatia",2011,"Cardiovascular diseases","deaths",310.605071899684,552.599138965837,516.779473712158,572.948470905465
46,"Croatia",2012,"Cardiovascular diseases","deaths",299.134224127423,551.345824748626,514.52278319149,572.647408860405
46,"Croatia",2013,"Cardiovascular diseases","deaths",290.200936913029,551.364343795186,512.229178809367,572.192812113934
46,"Croatia",2014,"Cardiovascular diseases","deaths",281.512132263237,553.835881334658,511.488107619591,575.53500407518
46,"Croatia",2015,"Cardiovascular diseases","deaths",277.373769185559,568.118499837464,523.825159571329,590.254801363164
46,"Croatia",2016,"Cardiovascular diseases","deaths",263.198151178435,550.243114601758,507.646378287657,572.186316709997
77,"Cyprus",2008,"Cardiovascular diseases","deaths",235.137545158125,265.935692878374,235.396691153118,297.683326840987
77,"Cyprus",2009,"Cardiovascular diseases","deaths",227.554271734167,256.825142234698,227.615590548851,283.244395848244
77,"Cyprus",2010,"Cardiovascular diseases","deaths",221.874138620637,247.176611694049,217.838318642443,275.380928227679
77,"Cyprus",2011,"Cardiovascular diseases","deaths",214.125997389984,251.231755108694,220.298791312168,278.706902592917
77,"Cyprus",2012,"Cardiovascular diseases","deaths",206.867593244447,249.951256391716,222.546694144889,280.891953893789
77,"Cyprus",2013,"Cardiovascular diseases","deaths",199.272187579321,226.151930556418,198.419813776801,253.710413755172
77,"Cyprus",2014,"Cardiovascular diseases","deaths",193.989391992021,232.465036445362,205.216449303718,259.082631945463
77,"Cyprus",2015,"Cardiovascular diseases","deaths",190.07652051709,243.775795690136,216.731754746861,273.590596076074
77,"Cyprus",2016,"Cardiovascular diseases","deaths",184.722914733306,227.052472203006,199.371447990087,253.687217734029
47,"Czechia",2008,"Cardiovascular diseases","deaths",304.755613048213,477.887248699392,445.124218600067,495.081473972653
47,"Czechia",2009,"Cardiovascular diseases","deaths",301.413854157602,483.054967506988,449.697724413526,501.502622096341
47,"Czechia",2010,"Cardiovascular diseases","deaths",294.748353028525,481.029896936664,446.323955297895,498.694502411023
47,"Czechia",2011,"Cardiovascular diseases","deaths",287.446833196123,479.28419458033,440.578527807505,497.111662138879
47,"Czechia",2012,"Cardiovascular diseases","deaths",279.407552609745,478.607924487058,439.029122996992,496.774493065222
47,"Czechia",2013,"Cardiovascular diseases","deaths",268.830485383363,471.692711680289,432.97478787565,490.175863331078
47,"Czechia",2014,"Cardiovascular diseases","deaths",254.607922173619,455.33237179258,416.8855671991,474.297068860816
47,"Czechia",2015,"Cardiovascular diseases","deaths",249.060786617575,461.205094072139,423.43887912955,479.357960916245
47,"Czechia",2016,"Cardiovascular diseases","deaths",238.03655622416,445.470916410651,408.666297530006,463.317269927
78,"Denmark",2008,"Cardiovascular diseases","deaths",155.432987725399,291.263464486848,260.994968492306,308.431986060188
78,"Denmark",2009,"Cardiovascular diseases","deaths",149.552703829088,281.912043401423,251.564841652721,299.281170889495
78,"Denmark",2010,"Cardiovascular diseases","deaths",143.037308039518,272.294098290874,241.564121007375,289.250357897603
78,"Denmark",2011,"Cardiovascular diseases","deaths",132.147510944044,254.165845770921,227.064422391296,269.741077960646
78,"Denmark",2012,"Cardiovascular diseases","deaths",126.352039180413,245.549534117979,217.208021591681,261.161020124976
78,"Denmark",2013,"Cardiovascular diseases","deaths",120.363999814198,238.690561678934,210.723622948216,253.036982134683
78,"Denmark",2014,"Cardiovascular diseases","deaths",114.947756470776,229.248250381977,201.587074239704,244.531317431474
78,"Denmark",2015,"Cardiovascular diseases","deaths",113.07626244251,231.2902698461,203.061970092578,245.562637530002
78,"Denmark",2016,"Cardiovascular diseases","deaths",110.17335645608,227.901721398843,200.55561499755,242.725640110308
58,"Estonia",2008,"Cardiovascular diseases","deaths",393.354006695797,667.785614318864,620.584643294943,693.926364667019
58,"Estonia",2009,"Cardiovascular diseases","deaths",373.823769337245,651.029221047636,601.512690016306,675.641624970602
58,"Estonia",2010,"Cardiovascular diseases","deaths",357.142165594404,635.512486871206,588.931800898166,661.040687496373
58,"Estonia",2011,"Cardiovascular diseases","deaths",332.949006218491,609.122851060547,563.67458757556,636.675075409792
58,"Estonia",2012,"Cardiovascular diseases","deaths",318.993809194795,604.613563143577,557.309857419283,630.920306985167
58,"Estonia",2013,"Cardiovascular diseases","deaths",305.023489364018,599.0460280251,547.539636119095,625.546522430241
58,"Estonia",2014,"Cardiovascular diseases","deaths",290.908985756619,590.667076679067,540.344660651858,618.092080480737
58,"Estonia",2015,"Cardiovascular diseases","deaths",275.97221345728,572.937739606729,519.594939533982,602.918495334406
58,"Estonia",2016,"Cardiovascular diseases","deaths",266.50780194961,568.757043779466,511.708791950755,598.769359393104
79,"Finland",2008,"Cardiovascular diseases","deaths",207.827087363241,403.079703352297,354.919936257774,428.494553309425
79,"Finland",2009,"Cardiovascular diseases","deaths",204.552512605815,405.705862347447,355.874210424384,431.437240040815
79,"Finland",2010,"Cardiovascular diseases","deaths",201.194812235219,411.171794756253,356.82530338403,438.17189571678
79,"Finland",2011,"Cardiovascular diseases","deaths",194.504680644465,408.32578185612,354.036071066565,435.385774569026
79,"Finland",2012,"Cardiovascular diseases","deaths",190.471945517684,410.640347301941,354.337677955639,437.962913826133
79,"Finland",2013,"Cardiovascular diseases","deaths",184.534643789125,405.971494618459,349.561406179236,433.59913137522
79,"Finland",2014,"Cardiovascular diseases","deaths",180.459027761214,408.335696221276,352.0852995454,436.823954454611
79,"Finland",2015,"Cardiovascular diseases","deaths",175.814700358766,407.325870801992,349.823219152016,435.855196308819
79,"Finland",2016,"Cardiovascular diseases","deaths",171.139935617825,409.558489105844,350.918223629189,438.876391118732
80,"France",2008,"Cardiovascular diseases","deaths",111.256792798073,232.081732737849,203.358172657827,247.914486285509
80,"France",2009,"Cardiovascular diseases","deaths",108.028339286043,229.132390660455,199.660284425455,245.028174598853
80,"France",2010,"Cardiovascular diseases","deaths",104.540693044214,227.949598524583,199.178678843657,243.6200947863
80,"France",2011,"Cardiovascular diseases","deaths",99.5478887847429,222.765666270736,194.610190237224,238.842359234545
80,"France",2012,"Cardiovascular diseases","deaths",98.1029613836474,230.018955322823,199.967529574219,246.043578325767
80,"France",2013,"Cardiovascular diseases","deaths",94.7142500888636,225.562076909383,195.043470506964,241.55133252101
80,"France",2014,"Cardiovascular diseases","deaths",90.5416026394322,217.715351501124,187.811203685267,233.575901107242
80,"France",2015,"Cardiovascular diseases","deaths",90.6455345537713,228.635644549192,196.598904944629,246.338080582266
80,"France",2016,"Cardiovascular diseases","deaths",86.9906587665274,224.985766308263,192.502731200638,243.289551284533
81,"Germany",2008,"Cardiovascular diseases","deaths",181.721054193353,397.281109295426,345.715779168125,423.319270076834
81,"Germany",2009,"Cardiovascular diseases","deaths",177.238476712166,397.609033988794,344.977377654194,424.076355483637
81,"Germany",2010,"Cardiovascular diseases","deaths",172.026192340041,394.253664764491,341.516411851547,420.793930942565
81,"Germany",2011,"Cardiovascular diseases","deaths",164.975080356042,384.625225700229,330.810575009969,411.412030547993
81,"Germany",2012,"Cardiovascular diseases","deaths",162.659373240048,390.313626055288,335.229173526182,417.729507462501
81,"Germany",2013,"Cardiovascular diseases","deaths",161.475722082429,397.543775411255,341.091215544956,425.557018061681
81,"Germany",2014,"Cardiovascular diseases","deaths",154.194826920835,381.69972734661,327.005689505878,409.493695767826
81,"Germany",2015,"Cardiovascular diseases","deaths",155.283992364203,405.387460537956,346.234556243396,434.588260052325
81,"Germany",2016,"Cardiovascular diseases","deaths",149.296049963179,391.17372341563,333.150839655851,419.421909541222
82,"Greece",2008,"Cardiovascular diseases","deaths",214.082441263353,406.348771871262,368.293696856427,427.853062847612
82,"Greece",2009,"Cardiovascular diseases","deaths",213.677020397466,415.56801661392,376.166063604541,438.424074581978
82,"Greece",2010,"Cardiovascular diseases","deaths",207.265441631701,417.290080298958,375.988648165541,439.825179219726
82,"Greece",2011,"Cardiovascular diseases","deaths",203.81992732465,425.009236366655,382.080442319672,447.397479985327
82,"Greece",2012,"Cardiovascular diseases","deaths",200.448246083744,436.442654798904,393.122774412389,459.257064473121
82,"Greece",2013,"Cardiovascular diseases","deaths",185.286754880576,411.52691934783,369.829356453268,434.967640981615
82,"Greece",2014,"Cardiovascular diseases","deaths",173.498046950039,402.275154038717,357.966826270224,426.006136321307
82,"Greece",2015,"Cardiovascular diseases","deaths",170.696577653995,417.473171283349,369.138872851421,442.190860567955
82,"Greece",2016,"Cardiovascular diseases","deaths",163.323483461699,408.977479003342,360.28309178997,435.442367698942
349,"Greenland",2008,"Cardiovascular diseases","deaths",389.640353001837,222.872259231806,202.686071832202,247.528591462444
349,"Greenland",2009,"Cardiovascular diseases","deaths",375.949791464348,221.99988228712,202.028281249081,247.269419248604
349,"Greenland",2010,"Cardiovascular diseases","deaths",364.12674339373,223.647701341029,203.823398711349,247.956830741466
349,"Greenland",2011,"Cardiovascular diseases","deaths",353.660238885831,223.714813531764,203.457202207986,248.878631849078
349,"Greenland",2012,"Cardiovascular diseases","deaths",346.065812157658,225.15042647201,202.700369179021,248.828109680234
349,"Greenland",2013,"Cardiovascular diseases","deaths",332.874694665693,223.591253864533,199.733157292038,248.018132588469
349,"Greenland",2014,"Cardiovascular diseases","deaths",322.635331797571,224.390626739578,200.849952955083,248.693140604136
349,"Greenland",2015,"Cardiovascular diseases","deaths",317.416009595213,228.33262192198,203.845215074397,252.200696995136
349,"Greenland",2016,"Cardiovascular diseases","deaths",305.796549289056,227.668602516767,200.74810874619,251.992570692564
351,"Guam",2008,"Cardiovascular diseases","deaths",244.298226541632,181.615130498207,170.674237103425,189.921514357994
351,"Guam",2009,"Cardiovascular diseases","deaths",254.979286403789,193.955014349784,181.866320074135,202.215715386316
351,"Guam",2010,"Cardiovascular diseases","deaths",248.963495669768,199.949604591129,187.518799502512,209.394888864512
351,"Guam",2011,"Cardiovascular diseases","deaths",243.152335749199,201.168276125684,188.895314160913,210.774014074971
351,"Guam",2012,"Cardiovascular diseases","deaths",248.240955381643,212.235822020994,199.130560535318,222.273921790227
351,"Guam",2013,"Cardiovascular diseases","deaths",255.432203175111,227.527631518632,213.381509877823,238.823879423636
351,"Guam",2014,"Cardiovascular diseases","deaths",255.36735638442,237.755828778056,222.055731966695,250.491779830872
351,"Guam",2015,"Cardiovascular diseases","deaths",255.162384353731,243.88318183434,228.779155484984,255.912972396574
351,"Guam",2016,"Cardiovascular diseases","deaths",261.493555395255,258.719804242139,242.707122133239,270.989703263722
113,"Guyana",2008,"Cardiovascular diseases","deaths",406.166521806334,237.529900403038,225.124405641533,253.170773310582
113,"Guyana",2009,"Cardiovascular diseases","deaths",416.177763239536,248.550018331748,234.748235957317,263.349014407371
113,"Guyana",2010,"Cardiovascular diseases","deaths",398.525520989992,243.268614762158,230.030432718874,258.389514490653
113,"Guyana",2011,"Cardiovascular diseases","deaths",394.119477340775,246.454650990002,232.866778233564,259.96560484016
113,"Guyana",2012,"Cardiovascular diseases","deaths",393.907946982286,252.167774408896,237.545083847144,265.671910986132
113,"Guyana",2013,"Cardiovascular diseases","deaths",382.655121389321,250.095234382047,236.187881826795,264.182367433193
113,"Guyana",2014,"Cardiovascular diseases","deaths",378.959592887119,254.667377698175,239.368099164601,268.00223611256
113,"Guyana",2015,"Cardiovascular diseases","deaths",369.132178424245,254.520227382596,238.610775424778,267.921830392636
113,"Guyana",2016,"Cardiovascular diseases","deaths",355.736155345321,251.53637237925,237.818892171368,266.877216733516
354,"Hong Kong Special Administrative Region of China",2008,"Cardiovascular diseases","deaths",97.8349849817003,149.7816382338,127.59729715666,170.524721365114
354,"Hong Kong Special Administrative Region of China",2009,"Cardiovascular diseases","deaths",95.0072437768985,149.11936395089,128.259267832693,170.138366917549
354,"Hong Kong Special Administrative Region of China",2010,"Cardiovascular diseases","deaths",91.605945382984,150.623822304683,129.284257567851,171.143156068555
354,"Hong Kong Special Administrative Region of China",2011,"Cardiovascular diseases","deaths",88.5770952785317,149.609394555469,128.483487455435,169.390936755507
354,"Hong Kong Special Administrative Region of China",2012,"Cardiovascular diseases","deaths",84.3412424600967,148.108898499326,125.215668102206,166.715571151783
354,"Hong Kong Special Administrative Region of China",2013,"Cardiovascular diseases","deaths",81.9496766554415,147.400749856075,125.014944150095,166.843615347196
354,"Hong Kong Special Administrative Region of China",2014,"Cardiovascular diseases","deaths",79.5601876194335,148.783907315754,124.033369944716,168.442995073755
354,"Hong Kong Special Administrative Region of China",2015,"Cardiovascular diseases","deaths",76.3453930812255,147.623146698925,121.384246079557,166.834991303362
354,"Hong Kong Special Administrative Region of China",2016,"Cardiovascular diseases","deaths",73.149250061862,145.104038407173,119.232965797785,164.343521677167
48,"Hungary",2008,"Cardiovascular diseases","deaths",370.498516630785,627.21169139704,590.498034164455,647.422921651557
48,"Hungary",2009,"Cardiovascular diseases","deaths",361.440495891206,626.82506294701,590.437053460296,648.416618608228
48,"Hungary",2010,"Cardiovascular diseases","deaths",355.988357337089,634.771280868015,598.431129584479,656.049446993635
48,"Hungary",2011,"Cardiovascular diseases","deaths",344.309884322986,626.464680771626,586.444137552441,648.218927464254
48,"Hungary",2012,"Cardiovascular diseases","deaths",334.711486571918,623.677087840816,581.009199964652,645.247426057029
48,"Hungary",2013,"Cardiovascular diseases","deaths",325.703843857463,615.928837678989,573.966433768883,638.616232328965
48,"Hungary",2014,"Cardiovascular diseases","deaths",320.798837376431,616.506441904887,573.29518060711,639.915174989771
48,"Hungary",2015,"Cardiovascular diseases","deaths",319.100262821445,630.195328369504,588.498618292607,653.536860960846
48,"Hungary",2016,"Cardiovascular diseases","deaths",312.120487867331,620.42753700359,576.34436601198,643.428265746123
83,"Iceland",2008,"Cardiovascular diseases","deaths",157.198492102435,223.544661342971,199.19752997828,240.205356677349
83,"Iceland",2009,"Cardiovascular diseases","deaths",154.000603137987,227.505477025578,200.854024172868,243.958979614152
83,"Iceland",2010,"Cardiovascular diseases","deaths",148.505806204638,222.320726875215,194.498526695148,237.833262354537
83,"Iceland",2011,"Cardiovascular diseases","deaths",142.796660022818,220.705090591835,192.149755209045,237.084030825175
83,"Iceland",2012,"Cardiovascular diseases","deaths",137.893923354653,216.119773572258,190.440141266389,233.381757705633
83,"Iceland",2013,"Cardiovascular diseases","deaths",135.348738418247,215.219150347639,188.557124129145,231.889648755101
83,"Iceland",2014,"Cardiovascular diseases","deaths",133.629991903665,221.67038777135,192.723484487615,238.580851375355
83,"Iceland",2015,"Cardiovascular diseases","deaths",133.555657062511,226.205990609441,196.371263489001,243.761551839383
83,"Iceland",2016,"Cardiovascular diseases","deaths",128.121013975826,221.196997374354,192.155088479582,239.103460092426
84,"Ireland",2008,"Cardiovascular diseases","deaths",171.64663865648,212.106898439542,190.916155031003,224.357890187304
84,"Ireland",2009,"Cardiovascular diseases","deaths",162.871239291903,202.726300954368,182.067093663169,214.124648347158
84,"Ireland",2010,"Cardiovascular diseases","deaths",154.971509093055,194.926243364342,174.469453383693,205.766523094159
84,"Ireland",2011,"Cardiovascular diseases","deaths",148.812210676234,192.852051056609,172.640662504716,204.184333042477
84,"Ireland",2012,"Cardiovascular diseases","deaths",147.203599372084,196.06544627591,173.929498084974,208.014801242258
84,"Ireland",2013,"Cardiovascular diseases","deaths",143.346676037851,196.250195117652,174.218503175695,208.385491165925
84,"Ireland",2014,"Cardiovascular diseases","deaths",135.818938635449,188.030266520213,166.440682809121,199.199024743969
84,"Ireland",2015,"Cardiovascular diseases","deaths",134.146722108711,193.368107904876,170.814796652368,205.612588553353
84,"Ireland",2016,"Cardiovascular diseases","deaths",128.977508469666,190.539114701192,168.365092177092,203.358903753501
85,"Israel",2008,"Cardiovascular diseases","deaths",114.533773399034,137.191268675892,122.330064415511,146.663317309686
85,"Israel",2009,"Cardiovascular diseases","deaths",109.183029810236,130.242881887503,115.119063550652,139.21087247681
85,"Israel",2010,"Cardiovascular diseases","deaths",105.764065419694,129.135303015314,114.720582493711,137.968769924625
85,"Israel",2011,"Cardiovascular diseases","deaths",103.453119934003,129.983122163012,114.078627695225,139.276114835007
85,"Israel",2012,"Cardiovascular diseases","deaths",98.9272953775177,127.774043353244,111.695341413132,137.012755231203
85,"Israel",2013,"Cardiovascular diseases","deaths",95.6963438683569,122.947385847007,106.733953700461,131.621128909528
85,"Israel",2014,"Cardiovascular diseases","deaths",92.4005193049467,120.803880067405,105.16632560127,129.636958547754
85,"Israel",2015,"Cardiovascular diseases","deaths",91.0598564491001,122.619977175361,106.089197836646,131.599228187715
85,"Israel",2016,"Cardiovascular diseases","deaths",88.2489282314681,118.899350793329,101.689971695645,128.15706313717
86,"Italy",2008,"Cardiovascular diseases","deaths",152.00628781362,358.005253631392,301.547864807015,388.717172103412
86,"Italy",2009,"Cardiovascular diseases","deaths",147.434529905641,353.716121828843,297.076650922635,384.630286681472
86,"Italy",2010,"Cardiovascular diseases","deaths",140.964316664432,347.835180995686,291.108741904666,378.516380144092
86,"Italy",2011,"Cardiovascular diseases","deaths",137.708344286552,349.369805474241,292.466715977489,380.428487919709
86,"Italy",2012,"Cardiovascular diseases","deaths",136.263556105,358.563212444879,297.757222342101,390.987698437493
86,"Italy",2013,"Cardiovascular diseases","deaths",129.756851033925,345.382031479388,285.391571581478,377.177609750631
86,"Italy",2014,"Cardiovascular diseases","deaths",125.839473184403,342.408039001815,282.489319921792,374.17873109594
86,"Italy",2015,"Cardiovascular diseases","deaths",129.327055472558,372.103833434592,309.117036508172,405.837444568957
86,"Italy",2016,"Cardiovascular diseases","deaths",120.697171145989,348.970870686835,289.057384249121,381.759830093437
67,"Japan",2008,"Cardiovascular diseases","deaths",96.8038017332927,241.871554426224,201.549227636863,264.981316315624
67,"Japan",2009,"Cardiovascular diseases","deaths",92.9000075426948,239.195084407911,199.077083096053,261.454951648217
67,"Japan",2010,"Cardiovascular diseases","deaths",92.4298409249629,249.841289752136,207.117217637518,273.3526619589
67,"Japan",2011,"Cardiovascular diseases","deaths",90.9358599646974,256.366710006682,212.367901180323,280.897866683132
67,"Japan",2012,"Cardiovascular diseases","deaths",88.6400966945781,260.216008474043,214.767607457843,285.47576472574
67,"Japan",2013,"Cardiovascular diseases","deaths",85.5575933711607,259.490975983713,213.184018260504,286.219260353239
67,"Japan",2014,"Cardiovascular diseases","deaths",82.66811924522,257.738217557541,211.157945954004,284.871568387159
67,"Japan",2015,"Cardiovascular diseases","deaths",80.3988716792422,259.93681687846,211.765443174931,288.238676822936
67,"Japan",2016,"Cardiovascular diseases","deaths",78.7634736085763,263.162916851955,213.393755397605,292.239517120329
145,"Kuwait",2008,"Cardiovascular diseases","deaths",326.442650978178,82.6861923681503,79.0801390429184,85.8067560662788
145,"Kuwait",2009,"Cardiovascular diseases","deaths",298.420515751589,75.7448823200997,72.4647437922309,78.6875317768587
145,"Kuwait",2010,"Cardiovascular diseases","deaths",285.278592359861,73.34662735991,70.0548872488447,76.4422415982164
145,"Kuwait",2011,"Cardiovascular diseases","deaths",271.290906135925,72.5552654667783,69.0627001571352,75.5754309357592
145,"Kuwait",2012,"Cardiovascular diseases","deaths",252.93821106873,69.0875815629417,65.5003934654411,71.9646390186531
145,"Kuwait",2013,"Cardiovascular diseases","deaths",234.081374894116,67.6262828911439,63.7835032572836,70.6048296855869
145,"Kuwait",2014,"Cardiovascular diseases","deaths",217.999352952619,65.2162124896687,60.9607271971775,68.2320412441415
145,"Kuwait",2015,"Cardiovascular diseases","deaths",215.609337695504,66.139250438514,62.2010688709858,68.8881403533637
145,"Kuwait",2016,"Cardiovascular diseases","deaths",215.018744677187,69.1469770081779,65.2164234600679,71.8808643701169
59,"Latvia",2008,"Cardiovascular diseases","deaths",486.426095114879,816.157107725694,771.242197057328,844.289458463148
59,"Latvia",2009,"Cardiovascular diseases","deaths",459.713242144476,796.333684182178,747.902810715525,823.908798566238
59,"Latvia",2010,"Cardiovascular diseases","deaths",441.437927413713,788.639455343878,738.56813829363,814.913095254709
59,"Latvia",2011,"Cardiovascular diseases","deaths",426.508186737106,780.588534483645,730.916793074173,810.087284489199
59,"Latvia",2012,"Cardiovascular diseases","deaths",412.386033102479,782.395119235382,731.249306555438,814.783908852846
59,"Latvia",2013,"Cardiovascular diseases","deaths",396.377306104627,774.304694247375,719.818868762905,806.904411300368
59,"Latvia",2014,"Cardiovascular diseases","deaths",383.738160141872,771.19048414814,718.478654986201,800.409608085031
59,"Latvia",2015,"Cardiovascular diseases","deaths",373.169463078809,772.21286538658,712.94383187686,805.459784190493
59,"Latvia",2016,"Cardiovascular diseases","deaths",363.47829516498,768.458628142426,704.442926145476,801.102671445535
60,"Lithuania",2008,"Cardiovascular diseases","deaths",452.176248245216,731.12011294331,682.978549647723,756.80834460199
60,"Lithuania",2009,"Cardiovascular diseases","deaths",437.901008499555,731.176227292837,684.481970888951,754.599909004715
60,"Lithuania",2010,"Cardiovascular diseases","deaths",426.473067532986,740.013519864236,690.420641819262,765.120792669262
60,"Lithuania",2011,"Cardiovascular diseases","deaths",414.455598426145,739.433589371987,691.274775991518,763.49496244577
60,"Lithuania",2012,"Cardiovascular diseases","deaths",401.714504140672,744.571092819225,692.517943165272,770.787404249801
60,"Lithuania",2013,"Cardiovascular diseases","deaths",389.514091020447,750.326734881363,691.62408450231,778.633989205938
60,"Lithuania",2014,"Cardiovascular diseases","deaths",379.611892595374,756.199094584753,699.513323689895,784.41653434863
60,"Lithuania",2015,"Cardiovascular diseases","deaths",374.304746425803,772.290639022851,717.581850849064,803.148445518427
60,"Lithuania",2016,"Cardiovascular diseases","deaths",362.497865612552,768.543092936323,714.331426009247,799.246252881094
87,"Luxembourg",2008,"Cardiovascular diseases","deaths",168.903425275311,262.369611533875,241.271420445772,276.895982361649
87,"Luxembourg",2009,"Cardiovascular diseases","deaths",160.163379419941,249.15981890154,228.324892130015,264.453135195525
87,"Luxembourg",2010,"Cardiovascular diseases","deaths",153.653748892507,242.681606184766,222.0804821111,257.697464112205
87,"Luxembourg",2011,"Cardiovascular diseases","deaths",148.293261818845,243.720414385802,222.699909019734,258.586007293876
87,"Luxembourg",2012,"Cardiovascular diseases","deaths",141.793322879786,235.330472939336,214.556760992609,249.889476917893
87,"Luxembourg",2013,"Cardiovascular diseases","deaths",136.663254555128,225.737467123349,204.074862122312,239.988471380147
87,"Luxembourg",2014,"Cardiovascular diseases","deaths",129.983638104165,215.113690302749,193.028745226256,228.934464712455
87,"Luxembourg",2015,"Cardiovascular diseases","deaths",125.380003693134,216.261307134359,194.133447094742,229.882909911926
87,"Luxembourg",2016,"Cardiovascular diseases","deaths",124.64854443468,218.146412891744,195.689360174615,231.227128905008
361,"Macao Special Administrative Region of China",2008,"Cardiovascular diseases","deaths",128.666729329068,120.592713048608,91.5840164943672,155.662102448726
361,"Macao Special Administrative Region of China",2009,"Cardiovascular diseases","deaths",124.265711318412,118.775400136824,86.3595225855689,154.831164012339
361,"Macao Special Administrative Region of China",2010,"Cardiovascular diseases","deaths",117.928949954539,114.870670140346,78.0122525056351,154.615141191189
361,"Macao Special Administrative Region of China",2011,"Cardiovascular diseases","deaths",109.760652019195,108.582065664643,69.1970592416423,151.794466898548
361,"Macao Special Administrative Region of China",2012,"Cardiovascular diseases","deaths",99.5133274933244,99.5562051568132,59.2814728066033,140.900668665428
361,"Macao Special Administrative Region of China",2013,"Cardiovascular diseases","deaths",91.3899373490683,92.3218130742737,51.3422593820462,135.464026419165
361,"Macao Special Administrative Region of China",2014,"Cardiovascular diseases","deaths",83.9430696814082,85.6521445750346,43.1584742690918,130.417478766111
361,"Macao Special Administrative Region of China",2015,"Cardiovascular diseases","deaths",79.9777688432862,82.7607255577234,39.8832962769165,127.679406133536
361,"Macao Special Administrative Region of China",2016,"Cardiovascular diseases","deaths",77.1383958564324,81.3305745181962,38.0704610835392,125.650305698296
88,"Malta",2008,"Cardiovascular diseases","deaths",191.57462411527,295.216833498894,268.76582556623,314.034838470214
88,"Malta",2009,"Cardiovascular diseases","deaths",183.912905391187,290.731279328128,263.316594522233,308.283898398223
88,"Malta",2010,"Cardiovascular diseases","deaths",179.646577766077,289.782708308646,260.040372437799,307.112014672936
88,"Malta",2011,"Cardiovascular diseases","deaths",184.564608290724,307.488535586535,278.808009818965,325.14051553605
88,"Malta",2012,"Cardiovascular diseases","deaths",181.207545375892,313.196135203981,282.242287203029,332.417203715867
88,"Malta",2013,"Cardiovascular diseases","deaths",165.073218389897,289.737850321395,259.067044302236,309.741815502563
88,"Malta",2014,"Cardiovascular diseases","deaths",154.732697184189,272.095772959278,240.185266854721,291.033425480453
88,"Malta",2015,"Cardiovascular diseases","deaths",148.675907483658,270.068330075687,235.201080822602,289.179539557512
88,"Malta",2016,"Cardiovascular diseases","deaths",140.368228895193,258.454850372283,227.015777568372,278.459871542249
367,"Monaco",2008,"Cardiovascular diseases","deaths",197.106488555364,555.816879155194,462.305075318305,683.800827199916
367,"Monaco",2009,"Cardiovascular diseases","deaths",188.50201673039,548.969163129251,455.807279213858,654.866750959828
367,"Monaco",2010,"Cardiovascular diseases","deaths",182.55610939849,530.261774434484,445.094903174766,614.37369490475
367,"Monaco",2011,"Cardiovascular diseases","deaths",174.444415320996,487.442881046471,402.564840713507,557.230944110488
367,"Monaco",2012,"Cardiovascular diseases","deaths",166.487467748796,483.74052140169,396.963182903709,556.044854863193
367,"Monaco",2013,"Cardiovascular diseases","deaths",157.082053005759,469.417906409925,383.198382378452,549.508324546833
367,"Monaco",2014,"Cardiovascular diseases","deaths",145.868782923744,422.221975706169,331.694130262009,514.749414089627
367,"Monaco",2015,"Cardiovascular diseases","deaths",135.856783086206,426.844715344246,309.549935403383,537.816855321179
367,"Monaco",2016,"Cardiovascular diseases","deaths",124.121627645835,366.687183414534,246.962997244203,483.538903940227
369,"Nauru",2008,"Cardiovascular diseases","deaths",943.848196744179,285.074739286589,220.997689135431,347.559528908281
369,"Nauru",2009,"Cardiovascular diseases","deaths",936.000635588381,285.156878555359,221.853411256273,350.47397972797
369,"Nauru",2010,"Cardiovascular diseases","deaths",926.722201380586,285.134553645527,221.084426279561,350.438325239752
369,"Nauru",2011,"Cardiovascular diseases","deaths",913.192419183039,284.567232002133,223.778506620154,352.493615509433
369,"Nauru",2012,"Cardiovascular diseases","deaths",895.590390637273,283.875631065669,222.661312408209,345.530319823624
369,"Nauru",2013,"Cardiovascular diseases","deaths",880.929723387874,284.081677185904,224.026712867232,343.819365288878
369,"Nauru",2014,"Cardiovascular diseases","deaths",862.808675827009,283.604285701842,225.768875855323,343.118955991833
369,"Nauru",2015,"Cardiovascular diseases","deaths",846.95140382261,284.422197406753,225.795672843093,340.160851317045
369,"Nauru",2016,"Cardiovascular diseases","deaths",837.22027693307,287.99435383267,227.062947518544,339.294228837441
89,"Netherlands",2008,"Cardiovascular diseases","deaths",134.913645535889,229.38508384243,203.616623673868,244.763652089554
89,"Netherlands",2009,"Cardiovascular diseases","deaths",128.766536764951,222.096998692888,196.153295981322,236.35275523012
89,"Netherlands",2010,"Cardiovascular diseases","deaths",124.31267486324,220.50132924524,193.255631711781,234.674210448282
89,"Netherlands",2011,"Cardiovascular diseases","deaths",118.925190401782,214.754298187424,187.938143481695,229.271829197228
89,"Netherlands",2012,"Cardiovascular diseases","deaths",116.606711580012,218.44846772567,189.555552690097,233.800258357896
89,"Netherlands",2013,"Cardiovascular diseases","deaths",115.074269970701,220.012834648295,190.259799103719,235.423709093089
89,"Netherlands",2014,"Cardiovascular diseases","deaths",111.275764624192,216.715450432414,186.712776760711,231.673867654846
89,"Netherlands",2015,"Cardiovascular diseases","deaths",111.251201497551,224.457033604258,193.399979062635,240.993129327088
89,"Netherlands",2016,"Cardiovascular diseases","deaths",108.26454445993,222.990388371995,192.483450786587,239.185462448524
72,"New Zealand",2008,"Cardiovascular diseases","deaths",161.234591922962,234.861358137351,205.413150919793,250.319834690793
72,"New Zealand",2009,"Cardiovascular diseases","deaths",155.738725167284,231.98911453845,201.314152531163,247.322490157613
72,"New Zealand",2010,"Cardiovascular diseases","deaths",150.683416628353,226.443733840975,196.531412446643,240.827514791872
72,"New Zealand",2011,"Cardiovascular diseases","deaths",146.584070473897,228.426646448171,197.272335094605,243.196609753508
72,"New Zealand",2012,"Cardiovascular diseases","deaths",141.478842069902,225.108965918486,193.14569163786,240.129441785559
72,"New Zealand",2013,"Cardiovascular diseases","deaths",135.378773647087,215.747708303175,186.21278191458,230.510512428409
72,"New Zealand",2014,"Cardiovascular diseases","deaths",134.519676564558,222.80205035969,193.945740024955,237.714877790872
72,"New Zealand",2015,"Cardiovascular diseases","deaths",131.45917496375,220.771694029362,192.204103360088,235.453894775765
72,"New Zealand",2016,"Cardiovascular diseases","deaths",127.183489610543,214.022997793074,187.141785450209,229.099030144321
376,"Northern Mariana Islands",2008,"Cardiovascular diseases","deaths",353.92598776477,146.618727790495,128.662219594487,163.95307734666
376,"Northern Mariana Islands",2009,"Cardiovascular diseases","deaths",357.761501427151,157.44479644514,138.142428789898,175.573251249698
376,"Northern Mariana Islands",2010,"Cardiovascular diseases","deaths",358.655382271844,170.024549173058,150.638237392433,189.479088253373
376,"Northern Mariana Islands",2011,"Cardiovascular diseases","deaths",358.312624460513,181.795645914815,161.561468556842,201.319008946302
376,"Northern Mariana Islands",2012,"Cardiovascular diseases","deaths",357.022815102343,190.567815943545,170.247620325899,210.344069655362
376,"Northern Mariana Islands",2013,"Cardiovascular diseases","deaths",356.222526403958,196.9000368153,174.926933854642,218.449168936591
376,"Northern Mariana Islands",2014,"Cardiovascular diseases","deaths",353.739041544452,202.380624422289,177.941771114502,225.909178088069
376,"Northern Mariana Islands",2015,"Cardiovascular diseases","deaths",365.442407170269,211.418220134606,185.673420924526,233.091394786229
376,"Northern Mariana Islands",2016,"Cardiovascular diseases","deaths",358.325338432114,217.897271436709,192.528010178448,242.702909286436
90,"Norway",2008,"Cardiovascular diseases","deaths",153.154721916768,302.032922598967,262.753371306964,324.460729602502
90,"Norway",2009,"Cardiovascular diseases","deaths",145.774568382898,286.936669424169,248.883548522814,307.812792517991
90,"Norway",2010,"Cardiovascular diseases","deaths",139.670450538489,277.772179049525,239.896956275307,298.867630826454
90,"Norway",2011,"Cardiovascular diseases","deaths",135.089959131449,269.439831593852,232.210238280457,289.828925678711
90,"Norway",2012,"Cardiovascular diseases","deaths",131.602848265949,266.687582736052,229.526301526528,286.724644599544
90,"Norway",2013,"Cardiovascular diseases","deaths",125.089324601554,250.263034377794,216.038290240637,269.51450507956
90,"Norway",2014,"Cardiovascular diseases","deaths",118.225284109375,238.684016564398,204.749710917418,258.148327706247
90,"Norway",2015,"Cardiovascular diseases","deaths",113.046890792368,230.916795758649,198.941600979648,250.258991434766
90,"Norway",2016,"Cardiovascular diseases","deaths",107.069806454119,219.848820923901,189.315332962262,237.848455974546
150,"Oman",2008,"Cardiovascular diseases","deaths",381.788302664569,126.547404869931,114.317644516523,137.283565595121
150,"Oman",2009,"Cardiovascular diseases","deaths",371.669420993092,122.093763896718,109.715789704617,132.649764512308
150,"Oman",2010,"Cardiovascular diseases","deaths",371.143746069232,121.032520360108,108.296809788277,132.292115809483
150,"Oman",2011,"Cardiovascular diseases","deaths",373.515188880054,120.346522691115,108.083771350841,130.933454619365
150,"Oman",2012,"Cardiovascular diseases","deaths",371.649428306597,118.351273615618,105.988905729909,128.871693104216
150,"Oman",2013,"Cardiovascular diseases","deaths",361.101754460664,112.85257478491,100.441526202241,123.354213198286
150,"Oman",2014,"Cardiovascular diseases","deaths",357.082096337765,109.033242916535,97.5320226801603,119.840740150355
150,"Oman",2015,"Cardiovascular diseases","deaths",363.933524254479,110.070394859011,98.9878811605537,121.692417622772
150,"Oman",2016,"Cardiovascular diseases","deaths",356.160978176794,106.15990227883,95.4701829537675,117.014730604932
380,"Palau",2008,"Cardiovascular diseases","deaths",443.315703738586,294.226185408791,258.882589188644,335.913942592779
380,"Palau",2009,"Cardiovascular diseases","deaths",439.979301095962,300.686786855788,266.731318419254,343.365136111417
380,"Palau",2010,"Cardiovascular diseases","deaths",436.936188997744,307.63885357764,271.596735014544,350.726371008793
380,"Palau",2011,"Cardiovascular diseases","deaths",435.390679359688,313.823369849513,275.87433723334,354.932045385509
380,"Palau",2012,"Cardiovascular diseases","deaths",432.530869607935,319.047663266687,278.904511787093,364.312290396266
380,"Palau",2013,"Cardiovascular diseases","deaths",429.127188509015,324.656810061923,286.425754945278,364.651768600064
380,"Palau",2014,"Cardiovascular diseases","deaths",425.731851146431,331.621816228874,293.874663755254,371.186483740333
380,"Palau",2015,"Cardiovascular diseases","deaths",419.288644931173,336.859515163622,297.537553926633,380.023666134486
380,"Palau",2016,"Cardiovascular diseases","deaths",409.654584438819,336.947288256932,299.804316406205,380.898591643253
132,"Panama",2008,"Cardiovascular diseases","deaths",149.484166715251,117.450180146991,108.608288065971,123.454201544812
132,"Panama",2009,"Cardiovascular diseases","deaths",152.886708346816,121.847150017809,112.617259936511,128.06249931427
132,"Panama",2010,"Cardiovascular diseases","deaths",148.844721659465,124.457662386015,114.73833611291,131.103574365739
132,"Panama",2011,"Cardiovascular diseases","deaths",147.860346459276,123.547508493668,114.456246696041,130.22770963103
132,"Panama",2012,"Cardiovascular diseases","deaths",143.104119335718,123.764134692845,114.040867174979,130.499067078724
132,"Panama",2013,"Cardiovascular diseases","deaths",143.913112356597,128.505814452566,118.868763207722,135.702269421128
132,"Panama",2014,"Cardiovascular diseases","deaths",142.277200409643,130.810469373168,120.69123974966,138.037854420717
132,"Panama",2015,"Cardiovascular diseases","deaths",141.338197472422,132.29810661635,121.746084763756,139.732272008491
132,"Panama",2016,"Cardiovascular diseases","deaths",142.127472819441,137.757091136897,126.232582344672,145.668558837174
51,"Poland",2008,"Cardiovascular diseases","deaths",302.352748985112,427.936671802404,400.670020049064,446.607532981891
51,"Poland",2009,"Cardiovascular diseases","deaths",297.147512150161,431.404589072479,402.988608936539,451.426823385687
51,"Poland",2010,"Cardiovascular diseases","deaths",284.540003710723,425.384682237111,396.12378025973,443.812493940263
51,"Poland",2011,"Cardiovascular diseases","deaths",272.738196459375,417.577575297648,387.553984100504,436.342927564341
51,"Poland",2012,"Cardiovascular diseases","deaths",269.325661270295,426.316633361786,396.362324537014,444.894881962452
51,"Poland",2013,"Cardiovascular diseases","deaths",261.137189634327,426.116768597443,393.653886665288,446.453081435661
51,"Poland",2014,"Cardiovascular diseases","deaths",247.88907018276,414.30348395201,381.619555390964,434.459568136728
51,"Poland",2015,"Cardiovascular diseases","deaths",243.293301541349,423.436461810793,388.256115902962,444.258927716296
51,"Poland",2016,"Cardiovascular diseases","deaths",232.956520420494,414.095351383745,379.136274642592,434.156379860629
91,"Portugal",2008,"Cardiovascular diseases","deaths",161.309603919419,316.156417998453,281.752025463506,334.028659158923
91,"Portugal",2009,"Cardiovascular diseases","deaths",153.664340084934,309.449324066941,272.720683630081,328.573974782103
91,"Portugal",2010,"Cardiovascular diseases","deaths",147.222344028494,306.587885995393,269.424552169958,326.239815100642
91,"Portugal",2011,"Cardiovascular diseases","deaths",137.231293944844,292.21371910377,255.304492696975,311.899163873064
91,"Portugal",2012,"Cardiovascular diseases","deaths",134.126923842479,299.580024338593,261.874944192323,319.160549753186
91,"Portugal",2013,"Cardiovascular diseases","deaths",128.132389429411,293.069347720851,255.341697215613,313.196791798273
91,"Portugal",2014,"Cardiovascular diseases","deaths",123.526118870296,289.570427129366,251.273033264888,310.942184682699
91,"Portugal",2015,"Cardiovascular diseases","deaths",120.942654430924,295.566079355513,256.540245324303,316.508648160275
91,"Portugal",2016,"Cardiovascular diseases","deaths",118.592468009354,298.645369667165,257.641267802136,321.43398587214
385,"Puerto Rico",2008,"Cardiovascular diseases","deaths",127.528547788743,199.892818507506,183.890478286779,209.954499877047
385,"Puerto Rico",2009,"Cardiovascular diseases","deaths",122.618252587896,197.250384994695,180.691749656247,206.521460373674
385,"Puerto Rico",2010,"Cardiovascular diseases","deaths",119.631058308348,198.595581797084,181.419035062516,208.502680173177
385,"Puerto Rico",2011,"Cardiovascular diseases","deaths",116.594032367799,198.281058494854,181.338222473942,208.432303200209
385,"Puerto Rico",2012,"Cardiovascular diseases","deaths",111.770887302021,198.635614455798,181.071421249062,208.701089136709
385,"Puerto Rico",2013,"Cardiovascular diseases","deaths",108.480416744228,199.226154796415,180.912362702927,208.966341484335
385,"Puerto Rico",2014,"Cardiovascular diseases","deaths",104.7627831009,203.010221035011,184.563198744963,213.021597131775
385,"Puerto Rico",2015,"Cardiovascular diseases","deaths",102.279924283421,203.024912979201,185.861170328335,212.950645312812
385,"Puerto Rico",2016,"Cardiovascular diseases","deaths",99.5859950731055,208.183556656611,188.567763698715,219.441315758776
151,"Qatar",2008,"Cardiovascular diseases","deaths",315.751563922634,44.9085713336276,40.3187320592539,49.5055967250173
151,"Qatar",2009,"Cardiovascular diseases","deaths",289.803112050395,39.2956701452662,35.2483618100353,43.5571586739775
151,"Qatar",2010,"Cardiovascular diseases","deaths",261.382521921595,34.1517064886364,30.3173946812503,37.8927756753173
151,"Qatar",2011,"Cardiovascular diseases","deaths",234.889294205566,30.7405002641259,26.810967605774,34.2978137860374
151,"Qatar",2012,"Cardiovascular diseases","deaths",213.050901665026,28.8606918477173,24.6423076180003,32.4358571670011
151,"Qatar",2013,"Cardiovascular diseases","deaths",187.014237170724,26.3836401758982,21.9686241111442,29.873635972322
151,"Qatar",2014,"Cardiovascular diseases","deaths",165.115241700856,24.5799493995933,20.2902766504955,27.9798843438692
151,"Qatar",2015,"Cardiovascular diseases","deaths",161.794801994238,25.6077008076456,21.1753183820684,29.5025980632383
151,"Qatar",2016,"Cardiovascular diseases","deaths",145.591756036952,24.1174670911263,19.7437807425401,27.668841633343
68,"Republic of Korea",2008,"Cardiovascular diseases","deaths",127.955747518351,121.900795363415,107.352104319506,133.503557063819
68,"Republic of Korea",2009,"Cardiovascular diseases","deaths",119.306235313641,118.661007690015,103.755849339444,129.961884647669
68,"Republic of Korea",2010,"Cardiovascular diseases","deaths",115.34009265842,119.956915415109,105.806797059214,131.373519962445
68,"Republic of Korea",2011,"Cardiovascular diseases","deaths",110.759992252901,119.281201053764,104.041854530163,130.44932269899
68,"Republic of Korea",2012,"Cardiovascular diseases","deaths",106.967648977348,121.562767642671,105.267507789814,133.294811237051
68,"Republic of Korea",2013,"Cardiovascular diseases","deaths",100.582511712489,118.05001103765,102.279802015121,128.823314467579
68,"Republic of Korea",2014,"Cardiovascular diseases","deaths",94.8654455002616,115.727112447147,99.8710928309695,127.067287650453
68,"Republic of Korea",2015,"Cardiovascular diseases","deaths",91.389991860167,116.829807692823,100.626919380738,129.032526065502
68,"Republic of Korea",2016,"Cardiovascular diseases","deaths",87.4899456249101,116.213752387226,99.9102305237441,129.025755372053
52,"Romania",2008,"Cardiovascular diseases","deaths",464.403602545054,690.715744851392,658.363770873283,709.561445504352
52,"Romania",2009,"Cardiovascular diseases","deaths",457.022142195746,704.839369157743,668.362047250284,725.155558374115
52,"Romania",2010,"Cardiovascular diseases","deaths",447.735265184371,714.984567309417,676.452428301531,735.999169138137
52,"Romania",2011,"Cardiovascular diseases","deaths",431.460579674103,707.446706208434,669.305690918237,729.48000795939
52,"Romania",2012,"Cardiovascular diseases","deaths",417.919230691947,708.788054979469,667.284863217389,730.310967205859
52,"Romania",2013,"Cardiovascular diseases","deaths",402.375409653969,697.326070913252,656.73181410906,719.620139231821
52,"Romania",2014,"Cardiovascular diseases","deaths",397.740272942832,709.049167415248,666.295987471397,732.127980192201
52,"Romania",2015,"Cardiovascular diseases","deaths",397.057736409635,728.897256924199,684.399688815598,752.574093626789
52,"Romania",2016,"Cardiovascular diseases","deaths",386.889941340755,721.798083368236,677.297299426251,744.284656597858
62,"Russian Federation",2008,"Cardiovascular diseases","deaths",628.478003296774,824.159140131999,790.642003993653,842.789575067505
62,"Russian Federation",2009,"Cardiovascular diseases","deaths",602.720611132126,802.909527025443,771.038388031729,822.295236917332
62,"Russian Federation",2010,"Cardiovascular diseases","deaths",591.688534614647,802.882708680318,768.350572342484,822.556083290346
62,"Russian Federation",2011,"Cardiovascular diseases","deaths",547.193908508585,752.326197282848,716.778003341739,773.101244465792
62,"Russian Federation",2012,"Cardiovascular diseases","deaths",524.01751691744,734.495320219594,700.117518798194,754.272755885156
62,"Russian Federation",2013,"Cardiovascular diseases","deaths",500.633858503997,710.618272079163,677.029514399492,731.518524113397
62,"Russian Federation",2014,"Cardiovascular diseases","deaths",482.482466643628,693.843333562651,660.235928120071,714.969482338614
62,"Russian Federation",2015,"Cardiovascular diseases","deaths",474.423771212183,696.02562030022,658.617387276541,716.577681886141
62,"Russian Federation",2016,"Cardiovascular diseases","deaths",458.345646854987,684.497723174489,649.097049461563,705.974593523095
393,"Saint Kitts and Nevis",2008,"Cardiovascular diseases","deaths",275.694258310601,247.218818734496,234.993070312569,259.604914294968
393,"Saint Kitts and Nevis",2009,"Cardiovascular diseases","deaths",271.700831430063,248.802907709734,235.179576146792,261.725421285084
393,"Saint Kitts and Nevis",2010,"Cardiovascular diseases","deaths",268.834675751572,248.113489909492,235.024827965147,261.267375503093
393,"Saint Kitts and Nevis",2011,"Cardiovascular diseases","deaths",266.318353100768,259.210609142605,245.420844660399,273.649332853789
393,"Saint Kitts and Nevis",2012,"Cardiovascular diseases","deaths",254.951339509331,247.193590425576,233.347513556568,260.236372222442
393,"Saint Kitts and Nevis",2013,"Cardiovascular diseases","deaths",248.137129923969,242.28999064554,228.939788213669,254.084029395586
393,"Saint Kitts and Nevis",2014,"Cardiovascular diseases","deaths",244.118539190602,235.638869866485,222.908740647094,247.697708586846
393,"Saint Kitts and Nevis",2015,"Cardiovascular diseases","deaths",245.532531830407,234.270275767154,222.42575860877,246.68558778875
393,"Saint Kitts and Nevis",2016,"Cardiovascular diseases","deaths",242.635364121982,236.121860566388,223.5763380941,247.577216596019
396,"San Marino",2008,"Cardiovascular diseases","deaths",115.722028173455,261.946041975072,216.012540671672,305.633595041908
396,"San Marino",2009,"Cardiovascular diseases","deaths",109.046198845484,258.180686998003,210.255066618918,297.471973912383
396,"San Marino",2010,"Cardiovascular diseases","deaths",104.611379918917,248.609246083539,203.194303515375,285.037810634255
396,"San Marino",2011,"Cardiovascular diseases","deaths",100.736890336504,229.653629735712,188.86675972748,263.49907735746
396,"San Marino",2012,"Cardiovascular diseases","deaths",97.1164914044067,229.836490299327,188.86062343121,262.923037017889
396,"San Marino",2013,"Cardiovascular diseases","deaths",93.065987889915,214.416686580162,177.027860616496,246.302114872956
396,"San Marino",2014,"Cardiovascular diseases","deaths",90.1988780746783,211.133804735683,175.407817533102,244.837730221099
396,"San Marino",2015,"Cardiovascular diseases","deaths",88.7087868824874,203.082809874551,171.372137639445,231.743560582246
396,"San Marino",2016,"Cardiovascular diseases","deaths",87.3180193715375,234.945254167032,193.70441608523,268.996210899768
152,"Saudi Arabia",2008,"Cardiovascular diseases","deaths",418.582912371406,133.065145176595,121.880362207975,144.373515371422
152,"Saudi Arabia",2009,"Cardiovascular diseases","deaths",424.944056874228,133.923375505102,121.298473369593,145.507536008775
152,"Saudi Arabia",2010,"Cardiovascular diseases","deaths",427.528798424125,133.008307720527,121.263918845813,144.259159998068
152,"Saudi Arabia",2011,"Cardiovascular diseases","deaths",420.490566529804,128.455305254264,118.377583695791,140.043798454236
152,"Saudi Arabia",2012,"Cardiovascular diseases","deaths",412.144288473566,123.678081491014,110.752868956908,135.525093615634
152,"Saudi Arabia",2013,"Cardiovascular diseases","deaths",395.13631411388,116.5261758127,103.419362981478,128.396419902391
152,"Saudi Arabia",2014,"Cardiovascular diseases","deaths",374.232652755091,108.42345207914,95.7423271852451,120.749597383828
152,"Saudi Arabia",2015,"Cardiovascular diseases","deaths",380.979522757244,109.192099029821,96.4197179710483,122.49460456916
152,"Saudi Arabia",2016,"Cardiovascular diseases","deaths",362.888405014322,102.260860748422,89.5794293219799,114.706021376796
186,"Seychelles",2008,"Cardiovascular diseases","deaths",271.090943731209,234.72141547633,213.351805751675,254.768851288615
186,"Seychelles",2009,"Cardiovascular diseases","deaths",265.690035924075,233.098171050245,212.229543640354,252.929869421152
186,"Seychelles",2010,"Cardiovascular diseases","deaths",260.615107645469,228.785350888734,207.634341125934,248.842746506084
186,"Seychelles",2011,"Cardiovascular diseases","deaths",256.590405979101,228.020866788395,207.968906412618,246.146911754052
186,"Seychelles",2012,"Cardiovascular diseases","deaths",249.848019866082,222.637251958316,202.188789763125,239.516786978433
186,"Seychelles",2013,"Cardiovascular diseases","deaths",241.806559803144,222.271011867628,200.847807528972,238.643377696573
186,"Seychelles",2014,"Cardiovascular diseases","deaths",233.65135422357,214.212291171774,194.758668179031,230.709250908198
186,"Seychelles",2015,"Cardiovascular diseases","deaths",226.522240856836,210.54830416914,192.169730498045,227.221708846162
186,"Seychelles",2016,"Cardiovascular diseases","deaths",222.310875262901,213.280354119719,193.105947730245,230.561975227697
69,"Singapore",2008,"Cardiovascular diseases","deaths",135.932508682903,114.333254453863,106.672145585249,119.380743697129
69,"Singapore",2009,"Cardiovascular diseases","deaths",126.237382472785,109.159795794738,100.954912418348,113.939799968092
69,"Singapore",2010,"Cardiovascular diseases","deaths",120.066261342294,107.720043445487,99.0942128620866,112.701274604608
69,"Singapore",2011,"Cardiovascular diseases","deaths",113.367725129902,104.921859666957,96.2207659345508,109.723100105573
69,"Singapore",2012,"Cardiovascular diseases","deaths",108.413531239938,103.752955714057,94.8375931338212,108.5798727446
69,"Singapore",2013,"Cardiovascular diseases","deaths",102.661347042138,102.048892039591,93.295247762246,107.099072785308
69,"Singapore",2014,"Cardiovascular diseases","deaths",99.4225861189346,103.355191144155,94.6486268105169,108.368579041909
69,"Singapore",2015,"Cardiovascular diseases","deaths",95.2636545971053,103.506446089541,94.1506011788371,109.332277263362
69,"Singapore",2016,"Cardiovascular diseases","deaths",92.0670561487597,103.537755971566,94.2417681297664,109.178147646496
54,"Slovakia",2008,"Cardiovascular diseases","deaths",382.037980991044,499.834029521963,467.165595264395,522.456145292448
54,"Slovakia",2009,"Cardiovascular diseases","deaths",370.446148328591,493.017146883067,460.461706146802,515.657991949058
54,"Slovakia",2010,"Cardiovascular diseases","deaths",358.333332515795,487.510413981837,454.859294053291,511.63323123442
54,"Slovakia",2011,"Cardiovascular diseases","deaths",341.648043707083,473.144671312804,440.512400120318,497.489187745852
54,"Slovakia",2012,"Cardiovascular diseases","deaths",324.819106498986,461.685081026689,432.279441026863,484.371960464897
54,"Slovakia",2013,"Cardiovascular diseases","deaths",312.486334892945,454.759919020044,427.028661635854,476.63148621145
54,"Slovakia",2014,"Cardiovascular diseases","deaths",300.756783518891,445.572127880782,417.808775764724,467.739572626712
54,"Slovakia",2015,"Cardiovascular diseases","deaths",295.26662833565,450.699818771743,420.413544431061,474.607013064458
54,"Slovakia",2016,"Cardiovascular diseases","deaths",287.273297597013,447.829080735206,416.183899348242,472.13692344448
55,"Slovenia",2008,"Cardiovascular diseases","deaths",208.695938949486,340.662375317816,312.645787385766,356.652476332132
55,"Slovenia",2009,"Cardiovascular diseases","deaths",202.380939561327,341.705030220566,312.232699564537,358.484663574317
55,"Slovenia",2010,"Cardiovascular diseases","deaths",194.840218054616,339.70500237873,308.586977083463,357.717579618099
55,"Slovenia",2011,"Cardiovascular diseases","deaths",186.894572423233,339.192115329362,307.12333823117,356.409823710047
55,"Slovenia",2012,"Cardiovascular diseases","deaths",181.05251287727,341.852811020446,308.738683725369,359.946834878007
55,"Slovenia",2013,"Cardiovascular diseases","deaths",175.827909169372,344.296923173526,311.296094458414,363.22914110921
55,"Slovenia",2014,"Cardiovascular diseases","deaths",173.098474305009,352.351681778723,317.523275194487,372.187228197956
55,"Slovenia",2015,"Cardiovascular diseases","deaths",168.076635842643,356.80002272371,318.015583766541,377.32889818529
55,"Slovenia",2016,"Cardiovascular diseases","deaths",161.760743444521,357.182694528766,316.727618681101,377.112827121556
92,"Spain",2008,"Cardiovascular diseases","deaths",130.254194081574,260.725302940654,227.487011980676,278.834646025494
92,"Spain",2009,"Cardiovascular diseases","deaths",124.088799781553,252.507399190418,219.105077278693,270.352479387727
92,"Spain",2010,"Cardiovascular diseases","deaths",118.444445463468,246.399046809735,212.474278774548,263.800245484511
92,"Spain",2011,"Cardiovascular diseases","deaths",113.851016765282,244.464168906477,210.739982089894,261.832108363299
92,"Spain",2012,"Cardiovascular diseases","deaths",112.261694762089,251.930687672181,216.838954874878,269.865066498835
92,"Spain",2013,"Cardiovascular diseases","deaths",106.376873180923,241.362586168976,207.253231384202,259.160172304333
92,"Spain",2014,"Cardiovascular diseases","deaths",103.600036912664,243.413569553668,207.659417848905,261.750864952206
92,"Spain",2015,"Cardiovascular diseases","deaths",105.17898497304,259.573764351586,220.687590037908,279.315325004093
92,"Spain",2016,"Cardiovascular diseases","deaths",100.047539281308,249.208585863153,211.912100646962,268.666059792267
93,"Sweden",2008,"Cardiovascular diseases","deaths",174.772193133039,408.123430045688,358.266758184589,433.962247481121
93,"Sweden",2009,"Cardiovascular diseases","deaths",169.280002118447,393.692441475167,345.036845288103,418.68568223443
93,"Sweden",2010,"Cardiovascular diseases","deaths",165.429529162894,387.428054405577,337.920211646071,412.442806457114
93,"Sweden",2011,"Cardiovascular diseases","deaths",159.444747393046,376.19737355216,329.116247929727,401.381603101054
93,"Sweden",2012,"Cardiovascular diseases","deaths",155.380033988237,372.587027472267,325.463411813755,398.224356822727
93,"Sweden",2013,"Cardiovascular diseases","deaths",148.902760783381,355.644326843877,309.440976537366,379.757533151985
93,"Sweden",2014,"Cardiovascular diseases","deaths",142.818438082952,339.979285160226,293.975728823693,362.671497995235
93,"Sweden",2015,"Cardiovascular diseases","deaths",138.388192721202,333.588569534748,289.130298775435,357.529214248488
93,"Sweden",2016,"Cardiovascular diseases","deaths",134.574094683392,327.047096846539,283.96014649387,350.167935427095
94,"Switzerland",2008,"Cardiovascular diseases","deaths",134.821826094311,278.937413152787,238.980512650529,299.482177405858
94,"Switzerland",2009,"Cardiovascular diseases","deaths",131.537818936872,275.530643404683,237.28035711572,295.92960630787
94,"Switzerland",2010,"Cardiovascular diseases","deaths",127.209810272802,269.884421110479,232.276276518079,290.790200716331
94,"Switzerland",2011,"Cardiovascular diseases","deaths",121.168716002549,258.828743318384,223.008085338847,278.40495734267
94,"Switzerland",2012,"Cardiovascular diseases","deaths",119.034383857873,262.436592803519,224.690979294946,281.568716115462
94,"Switzerland",2013,"Cardiovascular diseases","deaths",115.566582732808,257.857190555951,221.739078610822,276.827669861508
94,"Switzerland",2014,"Cardiovascular diseases","deaths",111.1790193564,248.915732876418,212.847694667726,268.504805244526
94,"Switzerland",2015,"Cardiovascular diseases","deaths",109.143691099478,254.402431072896,215.85574348025,275.168016964211
94,"Switzerland",2016,"Cardiovascular diseases","deaths",104.759147473878,241.542111344226,204.389128594287,261.321712515559
8,"Taiwan",2008,"Cardiovascular diseases","deaths",114.407817133935,130.248311248156,122.095167181103,135.598715660195
8,"Taiwan",2009,"Cardiovascular diseases","deaths",109.476138261974,129.125293459304,120.68918907803,134.208298220412
8,"Taiwan",2010,"Cardiovascular diseases","deaths",107.287926080093,132.020229631672,123.032329493645,137.227334117384
8,"Taiwan",2011,"Cardiovascular diseases","deaths",107.708733511734,137.944995356976,128.051775974755,143.36911286838
8,"Taiwan",2012,"Cardiovascular diseases","deaths",106.890987610538,141.470099338205,131.168623477647,148.152762782141
8,"Taiwan",2013,"Cardiovascular diseases","deaths",106.884006468705,145.647627407634,135.091958781743,152.398993913785
8,"Taiwan",2014,"Cardiovascular diseases","deaths",106.575879730006,152.033050490977,140.663152941611,159.346757930257
8,"Taiwan",2015,"Cardiovascular diseases","deaths",104.817140336988,154.197819016686,142.354470940957,161.330873421534
8,"Taiwan",2016,"Cardiovascular diseases","deaths",104.612753235119,159.940654961183,147.315502898169,168.188254626888
119,"Trinidad and Tobago",2008,"Cardiovascular diseases","deaths",313.123064460186,241.305748171912,230.928997900349,250.399793089568
119,"Trinidad and Tobago",2009,"Cardiovascular diseases","deaths",307.380274574044,239.145328709663,229.181711737474,247.489343328083
119,"Trinidad and Tobago",2010,"Cardiovascular diseases","deaths",297.675463663759,238.090060351976,227.534159109036,245.805301575835
119,"Trinidad and Tobago",2011,"Cardiovascular diseases","deaths",287.926206188663,223.953045915064,213.782573057495,232.318737481447
119,"Trinidad and Tobago",2012,"Cardiovascular diseases","deaths",283.204280079258,234.086631970167,223.963398817516,243.388788987389
119,"Trinidad and Tobago",2013,"Cardiovascular diseases","deaths",280.210463302691,234.845840578046,223.953930588641,244.267646159264
119,"Trinidad and Tobago",2014,"Cardiovascular diseases","deaths",281.963516539909,239.614763649452,228.10501207133,250.474678848075
119,"Trinidad and Tobago",2015,"Cardiovascular diseases","deaths",285.214188097558,246.89236030519,232.838262801799,259.297942465281
119,"Trinidad and Tobago",2016,"Cardiovascular diseases","deaths",284.665333605704,254.071415562782,239.978127290645,267.159988317427
156,"United Arab Emirates",2008,"Cardiovascular diseases","deaths",252.257078871688,30.949015968372,18.2194893571283,45.7212492182321
156,"United Arab Emirates",2009,"Cardiovascular diseases","deaths",252.09374742582,26.5820408961568,16.2874837216037,37.5577464498554
156,"United Arab Emirates",2010,"Cardiovascular diseases","deaths",253.937815290959,27.2835831746361,17.4749823149224,37.3840642960448
156,"United Arab Emirates",2011,"Cardiovascular diseases","deaths",254.047525532354,28.6348876156803,19.442796729795,38.1069008188799
156,"United Arab Emirates",2012,"Cardiovascular diseases","deaths",255.359230857423,30.1491441520599,21.3497071209363,38.6540870593978
156,"United Arab Emirates",2013,"Cardiovascular diseases","deaths",256.029337771242,31.1719117339685,23.3655287469717,38.4027642955278
156,"United Arab Emirates",2014,"Cardiovascular diseases","deaths",260.134774526466,32.7566655840856,24.673064697892,39.5999828862934
156,"United Arab Emirates",2015,"Cardiovascular diseases","deaths",267.255182884526,35.3237979387145,27.6716377530039,42.2638072925985
156,"United Arab Emirates",2016,"Cardiovascular diseases","deaths",260.183057863388,35.8395658466874,29.3597189357349,42.308717972865
95,"United Kingdom",2008,"Cardiovascular diseases","deaths",159.972811083979,314.563846702877,280.313588894352,332.504464922959
95,"United Kingdom",2009,"Cardiovascular diseases","deaths",150.500410515113,296.012573439687,263.355095739826,313.090319375625
95,"United Kingdom",2010,"Cardiovascular diseases","deaths",144.01201923459,286.3866576236,253.741154919957,303.069655736857
95,"United Kingdom",2011,"Cardiovascular diseases","deaths",132.599116635605,265.015863557108,234.337182589933,281.927670730687
95,"United Kingdom",2012,"Cardiovascular diseases","deaths",129.069583548273,263.938294200445,233.090860445675,280.862606720749
95,"United Kingdom",2013,"Cardiovascular diseases","deaths",125.493107590892,259.12876384703,228.39876039169,275.532871729371
95,"United Kingdom",2014,"Cardiovascular diseases","deaths",120.463666495037,248.454009961173,219.098270092676,264.075243676267
95,"United Kingdom",2015,"Cardiovascular diseases","deaths",120.542160021638,255.447712714497,224.673706683948,271.947974013168
95,"United Kingdom",2016,"Cardiovascular diseases","deaths",117.828402189137,248.199418335112,218.30867341389,263.796204853235
422,"United States Virgin Islands",2008,"Cardiovascular diseases","deaths",238.145792160731,274.417204824336,254.53094277329,291.852071083267
422,"United States Virgin Islands",2009,"Cardiovascular diseases","deaths",225.616348077585,272.297303045435,253.577842219107,289.885467292829
422,"United States Virgin Islands",2010,"Cardiovascular diseases","deaths",216.354403760984,273.699195894558,249.849631581439,292.503467210036
422,"United States Virgin Islands",2011,"Cardiovascular diseases","deaths",201.895539120509,266.877695415862,245.426364703668,284.560154415569
422,"United States Virgin Islands",2012,"Cardiovascular diseases","deaths",196.154418700507,272.017081747444,249.884033916768,291.326250405941
422,"United States Virgin Islands",2013,"Cardiovascular diseases","deaths",189.01790603527,275.596407117258,254.190876404649,294.577126619105
422,"United States Virgin Islands",2014,"Cardiovascular diseases","deaths",181.456579799627,278.580761877937,255.048163183606,296.6768424705
422,"United States Virgin Islands",2015,"Cardiovascular diseases","deaths",176.061367389185,284.286433632712,261.719467647375,302.435060392522
422,"United States Virgin Islands",2016,"Cardiovascular diseases","deaths",172.687445416507,293.715566268904,269.077156297105,313.111061776558
102,"United States of America",2008,"Cardiovascular diseases","deaths",172.047211646865,266.787807487127,233.994820509905,284.880150641675
102,"United States of America",2009,"Cardiovascular diseases","deaths",164.633930758139,255.794230178748,224.153885115997,273.126146186473
102,"United States of America",2010,"Cardiovascular diseases","deaths",161.31650620376,256.124598493197,223.637200974993,273.898949565133
102,"United States of America",2011,"Cardiovascular diseases","deaths",158.492948878105,255.905916000319,222.831406680025,273.592495386719
102,"United States of America",2012,"Cardiovascular diseases","deaths",155.851098053224,255.064737230777,221.140207781731,272.777426695361
102,"United States of America",2013,"Cardiovascular diseases","deaths",154.880912347244,257.109412461482,222.498515895935,275.292573594181
102,"United States of America",2014,"Cardiovascular diseases","deaths",153.023082825092,256.138928581873,221.321106592098,274.124637774171
102,"United States of America",2015,"Cardiovascular diseases","deaths",153.969602714189,262.343372782286,226.873918388498,280.742386879453
102,"United States of America",2016,"Cardiovascular diseases","deaths",152.237055938378,260.76632760898,226.238423974814,279.562749956702
99,"Uruguay",2008,"Cardiovascular diseases","deaths",195.649790074146,295.82475682441,273.248548017966,310.143935098044
99,"Uruguay",2009,"Cardiovascular diseases","deaths",186.622937479367,287.392112520336,263.591876322969,302.635630493522
99,"Uruguay",2010,"Cardiovascular diseases","deaths",184.622358437757,293.862627777773,270.278168316363,310.207900196141
99,"Uruguay",2011,"Cardiovascular diseases","deaths",181.636743595871,294.866268840381,270.854340164253,312.154604771303
99,"Uruguay",2012,"Cardiovascular diseases","deaths",175.954539052024,290.008620900654,266.642305751402,305.992360607315
99,"Uruguay",2013,"Cardiovascular diseases","deaths",168.4629157211,277.99819961275,253.312502466974,293.705806734545
99,"Uruguay",2014,"Cardiovascular diseases","deaths",162.33475642514,271.06988922024,247.009484200928,285.738051122106
99,"Uruguay",2015,"Cardiovascular diseases","deaths",163.244465421744,278.846640988538,255.568954404298,293.860334275905
99,"Uruguay",2016,"Cardiovascular diseases","deaths",162.259125019291,282.055692875297,258.542927861918,297.332607378794
298,"American Samoa",2017,"Cardiovascular diseases","deaths",330.1285932078,215.375932609907,190.49549868813,240.467987910871
298,"American Samoa",2018,"Cardiovascular diseases","deaths",322.841055444061,219.31186016728,191.971200864986,245.271066869189
298,"American Samoa",2019,"Cardiovascular diseases","deaths",315.918436522624,223.470205775145,195.933429019655,252.425813926638
298,"American Samoa",2020,"Cardiovascular diseases","deaths",318.692614181261,234.332730858717,200.372998169483,270.071113875763
298,"American Samoa",2021,"Cardiovascular diseases","deaths",346.142986133414,268.535746957551,221.614547334556,316.369143398851
298,"American Samoa",2022,"Cardiovascular diseases","deaths",320.063590766931,252.937418116163,214.261964949791,294.654648931976
298,"American Samoa",2023,"Cardiovascular diseases","deaths",315.565297680374,257.283351570428,211.238066805672,297.712184398652
74,"Andorra",2017,"Cardiovascular diseases","deaths",81.7713270903324,169.539688616632,134.05421398776,200.461631339806
74,"Andorra",2018,"Cardiovascular diseases","deaths",81.0040827788569,175.209582873541,136.82198505892,207.21741175112
74,"Andorra",2019,"Cardiovascular diseases","deaths",80.0484610052356,178.808601422437,137.649063824209,213.08413363338
74,"Andorra",2020,"Cardiovascular diseases","deaths",79.0383763481572,182.581784515629,144.725622586767,217.835808574334
74,"Andorra",2021,"Cardiovascular diseases","deaths",79.2145032529481,186.415020323303,144.636781783146,222.426170058418
74,"Andorra",2022,"Cardiovascular diseases","deaths",80.2072804733079,193.559299204598,148.829480021453,232.75984499087
74,"Andorra",2023,"Cardiovascular diseases","deaths",79.6630591638145,194.033265003155,149.686131012344,232.75316877878
105,"Antigua and Barbuda",2017,"Cardiovascular diseases","deaths",188.800745381227,200.340238695916,186.912576371861,212.592288090589
105,"Antigua and Barbuda",2018,"Cardiovascular diseases","deaths",184.164226158007,204.938159287849,191.703144721247,218.979251827866
105,"Antigua and Barbuda",2019,"Cardiovascular diseases","deaths",179.465620280041,202.23011277738,189.959832812718,214.683726608921
105,"Antigua and Barbuda",2020,"Cardiovascular diseases","deaths",182.421382432161,206.411341691229,193.421750857986,218.896740051851
105,"Antigua and Barbuda",2021,"Cardiovascular diseases","deaths",172.309499871198,196.740007519839,182.802130148565,209.049508163588
105,"Antigua and Barbuda",2022,"Cardiovascular diseases","deaths",171.724457954236,200.41707136268,185.128604285192,214.986596895999
105,"Antigua and Barbuda",2023,"Cardiovascular diseases","deaths",173.229076212064,207.786340762274,187.227306454709,225.670307973225
71,"Australia",2017,"Cardiovascular diseases","deaths",94.8688980385263,182.946589226519,155.800727127376,196.626302055941
71,"Australia",2018,"Cardiovascular diseases","deaths",91.1816846392398,174.986262941441,149.175015481309,188.702607574835
71,"Australia",2019,"Cardiovascular diseases","deaths",89.404866095325,176.514450771463,150.858447387078,190.770336858229
71,"Australia",2020,"Cardiovascular diseases","deaths",83.0557891242145,162.57680860184,138.619132292826,175.919948886493
71,"Australia",2021,"Cardiovascular diseases","deaths",83.3453167747887,169.426388182199,144.981799269551,183.155518064115
71,"Australia",2022,"Cardiovascular diseases","deaths",83.666487761437,172.86020003776,149.425178025218,185.744836047712
71,"Australia",2023,"Cardiovascular diseases","deaths",81.0554715180794,172.396532375119,145.537169273326,187.90383547918
75,"Austria",2017,"Cardiovascular diseases","deaths",152.822250716552,359.019146937378,312.606659793606,382.03985510602
75,"Austria",2018,"Cardiovascular diseases","deaths",149.40795405943,354.526115778439,308.523510233253,378.619484796281
75,"Austria",2019,"Cardiovascular diseases","deaths",145.156284516082,347.186821239096,301.45878386728,370.457449333562
75,"Austria",2020,"Cardiovascular diseases","deaths",143.748654810959,347.770966197834,305.477345330974,368.804433251934
75,"Austria",2021,"Cardiovascular diseases","deaths",138.336547612557,333.420978002709,292.612119728231,353.788850177061
75,"Austria",2022,"Cardiovascular diseases","deaths",141.23784075671,349.408787797895,305.151658369363,371.918504861265
75,"Austria",2023,"Cardiovascular diseases","deaths",138.856237430917,344.98164338942,299.845226196635,368.960695355465
106,"Bahamas",2017,"Cardiovascular diseases","deaths",255.821686238518,211.070007200659,199.097627488504,221.53471253963
106,"Bahamas",2018,"Cardiovascular diseases","deaths",255.674001282028,215.391803558366,203.986739678546,226.374352342214
106,"Bahamas",2019,"Cardiovascular diseases","deaths",265.850948590451,229.124101930483,217.799797022679,241.433081671985
106,"Bahamas",2020,"Cardiovascular diseases","deaths",268.497958320804,236.415375378025,223.501531441156,250.576133403993
106,"Bahamas",2021,"Cardiovascular diseases","deaths",314.864917619746,286.451079401,272.070365249081,304.337962483867
106,"Bahamas",2022,"Cardiovascular diseases","deaths",268.80601259796,241.923578166859,228.337241701533,256.809641254617
106,"Bahamas",2023,"Cardiovascular diseases","deaths",256.208820213396,234.692338816772,221.167645287939,248.608872355607
140,"Bahrain",2017,"Cardiovascular diseases","deaths",234.132317404081,67.0101248960338,60.2222653604958,73.9591023915345
140,"Bahrain",2018,"Cardiovascular diseases","deaths",231.622331498049,68.7032597804693,62.012586522202,76.0609221580039
140,"Bahrain",2019,"Cardiovascular diseases","deaths",208.477081791211,66.1988702667987,58.8278642631468,73.7325293684647
140,"Bahrain",2020,"Cardiovascular diseases","deaths",202.018350093233,65.5977335423951,58.6156475906104,74.5073197458453
140,"Bahrain",2021,"Cardiovascular diseases","deaths",204.59315247608,70.2355872766194,61.5293482115863,80.6002315114894
140,"Bahrain",2022,"Cardiovascular diseases","deaths",199.281620679708,74.800719410903,63.9665007013505,87.2600054452937
140,"Bahrain",2023,"Cardiovascular diseases","deaths",202.532929748767,82.1871252921705,70.2804468323382,94.9171299205453
107,"Barbados",2017,"Cardiovascular diseases","deaths",166.969797430718,274.42247356492,253.655173622281,293.506855883127
107,"Barbados",2018,"Cardiovascular diseases","deaths",167.120101442744,279.840557578165,258.521907507167,299.511059904861
107,"Barbados",2019,"Cardiovascular diseases","deaths",166.283050587568,283.531573857962,263.271208921528,303.488136207734
107,"Barbados",2020,"Cardiovascular diseases","deaths",168.572162932189,292.101024583447,273.305155448461,312.984960216833
107,"Barbados",2021,"Cardiovascular diseases","deaths",171.891275184753,300.867633780245,279.835261144918,324.898095269531
107,"Barbados",2022,"Cardiovascular diseases","deaths",175.913348432867,310.571701861287,284.805646979529,336.421874090687
107,"Barbados",2023,"Cardiovascular diseases","deaths",171.568018097601,307.017785978582,281.069452019603,329.286293989692
76,"Belgium",2017,"Cardiovascular diseases","deaths",107.622019149321,258.047955114341,218.398107254743,279.015203004601
76,"Belgium",2018,"Cardiovascular diseases","deaths",103.7596036646,253.35183374574,213.569546182784,273.948282334997
76,"Belgium",2019,"Cardiovascular diseases","deaths",98.7503564347292,243.241163767983,204.838911550426,263.956421979684
76,"Belgium",2020,"Cardiovascular diseases","deaths",95.9373344937654,234.337555997394,205.962569853665,249.457037487483
76,"Belgium",2021,"Cardiovascular diseases","deaths",92.1501660692572,220.113333196199,189.353905062973,236.494815801144
76,"Belgium",2022,"Cardiovascular diseases","deaths",95.3267144863754,240.386918485153,205.021951565858,260.368664633732
76,"Belgium",2023,"Cardiovascular diseases","deaths",91.8838055660042,232.301907582124,195.231349482535,252.520495622805
305,"Bermuda",2017,"Cardiovascular diseases","deaths",146.399214692576,277.840205910391,255.064285430254,293.272284870434
305,"Bermuda",2018,"Cardiovascular diseases","deaths",145.484340925477,286.560961710717,260.010269324137,301.631366391988
305,"Bermuda",2019,"Cardiovascular diseases","deaths",144.73246395762,295.309331331579,269.845027148818,313.620225244882
305,"Bermuda",2020,"Cardiovascular diseases","deaths",147.167369198095,305.987777419549,281.276529916839,325.931982443088
305,"Bermuda",2021,"Cardiovascular diseases","deaths",150.776807498113,343.5080095593,315.57712939926,367.363925809989
305,"Bermuda",2022,"Cardiovascular diseases","deaths",152.703036831355,331.130120869598,307.178517030134,353.182764768872
305,"Bermuda",2023,"Cardiovascular diseases","deaths",151.237711947803,340.932375806732,309.411393053625,367.14994258636
66,"Brunei Darussalam",2017,"Cardiovascular diseases","deaths",170.456796948056,98.5481863596837,90.2643238129505,106.329766361322
66,"Brunei Darussalam",2018,"Cardiovascular diseases","deaths",170.780698636444,102.29183168873,93.2959176488174,110.731619034306
66,"Brunei Darussalam",2019,"Cardiovascular diseases","deaths",172.145458838554,106.730962351624,96.8805064241631,116.838682013535
66,"Brunei Darussalam",2020,"Cardiovascular diseases","deaths",170.959983025119,110.264674604547,98.7982128621684,122.413245172349
66,"Brunei Darussalam",2021,"Cardiovascular diseases","deaths",166.150167968572,113.068230470881,100.623985641148,125.220655684049
66,"Brunei Darussalam",2022,"Cardiovascular diseases","deaths",160.300045007282,115.24879161544,101.402558340723,129.88100087206
66,"Brunei Darussalam",2023,"Cardiovascular diseases","deaths",156.730109347177,117.742865039633,103.311000184022,133.289585531611
45,"Bulgaria",2017,"Cardiovascular diseases","deaths",455.916435750721,938.776022119941,887.807012994458,967.635332446599
45,"Bulgaria",2018,"Cardiovascular diseases","deaths",446.846137350946,929.802079663893,883.849509112168,959.86400088203
45,"Bulgaria",2019,"Cardiovascular diseases","deaths",442.026796956055,938.229579178788,888.657004429833,969.963094098913
45,"Bulgaria",2020,"Cardiovascular diseases","deaths",446.743702167318,979.360006094338,927.139139502726,1008.84467654528
45,"Bulgaria",2021,"Cardiovascular diseases","deaths",450.523515822592,1014.16369961663,963.944544787716,1045.50064254973
45,"Bulgaria",2022,"Cardiovascular diseases","deaths",434.178455470798,962.24095708971,907.469277386151,999.362518251944
45,"Bulgaria",2023,"Cardiovascular diseases","deaths",417.535428084118,893.102077898794,835.641997322195,927.822627849342
101,"Canada",2017,"Cardiovascular diseases","deaths",101.167567910013,206.274953031705,180.518587097678,220.799297865555
101,"Canada",2018,"Cardiovascular diseases","deaths",99.7913353941512,207.822362360379,182.262935479647,222.270105644505
101,"Canada",2019,"Cardiovascular diseases","deaths",97.0639319753018,204.441901655668,178.858471252325,219.264522009484
101,"Canada",2020,"Cardiovascular diseases","deaths",98.166527116072,207.020780572869,183.578850701343,220.265695539811
101,"Canada",2021,"Cardiovascular diseases","deaths",96.581497862111,205.670185222366,180.869458336152,219.206172362193
101,"Canada",2022,"Cardiovascular diseases","deaths",96.7398553146336,211.574990802443,187.705815027138,224.735185659245
101,"Canada",2023,"Cardiovascular diseases","deaths",98.4120761695698,219.167054896531,193.702159448601,236.326665822141
98,"Chile",2017,"Cardiovascular diseases","deaths",114.235698751351,149.257225489118,135.765427893265,157.073997185215
98,"Chile",2018,"Cardiovascular diseases","deaths",110.044341947933,146.564577946351,133.470488305115,153.908447812686
98,"Chile",2019,"Cardiovascular diseases","deaths",107.134215383033,145.292924773214,131.836244924576,153.188800858285
98,"Chile",2020,"Cardiovascular diseases","deaths",103.158047199558,139.12918422132,128.181328523372,145.535945233172
98,"Chile",2021,"Cardiovascular diseases","deaths",102.141236074645,142.696005271811,132.196861176596,149.482294168158
98,"Chile",2022,"Cardiovascular diseases","deaths",102.691675996666,154.431507632108,141.097761354589,163.041141151891
98,"Chile",2023,"Cardiovascular diseases","deaths",100.163908907768,147.673523051582,131.85432817847,157.237474330544
46,"Croatia",2017,"Cardiovascular diseases","deaths",254.357102923089,552.095177814247,510.361672746518,573.951583030566
46,"Croatia",2018,"Cardiovascular diseases","deaths",246.513340582926,549.858470113577,506.376312278758,572.478840851155
46,"Croatia",2019,"Cardiovascular diseases","deaths",235.996651438671,536.830786823831,494.6144486212,559.923525111491
46,"Croatia",2020,"Cardiovascular diseases","deaths",235.079853257183,548.986562165579,507.744457469532,570.70193208963
46,"Croatia",2021,"Cardiovascular diseases","deaths",235.6495222101,559.934870597251,517.912236979149,581.798578980133
46,"Croatia",2022,"Cardiovascular diseases","deaths",232.762505505305,562.845301118354,522.140380399004,587.105558108401
46,"Croatia",2023,"Cardiovascular diseases","deaths",220.637109005316,534.235536184922,490.132653813157,562.961927880819
77,"Cyprus",2017,"Cardiovascular diseases","deaths",180.884509459839,238.460332596931,210.97761716631,264.70345625011
77,"Cyprus",2018,"Cardiovascular diseases","deaths",176.812754604478,222.344645627019,198.601055194543,244.876824468639
77,"Cyprus",2019,"Cardiovascular diseases","deaths",172.853481147936,230.543275828793,205.19251166923,259.464239341521
77,"Cyprus",2020,"Cardiovascular diseases","deaths",172.036497259124,221.056291276189,198.099188921804,242.206341342285
77,"Cyprus",2021,"Cardiovascular diseases","deaths",169.349942742191,225.744607747615,200.853003161643,245.64593628239
77,"Cyprus",2022,"Cardiovascular diseases","deaths",161.951282814502,224.082172310927,195.144902924066,250.945059173676
77,"Cyprus",2023,"Cardiovascular diseases","deaths",155.645310684086,211.165570836333,181.451824108806,239.901448531086
47,"Czechia",2017,"Cardiovascular diseases","deaths",232.963233680105,451.354045842636,411.958473493008,470.027775150223
47,"Czechia",2018,"Cardiovascular diseases","deaths",225.610943076274,445.811673357871,408.928967533633,463.951366153811
47,"Czechia",2019,"Cardiovascular diseases","deaths",219.918495026992,442.455979191412,404.730143639621,461.934999869035
47,"Czechia",2020,"Cardiovascular diseases","deaths",225.137001714001,465.274982762026,429.524886796887,484.145525495202
47,"Czechia",2021,"Cardiovascular diseases","deaths",216.013814755585,442.404592448538,411.767341147264,457.977907115759
47,"Czechia",2022,"Cardiovascular diseases","deaths",211.766255403324,445.15415889324,410.021658590793,464.604731946192
47,"Czechia",2023,"Cardiovascular diseases","deaths",201.041462378435,420.365002237926,387.215885243874,439.304896853532
78,"Denmark",2017,"Cardiovascular diseases","deaths",107.267696633247,226.710428064098,200.895259526545,243.370226647082
78,"Denmark",2018,"Cardiovascular diseases","deaths",103.404334850778,223.903652429356,197.655695874994,239.661196575373
78,"Denmark",2019,"Cardiovascular diseases","deaths",98.6555146958532,214.463095916799,190.083077559891,229.390192896319
78,"Denmark",2020,"Cardiovascular diseases","deaths",96.1245842640887,211.816167693973,187.657952860522,227.166690101863
78,"Denmark",2021,"Cardiovascular diseases","deaths",97.594628146378,223.000436289986,198.103301295331,239.22241292279
78,"Denmark",2022,"Cardiovascular diseases","deaths",97.4320480846154,226.571244235456,200.77339270247,242.729047929193
78,"Denmark",2023,"Cardiovascular diseases","deaths",95.3327005124229,226.381365374266,199.28095194673,243.682085725143
58,"Estonia",2017,"Cardiovascular diseases","deaths",253.46446911286,555.30037553416,501.39770881446,584.675943475066
58,"Estonia",2018,"Cardiovascular diseases","deaths",240.521694000541,546.858288431754,490.882602890408,573.523683490965
58,"Estonia",2019,"Cardiovascular diseases","deaths",228.378408102789,523.55160480105,467.308517812832,552.149630140042
58,"Estonia",2020,"Cardiovascular diseases","deaths",222.297211084631,520.469905761308,466.445119498338,547.001821766081
58,"Estonia",2021,"Cardiovascular diseases","deaths",226.576569308988,544.668600383222,493.580036846657,571.267142917629
58,"Estonia",2022,"Cardiovascular diseases","deaths",219.445773878052,532.969278881496,477.054209974288,560.828485386359
58,"Estonia",2023,"Cardiovascular diseases","deaths",218.013394557016,529.987764831662,471.336404260407,560.856716824506
79,"Finland",2017,"Cardiovascular diseases","deaths",166.188424879344,402.519800245814,344.137911568578,432.028016991214
79,"Finland",2018,"Cardiovascular diseases","deaths",161.175974928585,402.562790482504,345.31572372828,431.8282515823
79,"Finland",2019,"Cardiovascular diseases","deaths",156.282458956247,396.026060379808,337.668262944997,425.165709809145
79,"Finland",2020,"Cardiovascular diseases","deaths",154.350317619235,398.542292179457,340.588731496932,429.011704640427
79,"Finland",2021,"Cardiovascular diseases","deaths",153.614105809462,413.415887244749,351.683674366198,445.780620290089
79,"Finland",2022,"Cardiovascular diseases","deaths",151.861851448151,408.467468528971,356.022037657242,437.660326969955
79,"Finland",2023,"Cardiovascular diseases","deaths",156.466632934983,441.825902141687,373.694758977207,478.392903042546
80,"France",2017,"Cardiovascular diseases","deaths",84.4885975356163,225.177489450494,192.130004918913,243.726563257946
80,"France",2018,"Cardiovascular diseases","deaths",82.7811394087898,222.835112019009,189.468811955813,240.723697195149
80,"France",2019,"Cardiovascular diseases","deaths",80.8275557870887,219.287408914951,186.652722492986,237.021146458167
80,"France",2020,"Cardiovascular diseases","deaths",79.2666852235288,209.24552258037,182.06760170881,224.721165771526
80,"France",2021,"Cardiovascular diseases","deaths",74.279950318037,200.634174062095,173.960309208497,215.90256928633
80,"France",2022,"Cardiovascular diseases","deaths",78.279246723805,217.944205546285,188.020463996503,236.271158759476
80,"France",2023,"Cardiovascular diseases","deaths",79.5699489156685,209.980570157699,179.814907519825,228.678217907057
81,"Germany",2017,"Cardiovascular diseases","deaths",146.28549166165,397.334409066893,337.375672063803,426.923661956958
81,"Germany",2018,"Cardiovascular diseases","deaths",144.08160660203,399.582924399087,338.590527609469,428.895534881983
81,"Germany",2019,"Cardiovascular diseases","deaths",139.366400213231,387.775742573672,327.126009642441,417.474863187421
81,"Germany",2020,"Cardiovascular diseases","deaths",138.61792582772,391.89589760007,333.173161039952,422.072412050252
81,"Germany",2021,"Cardiovascular diseases","deaths",138.150755697711,391.261241087063,334.562610426808,419.51622978292
81,"Germany",2022,"Cardiovascular diseases","deaths",139.633289593903,402.444016972827,345.336232341078,431.2978045954
81,"Germany",2023,"Cardiovascular diseases","deaths",140.957782416125,409.090232505673,343.963741557912,446.392381499512
82,"Greece",2017,"Cardiovascular diseases","deaths",161.801350398962,423.119000817421,371.087477330528,450.036282117276
82,"Greece",2018,"Cardiovascular diseases","deaths",154.784005950329,408.915258675486,358.278666210452,436.728883728217
82,"Greece",2019,"Cardiovascular diseases","deaths",152.465843729772,424.519123531121,369.835510601926,452.845506328963
82,"Greece",2020,"Cardiovascular diseases","deaths",151.811157545625,431.203584753254,376.910184767835,458.423307639927
82,"Greece",2021,"Cardiovascular diseases","deaths",152.698683244738,436.284716957952,385.699297434737,464.137113328484
82,"Greece",2022,"Cardiovascular diseases","deaths",149.718548439954,441.009742131589,387.684475393882,470.535276062312
82,"Greece",2023,"Cardiovascular diseases","deaths",147.886960180143,435.77178976312,378.170311054948,467.085135473823
349,"Greenland",2017,"Cardiovascular diseases","deaths",296.237979207705,225.671707545744,198.936541690515,250.386872813641
349,"Greenland",2018,"Cardiovascular diseases","deaths",286.02448784766,223.215416164539,197.663463876423,248.9180985299
349,"Greenland",2019,"Cardiovascular diseases","deaths",273.757712574043,218.539569749929,191.910212398302,244.148013722656
349,"Greenland",2020,"Cardiovascular diseases","deaths",288.112015215679,231.908498593154,201.915136489749,260.965690293995
349,"Greenland",2021,"Cardiovascular diseases","deaths",277.370290887567,230.017996975168,199.161619937817,261.433957872522
349,"Greenland",2022,"Cardiovascular diseases","deaths",260.130286478242,211.646202094966,180.07375689103,244.943165086152
349,"Greenland",2023,"Cardiovascular diseases","deaths",250.698443521159,202.782572441335,170.693946709294,236.687648868605
351,"Guam",2017,"Cardiovascular diseases","deaths",257.243520710445,269.385608922993,252.753761299059,282.232704792868
351,"Guam",2018,"Cardiovascular diseases","deaths",252.609557122906,273.453908278008,257.335853135775,286.20363982377
351,"Guam",2019,"Cardiovascular diseases","deaths",253.055928828906,281.32670551204,265.477775865457,295.118294503195
351,"Guam",2020,"Cardiovascular diseases","deaths",249.093923513116,286.074516046911,269.595516446314,301.225278424899
351,"Guam",2021,"Cardiovascular diseases","deaths",256.877799142834,308.434055015738,291.450767185994,328.683101204634
351,"Guam",2022,"Cardiovascular diseases","deaths",256.870778820623,309.723024264012,290.722844841776,328.332527986841
351,"Guam",2023,"Cardiovascular diseases","deaths",254.775643458818,315.682067851573,295.01886199033,334.86366962569
113,"Guyana",2017,"Cardiovascular diseases","deaths",335.315937563103,242.528046830149,228.898358083359,254.737865849757
113,"Guyana",2018,"Cardiovascular diseases","deaths",319.98726178956,237.111104647622,222.928432887221,249.436909218585
113,"Guyana",2019,"Cardiovascular diseases","deaths",291.026672639536,215.799995662343,203.219588056566,226.102302816477
113,"Guyana",2020,"Cardiovascular diseases","deaths",303.106852379881,231.434753061708,217.848476324637,244.641427602712
113,"Guyana",2021,"Cardiovascular diseases","deaths",326.746341014571,254.866313513976,240.777075407972,266.77601057642
113,"Guyana",2022,"Cardiovascular diseases","deaths",316.25993829852,249.650811427212,230.817835603814,269.152075767765
113,"Guyana",2023,"Cardiovascular diseases","deaths",315.328102969696,256.353351647891,234.920188590856,279.518636448491
354,"Hong Kong Special Administrative Region of China",2017,"Cardiovascular diseases","deaths",70.398353460958,143.234927168311,118.849620563964,162.699818801693
354,"Hong Kong Special Administrative Region of China",2018,"Cardiovascular diseases","deaths",67.6768754967551,142.825520417827,116.857184227493,162.799938240511
354,"Hong Kong Special Administrative Region of China",2019,"Cardiovascular diseases","deaths",66.4736716201311,145.43627565121,118.512674000996,166.366335265352
354,"Hong Kong Special Administrative Region of China",2020,"Cardiovascular diseases","deaths",67.1252796037992,153.004976758815,122.783318429896,175.353094878995
354,"Hong Kong Special Administrative Region of China",2021,"Cardiovascular diseases","deaths",66.0275040811277,155.335509086831,121.012197240294,180.051904539097
354,"Hong Kong Special Administrative Region of China",2022,"Cardiovascular diseases","deaths",65.768732796542,158.456108497561,127.647676611079,184.405573713046
354,"Hong Kong Special Administrative Region of China",2023,"Cardiovascular diseases","deaths",64.8594564369331,161.34748982784,127.772478826055,189.768139475105
48,"Hungary",2017,"Cardiovascular diseases","deaths",313.537394542053,634.822567381945,591.993427658305,656.619782349691
48,"Hungary",2018,"Cardiovascular diseases","deaths",309.60982357432,635.259439684159,589.336086533332,657.328536636647
48,"Hungary",2019,"Cardiovascular diseases","deaths",304.193661471926,631.50211382184,586.316940609993,654.447415132412
48,"Hungary",2020,"Cardiovascular diseases","deaths",307.365349993978,645.462884308849,604.350646003474,666.527159355271
48,"Hungary",2021,"Cardiovascular diseases","deaths",301.0348800964,630.986964616776,592.769926383133,650.589435834684
48,"Hungary",2022,"Cardiovascular diseases","deaths",297.246439604136,631.193980815053,586.913232923133,654.128153118441
48,"Hungary",2023,"Cardiovascular diseases","deaths",289.199935338227,617.706583901547,572.235524845657,643.20355902417
83,"Iceland",2017,"Cardiovascular diseases","deaths",122.971591805129,208.526799431504,181.795955880222,223.409452659527
83,"Iceland",2018,"Cardiovascular diseases","deaths",119.023347209985,199.570279391044,172.327973538037,215.416447457396
83,"Iceland",2019,"Cardiovascular diseases","deaths",115.171223924441,199.905970601046,171.108469359627,216.250372239557
83,"Iceland",2020,"Cardiovascular diseases","deaths",112.836655149848,190.178814228499,164.27374944144,204.846309556724
83,"Iceland",2021,"Cardiovascular diseases","deaths",109.040564965607,186.827816909326,159.580261231762,201.154377171362
83,"Iceland",2022,"Cardiovascular diseases","deaths",113.017355476175,199.570118589695,170.399405525565,218.88607390213
83,"Iceland",2023,"Cardiovascular diseases","deaths",114.33285379108,197.881181350683,170.989981389532,216.391549376176
84,"Ireland",2017,"Cardiovascular diseases","deaths",123.012966170297,185.520488385897,163.238130882108,197.518499999412
84,"Ireland",2018,"Cardiovascular diseases","deaths",119.577901047199,182.834774735957,160.945033336813,195.484880017371
84,"Ireland",2019,"Cardiovascular diseases","deaths",113.870860273342,178.457541511424,157.027272083947,191.145534638311
84,"Ireland",2020,"Cardiovascular diseases","deaths",109.219670538815,170.72067064408,150.819448678009,181.883081486091
84,"Ireland",2021,"Cardiovascular diseases","deaths",101.570103535263,159.596126919051,140.726448419998,170.709772627847
84,"Ireland",2022,"Cardiovascular diseases","deaths",106.383481823951,173.169100344237,150.623545089347,187.150114548321
84,"Ireland",2023,"Cardiovascular diseases","deaths",107.969018547765,185.253105807458,157.384004029712,202.689196701193
85,"Israel",2017,"Cardiovascular diseases","deaths",85.206810561187,116.552511039318,100.090842401985,126.002776528806
85,"Israel",2018,"Cardiovascular diseases","deaths",82.3660417781485,112.161405224939,96.4934214674508,120.827433737779
85,"Israel",2019,"Cardiovascular diseases","deaths",80.7803774254515,112.885993616345,96.8761522354731,122.013429136854
85,"Israel",2020,"Cardiovascular diseases","deaths",79.0547070066332,110.557269227044,95.5276315725616,118.812404425752
85,"Israel",2021,"Cardiovascular diseases","deaths",76.5154983028467,107.846305399233,93.5276111485862,116.327023235001
85,"Israel",2022,"Cardiovascular diseases","deaths",75.582018648774,109.945265640217,95.0973193829792,119.219413444425
85,"Israel",2023,"Cardiovascular diseases","deaths",73.5932585131496,108.242071964435,91.5852814695468,119.630258821718
86,"Italy",2017,"Cardiovascular diseases","deaths",120.836690930195,365.945022632552,301.777770256808,400.009422533821
86,"Italy",2018,"Cardiovascular diseases","deaths",114.512387780069,350.104354724173,286.806608283086,384.395011890172
86,"Italy",2019,"Cardiovascular diseases","deaths",112.309722392134,351.377949404585,286.798696144994,386.892961065916
86,"Italy",2020,"Cardiovascular diseases","deaths",112.279717107453,359.912603283431,300.771196823962,392.325324710465
86,"Italy",2021,"Cardiovascular diseases","deaths",109.741463120441,351.946831887122,292.028956181559,385.492693897675
86,"Italy",2022,"Cardiovascular diseases","deaths",110.930203141584,369.711765751066,304.217743586115,406.33550158118
86,"Italy",2023,"Cardiovascular diseases","deaths",107.374970310277,356.483701357158,289.080478985621,394.315280642744
67,"Japan",2017,"Cardiovascular diseases","deaths",78.7918792165921,274.159204271922,222.292552383502,305.28480279463
67,"Japan",2018,"Cardiovascular diseases","deaths",77.6861910280649,278.623312495019,225.388545677888,310.366699365236
67,"Japan",2019,"Cardiovascular diseases","deaths",76.3813251992075,281.922495726668,227.196152297055,313.803743124061
67,"Japan",2020,"Cardiovascular diseases","deaths",74.3809084870592,278.461622265887,223.199841817172,310.597081401273
67,"Japan",2021,"Cardiovascular diseases","deaths",73.7671642307591,284.497662755061,228.818087512769,316.616701219098
67,"Japan",2022,"Cardiovascular diseases","deaths",74.8075398290136,303.687880969844,244.22056821685,336.932961370314
67,"Japan",2023,"Cardiovascular diseases","deaths",76.4726327551677,321.037947637311,251.446889244137,363.381206226489
145,"Kuwait",2017,"Cardiovascular diseases","deaths",212.317183249948,71.4488203293508,67.6053661834702,74.0764901691815
145,"Kuwait",2018,"Cardiovascular diseases","deaths",206.791396697198,74.7110106849835,70.3626317872219,77.5714193478831
145,"Kuwait",2019,"Cardiovascular diseases","deaths",205.305103819309,76.8398266437935,73.0286989551498,79.8705000160731
145,"Kuwait",2020,"Cardiovascular diseases","deaths",193.617145039031,71.5596621065855,68.3127417780636,74.2805245263213
145,"Kuwait",2021,"Cardiovascular diseases","deaths",189.976259844017,73.3685060943761,70.0691546253766,76.3741946290983
145,"Kuwait",2022,"Cardiovascular diseases","deaths",195.749332333408,81.6277319996396,77.0322205717832,85.5948004306043
145,"Kuwait",2023,"Cardiovascular diseases","deaths",187.414427370494,80.3752593949682,75.3093575642996,85.2293263337775
59,"Latvia",2017,"Cardiovascular diseases","deaths",352.293438449262,767.22558730366,706.687724269134,801.439425916353
59,"Latvia",2018,"Cardiovascular diseases","deaths",341.809973228611,764.366861335953,705.048543383713,798.63472084851
59,"Latvia",2019,"Cardiovascular diseases","deaths",327.721112462872,746.595036969244,687.490888546052,779.138266120514
59,"Latvia",2020,"Cardiovascular diseases","deaths",328.480664291689,764.270831124327,704.644918776497,794.912827970703
59,"Latvia",2021,"Cardiovascular diseases","deaths",340.013436211838,805.824949485051,747.779478644797,836.190519815902
59,"Latvia",2022,"Cardiovascular diseases","deaths",338.882855128933,802.649717341025,748.358910592198,842.606314953337
59,"Latvia",2023,"Cardiovascular diseases","deaths",324.355130716852,774.750926163757,708.369746379979,816.544950598971
60,"Lithuania",2017,"Cardiovascular diseases","deaths",347.956846319067,761.399324894539,702.63834897035,793.141136207866
60,"Lithuania",2018,"Cardiovascular diseases","deaths",335.589462549349,753.594548661762,693.385616636815,783.330404853845
60,"Lithuania",2019,"Cardiovascular diseases","deaths",330.588045831644,749.397391557882,687.226572795605,780.130137300995
60,"Lithuania",2020,"Cardiovascular diseases","deaths",333.15502049143,768.717473626315,708.271210815351,798.115250413328
60,"Lithuania",2021,"Cardiovascular diseases","deaths",330.402498752358,769.356413850853,716.225732076422,795.588974358398
60,"Lithuania",2022,"Cardiovascular diseases","deaths",315.724841737528,742.4865618536,687.52228651659,774.152271472903
60,"Lithuania",2023,"Cardiovascular diseases","deaths",301.733987097243,700.545090631893,636.888524358113,736.659160235609
87,"Luxembourg",2017,"Cardiovascular diseases","deaths",120.433781378513,208.387768434088,187.982593193332,221.316110105601
87,"Luxembourg",2018,"Cardiovascular diseases","deaths",114.094799483538,201.940936581624,180.835157246366,214.537951653874
87,"Luxembourg",2019,"Cardiovascular diseases","deaths",108.120471176594,192.382091814263,172.053159698765,204.107545105152
87,"Luxembourg",2020,"Cardiovascular diseases","deaths",103.445355616436,185.233411312131,167.95314465114,196.659534375948
87,"Luxembourg",2021,"Cardiovascular diseases","deaths",99.6675358988455,173.92354446431,157.283484050197,184.54808096907
87,"Luxembourg",2022,"Cardiovascular diseases","deaths",99.8627286895091,176.852882286558,158.861168194614,189.714866978041
87,"Luxembourg",2023,"Cardiovascular diseases","deaths",104.086345255107,185.561869138808,162.360881586966,198.639834773114
361,"Macao Special Administrative Region of China",2017,"Cardiovascular diseases","deaths",74.3634630076369,80.223764880912,36.0662407917598,124.668919765575
361,"Macao Special Administrative Region of China",2018,"Cardiovascular diseases","deaths",70.2392460738449,77.8712899864447,35.2190693106824,123.865046640677
361,"Macao Special Administrative Region of China",2019,"Cardiovascular diseases","deaths",67.7468164299423,77.3726878500716,34.0181436959525,122.045289119157
361,"Macao Special Administrative Region of China",2020,"Cardiovascular diseases","deaths",72.7033452750112,85.3227263791775,44.7506412476789,126.352131776721
361,"Macao Special Administrative Region of China",2021,"Cardiovascular diseases","deaths",80.6075830743156,96.5800592821049,53.8666812005306,137.294973001507
361,"Macao Special Administrative Region of China",2022,"Cardiovascular diseases","deaths",102.04115659958,124.642800683191,78.372733145727,177.161541280014
361,"Macao Special Administrative Region of China",2023,"Cardiovascular diseases","deaths",102.745615896916,129.823619693012,82.8336947638834,176.818586884056
88,"Malta",2017,"Cardiovascular diseases","deaths",135.109619808854,255.600710005566,223.46984977835,273.789290063501
88,"Malta",2018,"Cardiovascular diseases","deaths",131.48713925433,249.684157525677,218.306167618,267.534867793993
88,"Malta",2019,"Cardiovascular diseases","deaths",129.489838201376,247.174641829035,215.882175189339,264.939237068102
88,"Malta",2020,"Cardiovascular diseases","deaths",124.515836120538,243.381110622284,214.335750527872,260.658295309574
88,"Malta",2021,"Cardiovascular diseases","deaths",123.704198446633,237.419245073409,207.865292109506,254.362355098015
88,"Malta",2022,"Cardiovascular diseases","deaths",122.283976436458,237.397570073539,208.592190669324,256.024289443676
88,"Malta",2023,"Cardiovascular diseases","deaths",118.011504512292,233.681535227343,201.555567096811,254.967425567572
367,"Monaco",2017,"Cardiovascular diseases","deaths",114.743750023489,339.766640250607,216.529233524615,454.755563159713
367,"Monaco",2018,"Cardiovascular diseases","deaths",106.820779722966,324.53517609005,200.22925881912,446.606323718636
367,"Monaco",2019,"Cardiovascular diseases","deaths",97.7900474013955,305.131022563245,175.472405153419,442.976754542571
367,"Monaco",2020,"Cardiovascular diseases","deaths",96.0281903773012,279.819929778799,145.65792643038,423.066185823803
367,"Monaco",2021,"Cardiovascular diseases","deaths",87.8988809308713,277.214092876862,133.406698846606,435.780027824692
367,"Monaco",2022,"Cardiovascular diseases","deaths",77.7187686783546,230.199013473237,96.9424360538477,378.917408726106
367,"Monaco",2023,"Cardiovascular diseases","deaths",70.0941983891235,220.8439618235,83.6567961207528,399.442756185969
369,"Nauru",2017,"Cardiovascular diseases","deaths",826.112260008897,291.491866261426,229.673724125602,343.771767123697
369,"Nauru",2018,"Cardiovascular diseases","deaths",813.387601564476,293.953150548263,231.945957295776,347.714926238357
369,"Nauru",2019,"Cardiovascular diseases","deaths",801.754487912882,297.376494902675,235.491121818352,351.272886808671
369,"Nauru",2020,"Cardiovascular diseases","deaths",814.773883640918,312.807618644728,247.147534273226,370.384989399931
369,"Nauru",2021,"Cardiovascular diseases","deaths",875.698958380025,354.220068133869,274.493858039863,429.350576551974
369,"Nauru",2022,"Cardiovascular diseases","deaths",822.802323432979,329.027461378917,267.794965133273,388.276571441379
369,"Nauru",2023,"Cardiovascular diseases","deaths",818.477806621534,333.119372564423,272.894552042108,393.268747802666
89,"Netherlands",2017,"Cardiovascular diseases","deaths",104.616273979127,220.719277715024,190.819143377499,237.590607748902
89,"Netherlands",2018,"Cardiovascular diseases","deaths",102.179229523769,220.071316625777,189.955032877929,237.322841915894
89,"Netherlands",2019,"Cardiovascular diseases","deaths",98.4784779339678,214.192445510245,184.532204950162,230.983320962974
89,"Netherlands",2020,"Cardiovascular diseases","deaths",95.6846843684092,206.60185672043,182.425474027466,220.060124575651
89,"Netherlands",2021,"Cardiovascular diseases","deaths",95.1545835330166,207.28302235669,181.947307521618,221.239964440483
89,"Netherlands",2022,"Cardiovascular diseases","deaths",96.0951637773393,218.379834494744,189.107960782247,234.607048638353
89,"Netherlands",2023,"Cardiovascular diseases","deaths",94.6519088626104,224.547968176575,193.112118432548,242.097185189656
72,"New Zealand",2017,"Cardiovascular diseases","deaths",127.612392898568,219.052939215246,190.182786448685,233.874399127995
72,"New Zealand",2018,"Cardiovascular diseases","deaths",126.716410988853,218.107480401742,188.439580503927,233.364128035801
72,"New Zealand",2019,"Cardiovascular diseases","deaths",122.686713302517,214.328515200534,182.8630358844,229.697283573628
72,"New Zealand",2020,"Cardiovascular diseases","deaths",117.450353301751,202.754606738591,174.754786697877,217.255886827905
72,"New Zealand",2021,"Cardiovascular diseases","deaths",120.080042897944,214.263887436856,184.14657423043,230.153661593489
72,"New Zealand",2022,"Cardiovascular diseases","deaths",121.987245755065,223.722128295686,195.808040441736,238.797149046809
72,"New Zealand",2023,"Cardiovascular diseases","deaths",123.533684997899,232.711975658976,201.811673454743,250.119779583711
376,"Northern Mariana Islands",2017,"Cardiovascular diseases","deaths",345.666589423177,218.559922283923,193.378656823746,244.260076095806
376,"Northern Mariana Islands",2018,"Cardiovascular diseases","deaths",338.052811522409,220.91582370302,194.348087437815,247.302670682914
376,"Northern Mariana Islands",2019,"Cardiovascular diseases","deaths",329.598656979058,223.298504757976,195.161406969738,249.583848398168
376,"Northern Mariana Islands",2020,"Cardiovascular diseases","deaths",343.822975898447,243.432620113466,212.39731027438,272.532810017672
376,"Northern Mariana Islands",2021,"Cardiovascular diseases","deaths",361.106699085858,264.30850101516,228.722557825718,299.277529643383
376,"Northern Mariana Islands",2022,"Cardiovascular diseases","deaths",339.483696704728,251.660321587734,220.137629812694,285.156192645729
376,"Northern Mariana Islands",2023,"Cardiovascular diseases","deaths",330.89881086199,248.222253082862,214.702292783886,281.05915629101
90,"Norway",2017,"Cardiovascular diseases","deaths",101.539612162061,209.960646214334,181.534517478977,227.662631183465
90,"Norway",2018,"Cardiovascular diseases","deaths",98.248911314576,205.037932139462,177.06658088811,221.758370550587
90,"Norway",2019,"Cardiovascular diseases","deaths",94.0338112260714,197.785627748807,170.000789279233,214.132520823399
90,"Norway",2020,"Cardiovascular diseases","deaths",91.5147441169773,192.381382173047,165.319124533646,207.939212213875
90,"Norway",2021,"Cardiovascular diseases","deaths",93.512143338859,199.463041564354,171.770895443943,215.094797624796
90,"Norway",2022,"Cardiovascular diseases","deaths",92.2945518007093,199.889873018151,172.299010588801,215.483300172839
90,"Norway",2023,"Cardiovascular diseases","deaths",92.4564817177157,203.258989770412,171.773653140074,221.066790933492
150,"Oman",2017,"Cardiovascular diseases","deaths",356.532336060797,104.655988846366,94.0840467111015,116.038626996184
150,"Oman",2018,"Cardiovascular diseases","deaths",344.537149408851,99.742883519135,88.3132599301158,110.805673978057
150,"Oman",2019,"Cardiovascular diseases","deaths",321.475892421875,92.8278545637001,81.1216776177184,104.348460553673
150,"Oman",2020,"Cardiovascular diseases","deaths",325.093897199752,92.6625157924568,78.7219116234971,107.172352847447
150,"Oman",2021,"Cardiovascular diseases","deaths",336.577298888975,95.3398525918147,79.7170440229549,113.092644960731
150,"Oman",2022,"Cardiovascular diseases","deaths",298.558957598479,85.769329780108,72.2127285210911,100.847730849517
150,"Oman",2023,"Cardiovascular diseases","deaths",274.108436539173,84.5567960985401,71.7151326870792,99.9580181532613
380,"Palau",2017,"Cardiovascular diseases","deaths",402.707870463227,339.075423498709,300.304133960628,379.043413716287
380,"Palau",2018,"Cardiovascular diseases","deaths",398.576955823217,344.901956136126,303.492611558175,384.178262159238
380,"Palau",2019,"Cardiovascular diseases","deaths",379.951217216138,336.652123790604,295.16004658225,377.702775313262
380,"Palau",2020,"Cardiovascular diseases","deaths",388.547080176998,355.246219758786,311.036785361615,405.947265390674
380,"Palau",2021,"Cardiovascular diseases","deaths",418.209405119161,394.20720330364,337.839182130094,456.600258187447
380,"Palau",2022,"Cardiovascular diseases","deaths",399.448152580982,379.369952132389,329.477451644385,429.501841002395
380,"Palau",2023,"Cardiovascular diseases","deaths",393.818203711846,383.737851885646,332.902302975179,429.178387950694
132,"Panama",2017,"Cardiovascular diseases","deaths",140.910110136914,139.6598380957,127.857982858052,148.169505661431
132,"Panama",2018,"Cardiovascular diseases","deaths",141.51836218167,148.201903243322,135.145977506105,156.899695219011
132,"Panama",2019,"Cardiovascular diseases","deaths",140.907414323016,144.699020726687,131.299328349681,153.367827767164
132,"Panama",2020,"Cardiovascular diseases","deaths",145.372770863988,153.00418031062,140.51474886675,160.723358952754
132,"Panama",2021,"Cardiovascular diseases","deaths",149.533524009612,157.74877646449,144.800366655562,166.514955574738
132,"Panama",2022,"Cardiovascular diseases","deaths",148.882614674677,165.550444998431,150.791811981479,175.860497460539
132,"Panama",2023,"Cardiovascular diseases","deaths",147.624254039937,163.555904020398,148.541258394848,174.998709427306
51,"Poland",2017,"Cardiovascular diseases","deaths",229.722462717477,424.887699797598,387.740353017766,445.482284896315
51,"Poland",2018,"Cardiovascular diseases","deaths",225.789471285999,428.002473739069,390.077763347245,449.551542744028
51,"Poland",2019,"Cardiovascular diseases","deaths",217.821280152157,420.586357731505,383.149667083721,443.334957935253
51,"Poland",2020,"Cardiovascular diseases","deaths",215.586445162659,426.454446183816,390.105754015663,448.467271714056
51,"Poland",2021,"Cardiovascular diseases","deaths",202.093589799429,394.10918937309,366.581624792164,414.000494418936
51,"Poland",2022,"Cardiovascular diseases","deaths",206.004526241049,419.381264522596,382.021709805769,442.733036708863
51,"Poland",2023,"Cardiovascular diseases","deaths",197.110347983262,400.713318047231,361.944337729477,423.910271892873
91,"Portugal",2017,"Cardiovascular diseases","deaths",114.781170947945,296.144272051823,256.357442305746,318.258641789358
91,"Portugal",2018,"Cardiovascular diseases","deaths",113.643066126018,303.739264947075,262.611268696286,326.662559015205
91,"Portugal",2019,"Cardiovascular diseases","deaths",110.667410191581,303.259920431383,262.612883991796,326.555343037371
91,"Portugal",2020,"Cardiovascular diseases","deaths",109.302823286497,307.199059661953,269.235742140657,327.660739707849
91,"Portugal",2021,"Cardiovascular diseases","deaths",103.35578125178,293.378378274041,258.238169714382,313.127526793499
91,"Portugal",2022,"Cardiovascular diseases","deaths",106.743714112147,314.695093769295,273.518553583936,338.983694593921
91,"Portugal",2023,"Cardiovascular diseases","deaths",102.952430091466,308.446378108048,262.151019015585,335.066901458642
385,"Puerto Rico",2017,"Cardiovascular diseases","deaths",99.6829712180061,219.906694761389,198.38442612289,231.36370161374
385,"Puerto Rico",2018,"Cardiovascular diseases","deaths",95.4977079548317,217.628355896194,195.803122724231,229.724896602802
385,"Puerto Rico",2019,"Cardiovascular diseases","deaths",92.3926203479424,225.73093157109,201.435426776501,239.128315193455
385,"Puerto Rico",2020,"Cardiovascular diseases","deaths",93.142716404888,233.661484749616,210.090307177935,246.328809106238
385,"Puerto Rico",2021,"Cardiovascular diseases","deaths",89.3208877689021,232.666541277538,209.158834547047,245.503024685257
385,"Puerto Rico",2022,"Cardiovascular diseases","deaths",89.2962390915784,242.131697201749,218.946015066541,256.853711033519
385,"Puerto Rico",2023,"Cardiovascular diseases","deaths",91.7977090905209,264.632663151244,237.170182211227,280.64380868759
151,"Qatar",2017,"Cardiovascular diseases","deaths",140.72401971653,24.2463088192251,20.1155090834732,27.6803333284349
151,"Qatar",2018,"Cardiovascular diseases","deaths",143.238666734789,25.5529622600635,21.1903683549777,29.3084799903762
151,"Qatar",2019,"Cardiovascular diseases","deaths",139.763392407722,25.4928787363813,21.835529818272,28.793803098472
151,"Qatar",2020,"Cardiovascular diseases","deaths",136.335373106299,24.616654895096,21.3504175548079,27.7233380417613
151,"Qatar",2021,"Cardiovascular diseases","deaths",132.655801088151,24.9867409263447,21.3521093828658,28.4826679455482
151,"Qatar",2022,"Cardiovascular diseases","deaths",127.281229698398,25.4492027010868,21.2355768095191,29.0584224742069
151,"Qatar",2023,"Cardiovascular diseases","deaths",160.20161380878,32.7202931711775,27.0154098159727,38.1282849552999
68,"Republic of Korea",2017,"Cardiovascular diseases","deaths",83.7359108743723,117.619948908337,100.389134989901,130.651797985302
68,"Republic of Korea",2018,"Cardiovascular diseases","deaths",81.8848922448303,121.147848950242,102.093903885435,134.10887612312
68,"Republic of Korea",2019,"Cardiovascular diseases","deaths",77.4826675333498,118.743010770713,99.1395650261376,131.673987511817
68,"Republic of Korea",2020,"Cardiovascular diseases","deaths",76.9342432343213,123.782033169061,102.959627308613,136.437464707182
68,"Republic of Korea",2021,"Cardiovascular diseases","deaths",74.513597916581,124.351924518764,103.143853412563,137.507092410034
68,"Republic of Korea",2022,"Cardiovascular diseases","deaths",78.4054957796125,141.018753038924,118.40023114979,156.008866697439
68,"Republic of Korea",2023,"Cardiovascular diseases","deaths",73.6850085313822,139.903661795655,113.752015528638,159.128384453042
52,"Romania",2017,"Cardiovascular diseases","deaths",383.374233727871,728.599224842908,681.330123090635,753.368237923473
52,"Romania",2018,"Cardiovascular diseases","deaths",377.535854742304,729.849145753273,681.925030041776,754.49909889865
52,"Romania",2019,"Cardiovascular diseases","deaths",364.981354680481,712.870866030776,668.138590696194,737.750023823812
52,"Romania",2020,"Cardiovascular diseases","deaths",355.973723650209,699.739141801645,660.093440591309,722.184932474403
52,"Romania",2021,"Cardiovascular diseases","deaths",356.405162738824,702.644949479685,665.546138030279,724.232124273434
52,"Romania",2022,"Cardiovascular diseases","deaths",356.899768173411,713.419284781358,666.760131654338,739.32998131489
52,"Romania",2023,"Cardiovascular diseases","deaths",332.251186046942,663.203115454481,615.696360581598,688.029064887615
62,"Russian Federation",2017,"Cardiovascular diseases","deaths",434.197949398606,659.87158776157,623.300113555696,681.09599878181
62,"Russian Federation",2018,"Cardiovascular diseases","deaths",422.102346607443,652.179762058468,613.388266346689,674.315395270279
62,"Russian Federation",2019,"Cardiovascular diseases","deaths",407.956245496332,639.630835772987,600.439042299018,661.562372273638
62,"Russian Federation",2020,"Cardiovascular diseases","deaths",412.440045372045,660.295283750338,623.278484631933,680.978932945619
62,"Russian Federation",2021,"Cardiovascular diseases","deaths",401.842641233727,650.501777779462,619.441588351608,671.298617496655
62,"Russian Federation",2022,"Cardiovascular diseases","deaths",365.08364532123,588.616961453332,556.289216705169,609.846897335411
62,"Russian Federation",2023,"Cardiovascular diseases","deaths",373.172637668921,606.141019588511,566.072910192437,628.929486848771
393,"Saint Kitts and Nevis",2017,"Cardiovascular diseases","deaths",239.485200151486,250.441992540989,236.518597182973,263.096260034817
393,"Saint Kitts and Nevis",2018,"Cardiovascular diseases","deaths",235.240999798721,251.351987752033,236.475035716932,264.374291667926
393,"Saint Kitts and Nevis",2019,"Cardiovascular diseases","deaths",232.209561960585,249.071889717618,233.960844744365,262.9431964528
393,"Saint Kitts and Nevis",2020,"Cardiovascular diseases","deaths",236.489146429889,254.45753175904,241.078129661389,269.307119828099
393,"Saint Kitts and Nevis",2021,"Cardiovascular diseases","deaths",238.865779939488,264.399787097928,249.159324360996,281.474801944409
393,"Saint Kitts and Nevis",2022,"Cardiovascular diseases","deaths",232.276381839537,244.983818794623,229.731688226466,260.815520656456
393,"Saint Kitts and Nevis",2023,"Cardiovascular diseases","deaths",231.133520286766,247.025737522459,228.207078310091,262.13394168482
396,"San Marino",2017,"Cardiovascular diseases","deaths",84.4758963641925,246.123651064155,198.845088084796,282.621387520654
396,"San Marino",2018,"Cardiovascular diseases","deaths",82.5398643132188,232.037022472547,183.269738024996,268.932616059983
396,"San Marino",2019,"Cardiovascular diseases","deaths",81.5433045788857,233.876109507392,184.664826933774,270.397352008551
396,"San Marino",2020,"Cardiovascular diseases","deaths",79.6765909349193,211.636631482824,175.403208041645,241.514121379087
396,"San Marino",2021,"Cardiovascular diseases","deaths",73.7086151717013,215.70632127716,176.629729866538,248.661444582272
396,"San Marino",2022,"Cardiovascular diseases","deaths",75.4595087833811,192.126066649134,156.56366252028,229.768276278685
396,"San Marino",2023,"Cardiovascular diseases","deaths",81.6212452912388,233.207242693705,180.048446123472,279.062983775003
152,"Saudi Arabia",2017,"Cardiovascular diseases","deaths",362.855815934465,101.404196907039,87.5669161159149,113.564775821919
152,"Saudi Arabia",2018,"Cardiovascular diseases","deaths",361.26025806967,100.870839460736,87.3561892165295,113.491623571776
152,"Saudi Arabia",2019,"Cardiovascular diseases","deaths",361.179058489306,101.446017419196,86.9754600387272,114.299428737102
152,"Saudi Arabia",2020,"Cardiovascular diseases","deaths",382.878081237485,105.275584109237,88.2155415162156,119.488134612488
152,"Saudi Arabia",2021,"Cardiovascular diseases","deaths",381.619017122343,106.290077300955,88.6949015352214,118.763692785189
152,"Saudi Arabia",2022,"Cardiovascular diseases","deaths",370.068366259898,104.610460589633,87.1312659389555,117.892722624479
152,"Saudi Arabia",2023,"Cardiovascular diseases","deaths",350.438070567196,102.565967551892,85.4011616408755,116.559436344326
186,"Seychelles",2017,"Cardiovascular diseases","deaths",212.224863436055,207.041105023907,187.012587540279,223.72215950222
186,"Seychelles",2018,"Cardiovascular diseases","deaths",201.574396561303,197.978030180954,178.963859902498,214.58587117538
186,"Seychelles",2019,"Cardiovascular diseases","deaths",194.601881753984,196.191485515892,177.288938097693,213.830058184807
186,"Seychelles",2020,"Cardiovascular diseases","deaths",181.91053445988,182.442388249685,167.258343672304,199.329798325802
186,"Seychelles",2021,"Cardiovascular diseases","deaths",191.09379655279,193.812964293683,173.379533886884,216.365049769313
186,"Seychelles",2022,"Cardiovascular diseases","deaths",178.710854955106,191.810638519953,172.731912359045,210.078335717792
186,"Seychelles",2023,"Cardiovascular diseases","deaths",193.399671525802,210.572411834149,187.677421849607,231.403134450834
69,"Singapore",2017,"Cardiovascular diseases","deaths",90.367296137024,107.210574850166,97.12086180117,112.861738528388
69,"Singapore",2018,"Cardiovascular diseases","deaths",86.6269060194203,107.569463356109,96.9175056112102,113.452769329926
69,"Singapore",2019,"Cardiovascular diseases","deaths",85.3693997045661,111.152871921278,99.845436579815,117.803081807345
69,"Singapore",2020,"Cardiovascular diseases","deaths",84.8540314673634,116.210844124069,104.303935365282,123.191851795473
69,"Singapore",2021,"Cardiovascular diseases","deaths",84.0139380899542,121.913510801036,109.534653411061,128.945777535
69,"Singapore",2022,"Cardiovascular diseases","deaths",83.7019758494881,124.440702990953,113.413714728111,131.321816076885
69,"Singapore",2023,"Cardiovascular diseases","deaths",81.9854678725481,132.34705824459,113.803026090502,148.61649882333
54,"Slovakia",2017,"Cardiovascular diseases","deaths",280.987915196901,450.072210025347,416.346843471848,473.752330312779
54,"Slovakia",2018,"Cardiovascular diseases","deaths",272.570361683324,443.470093950086,409.772993315834,466.87707705494
54,"Slovakia",2019,"Cardiovascular diseases","deaths",263.036746826526,436.228040328548,405.925626616187,460.433422163869
54,"Slovakia",2020,"Cardiovascular diseases","deaths",260.429922764813,441.274212006172,408.713348000945,465.450189665431
54,"Slovakia",2021,"Cardiovascular diseases","deaths",258.129137446126,443.968600378991,407.896872673381,467.462951431134
54,"Slovakia",2022,"Cardiovascular diseases","deaths",254.147074707493,443.880661130185,406.904376317817,471.252186329415
54,"Slovakia",2023,"Cardiovascular diseases","deaths",244.809999232567,433.79233464824,393.960448979344,462.510103178401
55,"Slovenia",2017,"Cardiovascular diseases","deaths",156.819576080655,359.556567718627,320.801618338765,380.996149387553
55,"Slovenia",2018,"Cardiovascular diseases","deaths",152.349184120623,359.514157284229,318.077644571022,382.498411391277
55,"Slovenia",2019,"Cardiovascular diseases","deaths",145.810967229777,354.579869357742,310.036072081828,377.564823096957
55,"Slovenia",2020,"Cardiovascular diseases","deaths",140.846526629007,346.631828269434,311.003181466537,366.134720799136
55,"Slovenia",2021,"Cardiovascular diseases","deaths",133.214913011194,321.526676738677,288.768045241929,341.268916747874
55,"Slovenia",2022,"Cardiovascular diseases","deaths",134.086625353068,336.914775405987,300.812794933998,362.188852302707
55,"Slovenia",2023,"Cardiovascular diseases","deaths",129.179067225586,329.530836254449,291.389880645757,353.826391260192
92,"Spain",2017,"Cardiovascular diseases","deaths",98.2003449927314,253.944406336566,214.877895706801,274.205273456483
92,"Spain",2018,"Cardiovascular diseases","deaths",96.3596090460732,252.656024308472,213.607176918381,274.055022049619
92,"Spain",2019,"Cardiovascular diseases","deaths",92.1104700999487,242.741436790788,204.411354984825,263.536087845766
92,"Spain",2020,"Cardiovascular diseases","deaths",92.2752089664115,245.61787329532,212.670999608226,263.888828686955
92,"Spain",2021,"Cardiovascular diseases","deaths",88.6838415447885,236.264872267806,200.954352576172,256.434100348245
92,"Spain",2022,"Cardiovascular diseases","deaths",91.7753482803336,251.68101609408,212.678167172937,273.026429075038
92,"Spain",2023,"Cardiovascular diseases","deaths",88.7750754686291,244.559205042463,204.416665230812,266.457143648948
93,"Sweden",2017,"Cardiovascular diseases","deaths",129.845765917064,318.672701447031,276.812975540079,342.334369081888
93,"Sweden",2018,"Cardiovascular diseases","deaths",125.003598179492,307.589625425679,266.682312108245,330.142807456567
93,"Sweden",2019,"Cardiovascular diseases","deaths",118.124560500498,289.627429868977,251.135868088859,311.700978489564
93,"Sweden",2020,"Cardiovascular diseases","deaths",115.826449606426,284.526896333722,249.284545154206,305.378913904757
93,"Sweden",2021,"Cardiovascular diseases","deaths",110.784356826071,270.077732578086,233.872600296006,290.950900757947
93,"Sweden",2022,"Cardiovascular diseases","deaths",110.740747650897,279.627729176273,240.443891667288,300.754080944735
93,"Sweden",2023,"Cardiovascular diseases","deaths",110.364682339287,285.264237077394,242.965746960611,308.345136772465
94,"Switzerland",2017,"Cardiovascular diseases","deaths",101.986115187674,242.409963757934,204.377487412537,262.686219842037
94,"Switzerland",2018,"Cardiovascular diseases","deaths",99.4476959432601,238.975411502686,200.588648477955,258.996219191953
94,"Switzerland",2019,"Cardiovascular diseases","deaths",96.8484335580262,236.819715015068,197.722811804118,257.017344296487
94,"Switzerland",2020,"Cardiovascular diseases","deaths",95.4849238266081,234.261684513545,200.604409519443,252.510717425208
94,"Switzerland",2021,"Cardiovascular diseases","deaths",90.7955684785158,221.060289174076,185.944315331547,239.681301294675
94,"Switzerland",2022,"Cardiovascular diseases","deaths",95.491027153371,244.838453504266,203.788130836,266.081666809261
94,"Switzerland",2023,"Cardiovascular diseases","deaths",89.7778574687875,237.933600359817,195.076302704609,260.109071333948
8,"Taiwan",2017,"Cardiovascular diseases","deaths",101.693072015924,160.656424137794,147.468022436276,169.213115491681
8,"Taiwan",2018,"Cardiovascular diseases","deaths",97.0156397845853,157.385497839666,142.937569156098,166.318707168242
8,"Taiwan",2019,"Cardiovascular diseases","deaths",92.497668991742,156.223491768329,139.794359223822,166.385605661639
8,"Taiwan",2020,"Cardiovascular diseases","deaths",88.2958999246731,153.044258554438,134.751656774212,163.801196298055
8,"Taiwan",2021,"Cardiovascular diseases","deaths",89.1649784403436,161.956954282247,142.868074279192,173.697227591257
8,"Taiwan",2022,"Cardiovascular diseases","deaths",89.0711411763565,166.139233969544,147.202015856755,177.039535287697
8,"Taiwan",2023,"Cardiovascular diseases","deaths",87.7183805731782,172.740661683273,145.325093920091,187.997346657881
119,"Trinidad and Tobago",2017,"Cardiovascular diseases","deaths",285.645287990148,261.012311138481,245.657052902535,274.473989522996
119,"Trinidad and Tobago",2018,"Cardiovascular diseases","deaths",285.197445343274,266.263794615091,251.070215160322,280.310136424972
119,"Trinidad and Tobago",2019,"Cardiovascular diseases","deaths",285.553253513991,275.842298324013,258.20115087402,292.333242462242
119,"Trinidad and Tobago",2020,"Cardiovascular diseases","deaths",291.403285935792,290.020099343323,272.928297787187,309.228213779727
119,"Trinidad and Tobago",2021,"Cardiovascular diseases","deaths",314.943256645213,319.732269080374,299.301752160522,342.553900485655
119,"Trinidad and Tobago",2022,"Cardiovascular diseases","deaths",312.781078176991,323.089869231872,301.515722919344,347.474879844319
119,"Trinidad and Tobago",2023,"Cardiovascular diseases","deaths",301.572330041991,325.249861152951,304.195015964817,348.157945945889
156,"United Arab Emirates",2017,"Cardiovascular diseases","deaths",257.954445069398,36.6565241014577,30.9632649032678,42.7851556500097
156,"United Arab Emirates",2018,"Cardiovascular diseases","deaths",255.767440252636,37.1293724605216,31.7879974164133,42.7486927497353
156,"United Arab Emirates",2019,"Cardiovascular diseases","deaths",249.80921917063,37.5735945892586,32.4882956046682,42.7295207430163
156,"United Arab Emirates",2020,"Cardiovascular diseases","deaths",232.434118430218,34.4586384224725,29.4175366123701,39.1959897777303
156,"United Arab Emirates",2021,"Cardiovascular diseases","deaths",227.551883386255,35.2869107385717,30.2427516082376,40.072474742463
156,"United Arab Emirates",2022,"Cardiovascular diseases","deaths",215.791019674182,40.8082887762686,33.6896961593399,46.9725225560941
156,"United Arab Emirates",2023,"Cardiovascular diseases","deaths",217.256029609478,47.3110494369383,38.2780004174214,55.9530319389964
95,"United Kingdom",2017,"Cardiovascular diseases","deaths",115.945830011398,248.332869474568,219.419257894428,263.598531762724
95,"United Kingdom",2018,"Cardiovascular diseases","deaths",113.976066315036,246.046728350259,218.193702599103,261.29535800162
95,"United Kingdom",2019,"Cardiovascular diseases","deaths",110.39646400686,238.523390352914,211.082187302437,252.738724101096
95,"United Kingdom",2020,"Cardiovascular diseases","deaths",112.458903273215,244.230934168123,219.395836005997,257.418413129523
95,"United Kingdom",2021,"Cardiovascular diseases","deaths",110.941866462029,238.641952494251,214.325575065852,251.995317819666
95,"United Kingdom",2022,"Cardiovascular diseases","deaths",112.780565128402,249.094185717126,222.917933328737,263.963413107389
95,"United Kingdom",2023,"Cardiovascular diseases","deaths",118.376695802852,266.604278407847,236.815778647988,281.694619112237
422,"United States Virgin Islands",2017,"Cardiovascular diseases","deaths",168.524235787256,302.791405940103,277.857729318716,323.734566063559
422,"United States Virgin Islands",2018,"Cardiovascular diseases","deaths",163.489576312355,308.685807111755,281.715262099502,329.052022518601
422,"United States Virgin Islands",2019,"Cardiovascular diseases","deaths",161.189156993065,318.633410667478,290.157600636648,341.406881080492
422,"United States Virgin Islands",2020,"Cardiovascular diseases","deaths",151.518898769625,313.154547754174,285.375951819599,337.220961031823
422,"United States Virgin Islands",2021,"Cardiovascular diseases","deaths",156.614596320373,337.868780171429,308.419654095322,363.370993815734
422,"United States Virgin Islands",2022,"Cardiovascular diseases","deaths",166.114380880386,377.323948864544,337.881156827437,409.606634333238
422,"United States Virgin Islands",2023,"Cardiovascular diseases","deaths",184.093873769409,443.936433858007,396.280534946408,486.935098653302
102,"United States of America",2017,"Cardiovascular diseases","deaths",152.087234823171,265.18172940698,230.519783281615,283.996936324208
102,"United States of America",2018,"Cardiovascular diseases","deaths",150.979891330996,266.799499329562,232.205261873836,286.142110102667
102,"United States of America",2019,"Cardiovascular diseases","deaths",146.521221204087,261.829565354377,228.293666881599,281.21653301186
102,"United States of America",2020,"Cardiovascular diseases","deaths",149.32841826355,270.226970628001,240.295218097244,288.196755618046
102,"United States of America",2021,"Cardiovascular diseases","deaths",147.938890567163,267.208458787423,236.916994664401,285.437905637207
102,"United States of America",2022,"Cardiovascular diseases","deaths",149.092605964306,274.399938280096,241.018153472187,292.829969112538
102,"United States of America",2023,"Cardiovascular diseases","deaths",144.150466239541,268.551271919419,233.253568094385,288.466433342355
99,"Uruguay",2017,"Cardiovascular diseases","deaths",158.034788080709,277.736129396096,252.150769732367,292.866882674285
99,"Uruguay",2018,"Cardiovascular diseases","deaths",155.237347022915,277.606279760762,252.004851952851,292.650884519695
99,"Uruguay",2019,"Cardiovascular diseases","deaths",149.244773023498,273.123995432026,245.809877791531,289.784988269678
99,"Uruguay",2020,"Cardiovascular diseases","deaths",142.91578278561,261.709135545422,236.041552626188,276.391590603503
99,"Uruguay",2021,"Cardiovascular diseases","deaths",151.752592810443,286.701524917891,263.074879464211,301.325644334371
99,"Uruguay",2022,"Cardiovascular diseases","deaths",162.180594202806,307.548099657094,279.923875788699,325.527081466224
99,"Uruguay",2023,"Cardiovascular diseases","deaths",147.489786465399,279.445218713815,252.707147840459,297.8624375194
168,"Angola",1990,"Cardiovascular diseases","deaths",307.802864044076,98.4500816428705,72.8346983737933,122.980436238165
168,"Angola",1991,"Cardiovascular diseases","deaths",302.255646334528,96.1538952326987,71.5947461849319,121.611038090034
168,"Angola",1992,"Cardiovascular diseases","deaths",297.723006027546,94.2699640688622,70.8254520919975,118.919616489375
168,"Angola",1993,"Cardiovascular diseases","deaths",297.906937426589,94.0450348760146,71.2920118900327,119.533861044219
168,"Angola",1994,"Cardiovascular diseases","deaths",298.033403282973,93.6808951181481,71.9083429495189,118.630709733682
168,"Angola",1995,"Cardiovascular diseases","deaths",290.061708961389,90.2503506509519,69.8653780502613,115.458156799403
168,"Angola",1996,"Cardiovascular diseases","deaths",269.677877855792,82.5078611197576,64.1635955868637,104.321467314905
168,"Angola",1997,"Cardiovascular diseases","deaths",262.947686187762,79.8279440994646,61.8914010648736,101.909486157723
168,"Angola",1998,"Cardiovascular diseases","deaths",273.550504961633,83.4471871141392,64.0965410868048,106.567126108385
168,"Angola",1999,"Cardiovascular diseases","deaths",277.056544040438,84.3988469070132,64.9047565870992,107.473249819946
168,"Angola",2000,"Cardiovascular diseases","deaths",276.006743052957,83.4943901095395,64.1885679154099,104.550822570669
168,"Angola",2001,"Cardiovascular diseases","deaths",275.982533129687,83.2323611561361,65.2600267484164,104.588159186365
161,"Bangladesh",1990,"Cardiovascular diseases","deaths",276.782865879394,114.131000550943,99.8932538178656,127.782662290508
161,"Bangladesh",1991,"Cardiovascular diseases","deaths",305.481341038878,123.767369215159,108.61900525797,138.343515545021
161,"Bangladesh",1992,"Cardiovascular diseases","deaths",292.662425882799,116.536648513836,103.170564940604,130.388214417547
161,"Bangladesh",1993,"Cardiovascular diseases","deaths",295.938538126085,116.374839800777,102.123849277333,129.504834007857
161,"Bangladesh",1994,"Cardiovascular diseases","deaths",300.601162750784,116.754004230286,102.621692522404,130.280681988772
161,"Bangladesh",1995,"Cardiovascular diseases","deaths",304.991627315612,116.896012691889,101.395333867524,130.541395334157
161,"Bangladesh",1996,"Cardiovascular diseases","deaths",316.449017763668,120.099967559294,103.637461832972,132.675213082491
161,"Bangladesh",1997,"Cardiovascular diseases","deaths",325.698362711116,122.754558448723,105.48177707676,135.853659635452
161,"Bangladesh",1998,"Cardiovascular diseases","deaths",339.647144252005,127.518457941387,109.737029482415,140.788598954249
161,"Bangladesh",1999,"Cardiovascular diseases","deaths",353.594870314931,133.26460994309,114.558291971702,145.837883043976
161,"Bangladesh",2000,"Cardiovascular diseases","deaths",365.92119754202,137.760423067545,119.006608073081,151.32208336443
161,"Bangladesh",2001,"Cardiovascular diseases","deaths",383.205169185107,144.724187065567,124.185852529333,159.18675755479
200,"Benin",1990,"Cardiovascular diseases","deaths",273.249971098574,116.266560568383,91.2226110165359,141.419970328076
200,"Benin",1991,"Cardiovascular diseases","deaths",270.89907534956,113.530422030117,89.7741463245279,138.884063017219
200,"Benin",1992,"Cardiovascular diseases","deaths",265.978627663643,109.933812144913,87.0619399708039,133.834581809452
200,"Benin",1993,"Cardiovascular diseases","deaths",264.203038337724,107.770898029674,86.9587514774675,130.898660755006
200,"Benin",1994,"Cardiovascular diseases","deaths",261.005609123574,105.175125002234,84.7829928939408,127.825181228307
200,"Benin",1995,"Cardiovascular diseases","deaths",257.429020835473,102.479613445741,82.8511732644986,123.903064735493
200,"Benin",1996,"Cardiovascular diseases","deaths",256.770800266281,101.127049449066,81.8329854870655,121.443034542828
200,"Benin",1997,"Cardiovascular diseases","deaths",255.324396724383,99.6401742944019,80.7411459351608,119.945417524724
200,"Benin",1998,"Cardiovascular diseases","deaths",257.273687798212,99.5272090513033,79.549506114833,118.890387079454
200,"Benin",1999,"Cardiovascular diseases","deaths",255.848066137768,98.1613721890209,78.374946465903,118.32121087666
200,"Benin",2000,"Cardiovascular diseases","deaths",258.121609641307,98.0140609066967,77.7674275228967,118.299767925477
200,"Benin",2001,"Cardiovascular diseases","deaths",245.779469354141,92.7479069611808,74.0357603759976,112.450684384357
162,"Bhutan",1990,"Cardiovascular diseases","deaths",291.206133798344,103.070067626076,76.7900917137554,130.189767440864
162,"Bhutan",1991,"Cardiovascular diseases","deaths",297.086246548918,106.32630285889,78.5310257337859,135.427755856976
162,"Bhutan",1992,"Cardiovascular diseases","deaths",301.373230814092,109.384196402881,83.8416566679295,137.187939829656
162,"Bhutan",1993,"Cardiovascular diseases","deaths",306.69969583871,117.344840391588,89.9259739703272,142.994848494832
162,"Bhutan",1994,"Cardiovascular diseases","deaths",305.207720460893,124.206375702103,94.2626242364888,151.628729489217
162,"Bhutan",1995,"Cardiovascular diseases","deaths",309.656966596967,130.440700771416,98.8841074557282,157.495231807407
162,"Bhutan",1996,"Cardiovascular diseases","deaths",311.226926693129,135.099067313186,104.88952039827,163.553749247914
162,"Bhutan",1997,"Cardiovascular diseases","deaths",317.774378597154,140.848989152749,110.128373825257,170.158191892471
162,"Bhutan",1998,"Cardiovascular diseases","deaths",310.260469849223,139.883875227038,108.726188810326,169.030809015627
162,"Bhutan",1999,"Cardiovascular diseases","deaths",307.00130209602,140.299472870121,109.35068425575,170.783235020216
162,"Bhutan",2000,"Cardiovascular diseases","deaths",305.248979678213,142.64607144332,114.979610049247,172.892358861219
162,"Bhutan",2001,"Cardiovascular diseases","deaths",306.493986605468,146.510343122305,118.688080075256,177.783079091942
121,"Bolivia (Plurinational State of)",1990,"Cardiovascular diseases","deaths",293.582192715029,122.469197540386,94.7022194805163,146.612732862772
121,"Bolivia (Plurinational State of)",1991,"Cardiovascular diseases","deaths",293.820515453593,123.967150560034,96.7821195904896,148.98840481692
121,"Bolivia (Plurinational State of)",1992,"Cardiovascular diseases","deaths",292.803848922904,124.89812814572,98.3378133427439,151.597592240358
121,"Bolivia (Plurinational State of)",1993,"Cardiovascular diseases","deaths",288.743616734235,124.504701435304,98.6802043466509,151.755375677083
121,"Bolivia (Plurinational State of)",1994,"Cardiovascular diseases","deaths",283.937253256188,123.825939100044,96.0263130576501,148.843735464391
121,"Bolivia (Plurinational State of)",1995,"Cardiovascular diseases","deaths",280.097974389845,123.637129381178,93.9083668670457,148.808574515334
121,"Bolivia (Plurinational State of)",1996,"Cardiovascular diseases","deaths",276.862638934737,123.893635929598,93.8798502146929,147.42565672114
121,"Bolivia (Plurinational State of)",1997,"Cardiovascular diseases","deaths",270.327456286379,122.412378146799,93.8355158154034,145.214529492802
121,"Bolivia (Plurinational State of)",1998,"Cardiovascular diseases","deaths",264.764024995623,121.616936033343,92.2543950876424,144.709163179942
121,"Bolivia (Plurinational State of)",1999,"Cardiovascular diseases","deaths",260.311110942555,121.387926395468,92.6993774792719,144.567064971323
121,"Bolivia (Plurinational State of)",2000,"Cardiovascular diseases","deaths",256.569995659178,121.662214850941,94.2530462127437,145.329264232961
121,"Bolivia (Plurinational State of)",2001,"Cardiovascular diseases","deaths",254.285900660863,122.832101033231,96.0035072870213,147.074203691072
203,"Cabo Verde",1990,"Cardiovascular diseases","deaths",216.508214906439,139.129643146175,117.105153200882,162.913858296107
203,"Cabo Verde",1991,"Cardiovascular diseases","deaths",214.438422242428,140.213320787208,118.551557946998,163.852184950139
203,"Cabo Verde",1992,"Cardiovascular diseases","deaths",213.678142433404,140.159858232849,119.235186476261,161.24869960499
203,"Cabo Verde",1993,"Cardiovascular diseases","deaths",213.73885573467,140.250450576825,120.057221403947,161.00011888197
203,"Cabo Verde",1994,"Cardiovascular diseases","deaths",221.622969794107,145.225216533907,124.322627816541,165.415347434007
203,"Cabo Verde",1995,"Cardiovascular diseases","deaths",257.960870662133,168.102973300692,143.875852411989,189.483053360444
203,"Cabo Verde",1996,"Cardiovascular diseases","deaths",223.715597137005,144.290577683633,123.715986196294,163.028836108929
203,"Cabo Verde",1997,"Cardiovascular diseases","deaths",224.135179986531,144.161661204648,125.476104333524,163.53821643107
203,"Cabo Verde",1998,"Cardiovascular diseases","deaths",224.486677377396,144.197397017388,123.911706049349,164.563440034057
203,"Cabo Verde",1999,"Cardiovascular diseases","deaths",224.258807270284,143.91999522882,123.215420092942,165.335136115937
203,"Cabo Verde",2000,"Cardiovascular diseases","deaths",222.005175513651,142.441948912472,122.690397839145,163.744989128141
203,"Cabo Verde",2001,"Cardiovascular diseases","deaths",220.411857286522,141.574061303134,122.483251373066,161.148217464825
10,"Cambodia",1990,"Cardiovascular diseases","deaths",323.369126979355,124.624220111954,91.9559369034025,160.169216401316
10,"Cambodia",1991,"Cardiovascular diseases","deaths",322.169284157821,124.421749917759,92.8620532815682,160.64303128958
10,"Cambodia",1992,"Cardiovascular diseases","deaths",321.303174852114,124.561141810453,94.1593664849835,161.754786241448
10,"Cambodia",1993,"Cardiovascular diseases","deaths",317.800687515988,124.048868775662,94.7573158428818,160.573635798755
10,"Cambodia",1994,"Cardiovascular diseases","deaths",314.449794179864,123.665624082592,95.8920941634548,157.94874910716
10,"Cambodia",1995,"Cardiovascular diseases","deaths",311.235085610604,123.505842909859,96.2141711312216,155.147352219563
10,"Cambodia",1996,"Cardiovascular diseases","deaths",306.400854386817,122.807798161073,94.0517147163045,153.771956384072
10,"Cambodia",1997,"Cardiovascular diseases","deaths",302.586469568811,122.642918183679,93.4952808981914,153.509629360495
10,"Cambodia",1998,"Cardiovascular diseases","deaths",303.18036219506,124.559613675173,94.5054071974441,158.543733282668
10,"Cambodia",1999,"Cardiovascular diseases","deaths",298.47641422604,124.218879170363,94.8297385342233,156.942708239729
10,"Cambodia",2000,"Cardiovascular diseases","deaths",293.194124662523,123.25918037821,95.2428690792992,156.009635688543
10,"Cambodia",2001,"Cardiovascular diseases","deaths",293.057912379578,125.142693437133,97.9314706018791,156.832258931482
202,"Cameroon",1990,"Cardiovascular diseases","deaths",307.596681476933,117.228685510251,95.0215537223958,143.539463181355
202,"Cameroon",1991,"Cardiovascular diseases","deaths",297.997970194629,112.7180728923,91.1385147410939,137.560704285276
202,"Cameroon",1992,"Cardiovascular diseases","deaths",289.019326481982,108.072558730119,89.173386967552,131.736439587259
202,"Cameroon",1993,"Cardiovascular diseases","deaths",283.397961899388,105.084801870606,86.4731746406477,127.730494117078
202,"Cameroon",1994,"Cardiovascular diseases","deaths",278.527389563882,102.491033590166,84.0554438601978,124.980314471163
202,"Cameroon",1995,"Cardiovascular diseases","deaths",276.726907177486,101.11382171625,83.3251819691311,123.117379058555
202,"Cameroon",1996,"Cardiovascular diseases","deaths",278.849716710494,101.009684879038,83.0899743218856,121.908406021745
202,"Cameroon",1997,"Cardiovascular diseases","deaths",281.316611673641,100.538397726836,82.1909910232722,120.499420161564
202,"Cameroon",1998,"Cardiovascular diseases","deaths",287.136333479565,102.102359267838,84.3058870500362,124.897239736234
202,"Cameroon",1999,"Cardiovascular diseases","deaths",291.836919053247,103.337256206055,85.079619429346,123.854028571926
202,"Cameroon",2000,"Cardiovascular diseases","deaths",302.677595862793,106.462587162762,87.9318483393619,126.96251702921
202,"Cameroon",2001,"Cardiovascular diseases","deaths",297.023035219462,103.754973669621,85.6447218506935,124.170656737792
176,"Comoros",1990,"Cardiovascular diseases","deaths",116.874010426994,57.0669975352897,42.2559590869348,73.4612651892549
176,"Comoros",1991,"Cardiovascular diseases","deaths",117.277947994491,58.0472822913508,43.5256264144319,73.0926361687663
176,"Comoros",1992,"Cardiovascular diseases","deaths",117.020969828379,58.6981702891923,44.6911653625454,75.1330664181613
176,"Comoros",1993,"Cardiovascular diseases","deaths",116.469097874165,59.2677125577042,45.7689727376671,75.6849752434914
176,"Comoros",1994,"Cardiovascular diseases","deaths",116.017673783664,59.9433375764339,45.6624865670832,76.1535045507931
176,"Comoros",1995,"Cardiovascular diseases","deaths",113.514715218038,59.6133714360461,45.4163506118163,74.9674261831138
176,"Comoros",1996,"Cardiovascular diseases","deaths",115.32641694331,61.5523032773584,47.1015470726434,77.5013358045641
176,"Comoros",1997,"Cardiovascular diseases","deaths",109.906892276954,59.6475937745225,44.6734021131672,75.8045912021758
176,"Comoros",1998,"Cardiovascular diseases","deaths",110.784849181027,61.072680041348,45.3585780214951,78.5242909175042
176,"Comoros",1999,"Cardiovascular diseases","deaths",106.311334255868,59.5789004128744,44.5478465341778,77.2337772703358
176,"Comoros",2000,"Cardiovascular diseases","deaths",109.673531111471,62.3019252435671,47.5812725771678,79.3747732383892
176,"Comoros",2001,"Cardiovascular diseases","deaths",104.558989998541,60.3362316552459,46.935290809424,75.7478206904002
170,"Congo",1990,"Cardiovascular diseases","deaths",277.530238670433,101.931928986101,76.8904426272988,126.339882395284
170,"Congo",1991,"Cardiovascular diseases","deaths",272.457320919446,100.646061328928,76.8280978296417,122.128281951852
170,"Congo",1992,"Cardiovascular diseases","deaths",272.58957055891,101.771923745549,79.0051187420303,124.712222579333
170,"Congo",1993,"Cardiovascular diseases","deaths",271.615375008359,102.207162593934,78.620684022653,125.630188470838
170,"Congo",1994,"Cardiovascular diseases","deaths",286.971735650332,110.103527378382,85.9118796973721,135.73613174015
170,"Congo",1995,"Cardiovascular diseases","deaths",284.327207684848,109.331319299903,85.1250347506656,134.812442954879
170,"Congo",1996,"Cardiovascular diseases","deaths",283.457473395508,109.273701715531,84.613306724716,133.906459767484
170,"Congo",1997,"Cardiovascular diseases","deaths",294.90323762958,114.820153132176,86.8930751134963,142.255392492073
170,"Congo",1998,"Cardiovascular diseases","deaths",279.452316956994,108.04603910637,82.5848768197577,133.134100084706
170,"Congo",1999,"Cardiovascular diseases","deaths",284.70704229104,110.725150140037,85.679802572697,135.891657234761
170,"Congo",2000,"Cardiovascular diseases","deaths",286.221333264414,110.681710250216,85.2388415359113,135.82273315642
170,"Congo",2001,"Cardiovascular diseases","deaths",274.817788726951,105.275842422307,80.9727085205644,129.390844970746
205,"C<c3><b4>te d'Ivoire",1990,"Cardiovascular diseases","deaths",290.550030902593,80.8038014547853,63.5749569687701,100.542446564275
205,"C<c3><b4>te d'Ivoire",1991,"Cardiovascular diseases","deaths",280.413998649561,77.732897170971,61.478099835551,96.6714062088176
205,"C<c3><b4>te d'Ivoire",1992,"Cardiovascular diseases","deaths",275.684019417468,76.1972280839839,60.7729377216679,94.7674012036342
205,"C<c3><b4>te d'Ivoire",1993,"Cardiovascular diseases","deaths",274.641553474754,76.229493486204,60.2094284875227,95.283168285502
205,"C<c3><b4>te d'Ivoire",1994,"Cardiovascular diseases","deaths",274.001504071723,76.5026024063682,59.9422735728941,95.4821102995261
205,"C<c3><b4>te d'Ivoire",1995,"Cardiovascular diseases","deaths",272.588596717961,76.7072981006595,60.9140703478988,94.9308745969239
205,"C<c3><b4>te d'Ivoire",1996,"Cardiovascular diseases","deaths",274.671424002317,78.4322035172513,63.2244094711616,95.761184659474
205,"C<c3><b4>te d'Ivoire",1997,"Cardiovascular diseases","deaths",277.665846652348,80.3316842410474,64.3421173687914,98.043156220604
205,"C<c3><b4>te d'Ivoire",1998,"Cardiovascular diseases","deaths",280.138664032932,81.9614277221642,65.0200326315449,100.773358641354
205,"C<c3><b4>te d'Ivoire",1999,"Cardiovascular diseases","deaths",279.376596277457,82.8788381998072,66.3448953170891,100.630268739809
205,"C<c3><b4>te d'Ivoire",2000,"Cardiovascular diseases","deaths",283.265478915784,84.9387882430177,68.4686789264706,104.856106508315
205,"C<c3><b4>te d'Ivoire",2001,"Cardiovascular diseases","deaths",268.640024971122,81.6079670265466,65.9334443933712,99.4402927757224
177,"Djibouti",1990,"Cardiovascular diseases","deaths",194.321851710156,60.4073917595906,43.6440189365958,77.0319076717266
177,"Djibouti",1991,"Cardiovascular diseases","deaths",185.604973688086,54.041903505649,38.8758765562679,69.2135842996329
177,"Djibouti",1992,"Cardiovascular diseases","deaths",184.586898998109,51.6984855746499,36.6287738355337,65.2151874240369
177,"Djibouti",1993,"Cardiovascular diseases","deaths",204.916668504116,60.2751346821305,43.7125073186951,76.7146467140094
177,"Djibouti",1994,"Cardiovascular diseases","deaths",185.40817057014,56.5971986212767,40.9227215848265,73.0067629991822
177,"Djibouti",1995,"Cardiovascular diseases","deaths",190.955667171502,59.7663952503091,43.2108116128959,75.4259098882355
177,"Djibouti",1996,"Cardiovascular diseases","deaths",187.995186364272,59.9503678507148,42.3094683576333,76.130852687707
177,"Djibouti",1997,"Cardiovascular diseases","deaths",184.121869673089,58.6946323594406,40.5844558625214,75.1260847946424
177,"Djibouti",1998,"Cardiovascular diseases","deaths",185.602943419965,59.1961113592084,40.940362494938,75.4960384301494
177,"Djibouti",1999,"Cardiovascular diseases","deaths",183.728038312602,58.0388390148904,40.4067129286565,74.36493324968
177,"Djibouti",2000,"Cardiovascular diseases","deaths",182.684746181246,57.6122559509317,40.7602280282537,74.9736339914965
177,"Djibouti",2001,"Cardiovascular diseases","deaths",180.213200208404,56.8441401560106,40.404004273662,74.1826035103296
141,"Egypt",1990,"Cardiovascular diseases","deaths",662.42439904645,265.613031664061,235.168280901358,295.457253021095
141,"Egypt",1991,"Cardiovascular diseases","deaths",655.060454731922,261.071603695394,230.762961336194,288.550192085278
141,"Egypt",1992,"Cardiovascular diseases","deaths",650.621375254736,259.005632880757,230.104915894326,285.458425636129
141,"Egypt",1993,"Cardiovascular diseases","deaths",661.145707772777,264.537211881498,233.408217328128,288.599366627818
141,"Egypt",1994,"Cardiovascular diseases","deaths",658.073280888789,265.80351648184,235.871505530495,291.715423617427
141,"Egypt",1995,"Cardiovascular diseases","deaths",646.627781344885,263.430694265534,234.132017479886,290.175033800985
141,"Egypt",1996,"Cardiovascular diseases","deaths",629.400970167657,259.330637973695,229.140853094227,287.015226732097
141,"Egypt",1997,"Cardiovascular diseases","deaths",625.136599560269,259.263047944493,226.063239737947,286.310750481019
141,"Egypt",1998,"Cardiovascular diseases","deaths",631.04416614491,261.133201504302,230.666346689506,289.72118212344
141,"Egypt",1999,"Cardiovascular diseases","deaths",631.794506238539,258.395179259999,226.266114968836,289.031866324714
141,"Egypt",2000,"Cardiovascular diseases","deaths",640.588969351985,257.514768882546,225.094429463136,285.285563383222
141,"Egypt",2001,"Cardiovascular diseases","deaths",664.278294375408,264.164340853885,233.014826798976,293.914240499497
197,"Eswatini",1990,"Cardiovascular diseases","deaths",320.43083639196,126.07726400423,99.8129644643714,153.591160918213
197,"Eswatini",1991,"Cardiovascular diseases","deaths",317.800164691721,125.441171097524,99.396208013823,152.962593723143
197,"Eswatini",1992,"Cardiovascular diseases","deaths",317.525112260863,125.590478222127,100.314755348501,151.822603692519
197,"Eswatini",1993,"Cardiovascular diseases","deaths",312.057244090783,123.56100479435,97.6850527249815,150.949629273534
197,"Eswatini",1994,"Cardiovascular diseases","deaths",305.128608706133,120.62789262,93.112589237182,146.861994521699
197,"Eswatini",1995,"Cardiovascular diseases","deaths",293.132475318337,115.48039703271,86.0049905003,139.142748733996
197,"Eswatini",1996,"Cardiovascular diseases","deaths",280.961347826888,110.153610092949,80.6169336135802,135.305745119024
197,"Eswatini",1997,"Cardiovascular diseases","deaths",272.551500183995,106.481355688383,76.9940020300105,132.055181628112
197,"Eswatini",1998,"Cardiovascular diseases","deaths",264.200873969995,103.200892205707,74.5161507046724,126.558369905667
197,"Eswatini",1999,"Cardiovascular diseases","deaths",260.721057973073,102.393491301498,72.9269330078714,125.643430522842
197,"Eswatini",2000,"Cardiovascular diseases","deaths",259.81687402092,103.119723533147,75.9880863743856,125.642752357072
197,"Eswatini",2001,"Cardiovascular diseases","deaths",267.35054248942,107.87515313466,80.0419040062618,132.387487271737
207,"Ghana",1990,"Cardiovascular diseases","deaths",467.494369700446,180.870942824986,149.28358566319,213.935404201829
207,"Ghana",1991,"Cardiovascular diseases","deaths",453.645846188573,177.179353136941,147.326168285068,208.937592806191
207,"Ghana",1992,"Cardiovascular diseases","deaths",444.941428407872,175.235842271777,146.786444419178,204.817975230362
207,"Ghana",1993,"Cardiovascular diseases","deaths",439.145199336185,174.383566724851,148.223666508053,203.156077964079
207,"Ghana",1994,"Cardiovascular diseases","deaths",435.741827453425,174.244646974389,147.130338466797,203.912727436719
207,"Ghana",1995,"Cardiovascular diseases","deaths",424.769266645345,171.168937971565,144.456944613779,199.570900314793
207,"Ghana",1996,"Cardiovascular diseases","deaths",417.855854185057,169.572405165557,141.51116272812,196.46886844855
207,"Ghana",1997,"Cardiovascular diseases","deaths",413.76767264397,169.282494910395,141.745745571022,194.756636840203
207,"Ghana",1998,"Cardiovascular diseases","deaths",413.476798579054,170.733358081312,144.380611231261,195.109051054935
207,"Ghana",1999,"Cardiovascular diseases","deaths",407.032220212481,169.291520374805,144.903266506241,191.969603449821
207,"Ghana",2000,"Cardiovascular diseases","deaths",407.482493970276,170.393103786194,147.211877236368,191.030622681091
207,"Ghana",2001,"Cardiovascular diseases","deaths",391.756073486294,164.349855639607,141.673569537095,184.438224607421
208,"Guinea",1990,"Cardiovascular diseases","deaths",352.680907202866,182.724011191769,136.148299991084,223.909153943056
208,"Guinea",1991,"Cardiovascular diseases","deaths",351.078662718119,182.066013954318,138.214932340925,223.513389372638
208,"Guinea",1992,"Cardiovascular diseases","deaths",351.613481738686,179.650371050042,137.56522453912,219.904341202371
208,"Guinea",1993,"Cardiovascular diseases","deaths",349.134909831974,176.653403364511,139.7227472403,214.6912223014
208,"Guinea",1994,"Cardiovascular diseases","deaths",348.858547353043,176.250369225836,139.558339694218,211.530160781341
208,"Guinea",1995,"Cardiovascular diseases","deaths",348.65192924526,175.319926253082,137.29419432425,209.96806905834
208,"Guinea",1996,"Cardiovascular diseases","deaths",342.62792166748,171.212333505871,132.486816435924,206.539354309394
208,"Guinea",1997,"Cardiovascular diseases","deaths",337.164893009176,167.016974687011,128.487433033617,202.529236871426
208,"Guinea",1998,"Cardiovascular diseases","deaths",334.780975978073,167.578110396107,129.815442090781,202.222716203621
208,"Guinea",1999,"Cardiovascular diseases","deaths",329.756971844018,166.380053185523,129.501111382494,199.039059953451
208,"Guinea",2000,"Cardiovascular diseases","deaths",323.564045627677,162.039766320289,126.638012845076,194.654301784267
208,"Guinea",2001,"Cardiovascular diseases","deaths",314.537138377035,157.359768786886,122.477914984236,187.71752199007
114,"Haiti",1990,"Cardiovascular diseases","deaths",549.428718046924,253.626651180419,201.534434704518,298.181245471093
114,"Haiti",1991,"Cardiovascular diseases","deaths",535.110889757943,244.523692427864,196.522382762978,284.667507517336
114,"Haiti",1992,"Cardiovascular diseases","deaths",545.860091352916,249.122527217997,202.119332953016,292.186904562501
114,"Haiti",1993,"Cardiovascular diseases","deaths",551.32952546095,249.893764506245,203.98188613793,292.319129317869
114,"Haiti",1994,"Cardiovascular diseases","deaths",538.94684130762,241.805879609649,197.966895086622,282.152323291967
114,"Haiti",1995,"Cardiovascular diseases","deaths",543.278550416914,242.363433225782,199.400442798015,281.947429172496
114,"Haiti",1996,"Cardiovascular diseases","deaths",541.473902520546,239.840031988182,198.402404105736,280.118320629804
114,"Haiti",1997,"Cardiovascular diseases","deaths",553.353857332736,244.701808949634,203.39447770484,282.875628717358
114,"Haiti",1998,"Cardiovascular diseases","deaths",531.812328673577,232.367694574325,192.779212104165,270.680969374548
114,"Haiti",1999,"Cardiovascular diseases","deaths",540.35685358308,235.906859787199,195.672532685893,272.882529230965
114,"Haiti",2000,"Cardiovascular diseases","deaths",539.81713836736,234.664936990955,192.920618910806,270.181913019277
114,"Haiti",2001,"Cardiovascular diseases","deaths",544.478551981479,236.413455342012,191.416010935303,271.833872040531
129,"Honduras",1990,"Cardiovascular diseases","deaths",271.418815536744,92.61916647958,79.2655580410989,106.727801310988
129,"Honduras",1991,"Cardiovascular diseases","deaths",271.265535048703,93.7805064693846,80.0905062368286,107.763030054974
129,"Honduras",1992,"Cardiovascular diseases","deaths",270.318980844361,94.7157194847124,80.1295264484683,109.017596537429
129,"Honduras",1993,"Cardiovascular diseases","deaths",272.68209318168,96.8455953878086,82.1400339103719,110.948274239986
129,"Honduras",1994,"Cardiovascular diseases","deaths",274.489439568778,98.7527740233144,84.1042541631222,112.581551226785
129,"Honduras",1995,"Cardiovascular diseases","deaths",273.059061729891,99.4667846503579,84.6877286178578,113.70066144897
129,"Honduras",1996,"Cardiovascular diseases","deaths",273.716112808443,101.497307366627,86.3582576683995,115.657318233292
129,"Honduras",1997,"Cardiovascular diseases","deaths",274.92011453276,103.043352043432,88.5400314485002,116.924211024806
129,"Honduras",1998,"Cardiovascular diseases","deaths",275.977545708505,103.880048227731,88.7099857021806,117.86761229784
129,"Honduras",1999,"Cardiovascular diseases","deaths",276.899650872096,104.735871620345,90.0618657159401,118.864195323676
129,"Honduras",2000,"Cardiovascular diseases","deaths",276.955198290808,105.765472342299,91.9364976768001,119.543536585796
129,"Honduras",2001,"Cardiovascular diseases","deaths",276.591972613406,106.783821418065,92.063677669081,120.953914738571
163,"India",1990,"Cardiovascular diseases","deaths",317.711003681387,154.685710746706,123.530467701008,182.981434888493
163,"India",1991,"Cardiovascular diseases","deaths",314.546692795647,154.651638672526,123.192293689633,179.748605735315
163,"India",1992,"Cardiovascular diseases","deaths",304.872765998611,151.824450172292,123.317433102489,177.585191605946
163,"India",1993,"Cardiovascular diseases","deaths",296.20078695465,148.628686534381,121.074371113635,174.056054096392
163,"India",1994,"Cardiovascular diseases","deaths",288.888660997551,145.781940427876,119.26270252461,169.879728288062
163,"India",1995,"Cardiovascular diseases","deaths",284.969863494904,145.558728504271,119.503417791708,169.926079936877
163,"India",1996,"Cardiovascular diseases","deaths",293.111037366634,151.273290901812,125.999808326553,176.411658485785
163,"India",1997,"Cardiovascular diseases","deaths",302.994550015005,157.920152272333,133.766117327603,182.637603636389
163,"India",1998,"Cardiovascular diseases","deaths",304.035973892315,160.629128594276,136.571886651625,183.852594953248
163,"India",1999,"Cardiovascular diseases","deaths",298.508859911048,159.443189274947,137.486312625769,181.916196769465
163,"India",2000,"Cardiovascular diseases","deaths",291.085778660455,157.632047182976,136.863991746948,178.619215835782
163,"India",2001,"Cardiovascular diseases","deaths",286.562295698893,157.43481994978,137.332984595038,175.258660386879
144,"Jordan",1990,"Cardiovascular diseases","deaths",422.388533606882,135.989905107585,111.192972190851,155.412611115525
144,"Jordan",1991,"Cardiovascular diseases","deaths",422.556404028922,136.12638023813,111.20547763119,155.243073698537
144,"Jordan",1992,"Cardiovascular diseases","deaths",424.918577432582,137.172346623337,114.844030743118,156.061842316421
144,"Jordan",1993,"Cardiovascular diseases","deaths",424.986483183871,137.485565151775,116.80385199956,156.644465647031
144,"Jordan",1994,"Cardiovascular diseases","deaths",424.87645140655,138.092901740895,118.49232223983,156.394141548769
144,"Jordan",1995,"Cardiovascular diseases","deaths",422.346418388817,137.700024396859,118.671181837962,155.848735559
144,"Jordan",1996,"Cardiovascular diseases","deaths",418.577849289517,137.15718702255,119.751696147617,155.250723137256
144,"Jordan",1997,"Cardiovascular diseases","deaths",414.452258276139,136.828583615989,120.207120668717,154.480111106513
144,"Jordan",1998,"Cardiovascular diseases","deaths",409.103606473581,136.375106198527,120.852070938399,153.148794737815
144,"Jordan",1999,"Cardiovascular diseases","deaths",404.768588060729,136.198792051272,121.748260692613,151.835348833604
144,"Jordan",2000,"Cardiovascular diseases","deaths",402.343080045577,136.726450143933,122.828168503213,151.667115940669
144,"Jordan",2001,"Cardiovascular diseases","deaths",400.017653480399,137.234093869173,124.026714141827,151.003253922646
180,"Kenya",1990,"Cardiovascular diseases","deaths",154.709637024419,49.5736403015269,39.0171039154348,61.3091467198313
180,"Kenya",1991,"Cardiovascular diseases","deaths",153.918673811953,49.3797842763801,38.8682237104099,61.0874807003618
180,"Kenya",1992,"Cardiovascular diseases","deaths",154.046336927069,49.5065111531677,39.4710066372624,61.1673760994411
180,"Kenya",1993,"Cardiovascular diseases","deaths",154.573769450185,49.8496376504061,40.2149557856934,61.3501186230148
180,"Kenya",1994,"Cardiovascular diseases","deaths",155.431695709682,50.3276870015201,40.5854241399328,61.8277367679663
180,"Kenya",1995,"Cardiovascular diseases","deaths",156.36002327765,50.8042980082158,41.6105320337764,62.2320779312188
180,"Kenya",1996,"Cardiovascular diseases","deaths",157.968856324498,51.5153165408294,42.2975823469719,63.1855453042123
180,"Kenya",1997,"Cardiovascular diseases","deaths",159.847067065947,52.2734214531329,42.7833645562285,64.232730310666
180,"Kenya",1998,"Cardiovascular diseases","deaths",161.52929126535,52.9929312518833,43.5987826807663,64.7262813258516
180,"Kenya",1999,"Cardiovascular diseases","deaths",162.500629187652,53.4773953911071,43.9042526400767,65.2789388235273
180,"Kenya",2000,"Cardiovascular diseases","deaths",164.786076011288,54.3608499941344,44.8371457275908,65.6538424900398
180,"Kenya",2001,"Cardiovascular diseases","deaths",162.033344515599,53.5712257128136,44.4913501810195,64.1262152967351
23,"Kiribati",1990,"Cardiovascular diseases","deaths",226.901845398207,112.675426007409,95.6441481196272,129.513031350921
23,"Kiribati",1991,"Cardiovascular diseases","deaths",227.10502795439,112.925786415983,96.2407568124979,131.157713763782
23,"Kiribati",1992,"Cardiovascular diseases","deaths",225.934573122378,112.168826202404,96.4961820794827,128.961204022834
23,"Kiribati",1993,"Cardiovascular diseases","deaths",227.57052346052,113.266027094279,98.425499868462,129.694735051509
23,"Kiribati",1994,"Cardiovascular diseases","deaths",227.122263449311,113.23020277184,98.3848927916982,128.956268355033
23,"Kiribati",1995,"Cardiovascular diseases","deaths",226.062462686991,112.947997653275,98.2530166762335,128.772885240308
23,"Kiribati",1996,"Cardiovascular diseases","deaths",226.023780411304,113.324307155511,99.4179310667113,129.061647961757
23,"Kiribati",1997,"Cardiovascular diseases","deaths",226.313143731118,114.039870153905,100.528691461862,129.717612908743
23,"Kiribati",1998,"Cardiovascular diseases","deaths",226.227800987237,114.750917668236,100.701977746638,129.897708965157
23,"Kiribati",1999,"Cardiovascular diseases","deaths",225.288787984405,115.272138390103,100.7410841137,131.659789802804
23,"Kiribati",2000,"Cardiovascular diseases","deaths",224.268624762124,115.664497257412,101.074643693317,132.309332046213
23,"Kiribati",2001,"Cardiovascular diseases","deaths",223.256896098416,116.034289074984,100.817636512606,132.685169633225
37,"Kyrgyzstan",1990,"Cardiovascular diseases","deaths",547.249388856326,308.519366614503,291.26880103208,324.025400089445
37,"Kyrgyzstan",1991,"Cardiovascular diseases","deaths",554.170143912989,310.814490401712,292.994791362362,325.295822111609
37,"Kyrgyzstan",1992,"Cardiovascular diseases","deaths",579.691317154319,322.250979897312,304.745086902159,338.539139918183
37,"Kyrgyzstan",1993,"Cardiovascular diseases","deaths",623.644050925654,344.361852715116,324.595441239968,362.311253153795
37,"Kyrgyzstan",1994,"Cardiovascular diseases","deaths",652.667760259115,359.072988713714,337.830263981663,375.950220276938
37,"Kyrgyzstan",1995,"Cardiovascular diseases","deaths",651.511602703799,354.255492355629,333.245879229562,370.829256285604
37,"Kyrgyzstan",1996,"Cardiovascular diseases","deaths",634.59396006084,340.289073599235,321.622031362304,357.705615863994
37,"Kyrgyzstan",1997,"Cardiovascular diseases","deaths",617.028217738687,326.855273164682,310.781640463536,343.650190139867
37,"Kyrgyzstan",1998,"Cardiovascular diseases","deaths",605.48655901375,318.297400623125,302.897552775795,331.793958957254
37,"Kyrgyzstan",1999,"Cardiovascular diseases","deaths",598.435557513639,313.855264055097,298.663621939162,326.697903314713
37,"Kyrgyzstan",2000,"Cardiovascular diseases","deaths",601.171835236067,316.603474333432,303.305527351243,327.65289859889
37,"Kyrgyzstan",2001,"Cardiovascular diseases","deaths",605.845455909271,318.116402713198,303.855759411929,328.511072296403
12,"Lao People's Democratic Republic",1990,"Cardiovascular diseases","deaths",427.596450418366,195.115292710549,143.895687931516,242.380237736677
12,"Lao People's Democratic Republic",1991,"Cardiovascular diseases","deaths",429.527561049835,194.584349157793,142.813989594298,242.691364127874
12,"Lao People's Democratic Republic",1992,"Cardiovascular diseases","deaths",433.214298616935,195.136899513868,140.683642863471,247.97650027841
12,"Lao People's Democratic Republic",1993,"Cardiovascular diseases","deaths",439.005314364823,196.482992602271,143.006626847205,249.536839467832
12,"Lao People's Democratic Republic",1994,"Cardiovascular diseases","deaths",443.674232829478,197.49563478104,146.67698703437,248.011605668048
12,"Lao People's Democratic Republic",1995,"Cardiovascular diseases","deaths",439.807471564569,195.294464287968,145.238890236242,243.49315937667
12,"Lao People's Democratic Republic",1996,"Cardiovascular diseases","deaths",440.136606186445,194.195253134847,145.448441250462,241.820480933563
12,"Lao People's Democratic Republic",1997,"Cardiovascular diseases","deaths",440.619509659813,193.590928678346,145.782181438726,235.492064189857
12,"Lao People's Democratic Republic",1998,"Cardiovascular diseases","deaths",443.689298383811,194.31348467855,147.892554507288,237.720125636672
12,"Lao People's Democratic Republic",1999,"Cardiovascular diseases","deaths",442.421289812338,193.438206712316,148.385599322491,237.536539792504
12,"Lao People's Democratic Republic",2000,"Cardiovascular diseases","deaths",437.613310043707,191.452127078923,148.729468809423,235.661440631314
12,"Lao People's Democratic Republic",2001,"Cardiovascular diseases","deaths",436.513226807795,190.814892475578,149.48767634567,234.047920645993
146,"Lebanon",1990,"Cardiovascular diseases","deaths",162.020176841323,108.027003457642,76.6879263539754,140.437145044097
146,"Lebanon",1991,"Cardiovascular diseases","deaths",160.709741765336,108.582427664274,78.9367993578872,141.343685576691
146,"Lebanon",1992,"Cardiovascular diseases","deaths",159.227560354601,109.072113646086,79.1865346701121,139.828715653365
146,"Lebanon",1993,"Cardiovascular diseases","deaths",156.89777234483,108.855914894282,77.7352444034736,138.712146089807
146,"Lebanon",1994,"Cardiovascular diseases","deaths",154.584302864584,108.800368339484,77.87105354345,134.682663337008
146,"Lebanon",1995,"Cardiovascular diseases","deaths",152.730933083631,109.128206860944,76.7917386495067,133.15087792322
146,"Lebanon",1996,"Cardiovascular diseases","deaths",149.68961655502,108.611110037809,78.2707181789004,131.845524306089
146,"Lebanon",1997,"Cardiovascular diseases","deaths",147.140456488332,108.374857053042,78.812494074907,132.838464308307
146,"Lebanon",1998,"Cardiovascular diseases","deaths",144.213439352101,107.812479344649,81.3420606873047,132.175009409866
146,"Lebanon",1999,"Cardiovascular diseases","deaths",140.697026342401,106.729581518363,80.0068630921165,129.112139473581
146,"Lebanon",2000,"Cardiovascular diseases","deaths",137.209922799187,105.611261553831,81.1050915857433,125.985719306242
146,"Lebanon",2001,"Cardiovascular diseases","deaths",132.674537749304,103.725147265805,81.7874446958766,123.633311307271
194,"Lesotho",1990,"Cardiovascular diseases","deaths",311.94618799605,153.320839725751,119.507318351368,190.782903256594
194,"Lesotho",1991,"Cardiovascular diseases","deaths",309.75295429579,152.936385061964,118.750522563813,191.537355415135
194,"Lesotho",1992,"Cardiovascular diseases","deaths",306.552447067626,152.126565459296,120.154960566933,186.902344423062
194,"Lesotho",1993,"Cardiovascular diseases","deaths",305.887954846563,152.575080355146,123.355206227016,185.491173438473
194,"Lesotho",1994,"Cardiovascular diseases","deaths",305.95832109493,153.350242214291,124.051225067257,185.952859198528
194,"Lesotho",1995,"Cardiovascular diseases","deaths",308.438214656553,155.38935021767,124.148082357238,186.868160368545
194,"Lesotho",1996,"Cardiovascular diseases","deaths",317.11569608606,160.353309888377,128.66229264215,192.507779333854
194,"Lesotho",1997,"Cardiovascular diseases","deaths",326.08673795067,165.476181381185,132.227504859046,195.889041175054
194,"Lesotho",1998,"Cardiovascular diseases","deaths",330.186430965137,168.133196479494,135.567361143175,197.574133775462
194,"Lesotho",1999,"Cardiovascular diseases","deaths",335.039728798193,171.166636886737,141.273365640019,200.995790131022
194,"Lesotho",2000,"Cardiovascular diseases","deaths",336.725596772864,173.002741559889,145.295800553126,205.052634341135
194,"Lesotho",2001,"Cardiovascular diseases","deaths",366.810703911653,191.356147518044,159.858514738653,225.82828187702
212,"Mauritania",1990,"Cardiovascular diseases","deaths",309.792251227878,138.874037873811,112.092770395806,164.046741739777
212,"Mauritania",1991,"Cardiovascular diseases","deaths",306.340672677244,137.024163829064,110.922017927976,162.983498733145
212,"Mauritania",1992,"Cardiovascular diseases","deaths",307.648788142548,137.388770106721,111.844167519985,163.433344713881
212,"Mauritania",1993,"Cardiovascular diseases","deaths",309.703972752415,139.362116868778,113.03077477955,167.113864960215
212,"Mauritania",1994,"Cardiovascular diseases","deaths",290.64530405275,129.348201056353,105.841593672501,155.465830723688
212,"Mauritania",1995,"Cardiovascular diseases","deaths",284.863424055889,125.644110124798,102.590340337547,151.501612244395
212,"Mauritania",1996,"Cardiovascular diseases","deaths",287.70533811114,126.760226967998,102.828331945132,151.951518541232
212,"Mauritania",1997,"Cardiovascular diseases","deaths",289.218186087315,127.16712540132,102.833334809461,152.231952273577
212,"Mauritania",1998,"Cardiovascular diseases","deaths",298.294903648317,132.263602736969,106.412586474128,157.020624099965
212,"Mauritania",1999,"Cardiovascular diseases","deaths",290.185994905343,127.704222039655,102.835625015755,153.332403940609
212,"Mauritania",2000,"Cardiovascular diseases","deaths",299.664634820712,130.849272469116,107.451691472871,155.227009822263
212,"Mauritania",2001,"Cardiovascular diseases","deaths",304.057059325009,132.3382004449,109.403408488849,157.096345410606
25,"Micronesia (Federated States of)",1990,"Cardiovascular diseases","deaths",659.573398781384,259.514549292517,210.065450886195,302.234914123437
25,"Micronesia (Federated States of)",1991,"Cardiovascular diseases","deaths",651.099688408554,256.350147471453,206.311561371663,297.961190195246
25,"Micronesia (Federated States of)",1992,"Cardiovascular diseases","deaths",638.226491075757,252.171019894838,205.682334109512,292.385589749028
25,"Micronesia (Federated States of)",1993,"Cardiovascular diseases","deaths",629.55134962431,249.281486708047,203.518147766923,289.711995569263
25,"Micronesia (Federated States of)",1994,"Cardiovascular diseases","deaths",622.498178849907,247.063246469471,199.236953564053,286.272977713911
25,"Micronesia (Federated States of)",1995,"Cardiovascular diseases","deaths",615.205309685682,244.097811176203,198.325646901058,283.182699660697
25,"Micronesia (Federated States of)",1996,"Cardiovascular diseases","deaths",610.370874814416,243.22421620118,198.698459575672,282.762447151802
25,"Micronesia (Federated States of)",1997,"Cardiovascular diseases","deaths",606.964219016692,243.142036212876,199.726275672326,281.499191801731
25,"Micronesia (Federated States of)",1998,"Cardiovascular diseases","deaths",605.187011960602,243.926119691197,202.772751989277,282.785691687858
25,"Micronesia (Federated States of)",1999,"Cardiovascular diseases","deaths",602.340242332567,244.512849644573,204.506687950162,281.101863186186
25,"Micronesia (Federated States of)",2000,"Cardiovascular diseases","deaths",621.729269500558,253.42724620466,213.96858015147,292.009048341715
25,"Micronesia (Federated States of)",2001,"Cardiovascular diseases","deaths",592.922143306305,243.893712552712,207.499513871889,280.921003748316
148,"Morocco",1990,"Cardiovascular diseases","deaths",786.820531438887,357.423378167574,331.362664875783,384.035663140109
148,"Morocco",1991,"Cardiovascular diseases","deaths",779.629543200259,356.851711264818,326.745879456295,384.788757835218
148,"Morocco",1992,"Cardiovascular diseases","deaths",770.392105940713,355.386498673185,324.019867786084,381.778263261253
148,"Morocco",1993,"Cardiovascular diseases","deaths",763.45473607162,354.316686611838,323.560594100797,380.795331177255
148,"Morocco",1994,"Cardiovascular diseases","deaths",755.232238592216,352.386320594102,322.120341776638,380.450506460782
148,"Morocco",1995,"Cardiovascular diseases","deaths",744.046843375748,348.647030865722,318.0994018492,378.947983063886
148,"Morocco",1996,"Cardiovascular diseases","deaths",738.638258750555,347.920427783795,316.369655277295,379.509800864246
148,"Morocco",1997,"Cardiovascular diseases","deaths",731.056406733652,346.457896890659,315.247835223536,374.403494732299
148,"Morocco",1998,"Cardiovascular diseases","deaths",726.908266902455,346.899170180385,318.079963272297,376.182032648016
148,"Morocco",1999,"Cardiovascular diseases","deaths",722.714938425152,347.329573685087,317.739007483475,373.743409652321
148,"Morocco",2000,"Cardiovascular diseases","deaths",718.470871292193,347.868843594102,319.406041935891,372.623747102296
148,"Morocco",2001,"Cardiovascular diseases","deaths",710.759282606276,346.700789212041,317.786184364723,371.982207728519
15,"Myanmar",1990,"Cardiovascular diseases","deaths",572.643015942648,279.33600517326,204.700779503344,335.514314678882
15,"Myanmar",1991,"Cardiovascular diseases","deaths",574.177102975836,285.308179039498,211.694813915478,343.285078915944
15,"Myanmar",1992,"Cardiovascular diseases","deaths",571.92968825262,289.17986800869,220.982440505768,348.614603076321
15,"Myanmar",1993,"Cardiovascular diseases","deaths",570.072165932069,293.512965120422,226.204779055172,353.374486995068
15,"Myanmar",1994,"Cardiovascular diseases","deaths",567.042910959915,297.437978234898,225.626731006368,359.5976680007
15,"Myanmar",1995,"Cardiovascular diseases","deaths",565.271106930642,301.738661076546,230.461673569984,364.765841104974
15,"Myanmar",1996,"Cardiovascular diseases","deaths",560.206182822888,304.275272957631,229.265460410151,363.936352919334
15,"Myanmar",1997,"Cardiovascular diseases","deaths",557.880173570971,308.345988225995,234.623525045187,376.351140967145
15,"Myanmar",1998,"Cardiovascular diseases","deaths",558.555651303482,314.218278391452,239.726077850552,380.581288560436
15,"Myanmar",1999,"Cardiovascular diseases","deaths",554.21946280041,317.069429106627,246.19319554893,379.696938301752
15,"Myanmar",2000,"Cardiovascular diseases","deaths",551.804795722705,320.755320098118,247.274352184073,384.018450748609
15,"Myanmar",2001,"Cardiovascular diseases","deaths",548.894560313231,323.878828064534,249.873794173452,387.877167112612
164,"Nepal",1990,"Cardiovascular diseases","deaths",261.322516982824,112.517016489768,90.5242497353147,137.999951712355
164,"Nepal",1991,"Cardiovascular diseases","deaths",266.431550932582,115.455946081054,92.5575251567763,140.815647571532
164,"Nepal",1992,"Cardiovascular diseases","deaths",269.393716754328,117.490919362936,95.1547434615632,144.394077756995
164,"Nepal",1993,"Cardiovascular diseases","deaths",267.803911250765,117.239369241332,96.8562207104395,143.639678810209
164,"Nepal",1994,"Cardiovascular diseases","deaths",269.9696328845,118.630613821857,97.0347446998215,144.18465416879
164,"Nepal",1995,"Cardiovascular diseases","deaths",271.674088262925,119.748012440014,98.8351280965881,146.325931245395
164,"Nepal",1996,"Cardiovascular diseases","deaths",273.825125685138,121.230167190429,100.109364594827,146.111518553805
164,"Nepal",1997,"Cardiovascular diseases","deaths",275.979252272257,122.91716087107,100.490554878969,147.342853440905
164,"Nepal",1998,"Cardiovascular diseases","deaths",277.703212129233,124.54134666977,101.146435408757,150.457214114228
164,"Nepal",1999,"Cardiovascular diseases","deaths",278.894690261998,126.100078208324,103.244092298721,151.545048347442
164,"Nepal",2000,"Cardiovascular diseases","deaths",278.78706686354,127.219691920939,104.874184547434,149.668755415677
164,"Nepal",2001,"Cardiovascular diseases","deaths",278.15964374311,128.429007034238,105.771794940407,150.72232885207
131,"Nicaragua",1990,"Cardiovascular diseases","deaths",222.12589909893,76.8434127597848,69.5956801306186,84.7954890023154
131,"Nicaragua",1991,"Cardiovascular diseases","deaths",215.348766742701,75.6983512827747,68.5783862929134,82.4351972833967
131,"Nicaragua",1992,"Cardiovascular diseases","deaths",215.308825421215,77.0037642567068,69.7323369001472,83.5021218337868
131,"Nicaragua",1993,"Cardiovascular diseases","deaths",215.510641582189,78.6447133489167,72.0365365304769,84.9048377816746
131,"Nicaragua",1994,"Cardiovascular diseases","deaths",212.48199391875,78.99614946702,71.5851522930259,85.0220175066106
131,"Nicaragua",1995,"Cardiovascular diseases","deaths",209.070634172124,79.0370575550379,70.3447730283357,85.5017749677216
131,"Nicaragua",1996,"Cardiovascular diseases","deaths",203.711565980997,78.55313402875,70.5978849119204,86.2088007905644
131,"Nicaragua",1997,"Cardiovascular diseases","deaths",196.306282495004,77.5683054438727,69.9567417869605,84.1764297319052
131,"Nicaragua",1998,"Cardiovascular diseases","deaths",203.616324740241,82.5009568453712,74.5992194720599,89.9048958206065
131,"Nicaragua",1999,"Cardiovascular diseases","deaths",183.754044970417,75.9411680868605,69.2192236781436,82.319894029192
131,"Nicaragua",2000,"Cardiovascular diseases","deaths",182.498319217344,77.4892739821918,70.7634504063894,84.6857039445616
131,"Nicaragua",2001,"Cardiovascular diseases","deaths",182.115575080913,79.4032438296684,72.0374684147813,86.1788970365885
214,"Nigeria",1990,"Cardiovascular diseases","deaths",301.242069093082,126.273369344122,101.248006636184,156.38279718071
214,"Nigeria",1991,"Cardiovascular diseases","deaths",302.382656685804,125.72272239268,101.912754262938,153.797183570026
214,"Nigeria",1992,"Cardiovascular diseases","deaths",290.886737683393,119.825437872227,98.4570664406962,145.001181824679
214,"Nigeria",1993,"Cardiovascular diseases","deaths",287.215292188009,117.136000148102,96.9882598830821,141.790553673708
214,"Nigeria",1994,"Cardiovascular diseases","deaths",283.074308671784,114.255604669977,94.7816058658516,137.746090885171
214,"Nigeria",1995,"Cardiovascular diseases","deaths",279.825344899436,111.688835510616,93.0958377539936,134.246856933481
214,"Nigeria",1996,"Cardiovascular diseases","deaths",282.158614147595,111.372634840198,92.593144561973,133.967190278509
214,"Nigeria",1997,"Cardiovascular diseases","deaths",283.454644666176,110.750073187836,92.1338355260733,133.609749948139
214,"Nigeria",1998,"Cardiovascular diseases","deaths",287.717199632132,111.251760751809,92.9345054536492,135.023977373139
214,"Nigeria",1999,"Cardiovascular diseases","deaths",290.769776068332,111.198011751701,93.3571024825618,133.937952293994
214,"Nigeria",2000,"Cardiovascular diseases","deaths",298.026064179181,112.692910193843,93.1339353581934,136.319151510114
214,"Nigeria",2001,"Cardiovascular diseases","deaths",294.932379086421,110.223495279363,92.1768885042669,133.940916669474
165,"Pakistan",1990,"Cardiovascular diseases","deaths",268.988162452827,125.405265365896,96.166370168083,154.312485760676
165,"Pakistan",1991,"Cardiovascular diseases","deaths",267.554103917832,125.902186534241,96.6778116695613,154.693845334735
165,"Pakistan",1992,"Cardiovascular diseases","deaths",266.014863068914,126.175922325406,98.3193458143053,153.892164540433
165,"Pakistan",1993,"Cardiovascular diseases","deaths",265.702422852217,126.78788475878,100.408054263901,155.455784791034
165,"Pakistan",1994,"Cardiovascular diseases","deaths",262.639048327533,125.937890713916,99.6534084426815,152.78030576179
165,"Pakistan",1995,"Cardiovascular diseases","deaths",260.719016901818,125.506873129528,98.4724543620178,151.443917859363
165,"Pakistan",1996,"Cardiovascular diseases","deaths",259.048855319174,125.242542132277,96.0192855997937,149.914413872721
165,"Pakistan",1997,"Cardiovascular diseases","deaths",257.717303433728,125.039045805788,95.3357440357809,150.673504875707
165,"Pakistan",1998,"Cardiovascular diseases","deaths",258.666385390174,125.821699282711,96.9278701166175,151.113130944784
165,"Pakistan",1999,"Cardiovascular diseases","deaths",258.771762878851,126.065461070854,97.2596238045127,153.787947252191
165,"Pakistan",2000,"Cardiovascular diseases","deaths",260.539747255479,127.091096178605,98.882120689918,155.786512495328
165,"Pakistan",2001,"Cardiovascular diseases","deaths",260.734451273554,127.291637629151,98.6745376525138,153.909106973714
149,"Palestine",1990,"Cardiovascular diseases","deaths",500.455817077653,193.380770607427,163.510401996423,214.929572502772
149,"Palestine",1991,"Cardiovascular diseases","deaths",497.00592709464,188.664631909453,161.779377609453,209.307340102062
149,"Palestine",1992,"Cardiovascular diseases","deaths",494.543720208033,184.470114837988,159.318012467964,205.732214153659
149,"Palestine",1993,"Cardiovascular diseases","deaths",490.107049857482,179.945111668506,158.016747838224,200.431132077975
149,"Palestine",1994,"Cardiovascular diseases","deaths",485.617448076657,175.733731529396,156.638559703749,193.710204430835
149,"Palestine",1995,"Cardiovascular diseases","deaths",481.540031703452,171.957006189599,155.228378195175,187.949569269665
149,"Palestine",1996,"Cardiovascular diseases","deaths",477.174281729302,168.254936047339,153.052836924714,182.575011617986
149,"Palestine",1997,"Cardiovascular diseases","deaths",471.467509499737,164.210907061097,150.513364410768,176.817561893566
149,"Palestine",1998,"Cardiovascular diseases","deaths",463.942793959134,160.074241171569,147.764648286048,171.202179660473
149,"Palestine",1999,"Cardiovascular diseases","deaths",456.072093358512,156.08403650811,145.680836883024,166.173983178109
149,"Palestine",2000,"Cardiovascular diseases","deaths",450.792314378248,153.225401857687,142.958860074867,162.099472308369
149,"Palestine",2001,"Cardiovascular diseases","deaths",445.91207320444,150.605550246806,140.889459504538,159.134060287811
26,"Papua New Guinea",1990,"Cardiovascular diseases","deaths",467.694225258919,160.11677376797,125.134422203389,197.501511645669
26,"Papua New Guinea",1991,"Cardiovascular diseases","deaths",469.145934098111,161.834990327238,128.606105229758,201.531935676868
26,"Papua New Guinea",1992,"Cardiovascular diseases","deaths",468.436140436394,162.692834902975,127.514438192291,202.8894972698
26,"Papua New Guinea",1993,"Cardiovascular diseases","deaths",467.590179208009,163.385404213286,127.79403062196,202.52890722693
26,"Papua New Guinea",1994,"Cardiovascular diseases","deaths",467.284034923858,164.124381061028,130.010090604699,201.107618991884
26,"Papua New Guinea",1995,"Cardiovascular diseases","deaths",466.68654208006,164.335174351304,130.70937229669,199.137479620363
26,"Papua New Guinea",1996,"Cardiovascular diseases","deaths",472.69152873514,166.822670208022,132.332659288575,202.243103464018
26,"Papua New Guinea",1997,"Cardiovascular diseases","deaths",470.51671936359,166.062751991921,132.195129148691,198.717456591917
26,"Papua New Guinea",1998,"Cardiovascular diseases","deaths",467.177232775266,165.213313572862,129.967159266179,197.565931110023
26,"Papua New Guinea",1999,"Cardiovascular diseases","deaths",473.546650837113,167.631342741973,133.62350543678,200.901871615084
26,"Papua New Guinea",2000,"Cardiovascular diseases","deaths",474.94992611428,167.748707802761,135.843225793402,200.508591645473
26,"Papua New Guinea",2001,"Cardiovascular diseases","deaths",470.525169486831,165.561108835464,135.421642025545,199.288774247272
16,"Philippines",1990,"Cardiovascular diseases","deaths",340.334053346076,130.702040260428,115.655554407697,145.270541459229
16,"Philippines",1991,"Cardiovascular diseases","deaths",338.439340760127,130.611413193721,116.038531961554,143.420594509633
16,"Philippines",1992,"Cardiovascular diseases","deaths",340.437299164042,132.643100307235,119.453367573886,145.7701840892
16,"Philippines",1993,"Cardiovascular diseases","deaths",345.126156847185,135.588035663118,123.275205143588,148.145768241465
16,"Philippines",1994,"Cardiovascular diseases","deaths",350.548905636241,138.804846990163,126.540580491672,150.792580858711
16,"Philippines",1995,"Cardiovascular diseases","deaths",353.382744734365,141.387742308286,130.389980921344,154.274745154624
16,"Philippines",1996,"Cardiovascular diseases","deaths",355.970870197897,144.406891416503,132.823579251986,157.072815864068
16,"Philippines",1997,"Cardiovascular diseases","deaths",352.319813783984,145.00647711058,132.503364373979,158.419136249076
16,"Philippines",1998,"Cardiovascular diseases","deaths",348.08751957944,145.519120467677,133.800083292861,156.487442413848
16,"Philippines",1999,"Cardiovascular diseases","deaths",342.516941544665,145.630223804235,135.068062320032,156.080097429385
16,"Philippines",2000,"Cardiovascular diseases","deaths",342.650556924901,148.15769714122,138.007810605365,157.799245764402
16,"Philippines",2001,"Cardiovascular diseases","deaths",348.557297812928,153.348272386986,142.16851686696,163.208877737763
27,"Samoa",1990,"Cardiovascular diseases","deaths",278.360712451966,147.864285691457,123.319546949722,175.224289002213
27,"Samoa",1991,"Cardiovascular diseases","deaths",278.520495516629,150.333634566409,126.100381567781,178.622059974935
27,"Samoa",1992,"Cardiovascular diseases","deaths",278.869829933947,152.620030839179,129.040297645728,179.348921949921
27,"Samoa",1993,"Cardiovascular diseases","deaths",279.193690572043,154.759350188868,130.811960947754,182.742928017257
27,"Samoa",1994,"Cardiovascular diseases","deaths",279.533073697706,156.771480089688,133.394479281153,182.830906935996
27,"Samoa",1995,"Cardiovascular diseases","deaths",279.848056780795,158.697441232597,134.521123334352,184.60213941476
27,"Samoa",1996,"Cardiovascular diseases","deaths",280.687845715977,160.949862403796,137.299838358206,187.882094413724
27,"Samoa",1997,"Cardiovascular diseases","deaths",282.253254197182,163.672138703632,139.520296100423,190.132450533034
27,"Samoa",1998,"Cardiovascular diseases","deaths",284.331598732292,166.888469947118,142.045885227906,193.845253818639
27,"Samoa",1999,"Cardiovascular diseases","deaths",285.611004588217,169.897089423824,144.107803188358,196.687249139137
27,"Samoa",2000,"Cardiovascular diseases","deaths",286.491445213793,172.754192379932,146.692339746005,199.264461151813
27,"Samoa",2001,"Cardiovascular diseases","deaths",287.036161459396,175.530531079581,149.292844827612,202.349239747888
215,"Sao Tome and Principe",1990,"Cardiovascular diseases","deaths",217.15472897706,117.404944982386,100.281525031529,140.558148592514
215,"Sao Tome and Principe",1991,"Cardiovascular diseases","deaths",214.045850997724,114.32145191663,95.180521106297,136.703516484561
215,"Sao Tome and Principe",1992,"Cardiovascular diseases","deaths",216.23314238708,114.101684851056,94.6827399810899,136.297445530914
215,"Sao Tome and Principe",1993,"Cardiovascular diseases","deaths",219.317702554192,114.37217270998,94.9639939555137,135.315062648079
215,"Sao Tome and Principe",1994,"Cardiovascular diseases","deaths",221.305374496591,114.206996872671,94.497159537835,135.127472156157
215,"Sao Tome and Principe",1995,"Cardiovascular diseases","deaths",214.31989471901,109.485388887247,90.197019365106,127.82104501075
215,"Sao Tome and Principe",1996,"Cardiovascular diseases","deaths",218.717913213855,110.808565242043,90.4323450996853,129.874191808739
215,"Sao Tome and Principe",1997,"Cardiovascular diseases","deaths",224.488911440548,112.858890550384,92.5158142116929,130.420172692983
215,"Sao Tome and Principe",1998,"Cardiovascular diseases","deaths",232.619402454502,115.989575992041,95.6106650436463,134.188718412991
215,"Sao Tome and Principe",1999,"Cardiovascular diseases","deaths",240.667753074354,118.99397918797,98.7416005724654,137.89550044687
215,"Sao Tome and Principe",2000,"Cardiovascular diseases","deaths",230.439601477995,113.212188187303,94.4286671590664,130.347764041145
215,"Sao Tome and Principe",2001,"Cardiovascular diseases","deaths",234.870809625148,114.672285595478,96.57121835825,131.936160154961
216,"Senegal",1990,"Cardiovascular diseases","deaths",239.422727711495,101.918565558487,78.9273702712043,123.57789406474
216,"Senegal",1991,"Cardiovascular diseases","deaths",239.978227551292,102.403045298599,80.799048530482,125.175688236941
216,"Senegal",1992,"Cardiovascular diseases","deaths",238.043667146038,101.60560127216,81.1824856715481,125.105690662906
216,"Senegal",1993,"Cardiovascular diseases","deaths",234.583146285824,99.9668274622826,79.7209216728214,124.904367070968
216,"Senegal",1994,"Cardiovascular diseases","deaths",230.493410724419,98.6743608437654,79.7455914030598,122.480429929553
216,"Senegal",1995,"Cardiovascular diseases","deaths",220.598265060813,95.0122352957563,76.4238188447756,118.060550816146
216,"Senegal",1996,"Cardiovascular diseases","deaths",220.63489834582,95.7287348195308,76.8618365919793,118.770474965525
216,"Senegal",1997,"Cardiovascular diseases","deaths",210.811907170043,91.7670466995366,74.3800056381499,111.92180008476
216,"Senegal",1998,"Cardiovascular diseases","deaths",208.193068051993,90.9565222065454,73.6658386424641,112.765625935626
216,"Senegal",1999,"Cardiovascular diseases","deaths",204.945659379015,90.0400742496716,73.1359113342559,111.276922867119
216,"Senegal",2000,"Cardiovascular diseases","deaths",197.083793302345,86.7757365167302,70.6912023574625,106.315818214482
216,"Senegal",2001,"Cardiovascular diseases","deaths",249.116568396592,110.878241873313,90.6035702521485,135.678356489037
28,"Solomon Islands",1990,"Cardiovascular diseases","deaths",620.444614332675,241.839704037839,195.15731394499,287.737941592863
28,"Solomon Islands",1991,"Cardiovascular diseases","deaths",629.908846078965,245.2549579977,200.206055247203,292.165828894495
28,"Solomon Islands",1992,"Cardiovascular diseases","deaths",612.340084982968,237.426211231344,192.696456463082,285.10360712461
28,"Solomon Islands",1993,"Cardiovascular diseases","deaths",607.990848120943,235.458608346503,192.007754116925,283.773268086112
28,"Solomon Islands",1994,"Cardiovascular diseases","deaths",604.618429643764,233.897765784684,190.9590117785,282.140225119302
28,"Solomon Islands",1995,"Cardiovascular diseases","deaths",586.201370022878,226.734194266882,183.899354145164,272.418516172543
28,"Solomon Islands",1996,"Cardiovascular diseases","deaths",580.630422306469,224.808833573968,181.110409235697,268.177508609255
28,"Solomon Islands",1997,"Cardiovascular diseases","deaths",582.569065590373,225.911288322912,184.75796599677,269.926662236227
28,"Solomon Islands",1998,"Cardiovascular diseases","deaths",573.210036632987,222.858923371581,182.22442399052,264.92576907267
28,"Solomon Islands",1999,"Cardiovascular diseases","deaths",552.433568637447,215.807646250621,177.559455070995,256.183632547103
28,"Solomon Islands",2000,"Cardiovascular diseases","deaths",553.240270533917,216.959933512613,179.21215788655,254.99372055991
28,"Solomon Islands",2001,"Cardiovascular diseases","deaths",536.230856687702,211.258520746437,175.182239764644,249.078370024886
17,"Sri Lanka",1990,"Cardiovascular diseases","deaths",344.558819453533,180.064193368378,160.095130425298,199.094788077595
17,"Sri Lanka",1991,"Cardiovascular diseases","deaths",333.316928890752,173.042088328804,154.77124539055,190.661340384235
17,"Sri Lanka",1992,"Cardiovascular diseases","deaths",325.042514786318,172.20487162064,156.262911785474,188.539933927511
17,"Sri Lanka",1993,"Cardiovascular diseases","deaths",325.090925247681,175.042475810891,160.512980060354,190.70602979765
17,"Sri Lanka",1994,"Cardiovascular diseases","deaths",326.520118872711,182.140754259001,167.085762739545,197.094308610719
17,"Sri Lanka",1995,"Cardiovascular diseases","deaths",324.199634319612,185.842658220736,172.004701937135,200.141370263104
17,"Sri Lanka",1996,"Cardiovascular diseases","deaths",332.530510947039,204.747428749232,189.400877082061,219.948955161708
17,"Sri Lanka",1997,"Cardiovascular diseases","deaths",326.007904395225,202.310064176291,186.35350398922,218.544611296213
17,"Sri Lanka",1998,"Cardiovascular diseases","deaths",325.819970314916,208.340359453241,192.617741077063,225.722061796569
17,"Sri Lanka",1999,"Cardiovascular diseases","deaths",320.127493508229,208.844167470804,192.248567044381,225.832395469839
17,"Sri Lanka",2000,"Cardiovascular diseases","deaths",313.900441045377,206.031404207078,189.765273827023,222.219003291424
17,"Sri Lanka",2001,"Cardiovascular diseases","deaths",314.008868647911,208.235606344601,190.202604468015,226.723785374687
39,"Tajikistan",1990,"Cardiovascular diseases","deaths",513.371193572612,225.038610426603,201.439139630974,247.552571479596
39,"Tajikistan",1991,"Cardiovascular diseases","deaths",535.432844643388,233.393874875587,210.124351966706,254.178464602994
39,"Tajikistan",1992,"Cardiovascular diseases","deaths",570.461532444205,247.052139886451,223.354748089957,269.266244118806
39,"Tajikistan",1993,"Cardiovascular diseases","deaths",614.633555556818,262.931496767034,239.848030603461,284.047356657705
39,"Tajikistan",1994,"Cardiovascular diseases","deaths",620.775258977352,261.66765310946,234.306270234066,282.247542321861
39,"Tajikistan",1995,"Cardiovascular diseases","deaths",586.490910897659,246.714785334769,220.105769703534,267.427494848512
39,"Tajikistan",1996,"Cardiovascular diseases","deaths",541.150643417599,219.954038043841,194.861342439756,238.71786991826
39,"Tajikistan",1997,"Cardiovascular diseases","deaths",503.590733306828,201.884318537933,178.367622707744,220.488582876515
39,"Tajikistan",1998,"Cardiovascular diseases","deaths",487.767912455912,194.559246539518,174.231253600128,212.942985185329
39,"Tajikistan",1999,"Cardiovascular diseases","deaths",481.927110796613,191.333083789223,172.466261035707,208.094047819663
39,"Tajikistan",2000,"Cardiovascular diseases","deaths",489.510586686467,192.515934823788,175.990432210317,208.571023819293
39,"Tajikistan",2001,"Cardiovascular diseases","deaths",504.664209002406,199.102569769587,182.969614383281,214.592663725748
19,"Timor-Leste",1990,"Cardiovascular diseases","deaths",415.190302062914,107.5947580652,81.7228049878614,138.321758444264
19,"Timor-Leste",1991,"Cardiovascular diseases","deaths",410.370397241876,107.92962052266,82.7026025688711,137.810498776005
19,"Timor-Leste",1992,"Cardiovascular diseases","deaths",407.413290985066,109.457850908061,86.0134327852465,138.876452080353
19,"Timor-Leste",1993,"Cardiovascular diseases","deaths",404.621733360737,111.260992302512,87.9114665168556,139.307010482774
19,"Timor-Leste",1994,"Cardiovascular diseases","deaths",400.510711899962,112.683659096094,89.9734851338403,141.007134317913
19,"Timor-Leste",1995,"Cardiovascular diseases","deaths",395.643430555807,114.380803599793,93.0354812273705,143.568334515086
19,"Timor-Leste",1996,"Cardiovascular diseases","deaths",392.15050863305,117.0220994966,95.9993754791489,145.888402349702
19,"Timor-Leste",1997,"Cardiovascular diseases","deaths",386.505228759095,119.041027186334,98.1653321685829,147.875061231818
19,"Timor-Leste",1998,"Cardiovascular diseases","deaths",383.112945052938,121.728615282788,99.7677062902369,151.147108368767
19,"Timor-Leste",1999,"Cardiovascular diseases","deaths",377.21908982032,123.282323634374,101.38635111836,151.180824225878
19,"Timor-Leste",2000,"Cardiovascular diseases","deaths",376.655061377393,127.721753856492,105.104442543248,156.197075952588
19,"Timor-Leste",2001,"Cardiovascular diseases","deaths",370.593115895167,129.848173194858,108.051645323607,159.523363502285
154,"Tunisia",1990,"Cardiovascular diseases","deaths",319.070585312918,130.064777246211,101.216173479867,157.847483552429
154,"Tunisia",1991,"Cardiovascular diseases","deaths",315.544775443788,132.07942426779,103.004498688847,159.85379098677
154,"Tunisia",1992,"Cardiovascular diseases","deaths",312.980491512677,133.598991351052,105.327270891776,161.066280007314
154,"Tunisia",1993,"Cardiovascular diseases","deaths",310.272362092567,135.602341960073,108.065659385039,162.774290189767
154,"Tunisia",1994,"Cardiovascular diseases","deaths",307.545392361017,138.055393265605,111.299314003012,165.091369184905
154,"Tunisia",1995,"Cardiovascular diseases","deaths",300.940045317454,138.900113292976,112.422924380334,167.945300517914
154,"Tunisia",1996,"Cardiovascular diseases","deaths",296.743534375104,140.448158769038,112.691243454387,168.584723380992
154,"Tunisia",1997,"Cardiovascular diseases","deaths",295.905739909244,141.792302542169,112.748678465567,168.623975693201
154,"Tunisia",1998,"Cardiovascular diseases","deaths",293.005067803094,143.964547568206,115.348158650349,170.651204718051
154,"Tunisia",1999,"Cardiovascular diseases","deaths",288.348263348923,145.5383252958,117.950909313007,172.192640659289
154,"Tunisia",2000,"Cardiovascular diseases","deaths",280.238425627614,145.557252824535,117.385906612834,171.720365136757
154,"Tunisia",2001,"Cardiovascular diseases","deaths",272.194747282438,145.317911398028,117.091187971488,173.257352951116
189,"United Republic of Tanzania",1990,"Cardiovascular diseases","deaths",210.147667347629,88.1435550777822,72.9727105844646,106.916702198397
189,"United Republic of Tanzania",1991,"Cardiovascular diseases","deaths",214.161861178673,89.9017751914874,75.1032394895926,106.400264241026
189,"United Republic of Tanzania",1992,"Cardiovascular diseases","deaths",220.3634514591,92.538071227808,79.3045173431862,109.348436579611
189,"United Republic of Tanzania",1993,"Cardiovascular diseases","deaths",221.865760525645,93.3532160108805,79.6778427513285,109.313806875131
189,"United Republic of Tanzania",1994,"Cardiovascular diseases","deaths",224.937947091814,94.5724521928297,80.3968039391849,109.154036845232
189,"United Republic of Tanzania",1995,"Cardiovascular diseases","deaths",227.043268474846,95.2978306987225,80.8672000365204,109.389364105494
189,"United Republic of Tanzania",1996,"Cardiovascular diseases","deaths",227.680149798483,95.6779650091109,82.3857073964135,109.515537405725
189,"United Republic of Tanzania",1997,"Cardiovascular diseases","deaths",230.198390012064,96.764959504874,85.0977088033811,108.834161239924
189,"United Republic of Tanzania",1998,"Cardiovascular diseases","deaths",229.43609976622,96.5921153950371,85.0139896803799,108.671492918895
189,"United Republic of Tanzania",1999,"Cardiovascular diseases","deaths",225.073596149326,94.676855382683,84.131598778614,106.216816963925
189,"United Republic of Tanzania",2000,"Cardiovascular diseases","deaths",223.810925797862,94.0053249439605,82.7670255654473,105.074570574875
189,"United Republic of Tanzania",2001,"Cardiovascular diseases","deaths",220.883818512259,92.9297607919635,82.4311534268441,103.913648080977
41,"Uzbekistan",1990,"Cardiovascular diseases","deaths",616.841689057959,253.419755434168,242.817565993604,264.63483873241
41,"Uzbekistan",1991,"Cardiovascular diseases","deaths",629.217366324944,260.268709402181,246.704490425139,272.293174136578
41,"Uzbekistan",1992,"Cardiovascular diseases","deaths",650.728522551663,283.282402605855,268.790598797703,294.590489992418
41,"Uzbekistan",1993,"Cardiovascular diseases","deaths",668.473396138644,301.586582102613,285.621826828092,314.067540952708
41,"Uzbekistan",1994,"Cardiovascular diseases","deaths",681.606346491545,311.265917052134,295.09063248292,325.232203174278
41,"Uzbekistan",1995,"Cardiovascular diseases","deaths",684.654405885711,308.06495643509,292.506374737389,320.612665782379
41,"Uzbekistan",1996,"Cardiovascular diseases","deaths",676.786875297653,305.045648253201,289.093927216705,317.249601663688
41,"Uzbekistan",1997,"Cardiovascular diseases","deaths",672.027984924309,296.764970670576,282.239530930227,307.936943619051
41,"Uzbekistan",1998,"Cardiovascular diseases","deaths",666.9406415585,309.236510771903,294.499550377166,319.323324287151
41,"Uzbekistan",1999,"Cardiovascular diseases","deaths",658.743299501834,292.254748453487,280.410254097437,301.944562318913
41,"Uzbekistan",2000,"Cardiovascular diseases","deaths",654.586103943868,308.31716096941,296.578140992376,319.725858779258
41,"Uzbekistan",2001,"Cardiovascular diseases","deaths",651.176069505125,302.661592524065,291.424151289959,313.923527050882
30,"Vanuatu",1990,"Cardiovascular diseases","deaths",425.369059714456,182.244055195243,146.04437946766,220.687635349981
30,"Vanuatu",1991,"Cardiovascular diseases","deaths",440.672244256131,191.368003316978,155.615647700137,229.245953480362
30,"Vanuatu",1992,"Cardiovascular diseases","deaths",449.77269136289,197.133877222279,160.986448518189,234.661090624292
30,"Vanuatu",1993,"Cardiovascular diseases","deaths",453.802775083114,200.537129672247,165.934918565353,238.193217719413
30,"Vanuatu",1994,"Cardiovascular diseases","deaths",470.637334121573,209.889240505124,173.654599008022,246.193466731238
30,"Vanuatu",1995,"Cardiovascular diseases","deaths",456.555630375049,204.652989877325,168.648682381187,240.209054907226
30,"Vanuatu",1996,"Cardiovascular diseases","deaths",461.25450924247,208.443150653602,170.539065033573,243.472924699791
30,"Vanuatu",1997,"Cardiovascular diseases","deaths",457.651713992743,208.056694028396,170.611277460581,247.966093545913
30,"Vanuatu",1998,"Cardiovascular diseases","deaths",454.726584787951,208.143266583273,170.018215455809,250.597808669427
30,"Vanuatu",1999,"Cardiovascular diseases","deaths",454.628071956012,209.846506771143,173.498599433636,251.463228973414
30,"Vanuatu",2000,"Cardiovascular diseases","deaths",428.228621868002,199.363409562797,164.989873081051,240.985153049874
30,"Vanuatu",2001,"Cardiovascular diseases","deaths",430.865453341726,202.694351659386,169.328358876339,244.292017705451
20,"Viet Nam",1990,"Cardiovascular diseases","deaths",323.161044250161,177.425411594423,152.587360410462,205.923539997962
20,"Viet Nam",1991,"Cardiovascular diseases","deaths",317.144689364525,175.459105295517,151.203815169912,204.077615291395
20,"Viet Nam",1992,"Cardiovascular diseases","deaths",310.922166622582,173.589323462289,150.131716709305,201.465420461314
20,"Viet Nam",1993,"Cardiovascular diseases","deaths",303.690893844639,171.395172392639,145.817320700056,197.226559655664
20,"Viet Nam",1994,"Cardiovascular diseases","deaths",295.980312426251,169.259869501032,143.846646206766,193.765743253884
20,"Viet Nam",1995,"Cardiovascular diseases","deaths",288.677252788017,167.431034055268,142.700754375136,191.804999470366
20,"Viet Nam",1996,"Cardiovascular diseases","deaths",281.311113047886,165.952117917181,139.41318337465,189.857546663569
20,"Viet Nam",1997,"Cardiovascular diseases","deaths",274.770367999068,165.046450487382,140.137010395957,187.64127739271
20,"Viet Nam",1998,"Cardiovascular diseases","deaths",269.926405093746,165.287300707226,142.978347641365,186.325708190898
20,"Viet Nam",1999,"Cardiovascular diseases","deaths",263.739413385422,164.802645957936,143.086781866356,183.487646430006
20,"Viet Nam",2000,"Cardiovascular diseases","deaths",260.280333822173,165.9667820351,144.174852077397,184.062213031024
20,"Viet Nam",2001,"Cardiovascular diseases","deaths",258.791219615187,168.802453141675,146.681408464899,186.393273204595
191,"Zambia",1990,"Cardiovascular diseases","deaths",309.071809540867,91.2684598144509,67.863482046667,118.500399100837
191,"Zambia",1991,"Cardiovascular diseases","deaths",310.91655166623,91.7578103932562,68.0207054024539,117.515513453799
191,"Zambia",1992,"Cardiovascular diseases","deaths",314.219180534361,92.6764182746971,70.119871003002,117.399877272351
191,"Zambia",1993,"Cardiovascular diseases","deaths",316.935172173628,93.4178173904255,70.7925864824436,118.164178394149
191,"Zambia",1994,"Cardiovascular diseases","deaths",320.65169852075,94.3751651127165,70.4615995514574,121.225160292476
191,"Zambia",1995,"Cardiovascular diseases","deaths",324.971814040391,95.2844871246339,71.252929010957,120.208714380999
191,"Zambia",1996,"Cardiovascular diseases","deaths",329.240918465547,96.1631371586694,72.4877596851902,121.912382272207
191,"Zambia",1997,"Cardiovascular diseases","deaths",331.959511146626,96.3565108708062,73.5694290755438,121.27361704515
191,"Zambia",1998,"Cardiovascular diseases","deaths",334.845082993601,96.395544951382,73.6475025276017,120.656460154368
191,"Zambia",1999,"Cardiovascular diseases","deaths",338.030427830555,96.3546174213611,73.4964209121273,121.560326087698
191,"Zambia",2000,"Cardiovascular diseases","deaths",344.499619510084,96.9449974804706,75.3250272363806,120.734767233431
191,"Zambia",2001,"Cardiovascular diseases","deaths",357.601221211569,99.9046637627421,78.3539026766874,124.720001009247
198,"Zimbabwe",1990,"Cardiovascular diseases","deaths",193.030961441438,77.799543030838,66.6723945280318,90.236029869158
198,"Zimbabwe",1991,"Cardiovascular diseases","deaths",193.895370431124,78.6782422127813,67.6101631041021,90.7326426916645
198,"Zimbabwe",1992,"Cardiovascular diseases","deaths",207.928241896504,84.9901555173246,71.6286005803588,97.1839008205041
198,"Zimbabwe",1993,"Cardiovascular diseases","deaths",212.294256938345,87.4628378105826,73.3545188382549,100.100309873221
198,"Zimbabwe",1994,"Cardiovascular diseases","deaths",225.163788759716,93.6576068150372,79.8501902178735,107.696996705034
198,"Zimbabwe",1995,"Cardiovascular diseases","deaths",231.339704830701,97.1294444912093,81.8296449529121,111.206327195994
198,"Zimbabwe",1996,"Cardiovascular diseases","deaths",237.781663879571,100.729846495069,85.170243491259,115.59750947705
198,"Zimbabwe",1997,"Cardiovascular diseases","deaths",245.435644735862,104.786523048651,88.1918544032596,120.759614046047
198,"Zimbabwe",1998,"Cardiovascular diseases","deaths",248.708755514799,106.983632567132,90.8617472215283,124.234122274416
198,"Zimbabwe",1999,"Cardiovascular diseases","deaths",249.73939889731,108.318597283468,91.9961537752272,128.276069170171
198,"Zimbabwe",2000,"Cardiovascular diseases","deaths",250.16410986922,109.226434177227,90.215595252072,128.948979585984
198,"Zimbabwe",2001,"Cardiovascular diseases","deaths",252.765459983604,111.120701453779,91.2572017057123,131.495175436541
168,"Angola",2002,"Cardiovascular diseases","deaths",277.562717014873,83.5345616830295,65.6358091387144,105.07429868329
168,"Angola",2003,"Cardiovascular diseases","deaths",276.202672482755,82.7756841287519,66.1589607962697,104.559454397617
168,"Angola",2004,"Cardiovascular diseases","deaths",273.484442996557,81.6503881532585,66.0962757078886,104.042943933392
168,"Angola",2005,"Cardiovascular diseases","deaths",271.762179146896,80.8804589457394,66.0713758499986,102.245335678138
168,"Angola",2006,"Cardiovascular diseases","deaths",279.779726344583,82.9990282041153,68.0171470165587,103.851857659957
168,"Angola",2007,"Cardiovascular diseases","deaths",279.591736998336,83.1574485464462,67.4492506817581,103.013118683183
168,"Angola",2008,"Cardiovascular diseases","deaths",283.155353611211,84.2055439717444,69.4600399936865,103.940736425456
168,"Angola",2009,"Cardiovascular diseases","deaths",284.397608429803,84.4734034461307,68.7706757975063,104.035131591102
168,"Angola",2010,"Cardiovascular diseases","deaths",283.397061266273,84.3343829176056,68.7836002758831,104.653720072693
168,"Angola",2011,"Cardiovascular diseases","deaths",280.613736982052,83.6643264339226,68.5895971032419,103.750868123824
168,"Angola",2012,"Cardiovascular diseases","deaths",274.989991154685,82.2470375447115,66.9421058115896,101.577099691774
168,"Angola",2013,"Cardiovascular diseases","deaths",271.185085297357,81.8379133290793,66.2354374780404,100.136811465856
161,"Bangladesh",2002,"Cardiovascular diseases","deaths",402.090508074894,153.504574673628,130.829569446862,170.792511190424
161,"Bangladesh",2003,"Cardiovascular diseases","deaths",424.498070910325,163.893169305923,138.450495372435,181.991951181264
161,"Bangladesh",2004,"Cardiovascular diseases","deaths",446.353964531652,174.135222537389,145.287843767762,195.63346591885
161,"Bangladesh",2005,"Cardiovascular diseases","deaths",470.861390531592,185.823185435764,153.180341139836,206.867452572704
161,"Bangladesh",2006,"Cardiovascular diseases","deaths",486.175935750469,194.973780261888,160.370838282174,215.012527392602
161,"Bangladesh",2007,"Cardiovascular diseases","deaths",488.20981439579,199.591329127575,162.974636977605,220.359378598452
161,"Bangladesh",2008,"Cardiovascular diseases","deaths",484.158569761772,202.00216664012,165.367043422004,221.741820958706
161,"Bangladesh",2009,"Cardiovascular diseases","deaths",486.338337235987,209.143341556223,171.332615417554,230.00513654867
161,"Bangladesh",2010,"Cardiovascular diseases","deaths",483.943386950612,215.051386480634,175.374606934612,236.644365111046
161,"Bangladesh",2011,"Cardiovascular diseases","deaths",491.575205978945,223.523759681654,184.268781911196,245.398471888608
161,"Bangladesh",2012,"Cardiovascular diseases","deaths",507.778423737723,236.559194180414,194.217759119664,260.258730260467
161,"Bangladesh",2013,"Cardiovascular diseases","deaths",499.47031788711,239.911138762443,194.134313695271,264.067080293342
200,"Benin",2002,"Cardiovascular diseases","deaths",237.528794601074,89.0966708233037,71.677190810467,108.111314540987
200,"Benin",2003,"Cardiovascular diseases","deaths",224.718548869588,83.8245174212791,68.006673873353,101.352640144036
200,"Benin",2004,"Cardiovascular diseases","deaths",212.19599225437,78.6940685874487,65.1021860976648,94.8895803622037
200,"Benin",2005,"Cardiovascular diseases","deaths",206.683630431446,76.20893393268,62.6967133220473,92.9126950977196
200,"Benin",2006,"Cardiovascular diseases","deaths",208.229776197539,76.4271169749923,62.6826827116173,93.4096996995985
200,"Benin",2007,"Cardiovascular diseases","deaths",203.082943659646,74.5418759796654,61.2764084062993,90.5940469395033
200,"Benin",2008,"Cardiovascular diseases","deaths",209.370996310302,77.2110426206315,63.2623776291861,93.2217535438932
200,"Benin",2009,"Cardiovascular diseases","deaths",214.164020678379,79.5909578978468,65.671004749136,96.6633010630669
200,"Benin",2010,"Cardiovascular diseases","deaths",217.335558432653,80.6841320137581,66.7507775979415,98.1767913569288
200,"Benin",2011,"Cardiovascular diseases","deaths",223.178388191901,82.9676081016339,68.7052821148568,100.274630313292
200,"Benin",2012,"Cardiovascular diseases","deaths",226.891295860242,84.4996930870608,69.2128145322619,99.3867673476674
200,"Benin",2013,"Cardiovascular diseases","deaths",222.754671433455,83.2510783809122,68.5425453381588,98.9106799639086
162,"Bhutan",2002,"Cardiovascular diseases","deaths",302.624641019312,148.333518619115,120.801807641684,179.540818918688
162,"Bhutan",2003,"Cardiovascular diseases","deaths",304.874993635665,153.390290319302,127.546172010771,186.283228393787
162,"Bhutan",2004,"Cardiovascular diseases","deaths",304.084408040619,157.026659600008,128.914458050162,193.385291348828
162,"Bhutan",2005,"Cardiovascular diseases","deaths",300.425739860193,159.318433790834,129.517576481341,197.264188892124
162,"Bhutan",2006,"Cardiovascular diseases","deaths",294.89195977223,160.834867944728,129.888664690112,200.906950507494
162,"Bhutan",2007,"Cardiovascular diseases","deaths",287.544387634187,161.643219656022,129.533970234192,204.72588986655
162,"Bhutan",2008,"Cardiovascular diseases","deaths",277.646427041155,160.116198480093,127.046276686484,202.192957148669
162,"Bhutan",2009,"Cardiovascular diseases","deaths",265.941915785626,156.768205818795,123.311243725893,197.720440115156
162,"Bhutan",2010,"Cardiovascular diseases","deaths",259.049015053576,155.626593567334,122.6813683433,192.408893490763
162,"Bhutan",2011,"Cardiovascular diseases","deaths",257.491168571316,157.401505800349,123.750222635303,196.820401976928
162,"Bhutan",2012,"Cardiovascular diseases","deaths",258.93775016443,161.114186254431,126.983239797498,199.487846321565
162,"Bhutan",2013,"Cardiovascular diseases","deaths",253.22569779653,159.984282124587,124.771374883616,196.817444915902
121,"Bolivia (Plurinational State of)",2002,"Cardiovascular diseases","deaths",250.925511415908,123.349679570514,96.203234329856,148.096652859361
121,"Bolivia (Plurinational State of)",2003,"Cardiovascular diseases","deaths",249.472254567503,125.054129364798,98.7834648364669,149.794585136118
121,"Bolivia (Plurinational State of)",2004,"Cardiovascular diseases","deaths",248.26903971727,127.003259046431,101.074155781838,151.313739020707
121,"Bolivia (Plurinational State of)",2005,"Cardiovascular diseases","deaths",245.879005069176,128.243778322098,103.032109997914,155.900586132585
121,"Bolivia (Plurinational State of)",2006,"Cardiovascular diseases","deaths",242.331392289394,128.97066122018,103.168953384338,158.263497618287
121,"Bolivia (Plurinational State of)",2007,"Cardiovascular diseases","deaths",235.852750706253,127.725583666533,101.510006520144,153.99509982047
121,"Bolivia (Plurinational State of)",2008,"Cardiovascular diseases","deaths",228.681185962581,126.355274757738,99.8937692900093,151.544854475939
121,"Bolivia (Plurinational State of)",2009,"Cardiovascular diseases","deaths",221.221185150642,124.772601206958,100.67947802861,150.707224113407
121,"Bolivia (Plurinational State of)",2010,"Cardiovascular diseases","deaths",215.46801488704,124.102928222905,98.8295689384666,151.45342853779
121,"Bolivia (Plurinational State of)",2011,"Cardiovascular diseases","deaths",212.111088013545,124.875171008839,98.9099200537088,153.191965108467
121,"Bolivia (Plurinational State of)",2012,"Cardiovascular diseases","deaths",211.202941466786,126.902290623594,100.599236690931,154.924360117103
121,"Bolivia (Plurinational State of)",2013,"Cardiovascular diseases","deaths",208.595254133142,128.115877875234,101.63972249976,154.395834440965
203,"Cabo Verde",2002,"Cardiovascular diseases","deaths",217.153853777153,139.841066582651,122.829489200296,158.984265779171
203,"Cabo Verde",2003,"Cardiovascular diseases","deaths",213.969705135537,138.326157048669,121.367270852209,158.14571796587
203,"Cabo Verde",2004,"Cardiovascular diseases","deaths",210.99451754459,137.04083940833,118.960360162054,157.26508281775
203,"Cabo Verde",2005,"Cardiovascular diseases","deaths",208.307020215753,136.042200219496,116.052990992705,157.435424422411
203,"Cabo Verde",2006,"Cardiovascular diseases","deaths",206.133178277961,135.756341476359,115.182120759551,155.180670806311
203,"Cabo Verde",2007,"Cardiovascular diseases","deaths",203.909208355079,135.651068278975,115.318310282779,155.473556341212
203,"Cabo Verde",2008,"Cardiovascular diseases","deaths",196.306643167583,132.208483887237,112.379041194124,150.10294783628
203,"Cabo Verde",2009,"Cardiovascular diseases","deaths",191.354365652165,130.625607540793,111.218162488958,149.462132109295
203,"Cabo Verde",2010,"Cardiovascular diseases","deaths",187.548434980822,129.894404395787,111.830640470305,147.555526383452
203,"Cabo Verde",2011,"Cardiovascular diseases","deaths",195.556148858876,137.809077861175,118.362477229719,155.911256662088
203,"Cabo Verde",2012,"Cardiovascular diseases","deaths",198.686547569877,148.020285201607,126.997304683564,168.174661199542
203,"Cabo Verde",2013,"Cardiovascular diseases","deaths",188.30524249462,143.305653180183,123.173960485647,164.499786510503
10,"Cambodia",2002,"Cardiovascular diseases","deaths",291.233275738079,126.331985919482,100.214835627012,157.367036373875
10,"Cambodia",2003,"Cardiovascular diseases","deaths",287.263464438522,126.792007400587,102.427849188831,158.954309448091
10,"Cambodia",2004,"Cardiovascular diseases","deaths",285.756625803712,128.931347956426,105.83117108063,161.646450693248
10,"Cambodia",2005,"Cardiovascular diseases","deaths",284.878973958964,131.617757890062,107.954982382338,165.116836658499
10,"Cambodia",2006,"Cardiovascular diseases","deaths",279.645961533409,132.210096970791,108.259818176336,164.624340890235
10,"Cambodia",2007,"Cardiovascular diseases","deaths",279.301045230406,135.805466193557,109.789961858763,168.456098754632
10,"Cambodia",2008,"Cardiovascular diseases","deaths",276.263144915082,137.869381118023,112.169089130363,168.74500686251
10,"Cambodia",2009,"Cardiovascular diseases","deaths",272.431781185713,139.468976848196,114.079058895397,171.072413482172
10,"Cambodia",2010,"Cardiovascular diseases","deaths",269.250391590364,141.396576721925,116.968568827863,174.980375521123
10,"Cambodia",2011,"Cardiovascular diseases","deaths",262.943812656471,141.652831718019,118.352738345648,173.691363718948
10,"Cambodia",2012,"Cardiovascular diseases","deaths",264.590685881944,146.173437119419,122.239584486698,179.205778752511
10,"Cambodia",2013,"Cardiovascular diseases","deaths",266.907572633953,151.255542476946,124.225211399437,182.495774924366
202,"Cameroon",2002,"Cardiovascular diseases","deaths",301.228886739526,103.5924667436,85.3894538828878,123.032739733155
202,"Cameroon",2003,"Cardiovascular diseases","deaths",293.369736619292,100.103244568413,82.5273829071272,120.408670347588
202,"Cameroon",2004,"Cardiovascular diseases","deaths",287.995602331288,97.6206315259453,80.0512263986278,117.951219577887
202,"Cameroon",2005,"Cardiovascular diseases","deaths",287.346229564725,97.0763522291359,79.5739255778545,116.814459381165
202,"Cameroon",2006,"Cardiovascular diseases","deaths",297.94159896777,99.6820154543432,81.7424110660198,119.726170579087
202,"Cameroon",2007,"Cardiovascular diseases","deaths",295.787347566638,98.1163842696094,79.7787743495814,117.67706645414
202,"Cameroon",2008,"Cardiovascular diseases","deaths",307.446597125457,101.545859234899,83.0873610572743,122.300780181646
202,"Cameroon",2009,"Cardiovascular diseases","deaths",316.005250042208,103.979700529848,86.017586856725,124.333559353811
202,"Cameroon",2010,"Cardiovascular diseases","deaths",321.049702500903,105.338745824293,86.0016805910972,127.107137301118
202,"Cameroon",2011,"Cardiovascular diseases","deaths",322.369920071621,105.304369259498,86.135128765085,126.312039324946
202,"Cameroon",2012,"Cardiovascular diseases","deaths",326.191451814094,105.820463624248,87.1135484055907,126.635866532319
202,"Cameroon",2013,"Cardiovascular diseases","deaths",321.724903665413,104.079798372168,86.1347391814754,122.993166520734
176,"Comoros",2002,"Cardiovascular diseases","deaths",106.411257678028,62.2220941571862,49.0283834579212,77.4687139589002
176,"Comoros",2003,"Cardiovascular diseases","deaths",103.116781243138,61.1727929782345,48.8112224368806,76.6249686177068
176,"Comoros",2004,"Cardiovascular diseases","deaths",96.4584195856932,58.0321541293669,46.1165950137447,72.3663078922134
176,"Comoros",2005,"Cardiovascular diseases","deaths",99.5412881944815,60.5722924344047,47.4942662283809,76.3541105648705
176,"Comoros",2006,"Cardiovascular diseases","deaths",92.6064412167373,57.1433047048516,44.7028836590075,72.6910823013293
176,"Comoros",2007,"Cardiovascular diseases","deaths",98.7397198152305,61.6215635574473,48.2261524934958,78.9747040043079
176,"Comoros",2008,"Cardiovascular diseases","deaths",95.2663192567212,60.137815319948,47.1601496556036,76.3622579897972
176,"Comoros",2009,"Cardiovascular diseases","deaths",90.3680698947266,57.5952964970428,44.7811618881646,72.790159426219
176,"Comoros",2010,"Cardiovascular diseases","deaths",85.6172585236037,55.1346042819363,42.24282816826,69.2990308747066
176,"Comoros",2011,"Cardiovascular diseases","deaths",87.4224270429924,57.0039010711384,44.5685204927791,71.690782114063
176,"Comoros",2012,"Cardiovascular diseases","deaths",86.1146852236195,56.7267514092121,44.4636290738927,70.6041829923618
176,"Comoros",2013,"Cardiovascular diseases","deaths",87.7521395296414,58.3859335457898,46.3947128914483,72.9317978241857
170,"Congo",2002,"Cardiovascular diseases","deaths",278.178410355596,106.083946706942,83.4781087707819,130.144088855341
170,"Congo",2003,"Cardiovascular diseases","deaths",284.238641009068,108.065494641839,86.8082111539189,133.726938434792
170,"Congo",2004,"Cardiovascular diseases","deaths",284.601477826634,107.603569677727,86.9132201272419,129.632548420078
170,"Congo",2005,"Cardiovascular diseases","deaths",289.348336402742,108.927855906351,88.4090251771239,131.693316095126
170,"Congo",2006,"Cardiovascular diseases","deaths",291.657043416742,109.242777611825,89.6257550670417,132.768926776296
170,"Congo",2007,"Cardiovascular diseases","deaths",294.922427629743,109.913305410497,91.2080699776838,133.228587783375
170,"Congo",2008,"Cardiovascular diseases","deaths",299.3547221072,111.340319949843,91.72994433273,132.18114013221
170,"Congo",2009,"Cardiovascular diseases","deaths",302.834812899742,112.574111788123,92.4873042344482,134.755956579757
170,"Congo",2010,"Cardiovascular diseases","deaths",302.326102847294,111.303967376215,91.0783188818702,132.326137206757
170,"Congo",2011,"Cardiovascular diseases","deaths",297.955496510749,108.782873848132,89.0188023772854,129.513078762278
170,"Congo",2012,"Cardiovascular diseases","deaths",297.245682645037,107.747427365686,88.6790882762421,128.055470155941
170,"Congo",2013,"Cardiovascular diseases","deaths",294.407244217293,105.935019338399,87.5980771262895,124.356981592964
205,"C<c3><b4>te d'Ivoire",2002,"Cardiovascular diseases","deaths",266.191425693621,81.2967311781866,65.4701622243481,99.2325989274651
205,"C<c3><b4>te d'Ivoire",2003,"Cardiovascular diseases","deaths",252.626556079525,77.8238671529865,62.9289929270404,93.6365613499435
205,"C<c3><b4>te d'Ivoire",2004,"Cardiovascular diseases","deaths",248.051092788791,77.0028162601232,62.8657441158992,92.8314036540249
205,"C<c3><b4>te d'Ivoire",2005,"Cardiovascular diseases","deaths",243.718181731633,76.4788388229409,63.2886614147965,92.0212697365916
205,"C<c3><b4>te d'Ivoire",2006,"Cardiovascular diseases","deaths",242.516589078212,76.8649977776395,63.0897939429077,93.5323952439852
205,"C<c3><b4>te d'Ivoire",2007,"Cardiovascular diseases","deaths",232.311934392668,74.538736289699,61.401880762469,90.7348577616125
205,"C<c3><b4>te d'Ivoire",2008,"Cardiovascular diseases","deaths",230.908828329643,74.6115978557848,61.5129186248682,91.0998880201278
205,"C<c3><b4>te d'Ivoire",2009,"Cardiovascular diseases","deaths",226.541938729752,73.4925471975649,60.7480258678447,89.2682592189222
205,"C<c3><b4>te d'Ivoire",2010,"Cardiovascular diseases","deaths",223.329842238478,72.2360585982629,60.2962188781094,87.5058862872106
205,"C<c3><b4>te d'Ivoire",2011,"Cardiovascular diseases","deaths",231.790345505204,75.4705994614838,63.5303552505305,90.9922519289449
205,"C<c3><b4>te d'Ivoire",2012,"Cardiovascular diseases","deaths",245.787134635417,81.2617404431049,67.8742952040711,97.9522370413268
205,"C<c3><b4>te d'Ivoire",2013,"Cardiovascular diseases","deaths",251.472462228212,83.5926867527779,69.5426514524783,100.509200517687
177,"Djibouti",2002,"Cardiovascular diseases","deaths",177.293911481686,56.0171809136414,40.1630059113033,73.0243002460932
177,"Djibouti",2003,"Cardiovascular diseases","deaths",167.964774095617,53.253129893265,37.9887531267962,69.8733728536108
177,"Djibouti",2004,"Cardiovascular diseases","deaths",172.033085695017,55.1900563448158,40.6745753913016,71.8704975735074
177,"Djibouti",2005,"Cardiovascular diseases","deaths",170.215067801035,55.3714545731105,41.2755479731222,72.5631550512353
177,"Djibouti",2006,"Cardiovascular diseases","deaths",170.003092877161,56.5506365870528,42.0853843032954,73.941306362803
177,"Djibouti",2007,"Cardiovascular diseases","deaths",170.823208906352,58.207481919227,42.7189622775107,75.7645630756062
177,"Djibouti",2008,"Cardiovascular diseases","deaths",172.146634140128,59.7910101790861,43.7521320105614,78.8169188576585
177,"Djibouti",2009,"Cardiovascular diseases","deaths",170.06367373615,59.918630689519,43.6416938656251,79.2039390349451
177,"Djibouti",2010,"Cardiovascular diseases","deaths",171.343693067656,61.44988813217,45.2663441946439,80.1949934344608
177,"Djibouti",2011,"Cardiovascular diseases","deaths",172.896143854606,62.9192494194953,46.4326651598757,82.041073109275
177,"Djibouti",2012,"Cardiovascular diseases","deaths",175.56911674864,64.9329409759931,48.4519474513144,84.8819003352852
177,"Djibouti",2013,"Cardiovascular diseases","deaths",173.416072769889,65.1627848174515,48.643479633744,83.3442917922414
141,"Egypt",2002,"Cardiovascular diseases","deaths",693.319884588411,271.532482800344,241.662973380644,301.213885168561
141,"Egypt",2003,"Cardiovascular diseases","deaths",728.27881585738,278.654620074429,251.297253563572,308.281420532754
141,"Egypt",2004,"Cardiovascular diseases","deaths",735.01385837222,276.045460950092,249.208834535268,301.653105561938
141,"Egypt",2005,"Cardiovascular diseases","deaths",730.416370818233,270.808547002695,243.770469097062,297.157114559707
141,"Egypt",2006,"Cardiovascular diseases","deaths",738.296068636682,271.897576737495,242.670763110816,299.955052823508
141,"Egypt",2007,"Cardiovascular diseases","deaths",743.709926235274,273.20532480546,243.221479207222,300.239371481814
141,"Egypt",2008,"Cardiovascular diseases","deaths",747.899607703795,275.513180555052,245.554322051513,304.642717213188
141,"Egypt",2009,"Cardiovascular diseases","deaths",746.318460738063,276.55449330166,246.736105016305,305.023798684096
141,"Egypt",2010,"Cardiovascular diseases","deaths",739.29036284195,275.306388731167,249.028048001829,304.622970572353
141,"Egypt",2011,"Cardiovascular diseases","deaths",718.31497346376,267.11318978049,241.775988203667,294.631969111501
141,"Egypt",2012,"Cardiovascular diseases","deaths",723.935775865116,270.169256431158,245.131851538824,295.282532048001
141,"Egypt",2013,"Cardiovascular diseases","deaths",699.767998119488,264.662308226868,241.801360290068,288.313917650337
197,"Eswatini",2002,"Cardiovascular diseases","deaths",266.804960681977,110.017400969959,82.9574994914597,136.238621810376
197,"Eswatini",2003,"Cardiovascular diseases","deaths",274.26243375111,115.865052057916,88.2080497790045,143.94604121895
197,"Eswatini",2004,"Cardiovascular diseases","deaths",281.828264334249,122.297160022676,96.2071006271691,151.785226356119
197,"Eswatini",2005,"Cardiovascular diseases","deaths",279.468708974722,124.167044068445,98.4833828510904,151.082048409387
197,"Eswatini",2006,"Cardiovascular diseases","deaths",268.534596475048,121.321234581982,95.872715278807,150.120166017387
197,"Eswatini",2007,"Cardiovascular diseases","deaths",254.719605465138,116.785061426852,93.5746451165451,147.481427639348
197,"Eswatini",2008,"Cardiovascular diseases","deaths",248.645353344834,115.800690928215,93.2145083879558,145.355724233377
197,"Eswatini",2009,"Cardiovascular diseases","deaths",244.35946577103,115.696543497591,92.2529568122929,143.260698980811
197,"Eswatini",2010,"Cardiovascular diseases","deaths",236.702564064297,113.843179356896,91.7537282577297,141.394263525006
197,"Eswatini",2011,"Cardiovascular diseases","deaths",228.401460704534,111.514672524506,90.0224233359738,140.4943771219
197,"Eswatini",2012,"Cardiovascular diseases","deaths",221.996032721703,110.013235221958,87.5915226960421,136.852603124101
197,"Eswatini",2013,"Cardiovascular diseases","deaths",214.298962883146,107.833022885127,84.6852051356651,132.229102806515
207,"Ghana",2002,"Cardiovascular diseases","deaths",379.793322158214,159.103493490921,137.895149173578,179.234545857132
207,"Ghana",2003,"Cardiovascular diseases","deaths",355.899731416788,149.448173797337,130.577440396258,170.849884427361
207,"Ghana",2004,"Cardiovascular diseases","deaths",342.964188802256,144.334223301855,127.324601770468,165.455869533482
207,"Ghana",2005,"Cardiovascular diseases","deaths",337.469714801186,142.585162395415,125.324381698144,162.425161649084
207,"Ghana",2006,"Cardiovascular diseases","deaths",338.041859246499,143.277777916019,125.20922403715,165.659569436207
207,"Ghana",2007,"Cardiovascular diseases","deaths",325.596535110623,139.027267843118,122.096662515032,164.442253680961
207,"Ghana",2008,"Cardiovascular diseases","deaths",325.165354055141,140.107328299106,122.447350104988,168.142059754097
207,"Ghana",2009,"Cardiovascular diseases","deaths",321.640439053611,140.149559508935,122.068510476719,166.115084948111
207,"Ghana",2010,"Cardiovascular diseases","deaths",319.518272676021,140.723872371733,123.127616593518,163.967092314754
207,"Ghana",2011,"Cardiovascular diseases","deaths",330.12758647329,147.607324503302,129.966723714197,171.312107797927
207,"Ghana",2012,"Cardiovascular diseases","deaths",334.103933785033,151.31484970146,131.605649689669,175.854170392654
207,"Ghana",2013,"Cardiovascular diseases","deaths",322.713816649124,147.273802159658,127.714854796158,171.712923048502
208,"Guinea",2002,"Cardiovascular diseases","deaths",308.013838267729,155.734480335876,124.522800925995,186.519253253164
208,"Guinea",2003,"Cardiovascular diseases","deaths",299.241583702968,152.132833057151,122.96381427149,182.2939100577
208,"Guinea",2004,"Cardiovascular diseases","deaths",292.261345037662,147.671740620085,121.787534890484,181.736303426306
208,"Guinea",2005,"Cardiovascular diseases","deaths",290.007584160596,145.710271245236,120.152064191659,178.698445944475
208,"Guinea",2006,"Cardiovascular diseases","deaths",296.310609543074,148.587359820436,124.254234624934,181.984046958449
208,"Guinea",2007,"Cardiovascular diseases","deaths",295.474530427652,147.377720871528,122.199331759388,181.908729745631
208,"Guinea",2008,"Cardiovascular diseases","deaths",298.196730154669,147.359704903187,121.359688665813,180.313312867367
208,"Guinea",2009,"Cardiovascular diseases","deaths",301.191529816748,147.291452080123,122.102971349011,180.03119871909
208,"Guinea",2010,"Cardiovascular diseases","deaths",300.746880876264,145.54531502385,120.299643582576,176.430605259173
208,"Guinea",2011,"Cardiovascular diseases","deaths",302.032406588793,144.389978510566,118.477931799277,175.079981111642
208,"Guinea",2012,"Cardiovascular diseases","deaths",305.219394589826,143.82591851861,116.612774162075,173.81907596749
208,"Guinea",2013,"Cardiovascular diseases","deaths",295.800834225162,137.461572728563,111.358949501861,164.69359219534
114,"Haiti",2002,"Cardiovascular diseases","deaths",542.097785117293,234.981675332248,190.196448797618,270.10523299634
114,"Haiti",2003,"Cardiovascular diseases","deaths",542.837117106472,234.953558311354,192.713068052184,269.655805055933
114,"Haiti",2004,"Cardiovascular diseases","deaths",547.361331975988,236.476190029079,195.756450834016,271.874382961824
114,"Haiti",2005,"Cardiovascular diseases","deaths",539.645213987543,232.217375278945,191.219554963383,268.493478185933
114,"Haiti",2006,"Cardiovascular diseases","deaths",535.483538410501,230.714636830117,189.068315453095,263.789377488833
114,"Haiti",2007,"Cardiovascular diseases","deaths",536.370535828859,232.240388648102,191.9475829718,264.758453080163
114,"Haiti",2008,"Cardiovascular diseases","deaths",533.739397888709,231.50184958187,194.359452260612,266.056924237516
114,"Haiti",2009,"Cardiovascular diseases","deaths",530.390561852432,230.273294381197,194.040451613247,265.936791055945
114,"Haiti",2010,"Cardiovascular diseases","deaths",532.28145398675,229.270717108306,191.419971550469,264.416322270107
114,"Haiti",2011,"Cardiovascular diseases","deaths",538.54578795764,231.776808883327,195.103446313371,269.100470364318
114,"Haiti",2012,"Cardiovascular diseases","deaths",542.223791625855,234.790614558569,196.615330711995,273.172759465834
114,"Haiti",2013,"Cardiovascular diseases","deaths",550.87461832675,240.009921289308,200.833587260983,278.426172734192
129,"Honduras",2002,"Cardiovascular diseases","deaths",276.660165495048,108.078905754744,92.9581060137893,122.723219723012
129,"Honduras",2003,"Cardiovascular diseases","deaths",276.829168079666,109.522782473024,94.0493538858935,124.42751912058
129,"Honduras",2004,"Cardiovascular diseases","deaths",276.760864467799,111.180732065385,95.3943831681414,126.987642931859
129,"Honduras",2005,"Cardiovascular diseases","deaths",275.157671602689,111.938954827084,94.5187700895674,128.27483144998
129,"Honduras",2006,"Cardiovascular diseases","deaths",272.874086011018,112.605436390339,94.59621428142,129.437266789453
129,"Honduras",2007,"Cardiovascular diseases","deaths",270.227840729518,113.234832958167,96.0456068827825,131.315273753837
129,"Honduras",2008,"Cardiovascular diseases","deaths",267.453406671484,113.842856024422,97.4140470055295,132.285234061158
129,"Honduras",2009,"Cardiovascular diseases","deaths",264.848528028203,114.46021114524,97.1161021344114,132.550750764536
129,"Honduras",2010,"Cardiovascular diseases","deaths",264.132243278225,116.199142354847,98.6666663829379,134.652720132883
129,"Honduras",2011,"Cardiovascular diseases","deaths",266.332149120268,119.691703170112,102.361352330403,138.294538514996
129,"Honduras",2012,"Cardiovascular diseases","deaths",276.601474593271,125.801493487816,108.037916489322,144.411840846094
129,"Honduras",2013,"Cardiovascular diseases","deaths",278.790934741803,128.629586908688,108.506918933872,147.469983459253
163,"India",2002,"Cardiovascular diseases","deaths",284.305335935179,157.762782840994,141.228298814049,175.492558806608
163,"India",2003,"Cardiovascular diseases","deaths",279.446818796333,156.537015163647,140.19222777246,175.553625742295
163,"India",2004,"Cardiovascular diseases","deaths",272.166833541055,153.705470953646,138.253684076311,170.514366765106
163,"India",2005,"Cardiovascular diseases","deaths",272.08931301434,154.887975137079,139.530251203693,170.645477414885
163,"India",2006,"Cardiovascular diseases","deaths",284.882521523889,164.341367467871,147.561350480474,182.202947378963
163,"India",2007,"Cardiovascular diseases","deaths",292.845531912739,171.559518493918,153.654899359471,188.783850060127
163,"India",2008,"Cardiovascular diseases","deaths",289.435860809946,172.297634018765,155.277593435923,189.480849092493
163,"India",2009,"Cardiovascular diseases","deaths",286.440687834494,173.077207408287,156.44357175068,189.967642273715
163,"India",2010,"Cardiovascular diseases","deaths",287.178108702134,176.595357842044,160.456775627146,191.802769400964
163,"India",2011,"Cardiovascular diseases","deaths",298.291827217957,186.465723727544,170.425315662552,201.029070403057
163,"India",2012,"Cardiovascular diseases","deaths",311.914611861235,197.310055014893,179.41198798949,213.371006810194
163,"India",2013,"Cardiovascular diseases","deaths",314.196162054331,201.306939413081,184.251408030337,218.689657693139
144,"Jordan",2002,"Cardiovascular diseases","deaths",393.378365052425,136.490088666321,124.732574706182,149.362571866249
144,"Jordan",2003,"Cardiovascular diseases","deaths",380.515733987957,133.638041555691,122.651229656875,145.161494333287
144,"Jordan",2004,"Cardiovascular diseases","deaths",374.699845472075,133.164983468598,123.2658192793,143.480070104908
144,"Jordan",2005,"Cardiovascular diseases","deaths",372.218567074029,133.562247524117,124.257672478663,142.873157697294
144,"Jordan",2006,"Cardiovascular diseases","deaths",364.960318468202,132.154857660129,123.768136950059,140.835685424836
144,"Jordan",2007,"Cardiovascular diseases","deaths",345.235190661908,121.906440806848,113.497044201553,129.208348696261
144,"Jordan",2008,"Cardiovascular diseases","deaths",330.304326670532,114.557156619081,106.656008412354,121.557451411853
144,"Jordan",2009,"Cardiovascular diseases","deaths",319.275240548717,112.613156387003,105.519411220486,119.961683865166
144,"Jordan",2010,"Cardiovascular diseases","deaths",308.056468573819,111.137092742762,103.811844299209,117.883988767449
144,"Jordan",2011,"Cardiovascular diseases","deaths",296.574759563467,109.476700037798,102.430954436219,115.646237124869
144,"Jordan",2012,"Cardiovascular diseases","deaths",287.774716680639,108.66378793153,101.814191589132,115.424761345905
144,"Jordan",2013,"Cardiovascular diseases","deaths",281.12122174763,109.940269951503,102.279226993402,116.820951365051
180,"Kenya",2002,"Cardiovascular diseases","deaths",161.016035780792,53.3418532224026,43.9204949381426,63.643935296578
180,"Kenya",2003,"Cardiovascular diseases","deaths",156.477121099867,52.0543687602662,42.3524938689467,62.5946690842065
180,"Kenya",2004,"Cardiovascular diseases","deaths",156.488070777621,52.3955935629222,42.8458676973454,62.5970746289551
180,"Kenya",2005,"Cardiovascular diseases","deaths",154.94551262566,52.1910719096175,42.8032717318652,62.3782240669113
180,"Kenya",2006,"Cardiovascular diseases","deaths",152.804991346409,51.8665263039893,42.8524272189684,62.0022932850176
180,"Kenya",2007,"Cardiovascular diseases","deaths",152.299716182341,52.2972795794493,43.2439942703091,62.6061278505135
180,"Kenya",2008,"Cardiovascular diseases","deaths",153.079700311666,53.2294491052307,43.9098602301676,63.8533986072618
180,"Kenya",2009,"Cardiovascular diseases","deaths",152.236378176277,53.7088943855554,43.8915723532552,64.6142877255755
180,"Kenya",2010,"Cardiovascular diseases","deaths",151.65727450278,54.3144543822535,44.3881880435118,64.7889504135138
180,"Kenya",2011,"Cardiovascular diseases","deaths",151.526823822092,55.1525975665639,45.4268984804438,66.0675986221013
180,"Kenya",2012,"Cardiovascular diseases","deaths",149.469163048129,55.334682466001,45.3847353211172,65.7605687406884
180,"Kenya",2013,"Cardiovascular diseases","deaths",145.719787088101,54.8820878694283,44.8989466811952,64.6718584501837
23,"Kiribati",2002,"Cardiovascular diseases","deaths",222.836583362679,116.656451100351,101.422116292757,132.393514206396
23,"Kiribati",2003,"Cardiovascular diseases","deaths",222.021528263409,116.990726270974,101.250744171915,132.733814126608
23,"Kiribati",2004,"Cardiovascular diseases","deaths",221.427040013148,117.258245560861,101.063188701281,132.555227545349
23,"Kiribati",2005,"Cardiovascular diseases","deaths",220.323901960376,117.317552261249,101.051251328864,134.59845310469
23,"Kiribati",2006,"Cardiovascular diseases","deaths",219.768163387975,117.685088939975,100.47702082848,136.752659782291
23,"Kiribati",2007,"Cardiovascular diseases","deaths",218.559512308388,117.98500683488,100.545903481575,138.513911666561
23,"Kiribati",2008,"Cardiovascular diseases","deaths",218.366001231452,118.666340331981,99.2635922833214,139.461847775229
23,"Kiribati",2009,"Cardiovascular diseases","deaths",218.395142942645,119.305401110228,98.9015404607855,140.810946641197
23,"Kiribati",2010,"Cardiovascular diseases","deaths",218.157737377996,119.797501641228,99.0407204534723,141.004181335093
23,"Kiribati",2011,"Cardiovascular diseases","deaths",218.107020073616,120.647886678158,99.7783839182283,142.761086166451
23,"Kiribati",2012,"Cardiovascular diseases","deaths",217.766043800823,121.407740513835,101.454065247489,142.941617725585
23,"Kiribati",2013,"Cardiovascular diseases","deaths",216.837963006864,121.993322617968,101.885866629056,143.523686691926
37,"Kyrgyzstan",2002,"Cardiovascular diseases","deaths",615.459126503609,325.054295343338,311.327899852674,335.957580500087
37,"Kyrgyzstan",2003,"Cardiovascular diseases","deaths",617.902910796916,326.756368789542,313.594891077428,340.448501704725
37,"Kyrgyzstan",2004,"Cardiovascular diseases","deaths",618.919620040247,325.171957293204,310.568220014215,337.857543270886
37,"Kyrgyzstan",2005,"Cardiovascular diseases","deaths",630.80173991673,333.303400928074,316.84071586482,346.602999135472
37,"Kyrgyzstan",2006,"Cardiovascular diseases","deaths",641.174574963889,338.156308712025,321.464192056523,351.729037769359
37,"Kyrgyzstan",2007,"Cardiovascular diseases","deaths",642.160862345384,336.983549008448,320.559269204619,349.258433492513
37,"Kyrgyzstan",2008,"Cardiovascular diseases","deaths",629.203491608281,328.905541141832,314.086887306092,341.440520600066
37,"Kyrgyzstan",2009,"Cardiovascular diseases","deaths",611.742092803468,315.287799091187,302.245334527861,326.709329964087
37,"Kyrgyzstan",2010,"Cardiovascular diseases","deaths",600.668324931867,307.368324035417,295.887582317443,319.659526052555
37,"Kyrgyzstan",2011,"Cardiovascular diseases","deaths",597.739140202689,304.248316488159,291.382543234602,315.160156267853
37,"Kyrgyzstan",2012,"Cardiovascular diseases","deaths",592.290014196275,299.789346299282,287.833178881084,309.754634981393
37,"Kyrgyzstan",2013,"Cardiovascular diseases","deaths",570.37044025914,287.155251481761,273.125483703107,297.489106051251
12,"Lao People's Democratic Republic",2002,"Cardiovascular diseases","deaths",434.649402978196,190.273731729871,148.761738090617,231.915747845641
12,"Lao People's Democratic Republic",2003,"Cardiovascular diseases","deaths",433.542840095042,190.620347907047,149.986451875575,234.336408099399
12,"Lao People's Democratic Republic",2004,"Cardiovascular diseases","deaths",430.909484048359,190.969551545687,153.13370005441,232.223922226875
12,"Lao People's Democratic Republic",2005,"Cardiovascular diseases","deaths",428.628484543326,192.400713491895,153.57849437199,230.9942882293
12,"Lao People's Democratic Republic",2006,"Cardiovascular diseases","deaths",425.750018649689,193.388989934501,159.306351840221,232.869254662867
12,"Lao People's Democratic Republic",2007,"Cardiovascular diseases","deaths",424.474406634259,195.496237922588,161.054299228235,233.688224839608
12,"Lao People's Democratic Republic",2008,"Cardiovascular diseases","deaths",419.438372350832,195.902952872091,161.245863870839,233.10457165634
12,"Lao People's Democratic Republic",2009,"Cardiovascular diseases","deaths",417.198415875701,197.883898356798,164.382896611329,234.73999819142
12,"Lao People's Democratic Republic",2010,"Cardiovascular diseases","deaths",413.643659832427,199.81396799166,166.515889415395,238.802291069293
12,"Lao People's Democratic Republic",2011,"Cardiovascular diseases","deaths",408.241326791839,200.676049489186,168.059699651358,238.432238025716
12,"Lao People's Democratic Republic",2012,"Cardiovascular diseases","deaths",404.440521897512,202.250068968973,166.687613466698,239.010312200928
12,"Lao People's Democratic Republic",2013,"Cardiovascular diseases","deaths",408.277269274624,207.963720682491,170.778914526755,244.859905457732
146,"Lebanon",2002,"Cardiovascular diseases","deaths",127.820959647875,101.665021193697,80.9559524276487,121.419265941273
146,"Lebanon",2003,"Cardiovascular diseases","deaths",124.522608462501,101.224951620707,81.9083734064101,120.112947991882
146,"Lebanon",2004,"Cardiovascular diseases","deaths",123.557165438786,102.805161013613,82.0915916132045,121.700888178813
146,"Lebanon",2005,"Cardiovascular diseases","deaths",124.524349149339,105.972113419281,83.6050051500729,124.559598557703
146,"Lebanon",2006,"Cardiovascular diseases","deaths",127.103023150996,110.913626100579,87.5078549689783,131.814566638717
146,"Lebanon",2007,"Cardiovascular diseases","deaths",129.797978160406,115.888107224599,93.274367251292,138.539153170723
146,"Lebanon",2008,"Cardiovascular diseases","deaths",131.564850175725,119.681211013231,97.7008151643947,142.456878491132
146,"Lebanon",2009,"Cardiovascular diseases","deaths",131.576703497369,122.075681174663,100.745065955222,143.901364255003
146,"Lebanon",2010,"Cardiovascular diseases","deaths",131.314593109587,124.497246988879,102.551674721706,148.145235581648
146,"Lebanon",2011,"Cardiovascular diseases","deaths",138.521610204034,135.394159647467,113.153609468105,159.789954616556
146,"Lebanon",2012,"Cardiovascular diseases","deaths",149.626003036729,150.269422310805,125.495949747466,175.24804436391
146,"Lebanon",2013,"Cardiovascular diseases","deaths",160.926974745814,163.370788068077,136.232553938959,188.228880790104
194,"Lesotho",2002,"Cardiovascular diseases","deaths",387.725400430396,204.331411240688,169.675398985975,245.471076462646
194,"Lesotho",2003,"Cardiovascular diseases","deaths",368.435561698268,192.626297794582,159.504314256789,231.380135393833
194,"Lesotho",2004,"Cardiovascular diseases","deaths",351.633654580187,182.562857111965,152.136336650661,219.152341150392
194,"Lesotho",2005,"Cardiovascular diseases","deaths",320.013213042692,164.126355197916,134.36802886245,198.307386359634
194,"Lesotho",2006,"Cardiovascular diseases","deaths",285.546768239149,144.352562647324,117.165326641285,174.130095269164
194,"Lesotho",2007,"Cardiovascular diseases","deaths",263.526951720315,132.811207390776,107.222920417522,160.757247588171
194,"Lesotho",2008,"Cardiovascular diseases","deaths",255.197083389362,129.939816572057,103.138290783189,158.625714093231
194,"Lesotho",2009,"Cardiovascular diseases","deaths",256.76967391042,132.985373935368,106.059742528246,162.959384167862
194,"Lesotho",2010,"Cardiovascular diseases","deaths",257.506464185185,135.790788615703,108.286427926147,168.090593452834
194,"Lesotho",2011,"Cardiovascular diseases","deaths",259.375730474804,139.077564525842,110.347280123073,172.928409359967
194,"Lesotho",2012,"Cardiovascular diseases","deaths",260.149977260719,141.69252185351,111.905269861615,177.673417165302
194,"Lesotho",2013,"Cardiovascular diseases","deaths",262.799747576469,145.450196008344,114.823322025306,181.043660859883
212,"Mauritania",2002,"Cardiovascular diseases","deaths",309.478366380124,134.299263836145,111.077096067285,160.505423318796
212,"Mauritania",2003,"Cardiovascular diseases","deaths",302.507089229145,131.774772200431,107.720042017694,158.610258217646
212,"Mauritania",2004,"Cardiovascular diseases","deaths",310.82112507788,134.329451990894,110.666808404809,160.311977882111
212,"Mauritania",2005,"Cardiovascular diseases","deaths",310.00422604163,132.884625188986,109.682094652271,159.312989314392
212,"Mauritania",2006,"Cardiovascular diseases","deaths",319.566096119375,137.323246430947,112.477716382248,166.743208556129
212,"Mauritania",2007,"Cardiovascular diseases","deaths",305.353582270688,131.275145629549,106.346321290686,160.531807161753
212,"Mauritania",2008,"Cardiovascular diseases","deaths",298.010134922429,128.882952422852,105.384619733509,156.427524681921
212,"Mauritania",2009,"Cardiovascular diseases","deaths",309.517337819321,133.878923084173,111.097183875232,162.538754577542
212,"Mauritania",2010,"Cardiovascular diseases","deaths",304.144884570081,131.228352830342,108.262714319324,159.054488551848
212,"Mauritania",2011,"Cardiovascular diseases","deaths",297.404001449174,128.573699703751,105.750501266522,156.532056814515
212,"Mauritania",2012,"Cardiovascular diseases","deaths",309.890785652059,134.701091361373,109.954985549001,161.638284794104
212,"Mauritania",2013,"Cardiovascular diseases","deaths",289.648532153024,126.705624054494,102.377191028972,149.569494835069
25,"Micronesia (Federated States of)",2002,"Cardiovascular diseases","deaths",590.524198025395,245.395351517655,211.595673240422,281.737256453832
25,"Micronesia (Federated States of)",2003,"Cardiovascular diseases","deaths",582.318930608462,244.70022643678,211.966781497775,278.536193192862
25,"Micronesia (Federated States of)",2004,"Cardiovascular diseases","deaths",576.012474658091,245.085470870601,214.277101936363,280.02754201416
25,"Micronesia (Federated States of)",2005,"Cardiovascular diseases","deaths",567.210994054773,244.488257638379,215.203993930997,277.797719927988
25,"Micronesia (Federated States of)",2006,"Cardiovascular diseases","deaths",558.266894220707,244.434528447735,214.531842824735,278.326337467253
25,"Micronesia (Federated States of)",2007,"Cardiovascular diseases","deaths",551.57318751545,245.699723076209,214.732533636631,281.463467526599
25,"Micronesia (Federated States of)",2008,"Cardiovascular diseases","deaths",544.555436652943,247.000176234378,214.952820317424,280.486747179935
25,"Micronesia (Federated States of)",2009,"Cardiovascular diseases","deaths",536.925194488398,248.112082123759,217.083027483251,283.546985414777
25,"Micronesia (Federated States of)",2010,"Cardiovascular diseases","deaths",526.548719480972,246.906018417362,214.878269106943,281.783923532396
25,"Micronesia (Federated States of)",2011,"Cardiovascular diseases","deaths",515.084527594163,246.684999829273,215.212889226438,280.593800919236
25,"Micronesia (Federated States of)",2012,"Cardiovascular diseases","deaths",505.574651121259,247.226258371973,215.362529307154,278.342980332381
25,"Micronesia (Federated States of)",2013,"Cardiovascular diseases","deaths",498.981053150323,249.141467183022,216.367240372897,281.238465106538
148,"Morocco",2002,"Cardiovascular diseases","deaths",703.258824655956,346.494982197353,319.565696539731,373.548371448774
148,"Morocco",2003,"Cardiovascular diseases","deaths",696.579291009063,346.634647408323,316.923549987151,376.291478685942
148,"Morocco",2004,"Cardiovascular diseases","deaths",689.032613211667,346.782751132578,314.501630967759,377.019709932955
148,"Morocco",2005,"Cardiovascular diseases","deaths",679.552376286949,346.399618403759,311.525586637056,377.707663177559
148,"Morocco",2006,"Cardiovascular diseases","deaths",670.018737889589,346.542673080086,313.228870472727,380.659437168677
148,"Morocco",2007,"Cardiovascular diseases","deaths",660.981324814651,347.743264023955,311.914668665923,379.045140128071
148,"Morocco",2008,"Cardiovascular diseases","deaths",649.001489651197,347.366299846802,314.744462225493,375.343328761819
148,"Morocco",2009,"Cardiovascular diseases","deaths",634.995370444125,346.45059062258,311.093333087487,375.743612648862
148,"Morocco",2010,"Cardiovascular diseases","deaths",624.213249464089,347.28626277676,310.306427193891,378.404264339061
148,"Morocco",2011,"Cardiovascular diseases","deaths",612.774879403221,348.477212809791,307.947764116507,382.14013974945
148,"Morocco",2012,"Cardiovascular diseases","deaths",602.517568754245,351.589450859249,310.265785127823,388.163990772515
148,"Morocco",2013,"Cardiovascular diseases","deaths",595.69575484275,356.818147047123,312.444577913305,395.27131218524
15,"Myanmar",2002,"Cardiovascular diseases","deaths",546.219491901278,327.086664002606,255.209439069267,391.227216321632
15,"Myanmar",2003,"Cardiovascular diseases","deaths",545.081419719405,331.393640738216,260.181913037564,397.123226473661
15,"Myanmar",2004,"Cardiovascular diseases","deaths",545.203935443235,336.513694126896,268.973790392318,399.732162939699
15,"Myanmar",2005,"Cardiovascular diseases","deaths",545.731749386619,341.156385674682,273.763133040623,407.954168327031
15,"Myanmar",2006,"Cardiovascular diseases","deaths",541.034417075175,342.063293432532,280.434633092068,410.536862122167
15,"Myanmar",2007,"Cardiovascular diseases","deaths",536.12174984906,342.622247930406,283.859484549247,411.423876045781
15,"Myanmar",2008,"Cardiovascular diseases","deaths",586.695065801438,377.063816205439,320.062017546877,449.610662417947
15,"Myanmar",2009,"Cardiovascular diseases","deaths",523.096635618831,337.412172774021,285.76533672638,398.30923275563
15,"Myanmar",2010,"Cardiovascular diseases","deaths",516.925484539449,336.849555844755,286.371633740849,390.767666059413
15,"Myanmar",2011,"Cardiovascular diseases","deaths",506.133784484182,333.73439753255,284.858114722115,388.438060304938
15,"Myanmar",2012,"Cardiovascular diseases","deaths",504.509714720447,336.797992128699,285.629400863218,387.177008925576
15,"Myanmar",2013,"Cardiovascular diseases","deaths",507.837994712243,343.854218553196,291.554162206577,390.63586077415
164,"Nepal",2002,"Cardiovascular diseases","deaths",276.320811205097,129.416914797222,106.831276264008,151.692100076814
164,"Nepal",2003,"Cardiovascular diseases","deaths",277.712272531433,132.019636607064,109.317750392009,155.218232878543
164,"Nepal",2004,"Cardiovascular diseases","deaths",275.049259791408,132.87992412476,109.833113681818,156.06949680125
164,"Nepal",2005,"Cardiovascular diseases","deaths",270.015416007365,132.860038883954,110.248372085507,159.111271738039
164,"Nepal",2006,"Cardiovascular diseases","deaths",261.005023495483,130.908406646038,109.286010989816,160.333232331379
164,"Nepal",2007,"Cardiovascular diseases","deaths",253.212857336771,129.545101821921,107.674573324021,158.604209665107
164,"Nepal",2008,"Cardiovascular diseases","deaths",244.583621092118,127.89291859062,106.001079292105,155.186949816794
164,"Nepal",2009,"Cardiovascular diseases","deaths",238.609663859549,127.800135782372,107.013831349082,152.261339868298
164,"Nepal",2010,"Cardiovascular diseases","deaths",231.050741667293,126.804044599077,106.490247491767,152.57910341968
164,"Nepal",2011,"Cardiovascular diseases","deaths",231.119635277181,130.272399402844,109.075362127262,153.079559136755
164,"Nepal",2012,"Cardiovascular diseases","deaths",234.577435502631,136.042159459171,111.684035356855,160.626055927446
164,"Nepal",2013,"Cardiovascular diseases","deaths",226.656927879656,135.153468462818,108.015903216425,159.326769921606
131,"Nicaragua",2002,"Cardiovascular diseases","deaths",185.073355659146,82.6491375753409,74.5328941202204,90.1080955005201
131,"Nicaragua",2003,"Cardiovascular diseases","deaths",187.414535431213,85.5811235775308,78.0109873792326,92.8819724706911
131,"Nicaragua",2004,"Cardiovascular diseases","deaths",188.652744336556,87.763461075134,79.9276590488716,95.1770478837084
131,"Nicaragua",2005,"Cardiovascular diseases","deaths",188.895857240247,89.3169968486061,81.6010789192982,96.2890566472853
131,"Nicaragua",2006,"Cardiovascular diseases","deaths",189.095681383401,90.7591871685952,84.2909037490467,98.6748021378354
131,"Nicaragua",2007,"Cardiovascular diseases","deaths",191.06339463388,92.8477306634941,85.1376299658734,100.745954774463
131,"Nicaragua",2008,"Cardiovascular diseases","deaths",193.762073552446,95.1638142312064,88.0386033870005,102.802958784313
131,"Nicaragua",2009,"Cardiovascular diseases","deaths",196.56864095992,97.3776208786743,90.2320656116571,105.837378035627
131,"Nicaragua",2010,"Cardiovascular diseases","deaths",199.197884155922,99.4895615351923,91.7537556082537,108.438722289634
131,"Nicaragua",2011,"Cardiovascular diseases","deaths",202.822274934148,102.20867337626,94.1438078810948,110.956965415566
131,"Nicaragua",2012,"Cardiovascular diseases","deaths",204.672223880092,104.09837809373,95.8727209527407,112.988511591728
131,"Nicaragua",2013,"Cardiovascular diseases","deaths",210.138274016048,107.834188586558,98.830898372772,116.294292629876
214,"Nigeria",2002,"Cardiovascular diseases","deaths",295.354164293855,109.060032831618,91.2166070106104,132.568792486528
214,"Nigeria",2003,"Cardiovascular diseases","deaths",286.190143307257,104.663731787522,86.6201955918797,127.806183809506
214,"Nigeria",2004,"Cardiovascular diseases","deaths",282.767387103693,102.310407758856,83.5806823654886,125.578240996321
214,"Nigeria",2005,"Cardiovascular diseases","deaths",278.837259341507,99.7256232840261,80.4178229966547,121.156396017229
214,"Nigeria",2006,"Cardiovascular diseases","deaths",275.836296018944,97.4423215167789,77.5896175393984,119.152755952674
214,"Nigeria",2007,"Cardiovascular diseases","deaths",267.160240164928,93.7814952259291,73.5362198184669,117.076819642962
214,"Nigeria",2008,"Cardiovascular diseases","deaths",267.929993954039,93.1655440230643,72.4930740959503,116.756946088025
214,"Nigeria",2009,"Cardiovascular diseases","deaths",270.197526267835,93.3313123591037,71.8490463011613,115.493056586258
214,"Nigeria",2010,"Cardiovascular diseases","deaths",275.881732775487,94.6149455304291,72.9228781912422,117.301280058828
214,"Nigeria",2011,"Cardiovascular diseases","deaths",281.62840147314,95.8355925472056,74.8110090191441,116.485239282612
214,"Nigeria",2012,"Cardiovascular diseases","deaths",288.271531923101,97.77151785274,77.024911717011,119.670405852288
214,"Nigeria",2013,"Cardiovascular diseases","deaths",283.72201293108,95.9487045479887,74.6382178795528,116.47028959527
165,"Pakistan",2002,"Cardiovascular diseases","deaths",261.226744082868,127.645708230657,99.7189332609188,152.954539423896
165,"Pakistan",2003,"Cardiovascular diseases","deaths",263.510147603004,128.698538201675,100.291249697852,154.897762088198
165,"Pakistan",2004,"Cardiovascular diseases","deaths",266.262089138931,130.008024734943,103.617804976061,154.717745344293
165,"Pakistan",2005,"Cardiovascular diseases","deaths",274.828398757972,134.072828579151,107.654174246126,159.359139595971
165,"Pakistan",2006,"Cardiovascular diseases","deaths",266.053604342959,129.714137686758,104.492726048806,157.69720822234
165,"Pakistan",2007,"Cardiovascular diseases","deaths",264.630109015246,129.176532825732,103.458192284167,159.624347616954
165,"Pakistan",2008,"Cardiovascular diseases","deaths",260.813783264291,127.51207212534,101.989768015599,158.265434893519
165,"Pakistan",2009,"Cardiovascular diseases","deaths",257.025595474264,125.834752933873,99.8030216085932,156.194061724057
165,"Pakistan",2010,"Cardiovascular diseases","deaths",253.485733836647,124.169258372432,98.3980885690145,153.245873823984
165,"Pakistan",2011,"Cardiovascular diseases","deaths",257.686814073779,126.645971252984,100.642175319797,154.264964644553
165,"Pakistan",2012,"Cardiovascular diseases","deaths",265.232879884212,130.885319988969,104.242108308787,157.357856009185
165,"Pakistan",2013,"Cardiovascular diseases","deaths",268.508180641997,132.954832971616,106.772171571946,160.847752730456
149,"Palestine",2002,"Cardiovascular diseases","deaths",443.977159002809,149.023793669958,139.874479123792,157.271085977281
149,"Palestine",2003,"Cardiovascular diseases","deaths",440.701009410462,147.583973151885,138.770781227431,156.786574970421
149,"Palestine",2004,"Cardiovascular diseases","deaths",435.418602969793,145.719744528594,136.417629694132,155.458203556989
149,"Palestine",2005,"Cardiovascular diseases","deaths",430.61620967462,144.193671916102,135.067296226155,153.842462752145
149,"Palestine",2006,"Cardiovascular diseases","deaths",426.371953737143,142.754098844289,133.716830923099,152.54814540134
149,"Palestine",2007,"Cardiovascular diseases","deaths",420.505454644582,140.729120583773,131.93297771791,149.994812744244
149,"Palestine",2008,"Cardiovascular diseases","deaths",413.081559239788,138.65616428856,130.79312074366,147.226505668872
149,"Palestine",2009,"Cardiovascular diseases","deaths",404.856947609377,136.293343260891,129.473427753252,144.48322762476
149,"Palestine",2010,"Cardiovascular diseases","deaths",395.153204929605,133.616595569094,126.399146578465,141.318420153762
149,"Palestine",2011,"Cardiovascular diseases","deaths",380.748558090358,129.069076671654,121.771074437932,136.430611128471
149,"Palestine",2012,"Cardiovascular diseases","deaths",364.813884169849,123.642693415518,116.051982233911,131.120679296242
149,"Palestine",2013,"Cardiovascular diseases","deaths",352.34369546958,120.378907726741,111.787130477715,127.828626113393
26,"Papua New Guinea",2002,"Cardiovascular diseases","deaths",470.031612394577,165.230260278049,135.949423269834,197.412923608272
26,"Papua New Guinea",2003,"Cardiovascular diseases","deaths",465.750271390731,163.498161952833,135.085443826775,194.279464391066
26,"Papua New Guinea",2004,"Cardiovascular diseases","deaths",460.103286522269,161.636037417176,134.973857497501,193.377550182656
26,"Papua New Guinea",2005,"Cardiovascular diseases","deaths",455.616501816281,160.75028397632,133.817148190699,194.214686758197
26,"Papua New Guinea",2006,"Cardiovascular diseases","deaths",451.807907823509,160.586517926796,132.377577395787,193.443711375481
26,"Papua New Guinea",2007,"Cardiovascular diseases","deaths",459.208747170834,165.684053776112,136.868116720415,200.867367200855
26,"Papua New Guinea",2008,"Cardiovascular diseases","deaths",457.260254399931,166.461972314027,138.834007972273,201.954754747907
26,"Papua New Guinea",2009,"Cardiovascular diseases","deaths",453.595198673959,165.841361406318,141.049708427802,198.749264722256
26,"Papua New Guinea",2010,"Cardiovascular diseases","deaths",467.452281523558,173.305812077328,147.522969158428,205.621203754851
26,"Papua New Guinea",2011,"Cardiovascular diseases","deaths",471.354488501807,176.881691269223,150.614394734927,208.483156525033
26,"Papua New Guinea",2012,"Cardiovascular diseases","deaths",468.630314342772,177.241467613643,149.87336873718,209.223878875177
26,"Papua New Guinea",2013,"Cardiovascular diseases","deaths",453.917811975749,171.998865648812,142.763095603087,205.505398486112
16,"Philippines",2002,"Cardiovascular diseases","deaths",354.371922320105,158.665163791423,148.523828774706,169.489575696203
16,"Philippines",2003,"Cardiovascular diseases","deaths",346.165830813571,157.179592523943,146.429348998124,167.808374658345
16,"Philippines",2004,"Cardiovascular diseases","deaths",342.275828693857,157.977413984655,147.767665244199,168.296393141042
16,"Philippines",2005,"Cardiovascular diseases","deaths",344.3608707091,162.967239705426,151.655704304196,172.71335986345
16,"Philippines",2006,"Cardiovascular diseases","deaths",339.16354953525,164.193019561149,153.307455809666,174.647173785861
16,"Philippines",2007,"Cardiovascular diseases","deaths",332.02267427074,163.447221751825,152.658849449365,173.361243130741
16,"Philippines",2008,"Cardiovascular diseases","deaths",331.987930707386,166.737301719646,156.150186010044,175.975604321857
16,"Philippines",2009,"Cardiovascular diseases","deaths",332.919710647626,170.183376707157,159.468679715286,180.003026261261
16,"Philippines",2010,"Cardiovascular diseases","deaths",328.163119743796,171.56752059821,161.575633072226,181.174885702937
16,"Philippines",2011,"Cardiovascular diseases","deaths",323.610838399611,171.856228491484,161.675080673024,180.741471788167
16,"Philippines",2012,"Cardiovascular diseases","deaths",327.783932641144,175.831439552907,165.205553483147,185.26164111696
16,"Philippines",2013,"Cardiovascular diseases","deaths",329.815064180541,179.646090313087,167.342769325728,189.192806792988
27,"Samoa",2002,"Cardiovascular diseases","deaths",287.698713311756,178.489864444144,151.139088665149,206.644724929614
27,"Samoa",2003,"Cardiovascular diseases","deaths",288.477105926211,181.611665846232,154.062139148717,209.650342528727
27,"Samoa",2004,"Cardiovascular diseases","deaths",289.12863183326,184.682745690227,156.195001155013,212.251784077885
27,"Samoa",2005,"Cardiovascular diseases","deaths",289.458378178549,187.488891513464,158.308863101776,216.820930604126
27,"Samoa",2006,"Cardiovascular diseases","deaths",289.727430469261,190.123540188043,162.115961598735,219.783778372423
27,"Samoa",2007,"Cardiovascular diseases","deaths",289.506117299823,192.194573129407,165.298953522898,222.817974091907
27,"Samoa",2008,"Cardiovascular diseases","deaths",288.485112710243,193.659976649586,165.333140817414,225.534891064682
27,"Samoa",2009,"Cardiovascular diseases","deaths",289.665710181841,196.32203981151,167.084289814789,228.307170637721
27,"Samoa",2010,"Cardiovascular diseases","deaths",288.045057810308,197.217844725484,167.388317324686,230.995553938195
27,"Samoa",2011,"Cardiovascular diseases","deaths",288.072128559574,199.622973336275,168.501900527049,232.886508324795
27,"Samoa",2012,"Cardiovascular diseases","deaths",288.014647969809,201.897088940622,169.192331366004,234.460763288013
27,"Samoa",2013,"Cardiovascular diseases","deaths",288.976117749234,204.818068187798,171.599393351625,238.081816456212
215,"Sao Tome and Principe",2002,"Cardiovascular diseases","deaths",237.64472453941,115.125419537618,96.7434889380118,133.633419052132
215,"Sao Tome and Principe",2003,"Cardiovascular diseases","deaths",239.295005203446,114.994721591725,96.4270032602458,133.345724981121
215,"Sao Tome and Principe",2004,"Cardiovascular diseases","deaths",244.154129196311,116.404976026828,98.2414965119132,135.798645896553
215,"Sao Tome and Principe",2005,"Cardiovascular diseases","deaths",258.028921665701,121.898804022451,101.819476917262,142.898014616719
215,"Sao Tome and Principe",2006,"Cardiovascular diseases","deaths",265.266785199662,124.675520029435,102.602814529885,146.22774377574
215,"Sao Tome and Principe",2007,"Cardiovascular diseases","deaths",265.939575436705,124.187179094737,103.225726088409,148.233626910264
215,"Sao Tome and Principe",2008,"Cardiovascular diseases","deaths",259.500626883409,120.796779735774,100.772428903796,141.951544469643
215,"Sao Tome and Principe",2009,"Cardiovascular diseases","deaths",252.745269204402,117.467547290315,98.0260383354105,137.16808374447
215,"Sao Tome and Principe",2010,"Cardiovascular diseases","deaths",256.268394678237,119.129711173206,100.401582910408,140.412521350201
215,"Sao Tome and Principe",2011,"Cardiovascular diseases","deaths",249.480776454219,116.094790155679,97.7805913668523,136.913727242296
215,"Sao Tome and Principe",2012,"Cardiovascular diseases","deaths",239.298213803889,111.560130827955,92.9448773605361,130.931516214398
215,"Sao Tome and Principe",2013,"Cardiovascular diseases","deaths",240.300006849812,112.595913084585,93.8287073562305,132.408149566295
216,"Senegal",2002,"Cardiovascular diseases","deaths",249.505372015067,110.827004574009,91.3383024274037,135.081110364839
216,"Senegal",2003,"Cardiovascular diseases","deaths",224.736845321269,99.4376894885548,81.6699105763845,121.722859222218
216,"Senegal",2004,"Cardiovascular diseases","deaths",228.749830702257,101.885681239878,83.7348128860991,124.697758978001
216,"Senegal",2005,"Cardiovascular diseases","deaths",226.543284434838,101.263612638409,83.1549258888813,123.423276226369
216,"Senegal",2006,"Cardiovascular diseases","deaths",223.049234181692,100.1404658466,83.0864837386429,121.831745542884
216,"Senegal",2007,"Cardiovascular diseases","deaths",225.741654158555,102.019130206846,84.6537957407864,124.67655001663
216,"Senegal",2008,"Cardiovascular diseases","deaths",233.116030861886,105.417659864677,87.3195486636917,128.358085579434
216,"Senegal",2009,"Cardiovascular diseases","deaths",242.861880254817,109.987266352341,91.561122713442,131.286862659601
216,"Senegal",2010,"Cardiovascular diseases","deaths",230.207423431249,104.43882166175,87.4890674568333,123.516569688368
216,"Senegal",2011,"Cardiovascular diseases","deaths",233.479170103696,106.412480918672,89.4162163549503,124.680945329821
216,"Senegal",2012,"Cardiovascular diseases","deaths",233.766219825393,106.309489494252,89.3784109864833,125.183684391133
216,"Senegal",2013,"Cardiovascular diseases","deaths",220.670510059835,99.8198912418956,83.7572037025626,116.711087659114
28,"Solomon Islands",2002,"Cardiovascular diseases","deaths",528.663429729027,209.169758437115,174.782515531534,244.702272956731
28,"Solomon Islands",2003,"Cardiovascular diseases","deaths",523.177105913651,208.585586258462,173.874288076413,247.461222793054
28,"Solomon Islands",2004,"Cardiovascular diseases","deaths",514.412193471738,206.394969370464,172.269229593996,242.858361319007
28,"Solomon Islands",2005,"Cardiovascular diseases","deaths",520.389962891045,210.434850793544,175.25660115994,254.14340432994
28,"Solomon Islands",2006,"Cardiovascular diseases","deaths",530.203290091125,215.950490954425,180.093332396769,256.652604283462
28,"Solomon Islands",2007,"Cardiovascular diseases","deaths",516.277558044692,212.071015979219,176.527182930343,250.165115944246
28,"Solomon Islands",2008,"Cardiovascular diseases","deaths",505.016149171595,208.828136338668,175.578098519703,243.054558052286
28,"Solomon Islands",2009,"Cardiovascular diseases","deaths",535.319189695218,224.16153156112,190.463232313188,259.281514537266
28,"Solomon Islands",2010,"Cardiovascular diseases","deaths",531.397684048978,224.327796877218,189.867225508275,259.761484741482
28,"Solomon Islands",2011,"Cardiovascular diseases","deaths",584.151382613965,250.128834619408,211.724364453108,289.294152859745
28,"Solomon Islands",2012,"Cardiovascular diseases","deaths",608.338635950176,262.962043825838,220.884103934321,301.000831834298
28,"Solomon Islands",2013,"Cardiovascular diseases","deaths",624.896275979831,272.496874036202,229.91371132177,310.055815817761
17,"Sri Lanka",2002,"Cardiovascular diseases","deaths",311.003066427492,209.368027713048,192.520642003373,227.734911526375
17,"Sri Lanka",2003,"Cardiovascular diseases","deaths",306.512596721908,211.548046185399,194.381014560216,229.503306894504
17,"Sri Lanka",2004,"Cardiovascular diseases","deaths",341.280367667696,229.88682328277,212.351323657659,246.301008970421
17,"Sri Lanka",2005,"Cardiovascular diseases","deaths",307.378045923183,219.796298434513,202.665819326871,234.628987648564
17,"Sri Lanka",2006,"Cardiovascular diseases","deaths",304.206044205021,222.089977690547,205.054888748407,237.617660504173
17,"Sri Lanka",2007,"Cardiovascular diseases","deaths",302.269986369501,225.638978064364,209.493832076313,240.986799811827
17,"Sri Lanka",2008,"Cardiovascular diseases","deaths",294.73976839574,228.080036534253,212.796115337597,244.486537653432
17,"Sri Lanka",2009,"Cardiovascular diseases","deaths",292.339652701534,223.634099108023,209.822794612199,238.775757818182
17,"Sri Lanka",2010,"Cardiovascular diseases","deaths",285.94194053556,225.984621671349,212.384153396296,240.305689365435
17,"Sri Lanka",2011,"Cardiovascular diseases","deaths",275.064179651731,220.928299474169,205.336441290931,234.865558835697
17,"Sri Lanka",2012,"Cardiovascular diseases","deaths",267.440243885702,221.385373832016,204.982869424034,234.847445782102
17,"Sri Lanka",2013,"Cardiovascular diseases","deaths",262.254925469781,227.276206596901,211.064900986428,242.327682463444
39,"Tajikistan",2002,"Cardiovascular diseases","deaths",521.109039808936,203.073367094603,188.718451646241,219.166617128043
39,"Tajikistan",2003,"Cardiovascular diseases","deaths",535.573339611636,208.043369958461,193.025163047552,224.249422572956
39,"Tajikistan",2004,"Cardiovascular diseases","deaths",539.515534090243,208.153629593553,190.952581345307,224.376319760921
39,"Tajikistan",2005,"Cardiovascular diseases","deaths",536.077127469488,205.537148691125,190.260743945682,222.916278991015
39,"Tajikistan",2006,"Cardiovascular diseases","deaths",523.03265265522,202.474404983089,186.51901221415,220.943829062274
39,"Tajikistan",2007,"Cardiovascular diseases","deaths",510.445049950591,196.521603275734,179.075018473691,212.388509948715
39,"Tajikistan",2008,"Cardiovascular diseases","deaths",499.44987505994,190.763894513753,173.88075435597,205.659620631147
39,"Tajikistan",2009,"Cardiovascular diseases","deaths",497.510361368621,189.44822188645,172.617270345166,205.545609252638
39,"Tajikistan",2010,"Cardiovascular diseases","deaths",498.12058205334,189.705542060685,175.134736254808,205.703429849646
39,"Tajikistan",2011,"Cardiovascular diseases","deaths",500.973546985286,191.422651979134,177.451922635474,205.864323679431
39,"Tajikistan",2012,"Cardiovascular diseases","deaths",488.056222439691,185.250571545705,170.835598941194,199.97513873408
39,"Tajikistan",2013,"Cardiovascular diseases","deaths",475.870669501682,180.119903772832,166.083908694054,193.223997008065
19,"Timor-Leste",2002,"Cardiovascular diseases","deaths",360.040557596263,129.710949497451,107.099143622308,162.424519309006
19,"Timor-Leste",2003,"Cardiovascular diseases","deaths",358.268120920538,133.499229771692,108.729715300336,165.183955165905
19,"Timor-Leste",2004,"Cardiovascular diseases","deaths",340.590445294515,129.258265203937,104.755987028935,158.716721920841
19,"Timor-Leste",2005,"Cardiovascular diseases","deaths",336.425252453085,132.907185835489,107.49123957257,164.530288082415
19,"Timor-Leste",2006,"Cardiovascular diseases","deaths",330.07695349525,134.203824236507,108.733125806718,167.089602730957
19,"Timor-Leste",2007,"Cardiovascular diseases","deaths",324.574721676687,136.283755863076,110.47073604135,168.905633568211
19,"Timor-Leste",2008,"Cardiovascular diseases","deaths",314.562567469999,135.086890256752,109.377709017966,165.501748413934
19,"Timor-Leste",2009,"Cardiovascular diseases","deaths",318.179776163212,140.476726764223,113.368187148111,171.320140487288
19,"Timor-Leste",2010,"Cardiovascular diseases","deaths",315.908209458477,145.700613833397,117.03016525913,177.529121754532
19,"Timor-Leste",2011,"Cardiovascular diseases","deaths",330.749339938907,157.638652020351,129.442641383476,191.09212583336
19,"Timor-Leste",2012,"Cardiovascular diseases","deaths",338.478335893361,165.359316978582,135.507958581809,199.410729843549
19,"Timor-Leste",2013,"Cardiovascular diseases","deaths",336.596794037148,166.666974765269,137.460608241033,201.84419380698
154,"Tunisia",2002,"Cardiovascular diseases","deaths",264.323020171971,144.977625810099,116.562243103841,173.130631646919
154,"Tunisia",2003,"Cardiovascular diseases","deaths",257.499148758154,145.687402495945,117.362001557877,174.878066230401
154,"Tunisia",2004,"Cardiovascular diseases","deaths",251.131147263291,146.08966976331,119.236305257369,175.966573973084
154,"Tunisia",2005,"Cardiovascular diseases","deaths",245.043971259801,146.6918722608,120.727388157899,176.237336796475
154,"Tunisia",2006,"Cardiovascular diseases","deaths",239.940551771821,147.95690571249,122.729250364073,177.835565673974
154,"Tunisia",2007,"Cardiovascular diseases","deaths",235.450985152824,149.558268469253,123.344008025717,180.104733580087
154,"Tunisia",2008,"Cardiovascular diseases","deaths",231.362935551845,151.359025363594,124.30819152829,182.213017299775
154,"Tunisia",2009,"Cardiovascular diseases","deaths",227.367986786503,153.230174198982,126.539585142676,182.741876541737
154,"Tunisia",2010,"Cardiovascular diseases","deaths",222.513292522387,154.51006170661,127.951755756575,182.24192416649
154,"Tunisia",2011,"Cardiovascular diseases","deaths",216.425968139382,154.628956604771,128.87690988809,181.443349382073
154,"Tunisia",2012,"Cardiovascular diseases","deaths",212.528416640468,156.299572041115,130.104772985609,181.974258869885
154,"Tunisia",2013,"Cardiovascular diseases","deaths",207.76362860561,157.153637325431,131.783429342255,180.482168600601
189,"United Republic of Tanzania",2002,"Cardiovascular diseases","deaths",225.491100127229,94.7915757376566,85.0702758723724,106.466314505714
189,"United Republic of Tanzania",2003,"Cardiovascular diseases","deaths",228.235802956149,96.0884682220725,85.8303302415895,107.860252715399
189,"United Republic of Tanzania",2004,"Cardiovascular diseases","deaths",233.157057536485,98.064324295076,87.0880254869349,110.754599269803
189,"United Republic of Tanzania",2005,"Cardiovascular diseases","deaths",235.108665168301,98.7792408123208,87.6362032629387,111.106338275897
189,"United Republic of Tanzania",2006,"Cardiovascular diseases","deaths",238.715677745605,100.542975571855,88.7972350554681,113.88379093288
189,"United Republic of Tanzania",2007,"Cardiovascular diseases","deaths",242.822931043766,102.893107220834,89.8758836152404,116.126700686567
189,"United Republic of Tanzania",2008,"Cardiovascular diseases","deaths",246.203277469558,104.717143900267,90.8832615400641,118.944176679537
189,"United Republic of Tanzania",2009,"Cardiovascular diseases","deaths",247.15394447022,105.193019651152,91.2376560472604,119.673053530197
189,"United Republic of Tanzania",2010,"Cardiovascular diseases","deaths",247.013371671873,105.208663494943,90.8061954477178,119.525163958137
189,"United Republic of Tanzania",2011,"Cardiovascular diseases","deaths",250.774200735598,107.125411374667,92.2712579626287,122.138520217771
189,"United Republic of Tanzania",2012,"Cardiovascular diseases","deaths",252.576163874878,108.561716550169,94.0065201463845,123.287504084578
189,"United Republic of Tanzania",2013,"Cardiovascular diseases","deaths",249.234535610867,107.882109451637,94.380933216801,122.826476596756
41,"Uzbekistan",2002,"Cardiovascular diseases","deaths",647.441663990351,316.229557591387,303.526900124575,326.033293892545
41,"Uzbekistan",2003,"Cardiovascular diseases","deaths",643.866292293883,318.010623228998,304.849300238615,327.46944565194
41,"Uzbekistan",2004,"Cardiovascular diseases","deaths",642.528039129256,308.005424217698,296.255033568384,318.054769041713
41,"Uzbekistan",2005,"Cardiovascular diseases","deaths",651.696387776464,330.557794331597,316.84421583209,342.074297516368
41,"Uzbekistan",2006,"Cardiovascular diseases","deaths",661.251187115659,332.016828902969,315.916643166765,346.617761147405
41,"Uzbekistan",2007,"Cardiovascular diseases","deaths",660.654931974243,327.323554999235,308.519220832249,344.333101601813
41,"Uzbekistan",2008,"Cardiovascular diseases","deaths",657.829838221483,321.00560953457,304.335760731022,335.859789293537
41,"Uzbekistan",2009,"Cardiovascular diseases","deaths",651.180561648314,312.542927541242,300.055210131524,321.820603057248
41,"Uzbekistan",2010,"Cardiovascular diseases","deaths",653.845451319894,325.965186181642,313.760926113827,335.271089054541
41,"Uzbekistan",2011,"Cardiovascular diseases","deaths",654.91079505782,336.673602996739,323.569896403714,347.392481013724
41,"Uzbekistan",2012,"Cardiovascular diseases","deaths",648.234421236211,339.371694763522,325.675398940091,348.380777441218
41,"Uzbekistan",2013,"Cardiovascular diseases","deaths",631.555023640895,332.783485919534,320.249709463659,341.35255592536
30,"Vanuatu",2002,"Cardiovascular diseases","deaths",396.126165411724,188.002365235768,156.754599360729,228.071774747245
30,"Vanuatu",2003,"Cardiovascular diseases","deaths",370.646626989457,178.00238895021,148.219687570629,214.313633575174
30,"Vanuatu",2004,"Cardiovascular diseases","deaths",369.654578476513,179.738393477105,150.993048041861,214.548587914759
30,"Vanuatu",2005,"Cardiovascular diseases","deaths",390.509714000338,192.363437915211,163.065149648855,229.501828031486
30,"Vanuatu",2006,"Cardiovascular diseases","deaths",397.500658905469,198.380917440271,169.138176243928,235.821354142506
30,"Vanuatu",2007,"Cardiovascular diseases","deaths",409.770909331183,207.096655811446,178.00037322934,246.561834454802
30,"Vanuatu",2008,"Cardiovascular diseases","deaths",415.096292808617,212.071597392494,183.375803212288,250.683012937233
30,"Vanuatu",2009,"Cardiovascular diseases","deaths",407.749130751487,210.529851653107,178.33277297524,248.649389288125
30,"Vanuatu",2010,"Cardiovascular diseases","deaths",405.915201786816,211.698591690059,178.621457055163,247.14677631418
30,"Vanuatu",2011,"Cardiovascular diseases","deaths",417.500512191353,219.698297780348,185.402652822178,255.501323224145
30,"Vanuatu",2012,"Cardiovascular diseases","deaths",419.956425403645,222.929479232928,187.955726710066,262.662572023521
30,"Vanuatu",2013,"Cardiovascular diseases","deaths",425.140924838285,227.704114841234,192.802503897989,266.865035107869
20,"Viet Nam",2002,"Cardiovascular diseases","deaths",259.455557674821,173.11149628008,152.485196057057,191.148849338944
20,"Viet Nam",2003,"Cardiovascular diseases","deaths",258.924103198331,176.72704410726,154.418499763211,196.143855351622
20,"Viet Nam",2004,"Cardiovascular diseases","deaths",258.130289996291,180.179263745142,157.259831320195,201.323851312498
20,"Viet Nam",2005,"Cardiovascular diseases","deaths",258.415922947081,184.209549052793,163.092053253994,204.304619041321
20,"Viet Nam",2006,"Cardiovascular diseases","deaths",258.311207230311,188.19908243084,167.081704759652,209.109436892795
20,"Viet Nam",2007,"Cardiovascular diseases","deaths",258.434702201669,192.399554280704,169.812093935952,213.16976620191
20,"Viet Nam",2008,"Cardiovascular diseases","deaths",257.410658765778,195.711478586693,172.18630912377,217.838856081369
20,"Viet Nam",2009,"Cardiovascular diseases","deaths",256.084042647614,198.696624308994,174.319662462488,221.883172555108
20,"Viet Nam",2010,"Cardiovascular diseases","deaths",252.469127399741,199.227635582913,173.781710396432,221.677567823855
20,"Viet Nam",2011,"Cardiovascular diseases","deaths",246.274877410239,198.55109952643,174.260791931593,221.42113822141
20,"Viet Nam",2012,"Cardiovascular diseases","deaths",243.390623165078,200.27086246554,177.626344736578,225.097618627562
20,"Viet Nam",2013,"Cardiovascular diseases","deaths",241.219717603098,202.48215159074,178.969827529702,227.489576443591
191,"Zambia",2002,"Cardiovascular diseases","deaths",352.992531790559,97.7828275693086,78.2678345608064,120.83048304079
191,"Zambia",2003,"Cardiovascular diseases","deaths",351.979413330803,96.4769431358429,79.5108338228555,116.783263318366
191,"Zambia",2004,"Cardiovascular diseases","deaths",356.680673830619,96.7391678078501,81.3535190314804,117.558705199227
191,"Zambia",2005,"Cardiovascular diseases","deaths",364.035741722017,98.1422974610928,83.6027965838721,119.80658591995
191,"Zambia",2006,"Cardiovascular diseases","deaths",373.397498284031,100.585015491551,86.4619004120348,121.475432408542
191,"Zambia",2007,"Cardiovascular diseases","deaths",374.780078185376,101.222963259426,87.5385971583694,120.871267229488
191,"Zambia",2008,"Cardiovascular diseases","deaths",382.514496481614,104.082560984024,88.9522909130618,123.267802331654
191,"Zambia",2009,"Cardiovascular diseases","deaths",383.216000813111,104.961818413583,89.6315988600564,124.038959484876
191,"Zambia",2010,"Cardiovascular diseases","deaths",380.297575576881,104.442738610399,89.5147860463667,122.590107084252
191,"Zambia",2011,"Cardiovascular diseases","deaths",380.595908098139,104.971173361362,90.1264925341404,122.418996680416
191,"Zambia",2012,"Cardiovascular diseases","deaths",372.980409371517,103.082426904494,89.087215044838,118.448205942968
191,"Zambia",2013,"Cardiovascular diseases","deaths",361.463785282571,100.005766670682,86.4842151490836,114.824473267031
198,"Zimbabwe",2002,"Cardiovascular diseases","deaths",253.730981842904,112.093594629008,92.0419192696458,132.731465148654
198,"Zimbabwe",2003,"Cardiovascular diseases","deaths",253.962685500502,112.820626470963,92.8656068108194,132.106118301485
198,"Zimbabwe",2004,"Cardiovascular diseases","deaths",247.668979794776,110.700493659895,89.7593800915667,130.006661869083
198,"Zimbabwe",2005,"Cardiovascular diseases","deaths",243.161885710791,109.383746188324,87.5442634425617,130.308637218994
198,"Zimbabwe",2006,"Cardiovascular diseases","deaths",235.376456525997,106.803743872366,86.2001852114484,128.573240718058
198,"Zimbabwe",2007,"Cardiovascular diseases","deaths",220.104196410933,100.90300824249,79.4999002365955,121.817795034659
198,"Zimbabwe",2008,"Cardiovascular diseases","deaths",224.537728495248,103.947863110275,81.2720951731059,125.406318969713
198,"Zimbabwe",2009,"Cardiovascular diseases","deaths",222.006448079472,103.838655751116,82.7864616433911,126.144670120798
198,"Zimbabwe",2010,"Cardiovascular diseases","deaths",213.226316554485,101.158017498956,82.4461736664155,123.235632419887
198,"Zimbabwe",2011,"Cardiovascular diseases","deaths",217.880798047165,105.107245888767,85.4072287171107,126.554681929097
198,"Zimbabwe",2012,"Cardiovascular diseases","deaths",216.926401105668,105.953615694476,86.6509480010874,128.634227214901
198,"Zimbabwe",2013,"Cardiovascular diseases","deaths",211.746123141101,104.421601841503,85.3663566436136,125.81970233776
168,"Angola",2014,"Cardiovascular diseases","deaths",268.153494935599,81.7439039760485,64.6381962437823,98.5582243299994
168,"Angola",2015,"Cardiovascular diseases","deaths",263.018052843334,80.8053901965039,65.5019195869228,97.0112454761064
168,"Angola",2016,"Cardiovascular diseases","deaths",254.175176048691,78.3716318603036,63.86136213243,94.3123426254272
168,"Angola",2017,"Cardiovascular diseases","deaths",248.544689285985,77.1639273129708,63.1376783449343,93.832835656662
168,"Angola",2018,"Cardiovascular diseases","deaths",243.988413009984,76.4027615917907,62.3757486634391,93.5357325876894
168,"Angola",2019,"Cardiovascular diseases","deaths",240.48297444353,76.0163299422427,62.3443384343718,93.0659118773688
168,"Angola",2020,"Cardiovascular diseases","deaths",240.545351678974,76.1285869011071,61.4876645619779,92.7908546285524
168,"Angola",2021,"Cardiovascular diseases","deaths",243.742057542491,77.8904371411126,62.4950709301863,96.3753264551307
168,"Angola",2022,"Cardiovascular diseases","deaths",248.801225903856,80.9608373862431,65.2556812485049,99.3147581723352
168,"Angola",2023,"Cardiovascular diseases","deaths",254.888529301606,84.5779874762358,68.1048947657191,100.877913252662
161,"Bangladesh",2014,"Cardiovascular diseases","deaths",482.683351166443,240.04680729333,192.796802379795,265.578608020909
161,"Bangladesh",2015,"Cardiovascular diseases","deaths",463.426434406997,236.657523089348,188.277353410939,259.798242476546
161,"Bangladesh",2016,"Cardiovascular diseases","deaths",450.063336756205,236.436369879231,190.577180229683,260.618669178361
161,"Bangladesh",2017,"Cardiovascular diseases","deaths",429.076288990533,232.542939113939,188.485291041666,257.007225757533
161,"Bangladesh",2018,"Cardiovascular diseases","deaths",419.829243151644,233.579892763028,185.019703178858,258.976497891923
161,"Bangladesh",2019,"Cardiovascular diseases","deaths",401.597779577186,228.785259879054,182.283606310018,259.088691151127
161,"Bangladesh",2020,"Cardiovascular diseases","deaths",385.804130939478,221.893171334739,178.269909798308,256.411308347135
161,"Bangladesh",2021,"Cardiovascular diseases","deaths",400.775365303924,234.932927224523,188.807985749259,267.258341102121
161,"Bangladesh",2022,"Cardiovascular diseases","deaths",387.011399314898,233.232973810208,187.714175726999,265.129640248535
161,"Bangladesh",2023,"Cardiovascular diseases","deaths",379.71371090919,235.220726306478,182.075057336807,273.428181936993
200,"Benin",2014,"Cardiovascular diseases","deaths",220.058528078502,82.497121370983,68.2623568064124,98.108200224593
200,"Benin",2015,"Cardiovascular diseases","deaths",235.983875279556,88.6251752742945,71.568980601127,104.391711926901
200,"Benin",2016,"Cardiovascular diseases","deaths",222.814145168026,84.1752779262143,68.1236101217188,99.6612170436798
200,"Benin",2017,"Cardiovascular diseases","deaths",218.04274387383,82.6772900499396,67.4169918674199,98.7967381799972
200,"Benin",2018,"Cardiovascular diseases","deaths",209.623045420864,80.0313554940025,66.3660317766967,96.4142274057374
200,"Benin",2019,"Cardiovascular diseases","deaths",205.052905254123,78.8910866914683,66.0805703378255,94.23490936308
200,"Benin",2020,"Cardiovascular diseases","deaths",202.249876947816,78.3671187115754,63.8836295496539,92.8046002988766
200,"Benin",2021,"Cardiovascular diseases","deaths",190.373279441597,74.0943940183208,59.8640445904076,87.8895053659803
200,"Benin",2022,"Cardiovascular diseases","deaths",186.735104804152,72.890644013287,58.3236830756056,85.3159495230514
200,"Benin",2023,"Cardiovascular diseases","deaths",188.692085147866,74.4529751326914,59.2120589992224,87.9125369954489
162,"Bhutan",2014,"Cardiovascular diseases","deaths",251.330636165718,162.039133974394,127.601215404801,199.501335447878
162,"Bhutan",2015,"Cardiovascular diseases","deaths",244.572646259394,161.763725943757,126.387934693145,198.473778258602
162,"Bhutan",2016,"Cardiovascular diseases","deaths",239.102750437474,162.71873067398,126.647219138427,199.147167768218
162,"Bhutan",2017,"Cardiovascular diseases","deaths",231.544649529604,162.259722208582,125.17210146342,198.993294038915
162,"Bhutan",2018,"Cardiovascular diseases","deaths",226.184778731715,163.33232183602,128.214268125552,202.799132453356
162,"Bhutan",2019,"Cardiovascular diseases","deaths",218.382826259672,162.80609313913,127.522315882926,203.03978678786
162,"Bhutan",2020,"Cardiovascular diseases","deaths",212.353635472021,163.583279560835,125.738858788061,203.743277578327
162,"Bhutan",2021,"Cardiovascular diseases","deaths",213.696679547395,170.199859388041,131.399276123409,215.19309600945
162,"Bhutan",2022,"Cardiovascular diseases","deaths",210.94550049274,173.923976945229,133.31627260814,220.745868526699
162,"Bhutan",2023,"Cardiovascular diseases","deaths",211.20835602479,179.766668836273,142.930449664083,224.495233021006
121,"Bolivia (Plurinational State of)",2014,"Cardiovascular diseases","deaths",206.853863648045,129.76315358578,102.64899260534,156.578716972804
121,"Bolivia (Plurinational State of)",2015,"Cardiovascular diseases","deaths",205.289783505133,131.461566020092,103.841986941034,159.115524593496
121,"Bolivia (Plurinational State of)",2016,"Cardiovascular diseases","deaths",203.294933727844,132.902360679786,105.196136812279,161.215793733053
121,"Bolivia (Plurinational State of)",2017,"Cardiovascular diseases","deaths",199.21720676679,132.817945661469,105.370121695652,159.732595169956
121,"Bolivia (Plurinational State of)",2018,"Cardiovascular diseases","deaths",196.626535744419,134.051756311707,106.578152786437,161.405962384668
121,"Bolivia (Plurinational State of)",2019,"Cardiovascular diseases","deaths",193.502728505769,134.720212016123,108.200944449174,162.816171880894
121,"Bolivia (Plurinational State of)",2020,"Cardiovascular diseases","deaths",229.121618978827,163.09773231237,130.676916111021,195.263972120235
121,"Bolivia (Plurinational State of)",2021,"Cardiovascular diseases","deaths",208.098847638476,147.360241038898,119.439671208738,176.960348700808
121,"Bolivia (Plurinational State of)",2022,"Cardiovascular diseases","deaths",186.445352469195,130.53435332487,105.705709198731,157.06993913957
121,"Bolivia (Plurinational State of)",2023,"Cardiovascular diseases","deaths",177.06584486403,126.4966011059,103.138894052911,152.164207579145
203,"Cabo Verde",2014,"Cardiovascular diseases","deaths",182.250526376161,141.496686311746,120.17348393196,163.919784704603
203,"Cabo Verde",2015,"Cardiovascular diseases","deaths",191.214712075364,151.145067186354,127.742217004331,174.755691647768
203,"Cabo Verde",2016,"Cardiovascular diseases","deaths",184.126184819797,148.44489150692,125.655332351454,170.851950177794
203,"Cabo Verde",2017,"Cardiovascular diseases","deaths",188.285786384688,155.030305706153,132.344962408843,178.332413419681
203,"Cabo Verde",2018,"Cardiovascular diseases","deaths",175.880691488608,147.939145275668,124.386238870078,175.54773141791
203,"Cabo Verde",2019,"Cardiovascular diseases","deaths",177.755646516646,152.4037682577,128.554807429743,181.91238203193
203,"Cabo Verde",2020,"Cardiovascular diseases","deaths",172.97584605641,151.519983071816,125.161925260652,183.665135631344
203,"Cabo Verde",2021,"Cardiovascular diseases","deaths",169.208451996398,149.592579498087,122.731719904133,182.462015421047
203,"Cabo Verde",2022,"Cardiovascular diseases","deaths",180.374211693357,159.524295203584,130.899565627783,192.049741505636
203,"Cabo Verde",2023,"Cardiovascular diseases","deaths",181.948754839058,163.862660615933,133.32663847547,195.965455526798
10,"Cambodia",2014,"Cardiovascular diseases","deaths",262.333617323805,152.146777889252,127.305698693105,179.700877671631
10,"Cambodia",2015,"Cardiovascular diseases","deaths",262.594841433515,156.016452821267,131.089170758307,184.06722719721
10,"Cambodia",2016,"Cardiovascular diseases","deaths",263.477964700661,160.395256202553,132.323141273265,189.06657062663
10,"Cambodia",2017,"Cardiovascular diseases","deaths",257.651829510636,160.468499585374,134.430371131643,190.681823709276
10,"Cambodia",2018,"Cardiovascular diseases","deaths",258.528439542897,165.12850439081,138.147786873974,197.173516337844
10,"Cambodia",2019,"Cardiovascular diseases","deaths",259.828502832442,169.604401511749,142.707961039402,199.861994551429
10,"Cambodia",2020,"Cardiovascular diseases","deaths",263.848950924642,175.868147181232,149.480803780098,205.291399448265
10,"Cambodia",2021,"Cardiovascular diseases","deaths",250.23770560696,169.874762913108,143.446783589656,199.524925449653
10,"Cambodia",2022,"Cardiovascular diseases","deaths",254.863525603111,178.28048827006,150.481228716325,212.586164790746
10,"Cambodia",2023,"Cardiovascular diseases","deaths",262.907718642775,189.770940749639,163.182623904743,225.357155439956
202,"Cameroon",2014,"Cardiovascular diseases","deaths",315.668665382323,102.006658810168,83.6767694280288,120.563223305813
202,"Cameroon",2015,"Cardiovascular diseases","deaths",334.389583194486,108.089706962996,90.339992867769,126.786157771674
202,"Cameroon",2016,"Cardiovascular diseases","deaths",314.685538021019,102.116136205664,85.0080963406456,119.93155736845
202,"Cameroon",2017,"Cardiovascular diseases","deaths",304.985707147947,99.4099077986163,82.6618269349443,117.372703387782
202,"Cameroon",2018,"Cardiovascular diseases","deaths",300.150128204425,98.7555039188351,82.5161883015072,117.213452242382
202,"Cameroon",2019,"Cardiovascular diseases","deaths",294.090821046191,97.6299448451318,82.3320410183461,114.783936411257
202,"Cameroon",2020,"Cardiovascular diseases","deaths",292.268815027707,96.7450159051819,80.7421574211899,116.007563635977
202,"Cameroon",2021,"Cardiovascular diseases","deaths",288.415937012729,95.2901805742233,77.9975459195048,115.387899996101
202,"Cameroon",2022,"Cardiovascular diseases","deaths",285.767390978409,96.2576176312336,78.895851655007,116.29739896637
202,"Cameroon",2023,"Cardiovascular diseases","deaths",290.670459803461,99.8223366185529,79.7218322502092,120.084135992852
176,"Comoros",2014,"Cardiovascular diseases","deaths",94.7389433231544,63.6022241759462,50.3358169534778,78.1110388854468
176,"Comoros",2015,"Cardiovascular diseases","deaths",94.6381551128381,64.1281057657891,50.8243547813532,79.319826062652
176,"Comoros",2016,"Cardiovascular diseases","deaths",93.8917537076635,64.3120299363396,50.3551149163142,81.427129911335
176,"Comoros",2017,"Cardiovascular diseases","deaths",91.2296834726941,63.1239247877654,49.1589183158441,80.0937154924895
176,"Comoros",2018,"Cardiovascular diseases","deaths",87.4779183770543,61.2350992308995,48.4064207865132,76.8645404745716
176,"Comoros",2019,"Cardiovascular diseases","deaths",87.5551687941583,61.9325818758871,47.599328826995,77.536101046773
176,"Comoros",2020,"Cardiovascular diseases","deaths",94.6949090166744,68.1075885839719,48.8977170260855,88.278543086236
176,"Comoros",2021,"Cardiovascular diseases","deaths",108.6237552162,78.6290792182674,54.567356801374,107.132443475967
176,"Comoros",2022,"Cardiovascular diseases","deaths",90.4369806042956,65.3242740077062,48.0098247138664,83.0484777717982
176,"Comoros",2023,"Cardiovascular diseases","deaths",90.9691884842588,66.0964855375607,49.2555242789379,85.6751438830538
170,"Congo",2014,"Cardiovascular diseases","deaths",291.379456938835,104.688415398567,87.2777434570766,122.615635033839
170,"Congo",2015,"Cardiovascular diseases","deaths",294.219447269181,105.360436473312,89.2158149493762,124.362105443774
170,"Congo",2016,"Cardiovascular diseases","deaths",290.905193936076,104.496650566686,87.5601143418325,123.24609877265
170,"Congo",2017,"Cardiovascular diseases","deaths",287.584197447355,103.520295858774,86.4445189721509,124.059483016209
170,"Congo",2018,"Cardiovascular diseases","deaths",284.322931803824,102.546242041318,85.8862505041414,123.73455158411
170,"Congo",2019,"Cardiovascular diseases","deaths",288.548340206309,104.69035500254,87.1051739689176,126.090555886657
170,"Congo",2020,"Cardiovascular diseases","deaths",291.428702894961,105.358707730696,85.2813094432897,125.809426305647
170,"Congo",2021,"Cardiovascular diseases","deaths",291.627041636893,105.572377424576,84.7944531639703,126.677092371839
170,"Congo",2022,"Cardiovascular diseases","deaths",311.189557677592,113.754621413787,92.5581517194492,135.38137391549
170,"Congo",2023,"Cardiovascular diseases","deaths",315.89272445735,117.487528323958,93.1965049314293,143.14690012617
205,"C<c3><b4>te d'Ivoire",2014,"Cardiovascular diseases","deaths",254.187360828496,85.1609768561867,70.307980435777,101.275298808114
205,"C<c3><b4>te d'Ivoire",2015,"Cardiovascular diseases","deaths",281.329914279439,95.1514880159148,78.3167885349306,112.954258046569
205,"C<c3><b4>te d'Ivoire",2016,"Cardiovascular diseases","deaths",273.659982596806,93.3157992055232,77.3641950342118,110.458726347545
205,"C<c3><b4>te d'Ivoire",2017,"Cardiovascular diseases","deaths",264.785788037544,90.6830932927405,75.9500192675429,107.901316047364
205,"C<c3><b4>te d'Ivoire",2018,"Cardiovascular diseases","deaths",259.601546335469,89.5591167011003,75.0651243410306,106.354486446721
205,"C<c3><b4>te d'Ivoire",2019,"Cardiovascular diseases","deaths",243.727729671997,84.2883210058376,69.7855746821047,100.813148535224
205,"C<c3><b4>te d'Ivoire",2020,"Cardiovascular diseases","deaths",245.97381927228,85.3044028796756,70.7883744319094,100.76098909002
205,"C<c3><b4>te d'Ivoire",2021,"Cardiovascular diseases","deaths",234.417702345515,81.6818656564687,67.765607537574,97.2502103978753
205,"C<c3><b4>te d'Ivoire",2022,"Cardiovascular diseases","deaths",262.85356612112,91.4179835691332,77.2200790606765,107.448698487587
205,"C<c3><b4>te d'Ivoire",2023,"Cardiovascular diseases","deaths",270.7472285366,94.7809056794471,80.1913511517434,111.879287652868
177,"Djibouti",2014,"Cardiovascular diseases","deaths",165.831722835552,63.2624329543763,47.4083711031329,80.2574349869485
177,"Djibouti",2015,"Cardiovascular diseases","deaths",169.073872857141,66.1683349043314,49.4858789006781,83.5927953971601
177,"Djibouti",2016,"Cardiovascular diseases","deaths",165.57816762394,66.3613080902076,49.3924738533875,84.3195695389265
177,"Djibouti",2017,"Cardiovascular diseases","deaths",165.892126158516,68.1344547917609,50.7058150983894,86.2324745955196
177,"Djibouti",2018,"Cardiovascular diseases","deaths",159.097072159161,66.6633912368088,48.9405960108824,84.7835761011772
177,"Djibouti",2019,"Cardiovascular diseases","deaths",157.879594564392,67.7507283878396,52.731946017477,84.2095759806524
177,"Djibouti",2020,"Cardiovascular diseases","deaths",151.486568423145,66.2869661670164,49.9991951225234,83.9767784481722
177,"Djibouti",2021,"Cardiovascular diseases","deaths",161.911658434371,72.1954398079872,51.0234287715051,94.9749166244276
177,"Djibouti",2022,"Cardiovascular diseases","deaths",155.844471918715,71.203880719529,54.1169019537822,89.4065191046728
177,"Djibouti",2023,"Cardiovascular diseases","deaths",159.427893610092,74.9222427875293,55.0905582894331,96.02557199442
141,"Egypt",2014,"Cardiovascular diseases","deaths",694.814354140987,266.478863870177,242.777384779722,286.925746293749
141,"Egypt",2015,"Cardiovascular diseases","deaths",713.11460520277,276.80039548053,255.237499947576,297.9532760635
141,"Egypt",2016,"Cardiovascular diseases","deaths",673.767295164655,263.75403757732,243.915977727733,283.909188389857
141,"Egypt",2017,"Cardiovascular diseases","deaths",647.103961754616,255.183583590996,236.975701677171,273.604603073408
141,"Egypt",2018,"Cardiovascular diseases","deaths",647.633377659684,260.028584888975,238.335844332577,278.820405910799
141,"Egypt",2019,"Cardiovascular diseases","deaths",636.820947228342,259.682962657963,237.233012016522,279.291185673851
141,"Egypt",2020,"Cardiovascular diseases","deaths",615.995643048722,250.883990386464,225.303414140721,274.793947199333
141,"Egypt",2021,"Cardiovascular diseases","deaths",662.030277279204,277.231316457158,248.214894023873,304.813609846088
141,"Egypt",2022,"Cardiovascular diseases","deaths",740.305086406054,324.673138490267,288.227187603907,360.268009049523
141,"Egypt",2023,"Cardiovascular diseases","deaths",703.816019187328,318.786832788789,276.827678895624,354.97491840119
197,"Eswatini",2014,"Cardiovascular diseases","deaths",204.786486542334,104.830298404107,81.7195913529537,128.402791877935
197,"Eswatini",2015,"Cardiovascular diseases","deaths",194.842529073345,101.601339983028,79.63988834473,124.26169788392
197,"Eswatini",2016,"Cardiovascular diseases","deaths",186.539254124372,99.244183427755,76.7569869334473,122.789071501442
197,"Eswatini",2017,"Cardiovascular diseases","deaths",184.318998429425,100.43935582689,78.2797981993911,123.339390649231
197,"Eswatini",2018,"Cardiovascular diseases","deaths",183.688963996178,102.578660103607,79.7218245360468,126.579281405577
197,"Eswatini",2019,"Cardiovascular diseases","deaths",183.101218934368,104.841918820183,81.7033108455214,129.755114005596
197,"Eswatini",2020,"Cardiovascular diseases","deaths",197.494897896893,114.355377197365,90.4843357833002,143.376740064249
197,"Eswatini",2021,"Cardiovascular diseases","deaths",210.803749633762,122.417069000636,96.7372905893896,153.713149210954
197,"Eswatini",2022,"Cardiovascular diseases","deaths",200.587386449827,117.586720182099,93.7997458582069,146.673026105148
197,"Eswatini",2023,"Cardiovascular diseases","deaths",194.732274869994,116.415235328475,90.08616978648,145.100269253401
207,"Ghana",2014,"Cardiovascular diseases","deaths",317.822740826396,146.519332666722,125.859997531592,171.775524779514
207,"Ghana",2015,"Cardiovascular diseases","deaths",349.273131928067,162.795567869605,139.404742282655,190.635055145297
207,"Ghana",2016,"Cardiovascular diseases","deaths",347.097408112874,163.333328628963,139.854518494739,192.943038946922
207,"Ghana",2017,"Cardiovascular diseases","deaths",346.404541644934,164.649521715097,140.444806890279,190.952461648537
207,"Ghana",2018,"Cardiovascular diseases","deaths",343.211618362453,165.538252784722,141.781148466172,190.435291202129
207,"Ghana",2019,"Cardiovascular diseases","deaths",337.580113438262,164.700724918236,142.033925295854,187.715130983425
207,"Ghana",2020,"Cardiovascular diseases","deaths",335.754680809973,165.438287059503,141.172797768818,189.088120267081
207,"Ghana",2021,"Cardiovascular diseases","deaths",330.628615665434,164.314329871486,139.885731858538,189.158574384168
207,"Ghana",2022,"Cardiovascular diseases","deaths",346.99629679452,175.053320451909,147.589519585061,201.602412538994
207,"Ghana",2023,"Cardiovascular diseases","deaths",342.067422778524,174.719699940834,147.224958829151,203.291230035968
208,"Guinea",2014,"Cardiovascular diseases","deaths",298.767928273871,137.196850064136,110.544563068918,162.316301741991
208,"Guinea",2015,"Cardiovascular diseases","deaths",314.2939729907,142.524214929217,115.522951900761,168.868081328181
208,"Guinea",2016,"Cardiovascular diseases","deaths",306.255151463491,137.135342864833,110.402728370799,163.214819098069
208,"Guinea",2017,"Cardiovascular diseases","deaths",301.870739912345,133.619083884237,109.829465857012,160.167892671841
208,"Guinea",2018,"Cardiovascular diseases","deaths",297.109441702041,130.358669910727,107.718799005437,156.572994428872
208,"Guinea",2019,"Cardiovascular diseases","deaths",292.792641414171,127.552615040118,105.657975782646,153.460893335741
208,"Guinea",2020,"Cardiovascular diseases","deaths",287.942603126428,124.159943925497,101.399625163648,148.17829828787
208,"Guinea",2021,"Cardiovascular diseases","deaths",283.518453486398,121.139661039233,97.8560034784691,142.832823905642
208,"Guinea",2022,"Cardiovascular diseases","deaths",316.326014934135,133.646166866248,109.026642624905,158.922405347702
208,"Guinea",2023,"Cardiovascular diseases","deaths",317.392724914482,133.470375779791,108.503171686934,158.597178299975
114,"Haiti",2014,"Cardiovascular diseases","deaths",554.720645069944,242.866985818307,205.161547901191,281.85851102506
114,"Haiti",2015,"Cardiovascular diseases","deaths",557.61986520398,244.934819562565,205.808502489081,283.850730016735
114,"Haiti",2016,"Cardiovascular diseases","deaths",560.36103167308,247.514166033007,208.153608158839,285.145972086642
114,"Haiti",2017,"Cardiovascular diseases","deaths",558.785323763113,249.669783362075,206.869311158025,286.59197169727
114,"Haiti",2018,"Cardiovascular diseases","deaths",563.426239486523,254.769729394529,212.640731056407,293.440538805045
114,"Haiti",2019,"Cardiovascular diseases","deaths",564.954060391964,257.64762728955,215.039012528978,297.502010678565
114,"Haiti",2020,"Cardiovascular diseases","deaths",551.909118539312,252.457673340119,209.457762594824,291.912580347993
114,"Haiti",2021,"Cardiovascular diseases","deaths",555.610024736651,257.909268709573,212.367335462743,300.606577713175
114,"Haiti",2022,"Cardiovascular diseases","deaths",573.247955415699,269.605603984127,225.80552740008,313.351893272932
114,"Haiti",2023,"Cardiovascular diseases","deaths",584.420731123566,279.369158827869,235.859225534596,329.131975865034
129,"Honduras",2014,"Cardiovascular diseases","deaths",277.937834172303,130.048887873924,109.273324542053,149.691076055419
129,"Honduras",2015,"Cardiovascular diseases","deaths",278.699188770147,132.274338510035,111.364468824654,152.281685679515
129,"Honduras",2016,"Cardiovascular diseases","deaths",272.317666539748,131.097671376547,110.30182236858,150.698901405486
129,"Honduras",2017,"Cardiovascular diseases","deaths",269.690275635828,131.863759648104,111.007056218807,151.974553289412
129,"Honduras",2018,"Cardiovascular diseases","deaths",268.161922120801,133.275055098185,112.819222106345,154.220432882094
129,"Honduras",2019,"Cardiovascular diseases","deaths",265.777551555607,134.355598665198,114.568583687617,156.102858385286
129,"Honduras",2020,"Cardiovascular diseases","deaths",266.4495328548,133.022494042411,114.903418736919,154.545745895314
129,"Honduras",2021,"Cardiovascular diseases","deaths",280.888819356295,139.880269880786,120.924307118683,162.38601672113
129,"Honduras",2022,"Cardiovascular diseases","deaths",279.659894709589,140.971063839351,120.802164607161,162.538674480985
129,"Honduras",2023,"Cardiovascular diseases","deaths",282.863161211882,145.166453525702,121.423574781308,167.498635847857
163,"India",2014,"Cardiovascular diseases","deaths",316.250948116064,205.479039978565,187.827753609369,222.806538750565
163,"India",2015,"Cardiovascular diseases","deaths",318.960914693578,208.814359604675,193.123752647281,226.81380276167
163,"India",2016,"Cardiovascular diseases","deaths",327.931274383122,218.699396490686,202.974587081965,236.623858288648
163,"India",2017,"Cardiovascular diseases","deaths",321.705417092516,219.496888906832,202.391761613516,237.071588864111
163,"India",2018,"Cardiovascular diseases","deaths",315.689241315895,220.260119867378,202.021219210779,238.360453352163
163,"India",2019,"Cardiovascular diseases","deaths",291.915276042927,208.185538609545,191.895373683339,226.384054929485
163,"India",2020,"Cardiovascular diseases","deaths",278.471851110476,202.691441259214,185.545194267443,219.166682101649
163,"India",2021,"Cardiovascular diseases","deaths",293.430952142404,223.0210272312,204.191584621348,240.491574101011
163,"India",2022,"Cardiovascular diseases","deaths",280.777599717476,212.321960197532,189.302705036521,236.381662841374
163,"India",2023,"Cardiovascular diseases","deaths",279.112681914981,216.230360576247,188.858265579925,246.577578663067
144,"Jordan",2014,"Cardiovascular diseases","deaths",272.687342400087,108.802357348084,101.537739912912,115.445802288565
144,"Jordan",2015,"Cardiovascular diseases","deaths",267.126181425054,107.629661947284,99.9245351400325,114.358247033287
144,"Jordan",2016,"Cardiovascular diseases","deaths",260.013739207236,107.6629759006,99.906886498888,115.23276252664
144,"Jordan",2017,"Cardiovascular diseases","deaths",255.869305263669,109.153277448889,101.163261493598,117.356544189209
144,"Jordan",2018,"Cardiovascular diseases","deaths",253.238790932281,111.675430351274,103.694337153145,119.605819966542
144,"Jordan",2019,"Cardiovascular diseases","deaths",246.005497386319,113.24435619944,104.583891235928,121.308378909563
144,"Jordan",2020,"Cardiovascular diseases","deaths",240.454654287145,115.42859912893,105.209926896887,125.189511310023
144,"Jordan",2021,"Cardiovascular diseases","deaths",248.811149810757,123.110259807735,110.677942101071,135.783687239392
144,"Jordan",2022,"Cardiovascular diseases","deaths",233.933568485767,117.420857121498,107.345192030599,127.476752854176
144,"Jordan",2023,"Cardiovascular diseases","deaths",224.71000900124,116.775700080871,105.565533317497,128.006495717174
180,"Kenya",2014,"Cardiovascular diseases","deaths",142.551522946184,54.6959972910858,45.1866673323984,64.3661700664991
180,"Kenya",2015,"Cardiovascular diseases","deaths",141.049957861097,55.252661507982,45.3397468962261,65.948166095909
180,"Kenya",2016,"Cardiovascular diseases","deaths",137.319885538206,55.0371479504579,45.2589193185605,65.9763492456419
180,"Kenya",2017,"Cardiovascular diseases","deaths",132.017227610438,54.1618715200525,44.3520652655881,65.6107770852206
180,"Kenya",2018,"Cardiovascular diseases","deaths",129.967538331663,54.6108509270752,44.5351281927872,66.2249965242442
180,"Kenya",2019,"Cardiovascular diseases","deaths",127.225944194934,54.7318748606302,44.576870400717,66.730914312102
180,"Kenya",2020,"Cardiovascular diseases","deaths",138.887727734703,60.311907131482,48.841292435516,73.3388320634684
180,"Kenya",2021,"Cardiovascular diseases","deaths",148.919117215119,65.6533563184206,53.5034518111465,79.308265305397
180,"Kenya",2022,"Cardiovascular diseases","deaths",128.456549645728,58.1722032028525,46.7650632536444,70.8596797963527
180,"Kenya",2023,"Cardiovascular diseases","deaths",129.453835223232,60.2572754917558,47.4019579778848,75.1719787344042
23,"Kiribati",2014,"Cardiovascular diseases","deaths",214.941532914084,122.030609991497,100.990102487371,145.337839298935
23,"Kiribati",2015,"Cardiovascular diseases","deaths",213.067993207602,122.032744527591,100.163277494039,145.861779176135
23,"Kiribati",2016,"Cardiovascular diseases","deaths",210.911419118339,121.870792340153,101.234628522738,142.864957837376
23,"Kiribati",2017,"Cardiovascular diseases","deaths",208.484853467024,121.594607133505,100.837854126318,142.098086178072
23,"Kiribati",2018,"Cardiovascular diseases","deaths",214.412999170385,126.098011517291,104.711846282163,148.701694915298
23,"Kiribati",2019,"Cardiovascular diseases","deaths",204.882164347434,121.532761753303,101.233864248607,145.552452807425
23,"Kiribati",2020,"Cardiovascular diseases","deaths",203.293309904309,122.063155150275,100.96124907557,146.725604830166
23,"Kiribati",2021,"Cardiovascular diseases","deaths",208.528872684691,127.496199266253,103.805944032775,159.289165882502
23,"Kiribati",2022,"Cardiovascular diseases","deaths",210.064458741942,128.133920749738,107.43953123716,154.778681266282
23,"Kiribati",2023,"Cardiovascular diseases","deaths",213.990830211702,131.643366356442,110.662368676274,157.290753165013
37,"Kyrgyzstan",2014,"Cardiovascular diseases","deaths",554.866222670361,277.015014568523,263.238149475653,287.308141821365
37,"Kyrgyzstan",2015,"Cardiovascular diseases","deaths",540.240234946015,267.761559979712,254.358257838661,277.641960779473
37,"Kyrgyzstan",2016,"Cardiovascular diseases","deaths",522.841600114704,257.439975834601,245.073376466358,266.542217848723
37,"Kyrgyzstan",2017,"Cardiovascular diseases","deaths",507.778647198194,249.338852181013,237.302423094393,258.712279931387
37,"Kyrgyzstan",2018,"Cardiovascular diseases","deaths",483.738883826049,241.076205588933,229.602241069102,250.350402139497
37,"Kyrgyzstan",2019,"Cardiovascular diseases","deaths",451.560659328865,225.234850646836,214.711577411048,232.807480495753
37,"Kyrgyzstan",2020,"Cardiovascular diseases","deaths",420.696721916735,200.91955141744,192.926709197692,205.900907548758
37,"Kyrgyzstan",2021,"Cardiovascular diseases","deaths",437.101033061284,209.509740337197,203.198008823089,214.998842014339
37,"Kyrgyzstan",2022,"Cardiovascular diseases","deaths",410.40165920986,202.101146270413,192.157602615577,212.521716990742
37,"Kyrgyzstan",2023,"Cardiovascular diseases","deaths",412.363233589851,213.355551653131,202.213485773388,224.393508086213
12,"Lao People's Democratic Republic",2014,"Cardiovascular diseases","deaths",405.94881558957,210.467560562441,171.816863274249,244.242076424306
12,"Lao People's Democratic Republic",2015,"Cardiovascular diseases","deaths",407.047283037155,215.353368686481,176.914866107559,247.89246907899
12,"Lao People's Democratic Republic",2016,"Cardiovascular diseases","deaths",409.898930493388,220.709350601773,182.515501736582,255.511605933783
12,"Lao People's Democratic Republic",2017,"Cardiovascular diseases","deaths",405.230048236226,221.946931603613,183.142384762503,259.670267930184
12,"Lao People's Democratic Republic",2018,"Cardiovascular diseases","deaths",405.615048369855,226.07630781489,188.731743712306,264.991496606598
12,"Lao People's Democratic Republic",2019,"Cardiovascular diseases","deaths",405.238647252236,229.927990867572,191.356901499733,271.479394767299
12,"Lao People's Democratic Republic",2020,"Cardiovascular diseases","deaths",402.454188512902,232.873933760645,193.920169421918,271.703464798891
12,"Lao People's Democratic Republic",2021,"Cardiovascular diseases","deaths",386.498510049674,227.234291741524,187.216304060594,262.646450718693
12,"Lao People's Democratic Republic",2022,"Cardiovascular diseases","deaths",405.397393144304,242.923909378196,201.020377514463,280.652902633205
12,"Lao People's Democratic Republic",2023,"Cardiovascular diseases","deaths",408.104540288326,249.345752219855,213.45723632998,285.799801979097
146,"Lebanon",2014,"Cardiovascular diseases","deaths",165.242570120606,157.199351185124,132.92336625112,179.720028649759
146,"Lebanon",2015,"Cardiovascular diseases","deaths",155.10344991167,137.099766056137,117.280769188284,156.768408511043
146,"Lebanon",2016,"Cardiovascular diseases","deaths",132.565127274051,118.171149247343,99.3320036180574,134.367328205445
146,"Lebanon",2017,"Cardiovascular diseases","deaths",120.156772082385,111.931783677734,93.3460370407451,128.514596761309
146,"Lebanon",2018,"Cardiovascular diseases","deaths",125.365904307795,121.670287856029,102.445687443749,139.416208795355
146,"Lebanon",2019,"Cardiovascular diseases","deaths",152.478014826382,153.402845000691,130.486179964309,173.721164337365
146,"Lebanon",2020,"Cardiovascular diseases","deaths",181.236357491802,185.054740895791,160.32149430683,210.201008089327
146,"Lebanon",2021,"Cardiovascular diseases","deaths",110.838889287264,115.004115396264,98.0037594914337,132.616926205779
146,"Lebanon",2022,"Cardiovascular diseases","deaths",127.537626964228,137.340577011106,112.761457537374,158.36759921325
146,"Lebanon",2023,"Cardiovascular diseases","deaths",129.907961487811,143.560220593071,120.50463548601,168.805579830171
194,"Lesotho",2014,"Cardiovascular diseases","deaths",270.956118851102,152.329147855638,120.710062502814,185.101529208976
194,"Lesotho",2015,"Cardiovascular diseases","deaths",274.067630121623,156.208342166243,124.300882171341,187.314669950918
194,"Lesotho",2016,"Cardiovascular diseases","deaths",267.081606188175,153.943563406935,123.540508858181,187.85281960209
194,"Lesotho",2017,"Cardiovascular diseases","deaths",256.57286362535,149.676157091935,119.035924547456,183.427672135917
194,"Lesotho",2018,"Cardiovascular diseases","deaths",251.104738369838,148.589226918465,119.923165006011,183.892884573524
194,"Lesotho",2019,"Cardiovascular diseases","deaths",244.959872845049,147.037381632203,119.452654219632,179.180740151246
194,"Lesotho",2020,"Cardiovascular diseases","deaths",236.881766179893,143.61785519837,115.63629187509,175.659429722332
194,"Lesotho",2021,"Cardiovascular diseases","deaths",247.93440662532,151.324742500005,120.974684389136,184.678216569647
194,"Lesotho",2022,"Cardiovascular diseases","deaths",268.498697029032,165.543312053841,131.745408502317,200.79366493196
194,"Lesotho",2023,"Cardiovascular diseases","deaths",277.241472691988,173.140994869749,141.675637974757,210.453417793208
212,"Mauritania",2014,"Cardiovascular diseases","deaths",271.589257184838,118.978141690054,95.6851730233499,143.411089142827
212,"Mauritania",2015,"Cardiovascular diseases","deaths",279.839789684142,122.966381641434,97.977799088929,148.953569492995
212,"Mauritania",2016,"Cardiovascular diseases","deaths",259.769988492492,115.172969015162,91.6074903231311,139.770594259552
212,"Mauritania",2017,"Cardiovascular diseases","deaths",270.672246022505,121.292819333352,97.4559307576402,146.327146483443
212,"Mauritania",2018,"Cardiovascular diseases","deaths",261.386530734149,118.541611625715,95.9382188572707,142.750863702209
212,"Mauritania",2019,"Cardiovascular diseases","deaths",269.53622522124,123.336133864174,99.8115357388357,148.358130442865
212,"Mauritania",2020,"Cardiovascular diseases","deaths",268.938617281565,121.767343404113,98.9788089348283,147.217229798829
212,"Mauritania",2021,"Cardiovascular diseases","deaths",277.251113385385,125.921059774851,101.363205317234,153.728204369342
212,"Mauritania",2022,"Cardiovascular diseases","deaths",298.528559065178,135.433704315219,106.977499500307,161.658099337656
212,"Mauritania",2023,"Cardiovascular diseases","deaths",292.736170459653,134.618687455371,106.261521437881,160.190258724507
25,"Micronesia (Federated States of)",2014,"Cardiovascular diseases","deaths",491.749036353488,250.60375644309,218.312238172439,282.746113823166
25,"Micronesia (Federated States of)",2015,"Cardiovascular diseases","deaths",482.108282316754,250.327480291626,218.27990510018,286.218155560505
25,"Micronesia (Federated States of)",2016,"Cardiovascular diseases","deaths",472.349513245595,250.285172918858,219.827345059435,286.831608749753
25,"Micronesia (Federated States of)",2017,"Cardiovascular diseases","deaths",466.272331698766,252.204861957954,220.585812947253,286.983925232419
25,"Micronesia (Federated States of)",2018,"Cardiovascular diseases","deaths",456.270315486725,254.019779361194,222.79169451296,286.322700318811
25,"Micronesia (Federated States of)",2019,"Cardiovascular diseases","deaths",450.566686583954,255.026555024679,223.282208946011,285.092213443757
25,"Micronesia (Federated States of)",2020,"Cardiovascular diseases","deaths",463.123013664717,265.358378380586,231.562445074161,299.792038864591
25,"Micronesia (Federated States of)",2021,"Cardiovascular diseases","deaths",504.181849991526,297.798754976042,252.132373358379,338.23714931962
25,"Micronesia (Federated States of)",2022,"Cardiovascular diseases","deaths",451.876171417721,271.67061728305,235.562012796402,305.587615457265
25,"Micronesia (Federated States of)",2023,"Cardiovascular diseases","deaths",445.463329955503,272.756555744659,235.119632691291,309.888903841356
148,"Morocco",2014,"Cardiovascular diseases","deaths",586.479524754736,360.122523142147,316.623957196728,405.385339106778
148,"Morocco",2015,"Cardiovascular diseases","deaths",578.650837546414,366.120463587385,320.655343192593,411.300658509916
148,"Morocco",2016,"Cardiovascular diseases","deaths",569.100895393108,370.848625232536,323.367807512193,418.210268562527
148,"Morocco",2017,"Cardiovascular diseases","deaths",566.435185523785,380.092233832447,329.973360046858,425.295304192874
148,"Morocco",2018,"Cardiovascular diseases","deaths",559.303157391404,385.967117617869,335.545154792867,434.052148351449
148,"Morocco",2019,"Cardiovascular diseases","deaths",556.372719955141,395.490070953113,347.847279652242,443.552321203397
148,"Morocco",2020,"Cardiovascular diseases","deaths",558.978633073577,405.788524417072,345.481485224162,467.877076455674
148,"Morocco",2021,"Cardiovascular diseases","deaths",558.331492063863,417.235682175203,355.695489359998,475.347436496082
148,"Morocco",2022,"Cardiovascular diseases","deaths",556.831642517054,427.431059349502,368.728441528244,484.50059071833
148,"Morocco",2023,"Cardiovascular diseases","deaths",545.999578645442,431.148145902246,370.375848497617,485.772855783554
15,"Myanmar",2014,"Cardiovascular diseases","deaths",504.472926076772,346.107370871841,288.882888125471,390.314027235212
15,"Myanmar",2015,"Cardiovascular diseases","deaths",498.823338720344,346.257023826444,294.42941176953,388.282930502424
15,"Myanmar",2016,"Cardiovascular diseases","deaths",498.608210820597,351.059661068249,297.106883814881,396.042482006516
15,"Myanmar",2017,"Cardiovascular diseases","deaths",488.163442575412,348.5243670846,293.326970681694,396.622038042293
15,"Myanmar",2018,"Cardiovascular diseases","deaths",486.453776523122,352.741023482472,301.754605367026,403.539516356011
15,"Myanmar",2019,"Cardiovascular diseases","deaths",484.422816093636,356.715289353986,308.569158956784,403.115046032001
15,"Myanmar",2020,"Cardiovascular diseases","deaths",481.860569753183,359.9115647592,308.09790312967,407.066838925286
15,"Myanmar",2021,"Cardiovascular diseases","deaths",501.951368785019,381.398971450193,326.768696067388,430.921016446678
15,"Myanmar",2022,"Cardiovascular diseases","deaths",467.072586449739,358.613738370489,302.752163215942,413.841482875543
15,"Myanmar",2023,"Cardiovascular diseases","deaths",472.331297173402,369.637880502703,311.657131879972,420.598047129125
164,"Nepal",2014,"Cardiovascular diseases","deaths",223.60554791259,137.010874822577,109.321382781806,162.751941313912
164,"Nepal",2015,"Cardiovascular diseases","deaths",212.148034762721,133.248578490629,109.135071058938,157.76077210069
164,"Nepal",2016,"Cardiovascular diseases","deaths",210.274105176092,135.390822012681,113.446604990309,160.736304302253
164,"Nepal",2017,"Cardiovascular diseases","deaths",203.05076160193,134.316751102168,112.939460052942,158.031768155264
164,"Nepal",2018,"Cardiovascular diseases","deaths",201.747195934538,137.080159587375,113.059366405601,163.287789858606
164,"Nepal",2019,"Cardiovascular diseases","deaths",197.059858412056,137.571203805484,114.372388061374,162.628812323464
164,"Nepal",2020,"Cardiovascular diseases","deaths",187.757096116543,134.560236223966,112.814798419676,159.513912258744
164,"Nepal",2021,"Cardiovascular diseases","deaths",205.331176504579,151.680755693919,128.536697137376,177.453789672158
164,"Nepal",2022,"Cardiovascular diseases","deaths",206.900662124859,155.157848118891,126.963434837615,183.408795520549
164,"Nepal",2023,"Cardiovascular diseases","deaths",205.66623341185,158.4972098206,128.498011849102,185.611942065349
131,"Nicaragua",2014,"Cardiovascular diseases","deaths",215.680991468906,111.395955084045,101.765022185096,120.813381070413
131,"Nicaragua",2015,"Cardiovascular diseases","deaths",219.651124386878,114.341672163014,104.913399509343,124.863524963206
131,"Nicaragua",2016,"Cardiovascular diseases","deaths",219.538405595593,115.16361138825,106.087949837329,124.392334806046
131,"Nicaragua",2017,"Cardiovascular diseases","deaths",222.337781438269,118.050608650255,108.592670219609,127.820451918469
131,"Nicaragua",2018,"Cardiovascular diseases","deaths",226.735325515327,122.630932514568,113.602619419906,131.505206189053
131,"Nicaragua",2019,"Cardiovascular diseases","deaths",236.752279444935,131.00103255421,121.521924619091,141.308004747413
131,"Nicaragua",2020,"Cardiovascular diseases","deaths",245.296757560424,134.068986956701,121.799499536006,143.168040830826
131,"Nicaragua",2021,"Cardiovascular diseases","deaths",248.991020570747,134.511664144802,121.221803409533,145.174768996183
131,"Nicaragua",2022,"Cardiovascular diseases","deaths",222.148293072303,120.661784769998,108.059142322572,132.12538383174
131,"Nicaragua",2023,"Cardiovascular diseases","deaths",191.448779004324,107.916007024701,96.9360010898408,121.212491729976
214,"Nigeria",2014,"Cardiovascular diseases","deaths",281.294726384985,95.2905597598424,74.1664567437582,115.778862555741
214,"Nigeria",2015,"Cardiovascular diseases","deaths",305.632139725227,103.80555425078,82.4013265972291,126.413945843304
214,"Nigeria",2016,"Cardiovascular diseases","deaths",287.858507884509,97.5225368917195,77.9997674502722,119.414957118654
214,"Nigeria",2017,"Cardiovascular diseases","deaths",282.04065758514,95.7576015984485,76.3978812477588,117.980043318325
214,"Nigeria",2018,"Cardiovascular diseases","deaths",269.209571754488,91.5712033002634,72.4066369132111,114.789981049199
214,"Nigeria",2019,"Cardiovascular diseases","deaths",257.812703718505,87.9744332766308,67.9055587204814,111.487220782726
214,"Nigeria",2020,"Cardiovascular diseases","deaths",258.614132368996,88.2678746248597,67.9527732355849,113.278402148171
214,"Nigeria",2021,"Cardiovascular diseases","deaths",251.254824372773,85.996044268683,65.3960258031929,111.942626544312
214,"Nigeria",2022,"Cardiovascular diseases","deaths",262.674463858863,91.2790016194811,69.6957943087736,115.136860216671
214,"Nigeria",2023,"Cardiovascular diseases","deaths",267.577171249351,94.0345483849473,72.1442037539928,118.559808361403
165,"Pakistan",2014,"Cardiovascular diseases","deaths",270.811754729743,134.692621915672,108.668662080755,163.22493568193
165,"Pakistan",2015,"Cardiovascular diseases","deaths",265.035616872564,132.439421663714,107.228205538963,158.846905806548
165,"Pakistan",2016,"Cardiovascular diseases","deaths",262.225287047475,131.847866816757,106.635056775067,157.111491194665
165,"Pakistan",2017,"Cardiovascular diseases","deaths",253.51334211186,128.356022925146,103.277922623641,152.826083063586
165,"Pakistan",2018,"Cardiovascular diseases","deaths",249.997095163587,127.715160916419,102.067544020268,152.826177565168
165,"Pakistan",2019,"Cardiovascular diseases","deaths",241.317588380375,124.385770408011,99.342903287435,148.787275049878
165,"Pakistan",2020,"Cardiovascular diseases","deaths",239.168032798968,124.529994585339,99.0530187668969,149.616509385913
165,"Pakistan",2021,"Cardiovascular diseases","deaths",255.195158541064,134.311681493199,107.363308506556,160.17091279414
165,"Pakistan",2022,"Cardiovascular diseases","deaths",251.201378458864,131.283327273546,106.177303174877,156.412742050757
165,"Pakistan",2023,"Cardiovascular diseases","deaths",262.041104864709,139.055255516963,111.972294419853,165.517712677074
149,"Palestine",2014,"Cardiovascular diseases","deaths",339.262903194181,117.066941668385,108.325738450183,124.157048637109
149,"Palestine",2015,"Cardiovascular diseases","deaths",332.976396133949,116.610560052337,108.274011663251,123.584271776443
149,"Palestine",2016,"Cardiovascular diseases","deaths",320.99934639212,113.852570568634,105.20548663938,121.27604028564
149,"Palestine",2017,"Cardiovascular diseases","deaths",314.800105459751,113.000954677254,104.876182269169,120.201784078648
149,"Palestine",2018,"Cardiovascular diseases","deaths",308.658648634483,112.900183349018,105.086189257494,119.727048662423
149,"Palestine",2019,"Cardiovascular diseases","deaths",299.783008894106,111.933124028804,104.415568239207,118.523844271215
149,"Palestine",2020,"Cardiovascular diseases","deaths",281.328583899464,106.072610281096,100.034817182595,112.513614086907
149,"Palestine",2021,"Cardiovascular diseases","deaths",284.151896208337,107.747906170311,101.731308342825,116.918766915912
149,"Palestine",2022,"Cardiovascular diseases","deaths",279.649114716242,108.487927374682,100.282794243641,118.394653530404
149,"Palestine",2023,"Cardiovascular diseases","deaths",283.372532128715,113.250816723121,103.805675826277,123.150736444143
26,"Papua New Guinea",2014,"Cardiovascular diseases","deaths",454.698217141217,173.960891441546,142.187570285852,204.993947522114
26,"Papua New Guinea",2015,"Cardiovascular diseases","deaths",463.124343590089,179.316209889122,148.083537139219,208.14388592378
26,"Papua New Guinea",2016,"Cardiovascular diseases","deaths",446.617260865308,173.88183084075,145.296082971862,202.270035526003
26,"Papua New Guinea",2017,"Cardiovascular diseases","deaths",442.541328709723,174.042402189079,146.730071608733,199.986581405949
26,"Papua New Guinea",2018,"Cardiovascular diseases","deaths",437.34241712606,173.790438407714,145.859444708855,200.530074002704
26,"Papua New Guinea",2019,"Cardiovascular diseases","deaths",441.358037296164,178.297592196874,150.5337936882,205.605400799765
26,"Papua New Guinea",2020,"Cardiovascular diseases","deaths",421.686505756308,171.412648723702,142.621867768527,196.938327907204
26,"Papua New Guinea",2021,"Cardiovascular diseases","deaths",395.759239528039,163.500916840177,135.314707215702,190.338308878813
26,"Papua New Guinea",2022,"Cardiovascular diseases","deaths",422.279704892003,176.530492759632,149.595803641701,204.641455026393
26,"Papua New Guinea",2023,"Cardiovascular diseases","deaths",427.220410283622,180.292067924512,150.782770422583,210.864217787705
16,"Philippines",2014,"Cardiovascular diseases","deaths",327.681710364447,181.698469328,169.551734317815,190.960897867711
16,"Philippines",2015,"Cardiovascular diseases","deaths",329.636944514883,186.227628296635,173.793984150098,196.10915675757
16,"Philippines",2016,"Cardiovascular diseases","deaths",331.250343981855,190.710879149187,177.802337699371,200.832445671628
16,"Philippines",2017,"Cardiovascular diseases","deaths",328.010043018883,191.869599658903,179.009668805044,202.749219746262
16,"Philippines",2018,"Cardiovascular diseases","deaths",328.638707084691,195.777544149313,183.105334354952,206.718415539506
16,"Philippines",2019,"Cardiovascular diseases","deaths",327.067474091526,199.560302435014,186.520086922902,209.989672430195
16,"Philippines",2020,"Cardiovascular diseases","deaths",310.550543463479,192.156382801241,178.7100064895,202.292394635508
16,"Philippines",2021,"Cardiovascular diseases","deaths",361.759060890299,225.440825890973,207.811606605823,238.635013767804
16,"Philippines",2022,"Cardiovascular diseases","deaths",332.624755332304,209.97859194265,194.066890834981,222.935115918301
16,"Philippines",2023,"Cardiovascular diseases","deaths",305.27650666459,196.919361160318,182.275965614728,211.329573063757
27,"Samoa",2014,"Cardiovascular diseases","deaths",289.338387196915,207.206249883861,173.739996122881,241.73706788256
27,"Samoa",2015,"Cardiovascular diseases","deaths",288.343357872113,208.441796616383,176.524148180799,242.701598544531
27,"Samoa",2016,"Cardiovascular diseases","deaths",286.577438712671,209.025293314315,177.816654528573,241.460197281929
27,"Samoa",2017,"Cardiovascular diseases","deaths",284.676332280521,209.492203556719,178.447025070308,240.659816046557
27,"Samoa",2018,"Cardiovascular diseases","deaths",284.879531284666,211.500976446221,179.852563486287,245.97560303249
27,"Samoa",2019,"Cardiovascular diseases","deaths",293.208498278175,219.296024120849,186.42944469511,254.986555170259
27,"Samoa",2020,"Cardiovascular diseases","deaths",285.550953440291,215.594872387673,180.533922677615,250.06960443376
27,"Samoa",2021,"Cardiovascular diseases","deaths",298.680420892934,227.296663448907,185.121143422661,272.175071065943
27,"Samoa",2022,"Cardiovascular diseases","deaths",295.5773674065,225.799747932047,187.350955716722,263.797731036715
27,"Samoa",2023,"Cardiovascular diseases","deaths",306.156537485724,235.48985301997,195.957751013388,276.487924037003
215,"Sao Tome and Principe",2014,"Cardiovascular diseases","deaths",242.312149045319,114.627156458276,95.048635112069,135.732624073045
215,"Sao Tome and Principe",2015,"Cardiovascular diseases","deaths",243.376479950037,116.439552042815,95.2375892511736,139.641328867362
215,"Sao Tome and Principe",2016,"Cardiovascular diseases","deaths",236.025160107618,114.491482027813,96.2460428733607,136.684918297943
215,"Sao Tome and Principe",2017,"Cardiovascular diseases","deaths",225.307033044892,110.954853435349,92.0263534466267,132.61230314937
215,"Sao Tome and Principe",2018,"Cardiovascular diseases","deaths",217.205088441581,108.370205656902,89.7778454520779,131.057633349618
215,"Sao Tome and Principe",2019,"Cardiovascular diseases","deaths",214.070585565886,108.473865127715,89.7458711818368,132.981214691344
215,"Sao Tome and Principe",2020,"Cardiovascular diseases","deaths",237.897040757595,121.019353689221,83.8174392813027,157.914537742507
215,"Sao Tome and Principe",2021,"Cardiovascular diseases","deaths",223.179904270815,115.040660238989,79.0775875914826,150.726844546375
215,"Sao Tome and Principe",2022,"Cardiovascular diseases","deaths",213.751685775593,111.037194304564,87.478000714592,140.505291438595
215,"Sao Tome and Principe",2023,"Cardiovascular diseases","deaths",210.42301272931,111.566126584176,90.125809159955,136.820045888132
216,"Senegal",2014,"Cardiovascular diseases","deaths",228.389681806584,104.016103240124,87.3594367998507,120.298319366719
216,"Senegal",2015,"Cardiovascular diseases","deaths",228.400645525784,104.6793606379,87.7790421652653,122.347623279364
216,"Senegal",2016,"Cardiovascular diseases","deaths",226.841292088109,104.524428915926,87.8098624865195,122.825515538777
216,"Senegal",2017,"Cardiovascular diseases","deaths",226.95801432895,104.626917842917,86.6768446384566,123.705717244697
216,"Senegal",2018,"Cardiovascular diseases","deaths",211.790805816872,97.3988056196733,81.6606656132476,116.722607618406
216,"Senegal",2019,"Cardiovascular diseases","deaths",223.42245986419,103.177238959922,87.1020042486854,121.948068570007
216,"Senegal",2020,"Cardiovascular diseases","deaths",215.21255337724,99.5672387235379,82.5200647863922,117.683274559694
216,"Senegal",2021,"Cardiovascular diseases","deaths",211.47778877427,97.3793685660381,80.9278751839993,115.755111934858
216,"Senegal",2022,"Cardiovascular diseases","deaths",231.77869175495,106.868508655759,87.8700062087557,124.335769697229
216,"Senegal",2023,"Cardiovascular diseases","deaths",230.564602525931,106.171170214813,88.6537363572569,125.51497758315
28,"Solomon Islands",2014,"Cardiovascular diseases","deaths",648.712126422403,285.639578926187,241.863171261405,323.550048737759
28,"Solomon Islands",2015,"Cardiovascular diseases","deaths",641.751752767305,284.559678857206,243.250699106538,326.022748270063
28,"Solomon Islands",2016,"Cardiovascular diseases","deaths",616.441826455865,275.541260484971,234.150254252056,314.500865671848
28,"Solomon Islands",2017,"Cardiovascular diseases","deaths",616.351268083694,278.392653674482,236.348108414516,319.325067664228
28,"Solomon Islands",2018,"Cardiovascular diseases","deaths",617.972676701948,282.349310458038,242.155546368881,323.007297144594
28,"Solomon Islands",2019,"Cardiovascular diseases","deaths",633.01752651662,292.741504741344,253.120292545321,332.469039887009
28,"Solomon Islands",2020,"Cardiovascular diseases","deaths",646.81734523301,302.217786233276,262.521205290333,343.926637830776
28,"Solomon Islands",2021,"Cardiovascular diseases","deaths",649.110353347125,306.877620129453,262.453627674832,357.2614419531
28,"Solomon Islands",2022,"Cardiovascular diseases","deaths",682.635754989942,325.122484874862,279.813732072222,368.53586796749
28,"Solomon Islands",2023,"Cardiovascular diseases","deaths",686.882009551205,330.082146305685,285.059718228951,375.789428650571
17,"Sri Lanka",2014,"Cardiovascular diseases","deaths",256.541458697987,228.260686152814,210.587655498014,243.566107525408
17,"Sri Lanka",2015,"Cardiovascular diseases","deaths",248.363279808517,227.715743763003,209.191101352643,245.220922372088
17,"Sri Lanka",2016,"Cardiovascular diseases","deaths",242.084104878348,229.202416061836,210.476801385152,245.520430382974
17,"Sri Lanka",2017,"Cardiovascular diseases","deaths",238.230026141872,239.100244300146,222.755656919022,256.043201467992
17,"Sri Lanka",2018,"Cardiovascular diseases","deaths",234.674099703344,240.588742855746,222.381150790295,257.763249447283
17,"Sri Lanka",2019,"Cardiovascular diseases","deaths",223.255628352377,236.151199496807,216.620699097549,254.049950910269
17,"Sri Lanka",2020,"Cardiovascular diseases","deaths",221.411972277374,226.760211247761,208.001591449083,243.40948840048
17,"Sri Lanka",2021,"Cardiovascular diseases","deaths",217.018706268549,231.772202611383,210.720062829454,248.856031715658
17,"Sri Lanka",2022,"Cardiovascular diseases","deaths",231.152871551708,287.420049263075,258.532139083886,311.463481701947
17,"Sri Lanka",2023,"Cardiovascular diseases","deaths",238.248361519833,307.068883555421,270.871086037546,337.982502915859
39,"Tajikistan",2014,"Cardiovascular diseases","deaths",478.386134303733,181.187833383099,167.335134110259,193.329258578226
39,"Tajikistan",2015,"Cardiovascular diseases","deaths",492.098631484542,187.167225238596,173.137400452349,199.756429324128
39,"Tajikistan",2016,"Cardiovascular diseases","deaths",503.696014761171,193.783470932187,179.511341372479,206.476669319374
39,"Tajikistan",2017,"Cardiovascular diseases","deaths",490.921115028739,188.407246985646,173.952825863492,201.338777020537
39,"Tajikistan",2018,"Cardiovascular diseases","deaths",471.68394690359,180.380330709553,165.120349844019,194.649532974726
39,"Tajikistan",2019,"Cardiovascular diseases","deaths",476.188153516471,182.929650607076,167.72695179755,197.330649555719
39,"Tajikistan",2020,"Cardiovascular diseases","deaths",451.448445572295,174.623123180247,155.207704956408,191.450585600962
39,"Tajikistan",2021,"Cardiovascular diseases","deaths",481.152299175774,186.203648983854,163.595986615088,211.092704156228
39,"Tajikistan",2022,"Cardiovascular diseases","deaths",539.274370652085,212.56623868083,184.273285672075,238.797768236944
39,"Tajikistan",2023,"Cardiovascular diseases","deaths",536.364857880998,215.084350577743,186.154668251005,246.271118980706
19,"Timor-Leste",2014,"Cardiovascular diseases","deaths",334.008966281922,166.86817029113,138.270849305839,197.14630441461
19,"Timor-Leste",2015,"Cardiovascular diseases","deaths",331.688996809476,172.039139965717,142.192956557858,202.743108610086
19,"Timor-Leste",2016,"Cardiovascular diseases","deaths",331.279676815627,174.703625897318,144.653626916212,203.882146560006
19,"Timor-Leste",2017,"Cardiovascular diseases","deaths",331.117550078836,177.368047992796,149.96986635119,207.487726715161
19,"Timor-Leste",2018,"Cardiovascular diseases","deaths",334.125814564507,180.544928997559,153.190955521916,210.352158622642
19,"Timor-Leste",2019,"Cardiovascular diseases","deaths",334.773917661842,181.788396437204,152.707633024664,215.189358700665
19,"Timor-Leste",2020,"Cardiovascular diseases","deaths",337.12572843627,189.660533220763,159.964664378892,221.272586685159
19,"Timor-Leste",2021,"Cardiovascular diseases","deaths",322.706761898133,183.05989360603,151.095237988795,217.24272165711
19,"Timor-Leste",2022,"Cardiovascular diseases","deaths",314.9474970524,181.184948826868,152.373177332558,213.65762590337
19,"Timor-Leste",2023,"Cardiovascular diseases","deaths",319.083764475524,184.605948438845,154.993189883145,221.989260927489
154,"Tunisia",2014,"Cardiovascular diseases","deaths",205.997010552577,160.299160125312,136.446211295591,183.278955144309
154,"Tunisia",2015,"Cardiovascular diseases","deaths",201.521763463309,161.282222906597,138.232254515003,183.871998856664
154,"Tunisia",2016,"Cardiovascular diseases","deaths",200.446944401831,164.530874716094,141.750221839697,187.743311423169
154,"Tunisia",2017,"Cardiovascular diseases","deaths",194.832973018853,164.532990433993,141.000724407096,186.643439010714
154,"Tunisia",2018,"Cardiovascular diseases","deaths",190.352072609584,165.284098444149,141.304271309459,185.351598890227
154,"Tunisia",2019,"Cardiovascular diseases","deaths",186.431594792722,166.044858090577,141.482076308858,185.711862761788
154,"Tunisia",2020,"Cardiovascular diseases","deaths",171.234074320731,154.369730476978,135.950562593447,174.732101546332
154,"Tunisia",2021,"Cardiovascular diseases","deaths",150.982362045998,136.440127573824,120.198449176503,155.640758364115
154,"Tunisia",2022,"Cardiovascular diseases","deaths",155.203444741407,146.390629215711,126.043554132502,166.578887291947
154,"Tunisia",2023,"Cardiovascular diseases","deaths",172.036032305519,167.708683353828,142.197309712939,191.573826810457
189,"United Republic of Tanzania",2014,"Cardiovascular diseases","deaths",244.237528393107,105.871706891627,92.5074871391388,121.558604477365
189,"United Republic of Tanzania",2015,"Cardiovascular diseases","deaths",241.120784243485,104.588982734576,90.6359783703968,119.841296544339
189,"United Republic of Tanzania",2016,"Cardiovascular diseases","deaths",236.613220676009,102.795324525792,89.1018482064978,118.620410481716
189,"United Republic of Tanzania",2017,"Cardiovascular diseases","deaths",228.774663885662,99.5700972818622,85.1029752367997,114.187702046648
189,"United Republic of Tanzania",2018,"Cardiovascular diseases","deaths",223.343590726031,97.454644088481,83.4157527198544,111.252332337059
189,"United Republic of Tanzania",2019,"Cardiovascular diseases","deaths",216.594651476543,94.7656537845171,80.6476740555622,108.477096347592
189,"United Republic of Tanzania",2020,"Cardiovascular diseases","deaths",223.868884949401,97.5159683537268,80.6433858540077,117.764070985217
189,"United Republic of Tanzania",2021,"Cardiovascular diseases","deaths",243.895224179396,105.28636540128,80.5772216761325,133.438489662608
189,"United Republic of Tanzania",2022,"Cardiovascular diseases","deaths",205.970218718038,89.4260594079659,72.895176822547,106.737863969489
189,"United Republic of Tanzania",2023,"Cardiovascular diseases","deaths",208.529051192861,91.9682636117214,75.419568218072,109.956588417155
41,"Uzbekistan",2014,"Cardiovascular diseases","deaths",617.28894757451,330.386377327278,317.883955401459,339.082395047316
41,"Uzbekistan",2015,"Cardiovascular diseases","deaths",601.192448591357,322.849802584954,310.028687301278,331.133292087461
41,"Uzbekistan",2016,"Cardiovascular diseases","deaths",587.838373994025,320.492273445678,307.654077318681,328.984703449851
41,"Uzbekistan",2017,"Cardiovascular diseases","deaths",575.625003547314,324.022239892756,311.328270226673,332.803991682798
41,"Uzbekistan",2018,"Cardiovascular diseases","deaths",566.763080863834,310.833470475053,299.698914421134,318.693439076288
41,"Uzbekistan",2019,"Cardiovascular diseases","deaths",552.422224186156,303.358491027509,291.027076878608,310.973930439476
41,"Uzbekistan",2020,"Cardiovascular diseases","deaths",532.286965419216,309.361325073069,294.431116857687,316.985699910537
41,"Uzbekistan",2021,"Cardiovascular diseases","deaths",513.994053594011,300.511042743074,287.138736109566,308.99939930002
41,"Uzbekistan",2022,"Cardiovascular diseases","deaths",527.325012529953,305.954220130684,292.022734030504,316.93725500561
41,"Uzbekistan",2023,"Cardiovascular diseases","deaths",522.397152296821,306.276450875269,293.907034416816,317.18524834368
30,"Vanuatu",2014,"Cardiovascular diseases","deaths",427.740931150743,231.158142489657,195.839997591071,268.628822767157
30,"Vanuatu",2015,"Cardiovascular diseases","deaths",424.347328132143,231.34391370252,196.220143781894,267.717270486788
30,"Vanuatu",2016,"Cardiovascular diseases","deaths",419.736704749365,231.174056213567,198.0806093254,267.289621056843
30,"Vanuatu",2017,"Cardiovascular diseases","deaths",414.145224610105,230.164776371572,197.542884807434,266.050569921542
30,"Vanuatu",2018,"Cardiovascular diseases","deaths",412.784634340154,231.61207933749,198.470763986985,267.437904940125
30,"Vanuatu",2019,"Cardiovascular diseases","deaths",410.200457838549,232.491158476679,198.056633092313,267.574287892625
30,"Vanuatu",2020,"Cardiovascular diseases","deaths",409.39721270841,234.470716097629,198.364980810067,269.783780173001
30,"Vanuatu",2021,"Cardiovascular diseases","deaths",400.737249288315,232.251105851895,194.969570262015,269.868025717026
30,"Vanuatu",2022,"Cardiovascular diseases","deaths",409.43944227897,239.387519903019,202.966785119034,274.029339013458
30,"Vanuatu",2023,"Cardiovascular diseases","deaths",413.454011300193,244.845881691088,206.693714876921,281.72732996955
20,"Viet Nam",2014,"Cardiovascular diseases","deaths",236.631533295762,202.361761065999,180.933394462911,228.319438314412
20,"Viet Nam",2015,"Cardiovascular diseases","deaths",231.865297349874,201.882642280558,180.074245072505,226.994260929379
20,"Viet Nam",2016,"Cardiovascular diseases","deaths",229.204207087198,203.519183428237,179.337788525153,232.467828592101
20,"Viet Nam",2017,"Cardiovascular diseases","deaths",223.263571273571,202.57793018575,177.799446892224,230.429324055539
20,"Viet Nam",2018,"Cardiovascular diseases","deaths",221.229400405492,205.21162298192,177.704635679039,232.511053472518
20,"Viet Nam",2019,"Cardiovascular diseases","deaths",218.8204405547,207.608569001546,183.240283221465,233.303323021833
20,"Viet Nam",2020,"Cardiovascular diseases","deaths",215.360180570913,208.140910767537,180.956285031858,235.282190667185
20,"Viet Nam",2021,"Cardiovascular diseases","deaths",205.410948902768,203.10540469858,175.193337030997,234.732626201647
20,"Viet Nam",2022,"Cardiovascular diseases","deaths",205.623167918312,208.2444037179,178.558245808514,242.188240598846
20,"Viet Nam",2023,"Cardiovascular diseases","deaths",208.356081443487,216.248378786825,177.813815906366,252.319391855927
191,"Zambia",2014,"Cardiovascular diseases","deaths",354.176503199721,98.3122234865354,83.9595806103816,112.784391141618
191,"Zambia",2015,"Cardiovascular diseases","deaths",352.397139323059,97.6897669691956,83.8085261252109,112.524181689141
191,"Zambia",2016,"Cardiovascular diseases","deaths",349.081099243744,97.1345941759052,83.2563893328565,111.325135757193
191,"Zambia",2017,"Cardiovascular diseases","deaths",340.520545452432,94.9330624057321,81.6700695366129,108.8585588947
191,"Zambia",2018,"Cardiovascular diseases","deaths",332.69475483506,92.947996313796,79.9448341743459,106.466241181432
191,"Zambia",2019,"Cardiovascular diseases","deaths",327.729032775768,92.0500376950423,78.5839105520573,106.186538428386
191,"Zambia",2020,"Cardiovascular diseases","deaths",334.988703485728,94.042927080102,79.3841544440651,108.854040046276
191,"Zambia",2021,"Cardiovascular diseases","deaths",374.522136094481,105.378927996965,87.1078367555326,123.192545696721
191,"Zambia",2022,"Cardiovascular diseases","deaths",336.998675911497,93.8112817271713,78.507252412281,110.326223192221
191,"Zambia",2023,"Cardiovascular diseases","deaths",337.172025469792,95.2375919693428,79.0814714323258,112.914337918731
198,"Zimbabwe",2014,"Cardiovascular diseases","deaths",206.57921798588,102.962751988861,83.4926572857876,121.745950896297
198,"Zimbabwe",2015,"Cardiovascular diseases","deaths",206.138868295258,103.846546491336,82.5660001444766,124.344631815995
198,"Zimbabwe",2016,"Cardiovascular diseases","deaths",206.632988773255,105.315140614894,84.5065785381373,125.077975753718
198,"Zimbabwe",2017,"Cardiovascular diseases","deaths",198.42254687239,102.280145284248,81.9015299308881,122.797845858849
198,"Zimbabwe",2018,"Cardiovascular diseases","deaths",197.686173579933,103.343941809467,82.6689251533753,126.169456491269
198,"Zimbabwe",2019,"Cardiovascular diseases","deaths",195.124673828863,103.476855684428,83.7282557652396,127.400192497475
198,"Zimbabwe",2020,"Cardiovascular diseases","deaths",192.577591483273,103.597228777704,84.3070647265841,126.538416958871
198,"Zimbabwe",2021,"Cardiovascular diseases","deaths",227.912670994357,122.364839160602,99.5734865491358,149.164483843284
198,"Zimbabwe",2022,"Cardiovascular diseases","deaths",190.177873773907,102.693531750275,83.012200053939,127.09620514632
198,"Zimbabwe",2023,"Cardiovascular diseases","deaths",188.578238746184,102.737070261536,83.07777646829,126.997659433855
160,"Afghanistan",1990,"Cardiovascular diseases","deaths",786.6,453.3,406.5,494.4
160,"Afghanistan",1991,"Cardiovascular diseases","deaths",777.1,455.5,410.5,498.5
160,"Afghanistan",1992,"Cardiovascular diseases","deaths",773.9,460.6,413.7,496.7
160,"Afghanistan",1993,"Cardiovascular diseases","deaths",779,418.8,375.2,451.1
160,"Afghanistan",1994,"Cardiovascular diseases","deaths",770.2,359.7,321.8,391.4
160,"Afghanistan",1995,"Cardiovascular diseases","deaths",766.1,326.6,292.2,357.3
160,"Afghanistan",1996,"Cardiovascular diseases","deaths",759.1,306.8,276.6,340.3
160,"Afghanistan",1997,"Cardiovascular diseases","deaths",752.9,294.2,265.4,326.5
160,"Afghanistan",1998,"Cardiovascular diseases","deaths",739.4,280.2,248.6,308.9
160,"Afghanistan",1999,"Cardiovascular diseases","deaths",741.4,273.1,244.2,299.8
160,"Afghanistan",2000,"Cardiovascular diseases","deaths",737.4,263.6,237.9,290.4
160,"Afghanistan",2001,"Cardiovascular diseases","deaths",732.1,261.1,237.1,287.7
160,"Afghanistan",2002,"Cardiovascular diseases","deaths",709.7,253.1,226,280.2
160,"Afghanistan",2003,"Cardiovascular diseases","deaths",703.6,239.2,213,264
160,"Afghanistan",2004,"Cardiovascular diseases","deaths",704.7,225.7,203.8,246.4
160,"Afghanistan",2005,"Cardiovascular diseases","deaths",699.1,217.1,196,237.5
160,"Afghanistan",2006,"Cardiovascular diseases","deaths",691.1,209.3,189.5,230.7
201,"Burkina Faso",1990,"Cardiovascular diseases","deaths",191.5,81.9,66.8,100.4
201,"Burkina Faso",1991,"Cardiovascular diseases","deaths",185.2,78.7,64,96.4
201,"Burkina Faso",1992,"Cardiovascular diseases","deaths",180.6,76.4,62.3,92.8
201,"Burkina Faso",1993,"Cardiovascular diseases","deaths",178.2,75.1,60.8,90.1
201,"Burkina Faso",1994,"Cardiovascular diseases","deaths",173.9,73,60.1,87.9
201,"Burkina Faso",1995,"Cardiovascular diseases","deaths",171.7,71.9,59.1,85.9
201,"Burkina Faso",1996,"Cardiovascular diseases","deaths",170.9,71,58.9,84.6
201,"Burkina Faso",1997,"Cardiovascular diseases","deaths",168.5,69.8,57.2,82.3
201,"Burkina Faso",1998,"Cardiovascular diseases","deaths",167.3,69.1,57.1,81.3
201,"Burkina Faso",1999,"Cardiovascular diseases","deaths",168.9,69.7,57.5,82
201,"Burkina Faso",2000,"Cardiovascular diseases","deaths",173.3,71.3,59.3,83.6
201,"Burkina Faso",2001,"Cardiovascular diseases","deaths",165.4,67.7,56.6,79.4
201,"Burkina Faso",2002,"Cardiovascular diseases","deaths",164.3,67,56.2,78.5
201,"Burkina Faso",2003,"Cardiovascular diseases","deaths",155.7,63.7,53.2,75.3
201,"Burkina Faso",2004,"Cardiovascular diseases","deaths",153.9,62.9,53.2,74.4
201,"Burkina Faso",2005,"Cardiovascular diseases","deaths",154.2,63,52.6,75.3
201,"Burkina Faso",2006,"Cardiovascular diseases","deaths",157.5,63.8,53.2,76.5
175,"Burundi",1990,"Cardiovascular diseases","deaths",222.6,96.7,67.6,125.1
175,"Burundi",1991,"Cardiovascular diseases","deaths",220.9,95.2,67.2,124.5
175,"Burundi",1992,"Cardiovascular diseases","deaths",220.6,94.4,65.4,123.9
175,"Burundi",1993,"Cardiovascular diseases","deaths",221,93.9,63.1,121.6
175,"Burundi",1994,"Cardiovascular diseases","deaths",219,95.8,64.6,123.2
175,"Burundi",1995,"Cardiovascular diseases","deaths",216.9,95.2,64.3,123.2
175,"Burundi",1996,"Cardiovascular diseases","deaths",215.7,91.5,61.9,120.6
175,"Burundi",1997,"Cardiovascular diseases","deaths",214.6,91.4,61.9,119.6
175,"Burundi",1998,"Cardiovascular diseases","deaths",211.5,90.3,62.1,118.5
175,"Burundi",1999,"Cardiovascular diseases","deaths",210.3,88.5,61.4,117.2
175,"Burundi",2000,"Cardiovascular diseases","deaths",210.8,87.2,61.6,115.6
175,"Burundi",2001,"Cardiovascular diseases","deaths",208.6,84.8,61.4,111.3
175,"Burundi",2002,"Cardiovascular diseases","deaths",206.8,82.4,60.8,106.9
175,"Burundi",2003,"Cardiovascular diseases","deaths",204.5,79.7,59.6,102.8
175,"Burundi",2004,"Cardiovascular diseases","deaths",209,79.3,59.9,102.2
175,"Burundi",2005,"Cardiovascular diseases","deaths",214.6,79.5,60.2,103.3
175,"Burundi",2006,"Cardiovascular diseases","deaths",220.4,79.5,60.9,102.4
169,"Central African Republic",1990,"Cardiovascular diseases","deaths",333.6,114.5,76.8,151.4
169,"Central African Republic",1991,"Cardiovascular diseases","deaths",340.7,116.3,78.9,155.9
169,"Central African Republic",1992,"Cardiovascular diseases","deaths",343.1,116.3,79.3,154.2
169,"Central African Republic",1993,"Cardiovascular diseases","deaths",352.9,119.4,83.3,158.5
169,"Central African Republic",1994,"Cardiovascular diseases","deaths",351.9,118.5,83.2,158.5
169,"Central African Republic",1995,"Cardiovascular diseases","deaths",342,114.6,79.5,154.3
169,"Central African Republic",1996,"Cardiovascular diseases","deaths",344.8,115.8,79.4,155.9
169,"Central African Republic",1997,"Cardiovascular diseases","deaths",335.9,112.3,77.1,148.6
169,"Central African Republic",1998,"Cardiovascular diseases","deaths",337,112.3,76.8,152.7
169,"Central African Republic",1999,"Cardiovascular diseases","deaths",334.8,110.9,75.5,149.5
169,"Central African Republic",2000,"Cardiovascular diseases","deaths",325.2,106.5,72.9,145.4
169,"Central African Republic",2001,"Cardiovascular diseases","deaths",319.5,103.5,71.4,139.1
169,"Central African Republic",2002,"Cardiovascular diseases","deaths",318.2,102.4,72.2,136.9
169,"Central African Republic",2003,"Cardiovascular diseases","deaths",309.8,98.7,69,132.9
169,"Central African Republic",2004,"Cardiovascular diseases","deaths",303.6,95.7,67.1,128.7
169,"Central African Republic",2005,"Cardiovascular diseases","deaths",298.7,93.4,65.4,126.1
169,"Central African Republic",2006,"Cardiovascular diseases","deaths",296.5,92,64.8,123.7
204,"Chad",1990,"Cardiovascular diseases","deaths",386.9,166.2,133.5,203.3
204,"Chad",1991,"Cardiovascular diseases","deaths",380.2,160.6,128.9,195.4
204,"Chad",1992,"Cardiovascular diseases","deaths",370.4,154.5,123.4,186.8
204,"Chad",1993,"Cardiovascular diseases","deaths",370.5,152.4,121.8,184.1
204,"Chad",1994,"Cardiovascular diseases","deaths",358.9,145.4,117.9,177.3
204,"Chad",1995,"Cardiovascular diseases","deaths",351.5,140,114,167.7
204,"Chad",1996,"Cardiovascular diseases","deaths",355.2,139.5,112.5,166.4
204,"Chad",1997,"Cardiovascular diseases","deaths",357.4,138.3,112,165.5
204,"Chad",1998,"Cardiovascular diseases","deaths",358.1,136.5,110.9,166.1
204,"Chad",1999,"Cardiovascular diseases","deaths",359,135.4,109.2,164.7
204,"Chad",2000,"Cardiovascular diseases","deaths",365.4,135.2,108.7,165
204,"Chad",2001,"Cardiovascular diseases","deaths",368.2,134,108.3,166.6
204,"Chad",2002,"Cardiovascular diseases","deaths",371.7,132.7,107.9,164.1
204,"Chad",2003,"Cardiovascular diseases","deaths",370.9,129.8,105.6,161.9
204,"Chad",2004,"Cardiovascular diseases","deaths",369.9,127.5,105.9,160
204,"Chad",2005,"Cardiovascular diseases","deaths",370.8,125.7,103.7,155.8
204,"Chad",2006,"Cardiovascular diseases","deaths",367.9,123,99.8,152.2
7,"Democratic People's Republic of Korea",1990,"Cardiovascular diseases","deaths",422.2,220.9,189,254.1
7,"Democratic People's Republic of Korea",1991,"Cardiovascular diseases","deaths",423.1,226,194.4,256.5
7,"Democratic People's Republic of Korea",1992,"Cardiovascular diseases","deaths",424.6,230.9,199,264.2
7,"Democratic People's Republic of Korea",1993,"Cardiovascular diseases","deaths",425,234.9,202.5,271.3
7,"Democratic People's Republic of Korea",1994,"Cardiovascular diseases","deaths",425.5,239.1,203,276.4
7,"Democratic People's Republic of Korea",1995,"Cardiovascular diseases","deaths",426.7,242.2,208.4,272.2
7,"Democratic People's Republic of Korea",1996,"Cardiovascular diseases","deaths",428.2,244.8,210.3,277.7
7,"Democratic People's Republic of Korea",1997,"Cardiovascular diseases","deaths",429.3,247.7,214,283.5
7,"Democratic People's Republic of Korea",1998,"Cardiovascular diseases","deaths",431,251.2,217.9,289.8
7,"Democratic People's Republic of Korea",1999,"Cardiovascular diseases","deaths",432.4,256.1,218.4,295
7,"Democratic People's Republic of Korea",2000,"Cardiovascular diseases","deaths",433.2,261.8,223.4,297.6
7,"Democratic People's Republic of Korea",2001,"Cardiovascular diseases","deaths",433.1,267.6,231,304.3
7,"Democratic People's Republic of Korea",2002,"Cardiovascular diseases","deaths",432.6,273.4,234.1,309.7
7,"Democratic People's Republic of Korea",2003,"Cardiovascular diseases","deaths",432.8,280.3,243.4,316.8
7,"Democratic People's Republic of Korea",2004,"Cardiovascular diseases","deaths",432.2,287.6,248.8,323.1
7,"Democratic People's Republic of Korea",2005,"Cardiovascular diseases","deaths",430.3,294.1,256.7,328.9
7,"Democratic People's Republic of Korea",2006,"Cardiovascular diseases","deaths",425.4,299.1,261.2,338
171,"Democratic Republic of the Congo",1990,"Cardiovascular diseases","deaths",310.6,101.3,74.3,130.8
171,"Democratic Republic of the Congo",1991,"Cardiovascular diseases","deaths",310.5,102,74.7,130.5
171,"Democratic Republic of the Congo",1992,"Cardiovascular diseases","deaths",306.3,101.1,73.1,131.8
171,"Democratic Republic of the Congo",1993,"Cardiovascular diseases","deaths",302,100,72.3,131.1
171,"Democratic Republic of the Congo",1994,"Cardiovascular diseases","deaths",295.2,97.7,70.6,125.3
171,"Democratic Republic of the Congo",1995,"Cardiovascular diseases","deaths",290.1,96.5,68.6,124.4
171,"Democratic Republic of the Congo",1996,"Cardiovascular diseases","deaths",285.5,95.3,66.1,122.6
171,"Democratic Republic of the Congo",1997,"Cardiovascular diseases","deaths",281,94.2,65.6,120.1
171,"Democratic Republic of the Congo",1998,"Cardiovascular diseases","deaths",282.2,95.1,65.3,122.5
171,"Democratic Republic of the Congo",1999,"Cardiovascular diseases","deaths",286.1,97,66.6,127.2
171,"Democratic Republic of the Congo",2000,"Cardiovascular diseases","deaths",288.4,98,67.6,131.8
171,"Democratic Republic of the Congo",2001,"Cardiovascular diseases","deaths",287.3,97.8,67.5,130.9
171,"Democratic Republic of the Congo",2002,"Cardiovascular diseases","deaths",291.3,99.2,68.1,133.8
171,"Democratic Republic of the Congo",2003,"Cardiovascular diseases","deaths",290.4,98.7,68,133.2
171,"Democratic Republic of the Congo",2004,"Cardiovascular diseases","deaths",289.9,98.4,67.6,132.1
171,"Democratic Republic of the Congo",2005,"Cardiovascular diseases","deaths",289.3,98,67.9,131.8
171,"Democratic Republic of the Congo",2006,"Cardiovascular diseases","deaths",290.2,98.2,69.3,131.3
178,"Eritrea",1990,"Cardiovascular diseases","deaths",249,87.7,55.5,121.1
178,"Eritrea",1991,"Cardiovascular diseases","deaths",246.3,86.8,54.6,121.1
178,"Eritrea",1992,"Cardiovascular diseases","deaths",246,89.2,58.3,124.4
178,"Eritrea",1993,"Cardiovascular diseases","deaths",243.6,91.2,59.4,127.5
178,"Eritrea",1994,"Cardiovascular diseases","deaths",239,89,57.7,121.4
178,"Eritrea",1995,"Cardiovascular diseases","deaths",235.2,87.2,55.4,115.9
178,"Eritrea",1996,"Cardiovascular diseases","deaths",233.7,86.4,55.3,115.3
178,"Eritrea",1997,"Cardiovascular diseases","deaths",233.1,86.3,55.5,115.6
178,"Eritrea",1998,"Cardiovascular diseases","deaths",231.6,86.4,55.7,113.8
178,"Eritrea",1999,"Cardiovascular diseases","deaths",231,87.1,55.7,114.4
178,"Eritrea",2000,"Cardiovascular diseases","deaths",229.3,87.5,57,114.3
178,"Eritrea",2001,"Cardiovascular diseases","deaths",223.7,86.2,57.3,112.4
178,"Eritrea",2002,"Cardiovascular diseases","deaths",223.9,87.5,59,116
178,"Eritrea",2003,"Cardiovascular diseases","deaths",219.8,86.6,59.2,115.5
178,"Eritrea",2004,"Cardiovascular diseases","deaths",217.9,86.3,59.5,116
178,"Eritrea",2005,"Cardiovascular diseases","deaths",216,86,60,115.4
178,"Eritrea",2006,"Cardiovascular diseases","deaths",215.9,87.4,61.8,118.9
179,"Ethiopia",1990,"Cardiovascular diseases","deaths",170.6,60.2,40.1,81.2
179,"Ethiopia",1991,"Cardiovascular diseases","deaths",171.5,60.1,40.7,81.9
179,"Ethiopia",1992,"Cardiovascular diseases","deaths",173.5,60.1,41,83.1
179,"Ethiopia",1993,"Cardiovascular diseases","deaths",175.5,60.2,41.6,81.5
179,"Ethiopia",1994,"Cardiovascular diseases","deaths",177.5,60.7,42.2,82.5
179,"Ethiopia",1995,"Cardiovascular diseases","deaths",180,61,42.5,82.8
179,"Ethiopia",1996,"Cardiovascular diseases","deaths",183.5,61.8,43.9,82.8
179,"Ethiopia",1997,"Cardiovascular diseases","deaths",186.5,62.4,44.5,82.1
179,"Ethiopia",1998,"Cardiovascular diseases","deaths",189.2,63,44.5,82.3
179,"Ethiopia",1999,"Cardiovascular diseases","deaths",191.2,63.5,45.6,82.6
179,"Ethiopia",2000,"Cardiovascular diseases","deaths",191.9,63.6,46.8,82.4
179,"Ethiopia",2001,"Cardiovascular diseases","deaths",192.7,63.7,47.8,81.6
179,"Ethiopia",2002,"Cardiovascular diseases","deaths",193.1,63.8,48.5,80.3
179,"Ethiopia",2003,"Cardiovascular diseases","deaths",191.9,63.3,49.1,80.3
179,"Ethiopia",2004,"Cardiovascular diseases","deaths",192.4,63.6,49.6,80.4
179,"Ethiopia",2005,"Cardiovascular diseases","deaths",195.7,64.8,51.3,81.9
179,"Ethiopia",2006,"Cardiovascular diseases","deaths",200.5,66.7,53.5,84.7
206,"Gambia",1990,"Cardiovascular diseases","deaths",200.1,71.7,57.4,88.1
206,"Gambia",1991,"Cardiovascular diseases","deaths",201.2,72.5,58,88.5
206,"Gambia",1992,"Cardiovascular diseases","deaths",209.1,75.6,60.3,91.4
206,"Gambia",1993,"Cardiovascular diseases","deaths",202.5,73.6,58.6,89.5
206,"Gambia",1994,"Cardiovascular diseases","deaths",194.9,71.2,56.5,86
206,"Gambia",1995,"Cardiovascular diseases","deaths",216.3,79.8,64.2,96
206,"Gambia",1996,"Cardiovascular diseases","deaths",199.3,74,58.9,89.7
206,"Gambia",1997,"Cardiovascular diseases","deaths",194.7,73,57.7,88.9
206,"Gambia",1998,"Cardiovascular diseases","deaths",206.9,78.5,62.9,95.7
206,"Gambia",1999,"Cardiovascular diseases","deaths",221.6,84.9,68.5,102.7
206,"Gambia",2000,"Cardiovascular diseases","deaths",204.2,79,63.6,95.2
206,"Gambia",2001,"Cardiovascular diseases","deaths",189.3,74,60.3,89.3
206,"Gambia",2002,"Cardiovascular diseases","deaths",188.9,74.5,60.7,89.3
206,"Gambia",2003,"Cardiovascular diseases","deaths",189.7,75.6,60.9,91.2
206,"Gambia",2004,"Cardiovascular diseases","deaths",206.3,83.1,67,99.9
206,"Gambia",2005,"Cardiovascular diseases","deaths",212.4,86.2,68.8,103.4
206,"Gambia",2006,"Cardiovascular diseases","deaths",206.9,84.3,67.8,103.6
209,"Guinea-Bissau",1990,"Cardiovascular diseases","deaths",322.4,130.3,99.7,160.3
209,"Guinea-Bissau",1991,"Cardiovascular diseases","deaths",321.1,129.4,98.4,160
209,"Guinea-Bissau",1992,"Cardiovascular diseases","deaths",320.1,128.4,96.9,159.5
209,"Guinea-Bissau",1993,"Cardiovascular diseases","deaths",320.3,127.6,97.7,158.4
209,"Guinea-Bissau",1994,"Cardiovascular diseases","deaths",325.7,128.6,100.5,157
209,"Guinea-Bissau",1995,"Cardiovascular diseases","deaths",319.1,125,94.8,152.8
209,"Guinea-Bissau",1996,"Cardiovascular diseases","deaths",358.9,138.7,105.1,171.1
209,"Guinea-Bissau",1997,"Cardiovascular diseases","deaths",353.2,134.9,102.5,164.1
209,"Guinea-Bissau",1998,"Cardiovascular diseases","deaths",327.4,123.9,94.3,151.2
209,"Guinea-Bissau",1999,"Cardiovascular diseases","deaths",325,121.8,93.9,148.8
209,"Guinea-Bissau",2000,"Cardiovascular diseases","deaths",326,121.1,92.9,145.9
209,"Guinea-Bissau",2001,"Cardiovascular diseases","deaths",331.2,122.2,95.9,145.2
209,"Guinea-Bissau",2002,"Cardiovascular diseases","deaths",337.7,123.4,98,146.8
209,"Guinea-Bissau",2003,"Cardiovascular diseases","deaths",341.3,123.2,97.8,148.8
209,"Guinea-Bissau",2004,"Cardiovascular diseases","deaths",345.2,123.1,98.4,148.8
209,"Guinea-Bissau",2005,"Cardiovascular diseases","deaths",367.4,129.2,103,154.6
209,"Guinea-Bissau",2006,"Cardiovascular diseases","deaths",353.1,123,98.6,148.3
210,"Liberia",1990,"Cardiovascular diseases","deaths",359.5,153.2,124,184.6
210,"Liberia",1991,"Cardiovascular diseases","deaths",355.3,169.2,137.9,203.2
210,"Liberia",1992,"Cardiovascular diseases","deaths",335.4,180.9,149.2,216.7
210,"Liberia",1993,"Cardiovascular diseases","deaths",324.1,164.7,136.9,197.8
210,"Liberia",1994,"Cardiovascular diseases","deaths",322,159.3,131.6,190.1
210,"Liberia",1995,"Cardiovascular diseases","deaths",311.5,159.9,133.3,189.8
210,"Liberia",1996,"Cardiovascular diseases","deaths",331.8,171.9,142.9,205
210,"Liberia",1997,"Cardiovascular diseases","deaths",312.1,160.3,131.8,191.8
210,"Liberia",1998,"Cardiovascular diseases","deaths",318.4,155.3,128.2,185.8
210,"Liberia",1999,"Cardiovascular diseases","deaths",320.4,145.2,120.8,177.4
210,"Liberia",2000,"Cardiovascular diseases","deaths",323,141,118.2,172
210,"Liberia",2001,"Cardiovascular diseases","deaths",311,133.6,110.8,160.9
210,"Liberia",2002,"Cardiovascular diseases","deaths",309.4,131.9,109.6,157.4
210,"Liberia",2003,"Cardiovascular diseases","deaths",301,127.5,106.2,150.1
210,"Liberia",2004,"Cardiovascular diseases","deaths",300.7,128.1,107.2,152.8
210,"Liberia",2005,"Cardiovascular diseases","deaths",292.3,125.2,104.3,148.6
210,"Liberia",2006,"Cardiovascular diseases","deaths",298.3,125.5,102.2,148.6
181,"Madagascar",1990,"Cardiovascular diseases","deaths",385.3,134.3,110.7,159.7
181,"Madagascar",1991,"Cardiovascular diseases","deaths",385.5,133.7,110.3,158.8
181,"Madagascar",1992,"Cardiovascular diseases","deaths",385.6,133,111.2,158.8
181,"Madagascar",1993,"Cardiovascular diseases","deaths",379.5,129.4,107.6,153.3
181,"Madagascar",1994,"Cardiovascular diseases","deaths",382,129.1,106.3,152.5
181,"Madagascar",1995,"Cardiovascular diseases","deaths",365.3,123,101.5,146.8
181,"Madagascar",1996,"Cardiovascular diseases","deaths",361.6,119.8,99.3,142.7
181,"Madagascar",1997,"Cardiovascular diseases","deaths",357.1,116.5,96.5,138.7
181,"Madagascar",1998,"Cardiovascular diseases","deaths",352.2,113.3,93,134.3
181,"Madagascar",1999,"Cardiovascular diseases","deaths",353.5,112.2,92.2,133.6
181,"Madagascar",2000,"Cardiovascular diseases","deaths",351.1,110,91,133.1
181,"Madagascar",2001,"Cardiovascular diseases","deaths",346.5,107.4,89.9,128.7
181,"Madagascar",2002,"Cardiovascular diseases","deaths",341,104.5,86.3,124.9
181,"Madagascar",2003,"Cardiovascular diseases","deaths",333.5,101.2,82.8,120.3
181,"Madagascar",2004,"Cardiovascular diseases","deaths",328.9,99.2,81.1,118.8
181,"Madagascar",2005,"Cardiovascular diseases","deaths",324.2,97.5,80.1,118.8
181,"Madagascar",2006,"Cardiovascular diseases","deaths",326.1,97.8,81.8,119.5
182,"Malawi",1990,"Cardiovascular diseases","deaths",282.3,102.7,79.7,129.2
182,"Malawi",1991,"Cardiovascular diseases","deaths",282.3,100.7,78.5,127.8
182,"Malawi",1992,"Cardiovascular diseases","deaths",284.6,100.2,78.7,128.4
182,"Malawi",1993,"Cardiovascular diseases","deaths",287.5,100.2,79.4,128.7
182,"Malawi",1994,"Cardiovascular diseases","deaths",285.1,100.1,79.4,127.1
182,"Malawi",1995,"Cardiovascular diseases","deaths",288.2,105.2,83.7,134.6
182,"Malawi",1996,"Cardiovascular diseases","deaths",288.6,108.4,85.4,137.4
182,"Malawi",1997,"Cardiovascular diseases","deaths",289.7,109.1,85.6,138.3
182,"Malawi",1998,"Cardiovascular diseases","deaths",288.7,108.5,85.8,135
182,"Malawi",1999,"Cardiovascular diseases","deaths",285.8,107,85.2,134
182,"Malawi",2000,"Cardiovascular diseases","deaths",294.5,109.3,86.8,134.4
182,"Malawi",2001,"Cardiovascular diseases","deaths",295,108.4,85.6,132.2
182,"Malawi",2002,"Cardiovascular diseases","deaths",300.4,109.2,86.2,131.2
182,"Malawi",2003,"Cardiovascular diseases","deaths",294,105.8,82.9,127.4
182,"Malawi",2004,"Cardiovascular diseases","deaths",295.7,105.4,83.3,127
182,"Malawi",2005,"Cardiovascular diseases","deaths",288.3,101.8,81.8,122.9
182,"Malawi",2006,"Cardiovascular diseases","deaths",279.8,97.8,78.6,117.6
211,"Mali",1990,"Cardiovascular diseases","deaths",258.9,108.3,84.6,134.6
211,"Mali",1991,"Cardiovascular diseases","deaths",255.8,105.9,84.1,131.8
211,"Mali",1992,"Cardiovascular diseases","deaths",252.9,103.4,82.1,128.5
211,"Mali",1993,"Cardiovascular diseases","deaths",251.4,101.5,80.1,127.1
211,"Mali",1994,"Cardiovascular diseases","deaths",248.2,99.2,78.4,123.4
211,"Mali",1995,"Cardiovascular diseases","deaths",247.5,97.9,78.5,119.5
211,"Mali",1996,"Cardiovascular diseases","deaths",249.4,97.3,77.8,116.9
211,"Mali",1997,"Cardiovascular diseases","deaths",246.6,94.5,75.3,114.7
211,"Mali",1998,"Cardiovascular diseases","deaths",248,93.5,74.3,114.2
211,"Mali",1999,"Cardiovascular diseases","deaths",247.5,91.9,73.7,111.7
211,"Mali",2000,"Cardiovascular diseases","deaths",248.2,90.6,73,110.4
211,"Mali",2001,"Cardiovascular diseases","deaths",241.5,87.2,70.3,107.6
211,"Mali",2002,"Cardiovascular diseases","deaths",237.6,84.9,69.7,104.9
211,"Mali",2003,"Cardiovascular diseases","deaths",231.2,81.6,67.4,101.1
211,"Mali",2004,"Cardiovascular diseases","deaths",228.4,79.8,65.6,100.3
211,"Mali",2005,"Cardiovascular diseases","deaths",225.2,78,64.3,98.6
211,"Mali",2006,"Cardiovascular diseases","deaths",228,78.5,65.4,98
184,"Mozambique",1990,"Cardiovascular diseases","deaths",174.6,77.9,61.9,92.4
184,"Mozambique",1991,"Cardiovascular diseases","deaths",173.2,78.6,62.7,93.5
184,"Mozambique",1992,"Cardiovascular diseases","deaths",173.7,79.6,63.7,94.5
184,"Mozambique",1993,"Cardiovascular diseases","deaths",173.6,80.3,65.5,94.6
184,"Mozambique",1994,"Cardiovascular diseases","deaths",173.9,80.2,66.5,95.1
184,"Mozambique",1995,"Cardiovascular diseases","deaths",175.3,78,63.3,92.2
184,"Mozambique",1996,"Cardiovascular diseases","deaths",176.4,76,61.4,89.2
184,"Mozambique",1997,"Cardiovascular diseases","deaths",177.7,75.9,62,90.1
184,"Mozambique",1998,"Cardiovascular diseases","deaths",179.8,76.4,62.4,90.3
184,"Mozambique",1999,"Cardiovascular diseases","deaths",181.5,76.6,63.1,91.1
184,"Mozambique",2000,"Cardiovascular diseases","deaths",184.8,77.4,64.3,91.6
184,"Mozambique",2001,"Cardiovascular diseases","deaths",182.2,75.9,63.9,89.6
184,"Mozambique",2002,"Cardiovascular diseases","deaths",186.2,76.9,65.5,89.8
184,"Mozambique",2003,"Cardiovascular diseases","deaths",185.2,76,65.5,89
184,"Mozambique",2004,"Cardiovascular diseases","deaths",188.2,76.7,67,89.7
184,"Mozambique",2005,"Cardiovascular diseases","deaths",190.6,77.1,67.1,90.6
184,"Mozambique",2006,"Cardiovascular diseases","deaths",190.4,76.4,66.5,89.1
213,"Niger",1990,"Cardiovascular diseases","deaths",323.3,95.2,69.5,121.8
213,"Niger",1991,"Cardiovascular diseases","deaths",323.5,94.8,69.2,121.8
213,"Niger",1992,"Cardiovascular diseases","deaths",322,93.9,69.9,122.7
213,"Niger",1993,"Cardiovascular diseases","deaths",323.4,94.2,70.8,123.8
213,"Niger",1994,"Cardiovascular diseases","deaths",323.2,93.5,70.7,121
213,"Niger",1995,"Cardiovascular diseases","deaths",324.7,92.8,70.1,119.4
213,"Niger",1996,"Cardiovascular diseases","deaths",326.5,92.6,68.9,119.4
213,"Niger",1997,"Cardiovascular diseases","deaths",328.5,92.6,68.8,117.8
213,"Niger",1998,"Cardiovascular diseases","deaths",332.7,93.5,69.2,120.1
213,"Niger",1999,"Cardiovascular diseases","deaths",332.1,92.2,69.1,117.9
213,"Niger",2000,"Cardiovascular diseases","deaths",341.8,93.9,70.1,120
213,"Niger",2001,"Cardiovascular diseases","deaths",336.6,91.4,68.7,116.4
213,"Niger",2002,"Cardiovascular diseases","deaths",344.3,92.9,69.7,118.7
213,"Niger",2003,"Cardiovascular diseases","deaths",338.6,90.8,68.5,115.3
213,"Niger",2004,"Cardiovascular diseases","deaths",334.3,88.5,67.1,113.8
213,"Niger",2005,"Cardiovascular diseases","deaths",323.4,85.4,65.2,111.8
213,"Niger",2006,"Cardiovascular diseases","deaths",324.4,85,64,111.7
185,"Rwanda",1990,"Cardiovascular diseases","deaths",304.6,124.9,91.3,154.6
185,"Rwanda",1991,"Cardiovascular diseases","deaths",305.6,126.7,93.4,159.7
185,"Rwanda",1992,"Cardiovascular diseases","deaths",308,129.3,98.8,162.6
185,"Rwanda",1993,"Cardiovascular diseases","deaths",308.2,131.1,100.5,165
185,"Rwanda",1994,"Cardiovascular diseases","deaths",361.3,153.5,117.4,195.1
185,"Rwanda",1995,"Cardiovascular diseases","deaths",301.1,137.2,102.1,175.8
185,"Rwanda",1996,"Cardiovascular diseases","deaths",293.9,139.9,104.8,179.5
185,"Rwanda",1997,"Cardiovascular diseases","deaths",287.9,126.8,95.9,161.2
185,"Rwanda",1998,"Cardiovascular diseases","deaths",282.8,115.9,88.8,147.1
185,"Rwanda",1999,"Cardiovascular diseases","deaths",279.6,110.2,86.1,139.8
185,"Rwanda",2000,"Cardiovascular diseases","deaths",277.2,105.3,83.5,132.7
185,"Rwanda",2001,"Cardiovascular diseases","deaths",271,99.4,78.6,122.6
185,"Rwanda",2002,"Cardiovascular diseases","deaths",271.4,96.5,76.2,117
185,"Rwanda",2003,"Cardiovascular diseases","deaths",270.3,93.7,76.3,112.8
185,"Rwanda",2004,"Cardiovascular diseases","deaths",274.2,93.7,75.9,111.7
185,"Rwanda",2005,"Cardiovascular diseases","deaths",273.7,92.6,74.5,109.6
185,"Rwanda",2006,"Cardiovascular diseases","deaths",274.8,92.8,74.5,110.1
217,"Sierra Leone",1990,"Cardiovascular diseases","deaths",307.2,146.4,105.5,181.6
217,"Sierra Leone",1991,"Cardiovascular diseases","deaths",298.9,141.2,103,174.7
217,"Sierra Leone",1992,"Cardiovascular diseases","deaths",297.2,142.6,105.2,179.4
217,"Sierra Leone",1993,"Cardiovascular diseases","deaths",292.9,146.8,109.5,183
217,"Sierra Leone",1994,"Cardiovascular diseases","deaths",292.4,150.6,113.3,188.6
217,"Sierra Leone",1995,"Cardiovascular diseases","deaths",287.1,149.3,111.7,187.3
217,"Sierra Leone",1996,"Cardiovascular diseases","deaths",278.4,146.6,110.9,183.5
217,"Sierra Leone",1997,"Cardiovascular diseases","deaths",267.4,142.5,108.2,179
217,"Sierra Leone",1998,"Cardiovascular diseases","deaths",267.4,141.9,108.8,178.1
217,"Sierra Leone",1999,"Cardiovascular diseases","deaths",264.4,140.9,109.4,180.2
217,"Sierra Leone",2000,"Cardiovascular diseases","deaths",267.6,144.9,113.4,187
217,"Sierra Leone",2001,"Cardiovascular diseases","deaths",260,140.3,110.3,176.4
217,"Sierra Leone",2002,"Cardiovascular diseases","deaths",260.9,135.5,106.4,167.8
217,"Sierra Leone",2003,"Cardiovascular diseases","deaths",260.7,130.3,103.3,157.8
217,"Sierra Leone",2004,"Cardiovascular diseases","deaths",260,126.6,100.7,152.4
217,"Sierra Leone",2005,"Cardiovascular diseases","deaths",263.1,125.2,99.1,150.2
217,"Sierra Leone",2006,"Cardiovascular diseases","deaths",272,126.8,100.9,152.8
187,"Somalia",1990,"Cardiovascular diseases","deaths",113.9,34.6,23,49.9
187,"Somalia",1991,"Cardiovascular diseases","deaths",113.4,34.9,23.5,50.7
187,"Somalia",1992,"Cardiovascular diseases","deaths",116.2,36.6,24.4,53.4
187,"Somalia",1993,"Cardiovascular diseases","deaths",113.7,37.1,24.6,54
187,"Somalia",1994,"Cardiovascular diseases","deaths",115.9,38.1,25.6,54.6
187,"Somalia",1995,"Cardiovascular diseases","deaths",113.1,36.8,25.1,52.6
187,"Somalia",1996,"Cardiovascular diseases","deaths",113.2,36.9,24.3,53
187,"Somalia",1997,"Cardiovascular diseases","deaths",114.6,37.3,24.4,53.6
187,"Somalia",1998,"Cardiovascular diseases","deaths",116.3,37.8,24.7,54.8
187,"Somalia",1999,"Cardiovascular diseases","deaths",117.5,38.1,25,55.1
187,"Somalia",2000,"Cardiovascular diseases","deaths",120.8,39.1,26.3,56.8
187,"Somalia",2001,"Cardiovascular diseases","deaths",120.1,38.9,26.6,55.3
187,"Somalia",2002,"Cardiovascular diseases","deaths",120.6,39.1,27.3,55.1
187,"Somalia",2003,"Cardiovascular diseases","deaths",119.7,39,27.1,55.3
187,"Somalia",2004,"Cardiovascular diseases","deaths",121.3,39.7,27.8,56.6
187,"Somalia",2005,"Cardiovascular diseases","deaths",122.9,40.4,28.4,58.4
187,"Somalia",2006,"Cardiovascular diseases","deaths",122.3,40.5,28,59.6
435,"South Sudan",1990,"Cardiovascular diseases","deaths",314.7,121.7,91.2,147.3
435,"South Sudan",1991,"Cardiovascular diseases","deaths",310.4,119.1,90.8,144.9
435,"South Sudan",1992,"Cardiovascular diseases","deaths",313.5,119.6,90.6,144.7
435,"South Sudan",1993,"Cardiovascular diseases","deaths",314.8,119.1,90.4,145.1
435,"South Sudan",1994,"Cardiovascular diseases","deaths",315.9,118.2,89,144.4
435,"South Sudan",1995,"Cardiovascular diseases","deaths",322.3,119.7,89.1,146.2
435,"South Sudan",1996,"Cardiovascular diseases","deaths",318.1,116.5,86,142.4
435,"South Sudan",1997,"Cardiovascular diseases","deaths",304.1,109.4,80.2,133.2
435,"South Sudan",1998,"Cardiovascular diseases","deaths",306.4,108.8,78.5,132.7
435,"South Sudan",1999,"Cardiovascular diseases","deaths",303.5,106.4,77.4,129.6
435,"South Sudan",2000,"Cardiovascular diseases","deaths",305.3,105.7,78.5,129.7
435,"South Sudan",2001,"Cardiovascular diseases","deaths",293.1,99.9,75.4,122.6
435,"South Sudan",2002,"Cardiovascular diseases","deaths",289.6,97.4,74.1,120.1
435,"South Sudan",2003,"Cardiovascular diseases","deaths",293.2,97.6,74.6,121.1
435,"South Sudan",2004,"Cardiovascular diseases","deaths",296.7,97.9,76.2,122.2
435,"South Sudan",2005,"Cardiovascular diseases","deaths",294.9,96.2,75.5,120.8
435,"South Sudan",2006,"Cardiovascular diseases","deaths",305.9,98.9,77.8,123.6
522,"Sudan",1990,"Cardiovascular diseases","deaths",933.6,373.8,332.4,410.9
522,"Sudan",1991,"Cardiovascular diseases","deaths",921.1,369.2,330.5,407.8
522,"Sudan",1992,"Cardiovascular diseases","deaths",907.9,363.5,326.4,401.2
522,"Sudan",1993,"Cardiovascular diseases","deaths",905,363.4,322.1,397.6
522,"Sudan",1994,"Cardiovascular diseases","deaths",884.2,356.2,319.2,393
522,"Sudan",1995,"Cardiovascular diseases","deaths",873.2,352.7,312,389.4
522,"Sudan",1996,"Cardiovascular diseases","deaths",863.2,349.4,309,385.4
522,"Sudan",1997,"Cardiovascular diseases","deaths",852.1,347.3,306.1,379.6
522,"Sudan",1998,"Cardiovascular diseases","deaths",851.3,348.5,312.7,381.7
522,"Sudan",1999,"Cardiovascular diseases","deaths",832.5,340.1,302.7,371.5
522,"Sudan",2000,"Cardiovascular diseases","deaths",822.7,336.8,300.6,366.3
522,"Sudan",2001,"Cardiovascular diseases","deaths",808.6,331.1,296.3,365.7
522,"Sudan",2002,"Cardiovascular diseases","deaths",800.8,328.2,295.1,366.6
522,"Sudan",2003,"Cardiovascular diseases","deaths",783.2,321.1,286.9,352.8
522,"Sudan",2004,"Cardiovascular diseases","deaths",772.4,318.8,282.4,353
522,"Sudan",2005,"Cardiovascular diseases","deaths",753.6,313.8,278.4,347.3
522,"Sudan",2006,"Cardiovascular diseases","deaths",740.9,309.7,274.7,340.3
153,"Syrian Arab Republic",1990,"Cardiovascular diseases","deaths",697.1,229.9,204.9,250.7
153,"Syrian Arab Republic",1991,"Cardiovascular diseases","deaths",705.6,230,205.3,250.3
153,"Syrian Arab Republic",1992,"Cardiovascular diseases","deaths",715.1,230.4,206.5,250.1
153,"Syrian Arab Republic",1993,"Cardiovascular diseases","deaths",716.6,228.4,206.8,246.8
153,"Syrian Arab Republic",1994,"Cardiovascular diseases","deaths",715.6,225.5,205.2,242.4
153,"Syrian Arab Republic",1995,"Cardiovascular diseases","deaths",713.1,222.6,203.8,238.4
153,"Syrian Arab Republic",1996,"Cardiovascular diseases","deaths",710.5,220.2,202.5,235.4
153,"Syrian Arab Republic",1997,"Cardiovascular diseases","deaths",704.8,217,199.9,231.3
153,"Syrian Arab Republic",1998,"Cardiovascular diseases","deaths",687.7,210.8,194.2,223.2
153,"Syrian Arab Republic",1999,"Cardiovascular diseases","deaths",675.7,206.8,191.2,218.2
153,"Syrian Arab Republic",2000,"Cardiovascular diseases","deaths",680.2,207.5,194.3,218.5
153,"Syrian Arab Republic",2001,"Cardiovascular diseases","deaths",674.7,205.1,193,215.2
153,"Syrian Arab Republic",2002,"Cardiovascular diseases","deaths",665.1,201.8,189.7,211
153,"Syrian Arab Republic",2003,"Cardiovascular diseases","deaths",661.2,200.2,188.6,209.2
153,"Syrian Arab Republic",2004,"Cardiovascular diseases","deaths",649,195.5,184.7,204.3
153,"Syrian Arab Republic",2005,"Cardiovascular diseases","deaths",632.8,189.6,178.4,197.9
153,"Syrian Arab Republic",2006,"Cardiovascular diseases","deaths",616.6,184,172.6,191.9
218,"Togo",1990,"Cardiovascular diseases","deaths",342.8,106.8,85.9,128.5
218,"Togo",1991,"Cardiovascular diseases","deaths",335.1,104.2,84.1,127
218,"Togo",1992,"Cardiovascular diseases","deaths",329.2,102.3,83.2,124.6
218,"Togo",1993,"Cardiovascular diseases","deaths",324.6,100.6,81.4,122.8
218,"Togo",1994,"Cardiovascular diseases","deaths",320.7,99.3,81,119.6
218,"Togo",1995,"Cardiovascular diseases","deaths",318.2,98.7,80.6,120.3
218,"Togo",1996,"Cardiovascular diseases","deaths",317,98.2,79.1,118.5
218,"Togo",1997,"Cardiovascular diseases","deaths",315.2,98,77.9,118.3
218,"Togo",1998,"Cardiovascular diseases","deaths",319.1,99.6,78.4,121
218,"Togo",1999,"Cardiovascular diseases","deaths",317.5,99.8,78.9,121.1
218,"Togo",2000,"Cardiovascular diseases","deaths",322.6,102,80.1,123.5
218,"Togo",2001,"Cardiovascular diseases","deaths",312.7,99.4,78.4,122.4
218,"Togo",2002,"Cardiovascular diseases","deaths",301.7,96.4,77.9,119
218,"Togo",2003,"Cardiovascular diseases","deaths",282.7,90.8,74.5,111.3
218,"Togo",2004,"Cardiovascular diseases","deaths",271.6,87.9,71.8,106.6
218,"Togo",2005,"Cardiovascular diseases","deaths",265,86.7,71.1,105.5
218,"Togo",2006,"Cardiovascular diseases","deaths",268.5,88.1,72,107
190,"Uganda",1990,"Cardiovascular diseases","deaths",223.2,76.3,58.2,94.2
190,"Uganda",1991,"Cardiovascular diseases","deaths",231.7,78.6,61,95.9
190,"Uganda",1992,"Cardiovascular diseases","deaths",233.8,78.2,61.4,94.8
190,"Uganda",1993,"Cardiovascular diseases","deaths",236.8,78.1,62.4,94.4
190,"Uganda",1994,"Cardiovascular diseases","deaths",239.8,78.1,62.7,94.5
190,"Uganda",1995,"Cardiovascular diseases","deaths",239.1,76.8,61.2,92.6
190,"Uganda",1996,"Cardiovascular diseases","deaths",237.9,75.4,60.1,90.7
190,"Uganda",1997,"Cardiovascular diseases","deaths",234.4,73.3,59.1,88.6
190,"Uganda",1998,"Cardiovascular diseases","deaths",232.1,71.8,57.6,86.8
190,"Uganda",1999,"Cardiovascular diseases","deaths",228.2,69.8,56.1,84.1
190,"Uganda",2000,"Cardiovascular diseases","deaths",229.2,69.2,55.1,83.2
190,"Uganda",2001,"Cardiovascular diseases","deaths",222,66.6,53.5,80.8
190,"Uganda",2002,"Cardiovascular diseases","deaths",219.6,65.2,52.8,79.8
190,"Uganda",2003,"Cardiovascular diseases","deaths",211.6,62.4,50.2,75.7
190,"Uganda",2004,"Cardiovascular diseases","deaths",207.5,61,49.1,73.9
190,"Uganda",2005,"Cardiovascular diseases","deaths",204.6,60,48.4,72.6
190,"Uganda",2006,"Cardiovascular diseases","deaths",206.8,60.6,48.5,73
157,"Yemen",1990,"Cardiovascular diseases","deaths",793.2,219.3,194.9,243.9
157,"Yemen",1991,"Cardiovascular diseases","deaths",777.3,213,189.1,236.8
157,"Yemen",1992,"Cardiovascular diseases","deaths",765,208.1,185.1,229.5
157,"Yemen",1993,"Cardiovascular diseases","deaths",751.7,203.4,183,225.5
157,"Yemen",1994,"Cardiovascular diseases","deaths",743,200.3,180.3,224.7
157,"Yemen",1995,"Cardiovascular diseases","deaths",728.7,195.6,176.9,219
157,"Yemen",1996,"Cardiovascular diseases","deaths",714.5,191.3,173.4,211.5
157,"Yemen",1997,"Cardiovascular diseases","deaths",700.7,187.3,168.2,205.4
157,"Yemen",1998,"Cardiovascular diseases","deaths",684.7,183,162.8,200.5
157,"Yemen",1999,"Cardiovascular diseases","deaths",680.4,182.2,163.4,198.8
157,"Yemen",2000,"Cardiovascular diseases","deaths",672.5,180.1,163.1,196.8
157,"Yemen",2001,"Cardiovascular diseases","deaths",657.3,176,158.5,191.6
157,"Yemen",2002,"Cardiovascular diseases","deaths",645.7,173.5,155.2,189.5
157,"Yemen",2003,"Cardiovascular diseases","deaths",632.3,170.2,153.4,186.8
157,"Yemen",2004,"Cardiovascular diseases","deaths",627.9,169.6,152.2,186.5
157,"Yemen",2005,"Cardiovascular diseases","deaths",619.4,167.7,150.9,184.5
157,"Yemen",2006,"Cardiovascular diseases","deaths",611.5,166,148.1,181.7
160,"Afghanistan",2007,"Cardiovascular diseases","deaths",682.4,200.2,180,220.3
160,"Afghanistan",2008,"Cardiovascular diseases","deaths",673.7,195.8,176.8,216.2
160,"Afghanistan",2009,"Cardiovascular diseases","deaths",667.1,192.1,172.4,211.5
160,"Afghanistan",2010,"Cardiovascular diseases","deaths",658.4,185.1,167.3,204.1
160,"Afghanistan",2011,"Cardiovascular diseases","deaths",659,183.4,166.2,202.4
160,"Afghanistan",2012,"Cardiovascular diseases","deaths",656.8,179.7,163.5,196.4
160,"Afghanistan",2013,"Cardiovascular diseases","deaths",648.8,173.6,156.1,191.1
160,"Afghanistan",2014,"Cardiovascular diseases","deaths",645.1,170.4,153.3,188.9
160,"Afghanistan",2015,"Cardiovascular diseases","deaths",638.8,165.3,148.6,183.3
160,"Afghanistan",2016,"Cardiovascular diseases","deaths",627.6,160.2,143.2,176.5
160,"Afghanistan",2017,"Cardiovascular diseases","deaths",615.4,155.4,138.5,171.7
160,"Afghanistan",2018,"Cardiovascular diseases","deaths",609.2,152.7,136.5,168.1
160,"Afghanistan",2019,"Cardiovascular diseases","deaths",596.4,148.1,133,163.9
160,"Afghanistan",2020,"Cardiovascular diseases","deaths",603,144.4,126,161.8
160,"Afghanistan",2021,"Cardiovascular diseases","deaths",637.4,153.7,133.3,176.5
160,"Afghanistan",2022,"Cardiovascular diseases","deaths",597.7,143.2,128,162.8
160,"Afghanistan",2023,"Cardiovascular diseases","deaths",587,146.6,129,166
201,"Burkina Faso",2007,"Cardiovascular diseases","deaths",152.8,61.9,51.2,75.2
201,"Burkina Faso",2008,"Cardiovascular diseases","deaths",151.1,60.9,50.5,74
201,"Burkina Faso",2009,"Cardiovascular diseases","deaths",147.8,59.6,48.9,72.2
201,"Burkina Faso",2010,"Cardiovascular diseases","deaths",144.6,58.2,47.7,70.7
201,"Burkina Faso",2011,"Cardiovascular diseases","deaths",142.1,56.9,46.2,67.7
201,"Burkina Faso",2012,"Cardiovascular diseases","deaths",146.3,58.7,49.1,69.7
201,"Burkina Faso",2013,"Cardiovascular diseases","deaths",142,57,48.5,67.5
201,"Burkina Faso",2014,"Cardiovascular diseases","deaths",141.7,57.2,48.8,67.7
201,"Burkina Faso",2015,"Cardiovascular diseases","deaths",159.6,64.6,54.1,76.6
201,"Burkina Faso",2016,"Cardiovascular diseases","deaths",155.6,63,53,74.4
201,"Burkina Faso",2017,"Cardiovascular diseases","deaths",152.1,61.9,52.7,73.7
201,"Burkina Faso",2018,"Cardiovascular diseases","deaths",147.7,60.5,51.2,71.7
201,"Burkina Faso",2019,"Cardiovascular diseases","deaths",140.8,58,49.2,69
201,"Burkina Faso",2020,"Cardiovascular diseases","deaths",137.6,56.9,47.4,67.9
201,"Burkina Faso",2021,"Cardiovascular diseases","deaths",129.5,53.5,44.3,65.2
201,"Burkina Faso",2022,"Cardiovascular diseases","deaths",148.4,61.5,50.7,74.4
201,"Burkina Faso",2023,"Cardiovascular diseases","deaths",157.9,66.1,54.4,80.3
175,"Burundi",2007,"Cardiovascular diseases","deaths",227.6,80.2,62.2,103
175,"Burundi",2008,"Cardiovascular diseases","deaths",236.3,81.2,63.3,104
175,"Burundi",2009,"Cardiovascular diseases","deaths",238.1,79.9,61.9,102.1
175,"Burundi",2010,"Cardiovascular diseases","deaths",238.4,78.4,60.4,101.2
175,"Burundi",2011,"Cardiovascular diseases","deaths",240.4,77.6,61,99.3
175,"Burundi",2012,"Cardiovascular diseases","deaths",242.2,77.9,61.1,97.8
175,"Burundi",2013,"Cardiovascular diseases","deaths",239.9,77.1,60.9,94.8
175,"Burundi",2014,"Cardiovascular diseases","deaths",242.3,77.4,61.9,95.4
175,"Burundi",2015,"Cardiovascular diseases","deaths",242.7,77.7,62.9,95.3
175,"Burundi",2016,"Cardiovascular diseases","deaths",240.7,77.9,62.5,95.5
175,"Burundi",2017,"Cardiovascular diseases","deaths",237.4,78,61.5,96.6
175,"Burundi",2018,"Cardiovascular diseases","deaths",231.6,77,59.6,96.3
175,"Burundi",2019,"Cardiovascular diseases","deaths",230.2,76.6,59.9,95.6
175,"Burundi",2020,"Cardiovascular diseases","deaths",233.6,77.2,59.9,94.5
175,"Burundi",2021,"Cardiovascular diseases","deaths",258.2,85.1,65,108.1
175,"Burundi",2022,"Cardiovascular diseases","deaths",242.9,81.1,64.3,100.6
175,"Burundi",2023,"Cardiovascular diseases","deaths",250,84.7,66.4,104.3
169,"Central African Republic",2007,"Cardiovascular diseases","deaths",291.1,89.9,64,119.1
169,"Central African Republic",2008,"Cardiovascular diseases","deaths",285.7,88,62.2,116.7
169,"Central African Republic",2009,"Cardiovascular diseases","deaths",287.2,88.6,61.8,118.1
169,"Central African Republic",2010,"Cardiovascular diseases","deaths",297.9,92.4,63.9,123.3
169,"Central African Republic",2011,"Cardiovascular diseases","deaths",304.9,94.6,66,125.9
169,"Central African Republic",2012,"Cardiovascular diseases","deaths",302.7,93.5,65.2,122.2
169,"Central African Republic",2013,"Cardiovascular diseases","deaths",301.8,92.7,63.7,120.8
169,"Central African Republic",2014,"Cardiovascular diseases","deaths",297.2,91.7,62.8,119
169,"Central African Republic",2015,"Cardiovascular diseases","deaths",303,95.7,65.6,124.6
169,"Central African Republic",2016,"Cardiovascular diseases","deaths",297.9,95.8,65,126.1
169,"Central African Republic",2017,"Cardiovascular diseases","deaths",298.2,96.2,64.5,128.7
169,"Central African Republic",2018,"Cardiovascular diseases","deaths",292.9,94.6,63.1,125.3
169,"Central African Republic",2019,"Cardiovascular diseases","deaths",297.2,96.7,64.9,128.2
169,"Central African Republic",2020,"Cardiovascular diseases","deaths",297.7,96.6,65.5,126.9
169,"Central African Republic",2021,"Cardiovascular diseases","deaths",291.3,94,64.6,124.5
169,"Central African Republic",2022,"Cardiovascular diseases","deaths",318.4,104.5,72.5,138.9
169,"Central African Republic",2023,"Cardiovascular diseases","deaths",325,107.5,73.8,140.3
204,"Chad",2007,"Cardiovascular diseases","deaths",365.5,120.9,99.5,150.3
204,"Chad",2008,"Cardiovascular diseases","deaths",363.8,118.8,96.1,148.1
204,"Chad",2009,"Cardiovascular diseases","deaths",363.4,117.9,94.9,148.5
204,"Chad",2010,"Cardiovascular diseases","deaths",367.2,117.3,94.6,146.2
204,"Chad",2011,"Cardiovascular diseases","deaths",371.6,117.1,95,144.2
204,"Chad",2012,"Cardiovascular diseases","deaths",374.9,116.6,95.1,143
204,"Chad",2013,"Cardiovascular diseases","deaths",368.6,113,92.8,137.9
204,"Chad",2014,"Cardiovascular diseases","deaths",362.7,110.5,90.2,134.5
204,"Chad",2015,"Cardiovascular diseases","deaths",384.1,115.8,92,137.6
204,"Chad",2016,"Cardiovascular diseases","deaths",372,111.1,88.3,133.6
204,"Chad",2017,"Cardiovascular diseases","deaths",365.1,108,86.8,129.6
204,"Chad",2018,"Cardiovascular diseases","deaths",361.6,106,85.2,128.1
204,"Chad",2019,"Cardiovascular diseases","deaths",355.7,103.9,84.6,124.8
204,"Chad",2020,"Cardiovascular diseases","deaths",362.7,103.3,84.9,123.2
204,"Chad",2021,"Cardiovascular diseases","deaths",340.4,97.3,79,116.4
204,"Chad",2022,"Cardiovascular diseases","deaths",378.8,107.9,88.4,128.1
204,"Chad",2023,"Cardiovascular diseases","deaths",389.2,110.1,89.4,131
7,"Democratic People's Republic of Korea",2007,"Cardiovascular diseases","deaths",419.9,303.7,267,345.3
7,"Democratic People's Republic of Korea",2008,"Cardiovascular diseases","deaths",414.1,307.6,263.6,347.7
7,"Democratic People's Republic of Korea",2009,"Cardiovascular diseases","deaths",409,312.2,265,353
7,"Democratic People's Republic of Korea",2010,"Cardiovascular diseases","deaths",406.1,318.5,268.3,362.4
7,"Democratic People's Republic of Korea",2011,"Cardiovascular diseases","deaths",406.7,328.4,277.4,373.7
7,"Democratic People's Republic of Korea",2012,"Cardiovascular diseases","deaths",403.9,335.3,287.9,376.7
7,"Democratic People's Republic of Korea",2013,"Cardiovascular diseases","deaths",408.6,348.7,300.4,394.2
7,"Democratic People's Republic of Korea",2014,"Cardiovascular diseases","deaths",404.6,353.5,301.7,399.5
7,"Democratic People's Republic of Korea",2015,"Cardiovascular diseases","deaths",400.2,357.9,303.5,411.1
7,"Democratic People's Republic of Korea",2016,"Cardiovascular diseases","deaths",392.2,359.6,308.3,413.6
7,"Democratic People's Republic of Korea",2017,"Cardiovascular diseases","deaths",389.6,366.3,315.3,422.2
7,"Democratic People's Republic of Korea",2018,"Cardiovascular diseases","deaths",383.9,368.7,313.5,419.3
7,"Democratic People's Republic of Korea",2019,"Cardiovascular diseases","deaths",378.5,371.2,312.5,423.5
7,"Democratic People's Republic of Korea",2020,"Cardiovascular diseases","deaths",374,373.4,313.8,421.5
7,"Democratic People's Republic of Korea",2021,"Cardiovascular diseases","deaths",375.3,383.7,324.5,441.9
7,"Democratic People's Republic of Korea",2022,"Cardiovascular diseases","deaths",384.9,403.6,342.8,469.6
7,"Democratic People's Republic of Korea",2023,"Cardiovascular diseases","deaths",390.3,417.8,357.7,480.3
171,"Democratic Republic of the Congo",2007,"Cardiovascular diseases","deaths",289.3,97.9,70.2,129.3
171,"Democratic Republic of the Congo",2008,"Cardiovascular diseases","deaths",291.6,98.6,69.7,129.4
171,"Democratic Republic of the Congo",2009,"Cardiovascular diseases","deaths",291.7,98.7,69.2,129.2
171,"Democratic Republic of the Congo",2010,"Cardiovascular diseases","deaths",291.2,98.6,68.4,128.4
171,"Democratic Republic of the Congo",2011,"Cardiovascular diseases","deaths",291.2,98.8,68.6,128
171,"Democratic Republic of the Congo",2012,"Cardiovascular diseases","deaths",289.4,98.6,69.6,126.7
171,"Democratic Republic of the Congo",2013,"Cardiovascular diseases","deaths",287.2,98.5,70,124.9
171,"Democratic Republic of the Congo",2014,"Cardiovascular diseases","deaths",288.2,99.7,72.1,126
171,"Democratic Republic of the Congo",2015,"Cardiovascular diseases","deaths",287.3,99.6,73.6,126.6
171,"Democratic Republic of the Congo",2016,"Cardiovascular diseases","deaths",284.3,99.3,74,126.7
171,"Democratic Republic of the Congo",2017,"Cardiovascular diseases","deaths",284.1,100.1,73.6,128.6
171,"Democratic Republic of the Congo",2018,"Cardiovascular diseases","deaths",286.7,101.9,76,131.5
171,"Democratic Republic of the Congo",2019,"Cardiovascular diseases","deaths",287.9,103.2,76.8,132.5
171,"Democratic Republic of the Congo",2020,"Cardiovascular diseases","deaths",308,108.5,83.2,139.6
171,"Democratic Republic of the Congo",2021,"Cardiovascular diseases","deaths",297.7,105.8,80.6,135.3
171,"Democratic Republic of the Congo",2022,"Cardiovascular diseases","deaths",321.8,115.5,86.2,145.2
171,"Democratic Republic of the Congo",2023,"Cardiovascular diseases","deaths",318.2,116.1,85.4,145.7
178,"Eritrea",2007,"Cardiovascular diseases","deaths",216.4,89,62.7,121.9
178,"Eritrea",2008,"Cardiovascular diseases","deaths",218.3,91,64.3,126.8
178,"Eritrea",2009,"Cardiovascular diseases","deaths",219.3,92.4,65.1,129.1
178,"Eritrea",2010,"Cardiovascular diseases","deaths",218.3,93.1,66.2,128.5
178,"Eritrea",2011,"Cardiovascular diseases","deaths",218,94.4,67.4,128.5
178,"Eritrea",2012,"Cardiovascular diseases","deaths",220.8,97,69.1,128.2
178,"Eritrea",2013,"Cardiovascular diseases","deaths",221.4,98.8,70.9,132.7
178,"Eritrea",2014,"Cardiovascular diseases","deaths",213.8,96.6,70.3,131.2
178,"Eritrea",2015,"Cardiovascular diseases","deaths",219.4,100.8,72.1,134
178,"Eritrea",2016,"Cardiovascular diseases","deaths",217.5,101.4,72.5,132.8
178,"Eritrea",2017,"Cardiovascular diseases","deaths",218.4,103.2,73,137.7
178,"Eritrea",2018,"Cardiovascular diseases","deaths",217.9,104.3,73.3,137.9
178,"Eritrea",2019,"Cardiovascular diseases","deaths",212.6,102.8,74.4,135.8
178,"Eritrea",2020,"Cardiovascular diseases","deaths",210.5,102.4,74.1,134.3
178,"Eritrea",2021,"Cardiovascular diseases","deaths",209.1,102.1,72.2,131.6
178,"Eritrea",2022,"Cardiovascular diseases","deaths",243.7,118.3,85.2,151.3
178,"Eritrea",2023,"Cardiovascular diseases","deaths",235.2,116.2,84,147.4
179,"Ethiopia",2007,"Cardiovascular diseases","deaths",206.3,69.2,56.4,86.4
179,"Ethiopia",2008,"Cardiovascular diseases","deaths",212.7,71.8,59.4,88
179,"Ethiopia",2009,"Cardiovascular diseases","deaths",215.9,73.2,61.2,86.8
179,"Ethiopia",2010,"Cardiovascular diseases","deaths",219,74.8,63,87.7
179,"Ethiopia",2011,"Cardiovascular diseases","deaths",220.6,76.1,64.6,89.4
179,"Ethiopia",2012,"Cardiovascular diseases","deaths",219.5,76.6,64.5,89.3
179,"Ethiopia",2013,"Cardiovascular diseases","deaths",217.3,76.7,64.9,88.2
179,"Ethiopia",2014,"Cardiovascular diseases","deaths",213,76.2,65.4,87.3
179,"Ethiopia",2015,"Cardiovascular diseases","deaths",210.1,76.1,64.8,88.5
179,"Ethiopia",2016,"Cardiovascular diseases","deaths",207.3,76.1,65.1,88.9
179,"Ethiopia",2017,"Cardiovascular diseases","deaths",205.9,76.7,65.4,89.5
179,"Ethiopia",2018,"Cardiovascular diseases","deaths",204.7,77.6,65.5,90.4
179,"Ethiopia",2019,"Cardiovascular diseases","deaths",202.2,78,65.2,91.9
179,"Ethiopia",2020,"Cardiovascular diseases","deaths",199.1,77,64.1,90.8
179,"Ethiopia",2021,"Cardiovascular diseases","deaths",213.5,82,68.4,96.6
179,"Ethiopia",2022,"Cardiovascular diseases","deaths",215.9,85.1,70.5,99.5
179,"Ethiopia",2023,"Cardiovascular diseases","deaths",221.1,89.2,73.9,105.4
206,"Gambia",2007,"Cardiovascular diseases","deaths",205,84,67,103.2
206,"Gambia",2008,"Cardiovascular diseases","deaths",193.6,79.6,62.9,97.6
206,"Gambia",2009,"Cardiovascular diseases","deaths",195.4,80.8,64.4,98.6
206,"Gambia",2010,"Cardiovascular diseases","deaths",187.6,78.1,62,95.1
206,"Gambia",2011,"Cardiovascular diseases","deaths",166.1,69.7,55.7,86.6
206,"Gambia",2012,"Cardiovascular diseases","deaths",169.3,71.8,58.1,89
206,"Gambia",2013,"Cardiovascular diseases","deaths",163.7,69.8,56.6,86.2
206,"Gambia",2014,"Cardiovascular diseases","deaths",180.1,77.4,62.6,94.7
206,"Gambia",2015,"Cardiovascular diseases","deaths",183.6,79.5,63.5,96.5
206,"Gambia",2016,"Cardiovascular diseases","deaths",192.5,83.9,66.4,102.6
206,"Gambia",2017,"Cardiovascular diseases","deaths",218.3,95.5,75.7,116.6
206,"Gambia",2018,"Cardiovascular diseases","deaths",210.6,92.5,74.4,113.7
206,"Gambia",2019,"Cardiovascular diseases","deaths",220.3,97.1,78.5,118.4
206,"Gambia",2020,"Cardiovascular diseases","deaths",223.6,98.3,79.3,120.7
206,"Gambia",2021,"Cardiovascular diseases","deaths",219.7,95.9,76.9,117.3
206,"Gambia",2022,"Cardiovascular diseases","deaths",231.3,100.4,80.3,122.8
206,"Gambia",2023,"Cardiovascular diseases","deaths",239.5,104.6,84,125.6
209,"Guinea-Bissau",2007,"Cardiovascular diseases","deaths",349.6,121.2,97.8,146
209,"Guinea-Bissau",2008,"Cardiovascular diseases","deaths",359.5,123.9,100.8,151.2
209,"Guinea-Bissau",2009,"Cardiovascular diseases","deaths",352.3,120.7,98.8,144.4
209,"Guinea-Bissau",2010,"Cardiovascular diseases","deaths",352.9,120.1,97.5,145.5
209,"Guinea-Bissau",2011,"Cardiovascular diseases","deaths",353.5,119.9,97.3,145.9
209,"Guinea-Bissau",2012,"Cardiovascular diseases","deaths",360.6,122.2,98.9,148.8
209,"Guinea-Bissau",2013,"Cardiovascular diseases","deaths",343.9,116,93.2,141.3
209,"Guinea-Bissau",2014,"Cardiovascular diseases","deaths",346.1,116.5,92.3,139.6
209,"Guinea-Bissau",2015,"Cardiovascular diseases","deaths",365.9,123.2,98.7,144.7
209,"Guinea-Bissau",2016,"Cardiovascular diseases","deaths",363.1,122.8,99.5,146.6
209,"Guinea-Bissau",2017,"Cardiovascular diseases","deaths",369.8,125.3,101.9,150.7
209,"Guinea-Bissau",2018,"Cardiovascular diseases","deaths",365.7,124.3,100,149.9
209,"Guinea-Bissau",2019,"Cardiovascular diseases","deaths",363.2,124.2,100.6,149.9
209,"Guinea-Bissau",2020,"Cardiovascular diseases","deaths",362.5,122.6,97.9,148.1
209,"Guinea-Bissau",2021,"Cardiovascular diseases","deaths",340.7,115.3,92.8,138.3
209,"Guinea-Bissau",2022,"Cardiovascular diseases","deaths",382.7,130.2,104.8,154.8
209,"Guinea-Bissau",2023,"Cardiovascular diseases","deaths",385.5,132.6,109.6,156.1
210,"Liberia",2007,"Cardiovascular diseases","deaths",289.5,118.7,95.9,142.1
210,"Liberia",2008,"Cardiovascular diseases","deaths",296.5,118.2,95.7,141.8
210,"Liberia",2009,"Cardiovascular diseases","deaths",305.7,119.4,97.2,144.5
210,"Liberia",2010,"Cardiovascular diseases","deaths",312.8,121,98.6,146.5
210,"Liberia",2011,"Cardiovascular diseases","deaths",324.3,124.8,102.5,152.4
210,"Liberia",2012,"Cardiovascular diseases","deaths",336.4,127.5,105,153.9
210,"Liberia",2013,"Cardiovascular diseases","deaths",334.3,125.5,103.3,149
210,"Liberia",2014,"Cardiovascular diseases","deaths",321.6,120.8,99.8,143.5
210,"Liberia",2015,"Cardiovascular diseases","deaths",335.9,126.5,104.9,151.5
210,"Liberia",2016,"Cardiovascular diseases","deaths",319.8,121.8,100.8,146.3
210,"Liberia",2017,"Cardiovascular diseases","deaths",304.3,117.5,98,140.2
210,"Liberia",2018,"Cardiovascular diseases","deaths",299.9,117.6,97.2,142.1
210,"Liberia",2019,"Cardiovascular diseases","deaths",298.7,118.6,97.8,143.5
210,"Liberia",2020,"Cardiovascular diseases","deaths",311.8,125,101.8,149.4
210,"Liberia",2021,"Cardiovascular diseases","deaths",327.1,132.8,107.2,158.5
210,"Liberia",2022,"Cardiovascular diseases","deaths",325.7,130.3,105.3,158.8
210,"Liberia",2023,"Cardiovascular diseases","deaths",333,135.4,109.6,164.4
181,"Madagascar",2007,"Cardiovascular diseases","deaths",330.5,99.4,83.1,120.6
181,"Madagascar",2008,"Cardiovascular diseases","deaths",338.8,101.8,85.3,124.6
181,"Madagascar",2009,"Cardiovascular diseases","deaths",342.6,102.8,84.5,125.6
181,"Madagascar",2010,"Cardiovascular diseases","deaths",345.8,103.4,85.1,127.1
181,"Madagascar",2011,"Cardiovascular diseases","deaths",347,103.8,85.6,126.4
181,"Madagascar",2012,"Cardiovascular diseases","deaths",343.5,102.6,85.4,123.7
181,"Madagascar",2013,"Cardiovascular diseases","deaths",341.4,101.9,83.8,122.1
181,"Madagascar",2014,"Cardiovascular diseases","deaths",335.5,100.4,83.4,118.3
181,"Madagascar",2015,"Cardiovascular diseases","deaths",335.4,100.6,84.2,118.7
181,"Madagascar",2016,"Cardiovascular diseases","deaths",333.8,100.7,84,119
181,"Madagascar",2017,"Cardiovascular diseases","deaths",327.1,99.3,82.9,119.2
181,"Madagascar",2018,"Cardiovascular diseases","deaths",327,100.2,83.7,120.5
181,"Madagascar",2019,"Cardiovascular diseases","deaths",321.6,99.1,81.3,118.8
181,"Madagascar",2020,"Cardiovascular diseases","deaths",313.6,95,76.8,114.1
181,"Madagascar",2021,"Cardiovascular diseases","deaths",327.1,99.7,81.3,118.6
181,"Madagascar",2022,"Cardiovascular diseases","deaths",351.7,108.7,87.4,129.5
181,"Madagascar",2023,"Cardiovascular diseases","deaths",347.4,110,89.3,132.6
182,"Malawi",2007,"Cardiovascular diseases","deaths",268.5,93.4,75.1,112.7
182,"Malawi",2008,"Cardiovascular diseases","deaths",264.3,91.7,74.2,110.1
182,"Malawi",2009,"Cardiovascular diseases","deaths",263.1,91.4,74,109.3
182,"Malawi",2010,"Cardiovascular diseases","deaths",267,92.9,76,111.1
182,"Malawi",2011,"Cardiovascular diseases","deaths",265.9,92.7,76.4,110.7
182,"Malawi",2012,"Cardiovascular diseases","deaths",259.9,90.9,74.5,108.7
182,"Malawi",2013,"Cardiovascular diseases","deaths",251.2,88.1,72.5,105.9
182,"Malawi",2014,"Cardiovascular diseases","deaths",246.8,87,71,104.2
182,"Malawi",2015,"Cardiovascular diseases","deaths",244.9,86.7,70.8,102.8
182,"Malawi",2016,"Cardiovascular diseases","deaths",240.5,85.7,70.3,101.7
182,"Malawi",2017,"Cardiovascular diseases","deaths",234.2,84.2,69.5,100.2
182,"Malawi",2018,"Cardiovascular diseases","deaths",230.2,83.5,69,100.7
182,"Malawi",2019,"Cardiovascular diseases","deaths",227.2,83.2,68.1,100.6
182,"Malawi",2020,"Cardiovascular diseases","deaths",222.6,81.9,67.4,99.1
182,"Malawi",2021,"Cardiovascular diseases","deaths",307.1,109.6,91.8,127.4
182,"Malawi",2022,"Cardiovascular diseases","deaths",244.2,88.5,73.1,104.3
182,"Malawi",2023,"Cardiovascular diseases","deaths",243,89.3,73.3,106.1
211,"Mali",2007,"Cardiovascular diseases","deaths",229.2,79,64.3,98.9
211,"Mali",2008,"Cardiovascular diseases","deaths",231.3,79.5,65.5,100.1
211,"Mali",2009,"Cardiovascular diseases","deaths",233.7,80.4,66.3,100.7
211,"Mali",2010,"Cardiovascular diseases","deaths",234.4,80.4,65.5,101.1
211,"Mali",2011,"Cardiovascular diseases","deaths",228.5,78.4,63.5,98.3
211,"Mali",2012,"Cardiovascular diseases","deaths",227.6,78.4,63.1,96.3
211,"Mali",2013,"Cardiovascular diseases","deaths",216,74.5,60.5,88.7
211,"Mali",2014,"Cardiovascular diseases","deaths",218.1,76.2,61,90.7
211,"Mali",2015,"Cardiovascular diseases","deaths",238.3,83.9,66.9,100.7
211,"Mali",2016,"Cardiovascular diseases","deaths",233.2,82.9,66.5,100.4
211,"Mali",2017,"Cardiovascular diseases","deaths",238.2,85.3,69,101.9
211,"Mali",2018,"Cardiovascular diseases","deaths",237,85.2,70.1,101
211,"Mali",2019,"Cardiovascular diseases","deaths",230.2,83.1,68.5,97.9
211,"Mali",2020,"Cardiovascular diseases","deaths",221.8,79.6,64.9,93.4
211,"Mali",2021,"Cardiovascular diseases","deaths",226.5,81.8,66.1,96.6
211,"Mali",2022,"Cardiovascular diseases","deaths",243.8,87.9,71.9,101.9
211,"Mali",2023,"Cardiovascular diseases","deaths",251,90.9,74.5,104.7
184,"Mozambique",2007,"Cardiovascular diseases","deaths",184.5,73.6,62.9,86.3
184,"Mozambique",2008,"Cardiovascular diseases","deaths",190.4,75.5,64.6,87.7
184,"Mozambique",2009,"Cardiovascular diseases","deaths",189.6,74.8,64.1,87.1
184,"Mozambique",2010,"Cardiovascular diseases","deaths",189.2,74.1,63.6,86.5
184,"Mozambique",2011,"Cardiovascular diseases","deaths",191.9,74.5,63.5,86.4
184,"Mozambique",2012,"Cardiovascular diseases","deaths",195.8,75.4,64.8,87.2
184,"Mozambique",2013,"Cardiovascular diseases","deaths",197.9,75.4,64,87.2
184,"Mozambique",2014,"Cardiovascular diseases","deaths",193.8,73.2,61.1,84.1
184,"Mozambique",2015,"Cardiovascular diseases","deaths",194.6,72.7,60.9,83
184,"Mozambique",2016,"Cardiovascular diseases","deaths",192.4,71.6,60,83
184,"Mozambique",2017,"Cardiovascular diseases","deaths",191.5,70.7,59.6,82.9
184,"Mozambique",2018,"Cardiovascular diseases","deaths",191.8,70.4,59.9,82.7
184,"Mozambique",2019,"Cardiovascular diseases","deaths",194.7,71.3,60.8,83.3
184,"Mozambique",2020,"Cardiovascular diseases","deaths",194.4,70.7,60.6,81.9
184,"Mozambique",2021,"Cardiovascular diseases","deaths",204.4,73.7,63,84.7
184,"Mozambique",2022,"Cardiovascular diseases","deaths",200.6,72.3,60.7,84.2
184,"Mozambique",2023,"Cardiovascular diseases","deaths",201.2,72.9,61.4,86.8
213,"Niger",2007,"Cardiovascular diseases","deaths",313.3,82.1,60.3,109.2
213,"Niger",2008,"Cardiovascular diseases","deaths",311.1,81.8,61,106.9
213,"Niger",2009,"Cardiovascular diseases","deaths",307.4,80.5,60,104.9
213,"Niger",2010,"Cardiovascular diseases","deaths",303.5,79.3,59.5,103
213,"Niger",2011,"Cardiovascular diseases","deaths",304.6,79.4,60.1,101.8
213,"Niger",2012,"Cardiovascular diseases","deaths",301.7,79,59.7,101.2
213,"Niger",2013,"Cardiovascular diseases","deaths",290.9,76.7,57.9,98.7
213,"Niger",2014,"Cardiovascular diseases","deaths",284.6,75.3,57.7,96.3
213,"Niger",2015,"Cardiovascular diseases","deaths",325.2,87.1,63.2,109.8
213,"Niger",2016,"Cardiovascular diseases","deaths",321.8,86.4,63.9,109.6
213,"Niger",2017,"Cardiovascular diseases","deaths",309.5,83.4,63.7,106.3
213,"Niger",2018,"Cardiovascular diseases","deaths",310.8,83.7,64.3,105
213,"Niger",2019,"Cardiovascular diseases","deaths",297.8,79.9,61.4,100.6
213,"Niger",2020,"Cardiovascular diseases","deaths",307.8,82.1,63.3,102
213,"Niger",2021,"Cardiovascular diseases","deaths",286.3,77,60,94.7
213,"Niger",2022,"Cardiovascular diseases","deaths",300.3,81.1,64.1,97.9
213,"Niger",2023,"Cardiovascular diseases","deaths",321.5,87.6,68.5,106.8
185,"Rwanda",2007,"Cardiovascular diseases","deaths",270.4,91.3,74.8,108.9
185,"Rwanda",2008,"Cardiovascular diseases","deaths",264.9,89.7,73.6,106.9
185,"Rwanda",2009,"Cardiovascular diseases","deaths",260.3,88.7,72.3,106.2
185,"Rwanda",2010,"Cardiovascular diseases","deaths",254.8,87.8,72.5,104
185,"Rwanda",2011,"Cardiovascular diseases","deaths",252.7,88.3,73.4,105.7
185,"Rwanda",2012,"Cardiovascular diseases","deaths",251,89,72.8,107.2
185,"Rwanda",2013,"Cardiovascular diseases","deaths",251.7,91.1,75,109.3
185,"Rwanda",2014,"Cardiovascular diseases","deaths",249.7,92.2,75.3,110.2
185,"Rwanda",2015,"Cardiovascular diseases","deaths",245.9,92.5,76,111.5
185,"Rwanda",2016,"Cardiovascular diseases","deaths",240.1,92.6,75.1,112.8
185,"Rwanda",2017,"Cardiovascular diseases","deaths",236.5,93.5,76.5,114.8
185,"Rwanda",2018,"Cardiovascular diseases","deaths",234.4,95,77.4,117.8
185,"Rwanda",2019,"Cardiovascular diseases","deaths",234.6,97.6,79.7,120.3
185,"Rwanda",2020,"Cardiovascular diseases","deaths",232.9,99.4,80.6,122.2
185,"Rwanda",2021,"Cardiovascular diseases","deaths",239.6,104.5,83.2,129.3
185,"Rwanda",2022,"Cardiovascular diseases","deaths",249,112.1,90.3,137.9
185,"Rwanda",2023,"Cardiovascular diseases","deaths",252.4,116.9,92.8,145.4
217,"Sierra Leone",2007,"Cardiovascular diseases","deaths",269.8,123.9,98.6,148.3
217,"Sierra Leone",2008,"Cardiovascular diseases","deaths",267.4,120.5,95.8,144
217,"Sierra Leone",2009,"Cardiovascular diseases","deaths",268.9,118.7,95,140.5
217,"Sierra Leone",2010,"Cardiovascular diseases","deaths",275.7,119.4,96.1,141.2
217,"Sierra Leone",2011,"Cardiovascular diseases","deaths",285.7,121.3,97.9,144.7
217,"Sierra Leone",2012,"Cardiovascular diseases","deaths",296.8,123.7,99,147.2
217,"Sierra Leone",2013,"Cardiovascular diseases","deaths",291.4,119.6,96.3,142.4
217,"Sierra Leone",2014,"Cardiovascular diseases","deaths",291.4,118.2,96.3,140.7
217,"Sierra Leone",2015,"Cardiovascular diseases","deaths",310.5,124.8,103.4,147.3
217,"Sierra Leone",2016,"Cardiovascular diseases","deaths",298.1,119.5,99.3,140.9
217,"Sierra Leone",2017,"Cardiovascular diseases","deaths",295.1,118.2,97.5,139.3
217,"Sierra Leone",2018,"Cardiovascular diseases","deaths",292,117.4,95.8,139.7
217,"Sierra Leone",2019,"Cardiovascular diseases","deaths",286.1,115.6,95.5,136.7
217,"Sierra Leone",2020,"Cardiovascular diseases","deaths",291.7,117.4,97.7,138.3
217,"Sierra Leone",2021,"Cardiovascular diseases","deaths",279.4,113.7,93.5,133.2
217,"Sierra Leone",2022,"Cardiovascular diseases","deaths",290,118.8,96.9,140.5
217,"Sierra Leone",2023,"Cardiovascular diseases","deaths",297.9,123.4,100.1,144.2
187,"Somalia",2007,"Cardiovascular diseases","deaths",123,41.3,28.6,59.6
187,"Somalia",2008,"Cardiovascular diseases","deaths",122.2,41.5,28.9,59.7
187,"Somalia",2009,"Cardiovascular diseases","deaths",122.6,42.2,29.1,61.1
187,"Somalia",2010,"Cardiovascular diseases","deaths",121.6,42.4,29.7,60.9
187,"Somalia",2011,"Cardiovascular diseases","deaths",122.6,43,30,60.8
187,"Somalia",2012,"Cardiovascular diseases","deaths",121.7,43.3,30.3,60.4
187,"Somalia",2013,"Cardiovascular diseases","deaths",120.5,43.6,31.5,59.6
187,"Somalia",2014,"Cardiovascular diseases","deaths",119.8,43.8,31.5,59.4
187,"Somalia",2015,"Cardiovascular diseases","deaths",119.5,44.1,31.7,59.6
187,"Somalia",2016,"Cardiovascular diseases","deaths",120.1,44.8,33.3,59.9
187,"Somalia",2017,"Cardiovascular diseases","deaths",120.4,45.3,34.2,59.8
187,"Somalia",2018,"Cardiovascular diseases","deaths",120.2,45.6,34.5,60.1
187,"Somalia",2019,"Cardiovascular diseases","deaths",119.4,45.7,34.8,59.5
187,"Somalia",2020,"Cardiovascular diseases","deaths",121.4,46.1,35.2,58.6
187,"Somalia",2021,"Cardiovascular diseases","deaths",148.1,55.2,42.5,67.6
187,"Somalia",2022,"Cardiovascular diseases","deaths",126.4,47.8,35.9,59.3
187,"Somalia",2023,"Cardiovascular diseases","deaths",129.5,49.5,37.1,62.4
435,"South Sudan",2007,"Cardiovascular diseases","deaths",303.7,97.5,77,122.9
435,"South Sudan",2008,"Cardiovascular diseases","deaths",300.4,95.6,75.3,119.8
435,"South Sudan",2009,"Cardiovascular diseases","deaths",300,94.9,76,117.7
435,"South Sudan",2010,"Cardiovascular diseases","deaths",297.9,93.7,74.4,115.2
435,"South Sudan",2011,"Cardiovascular diseases","deaths",298,93.3,73.5,113.7
435,"South Sudan",2012,"Cardiovascular diseases","deaths",299.6,93.7,73.4,113.7
435,"South Sudan",2013,"Cardiovascular diseases","deaths",300.5,94.1,74.6,114.2
435,"South Sudan",2014,"Cardiovascular diseases","deaths",297.3,93.5,74.3,112.2
435,"South Sudan",2015,"Cardiovascular diseases","deaths",306.6,98.6,77.1,117.7
435,"South Sudan",2016,"Cardiovascular diseases","deaths",304.7,100.6,79.7,119.4
435,"South Sudan",2017,"Cardiovascular diseases","deaths",303.4,103.4,82.3,124.7
435,"South Sudan",2018,"Cardiovascular diseases","deaths",302.7,110.7,89.9,133.7
435,"South Sudan",2019,"Cardiovascular diseases","deaths",299.2,114.2,93.1,137.5
435,"South Sudan",2020,"Cardiovascular diseases","deaths",302.7,113.7,91,138
435,"South Sudan",2021,"Cardiovascular diseases","deaths",288.5,109.2,86,131.7
435,"South Sudan",2022,"Cardiovascular diseases","deaths",324.4,124.1,98.3,149.7
435,"South Sudan",2023,"Cardiovascular diseases","deaths",331,128.7,101.1,154.2
522,"Sudan",2007,"Cardiovascular diseases","deaths",724.1,303.4,270.3,334.5
522,"Sudan",2008,"Cardiovascular diseases","deaths",713.6,299.6,267.8,331.7
522,"Sudan",2009,"Cardiovascular diseases","deaths",708.6,298.6,264.2,331.8
522,"Sudan",2010,"Cardiovascular diseases","deaths",695.3,294.2,262.2,325.9
522,"Sudan",2011,"Cardiovascular diseases","deaths",683.1,291.4,260.1,322.3
522,"Sudan",2012,"Cardiovascular diseases","deaths",671.9,290.1,258.6,322.5
522,"Sudan",2013,"Cardiovascular diseases","deaths",659,287.9,253.5,319.5
522,"Sudan",2014,"Cardiovascular diseases","deaths",637.8,281,248.6,314.5
522,"Sudan",2015,"Cardiovascular diseases","deaths",639.5,285.9,251.2,319.8
522,"Sudan",2016,"Cardiovascular diseases","deaths",624.1,281.3,244.7,318.6
522,"Sudan",2017,"Cardiovascular diseases","deaths",617.8,282,242.9,320.9
522,"Sudan",2018,"Cardiovascular diseases","deaths",606.1,279.1,239.3,318.4
522,"Sudan",2019,"Cardiovascular diseases","deaths",591.5,274.2,234.1,317.8
522,"Sudan",2020,"Cardiovascular diseases","deaths",595.8,278,225.3,332.8
522,"Sudan",2021,"Cardiovascular diseases","deaths",588.9,279.8,233.8,334.8
522,"Sudan",2022,"Cardiovascular diseases","deaths",585.2,282.3,237.6,331
522,"Sudan",2023,"Cardiovascular diseases","deaths",575,283.3,234.1,327.8
153,"Syrian Arab Republic",2007,"Cardiovascular diseases","deaths",604.3,178.7,167.9,186.2
153,"Syrian Arab Republic",2008,"Cardiovascular diseases","deaths",588.5,169.5,159.4,176.7
153,"Syrian Arab Republic",2009,"Cardiovascular diseases","deaths",572.8,164.6,154.2,172.2
153,"Syrian Arab Republic",2010,"Cardiovascular diseases","deaths",558.8,163.3,152.4,171.7
153,"Syrian Arab Republic",2011,"Cardiovascular diseases","deaths",547.7,162.7,151.8,171.9
153,"Syrian Arab Republic",2012,"Cardiovascular diseases","deaths",540.7,164.3,152.2,174.4
153,"Syrian Arab Republic",2013,"Cardiovascular diseases","deaths",536.9,170.5,157.1,181.6
153,"Syrian Arab Republic",2014,"Cardiovascular diseases","deaths",532.6,183.8,168.6,196.6
153,"Syrian Arab Republic",2015,"Cardiovascular diseases","deaths",531.1,203.1,185.2,217.5
153,"Syrian Arab Republic",2016,"Cardiovascular diseases","deaths",523.4,219.2,198.5,236
153,"Syrian Arab Republic",2017,"Cardiovascular diseases","deaths",516.6,232.3,210,251.7
153,"Syrian Arab Republic",2018,"Cardiovascular diseases","deaths",508.3,242.3,218.5,264.2
153,"Syrian Arab Republic",2019,"Cardiovascular diseases","deaths",501.6,252.2,227.5,275.5
153,"Syrian Arab Republic",2020,"Cardiovascular diseases","deaths",494.5,249,223.3,276.5
153,"Syrian Arab Republic",2021,"Cardiovascular diseases","deaths",486.1,245.7,218.8,275.6
153,"Syrian Arab Republic",2022,"Cardiovascular diseases","deaths",493.8,264.4,239.1,292.2
153,"Syrian Arab Republic",2023,"Cardiovascular diseases","deaths",489.4,268.2,239.8,296.4
218,"Togo",2007,"Cardiovascular diseases","deaths",261.4,86.6,71,106.3
218,"Togo",2008,"Cardiovascular diseases","deaths",270.4,90.4,74.4,111.8
218,"Togo",2009,"Cardiovascular diseases","deaths",275.9,93.8,77.1,116.1
218,"Togo",2010,"Cardiovascular diseases","deaths",277,96.1,79.4,119.2
218,"Togo",2011,"Cardiovascular diseases","deaths",275,96.8,80.6,117.4
218,"Togo",2012,"Cardiovascular diseases","deaths",272.1,97.2,79,117.7
218,"Togo",2013,"Cardiovascular diseases","deaths",256.7,92.6,76.1,112
218,"Togo",2014,"Cardiovascular diseases","deaths",249.2,91.8,74.5,109.8
218,"Togo",2015,"Cardiovascular diseases","deaths",274.6,103.5,83.7,124
218,"Togo",2016,"Cardiovascular diseases","deaths",268.9,103.7,83.7,125.1
218,"Togo",2017,"Cardiovascular diseases","deaths",273.8,108.2,87.2,130.6
218,"Togo",2018,"Cardiovascular diseases","deaths",269.7,109,88.9,132.1
218,"Togo",2019,"Cardiovascular diseases","deaths",263.3,108.8,89.2,130.2
218,"Togo",2020,"Cardiovascular diseases","deaths",260.5,109.5,90.3,130.3
218,"Togo",2021,"Cardiovascular diseases","deaths",260.7,111.8,91.8,133.5
218,"Togo",2022,"Cardiovascular diseases","deaths",278.8,122.7,100.9,145.5
218,"Togo",2023,"Cardiovascular diseases","deaths",282.9,127,103.3,150.9
190,"Uganda",2007,"Cardiovascular diseases","deaths",207.7,61,49.1,73.4
190,"Uganda",2008,"Cardiovascular diseases","deaths",209.2,61.6,49.4,73.8
190,"Uganda",2009,"Cardiovascular diseases","deaths",209.5,62,50.2,74.6
190,"Uganda",2010,"Cardiovascular diseases","deaths",206.3,61.3,50.6,73.6
190,"Uganda",2011,"Cardiovascular diseases","deaths",207.8,62.4,51.2,75.6
190,"Uganda",2012,"Cardiovascular diseases","deaths",211,64.1,52.9,76.8
190,"Uganda",2013,"Cardiovascular diseases","deaths",210.7,64.9,53.9,77.7
190,"Uganda",2014,"Cardiovascular diseases","deaths",209.1,65.3,54.6,78.2
190,"Uganda",2015,"Cardiovascular diseases","deaths",209.1,65.7,54.7,79.1
190,"Uganda",2016,"Cardiovascular diseases","deaths",203,64.4,53.4,78.4
190,"Uganda",2017,"Cardiovascular diseases","deaths",197.2,63.2,51.5,77.5
190,"Uganda",2018,"Cardiovascular diseases","deaths",193.9,62.9,50.8,76.6
190,"Uganda",2019,"Cardiovascular diseases","deaths",187.8,61.6,49.7,74.7
190,"Uganda",2020,"Cardiovascular diseases","deaths",183.4,60.4,48.7,73.4
190,"Uganda",2021,"Cardiovascular diseases","deaths",200,65.9,52.3,81.2
190,"Uganda",2022,"Cardiovascular diseases","deaths",187.4,62.7,49.4,76.9
190,"Uganda",2023,"Cardiovascular diseases","deaths",192.2,65.3,51.1,80.6
157,"Yemen",2007,"Cardiovascular diseases","deaths",595.6,162.4,143.3,180.3
157,"Yemen",2008,"Cardiovascular diseases","deaths",591.5,162.1,143.4,180.8
157,"Yemen",2009,"Cardiovascular diseases","deaths",579,159,139,179.9
157,"Yemen",2010,"Cardiovascular diseases","deaths",558.5,153.3,135.1,172.1
157,"Yemen",2011,"Cardiovascular diseases","deaths",556,154,137.9,170.8
157,"Yemen",2012,"Cardiovascular diseases","deaths",553.7,155,139.3,172
157,"Yemen",2013,"Cardiovascular diseases","deaths",546.6,154.2,138.3,171.3
157,"Yemen",2014,"Cardiovascular diseases","deaths",525.5,149,132.2,168.9
157,"Yemen",2015,"Cardiovascular diseases","deaths",526.3,151.1,133,170.1
157,"Yemen",2016,"Cardiovascular diseases","deaths",509,147.4,130.3,166.1
157,"Yemen",2017,"Cardiovascular diseases","deaths",500.7,147,130.4,165.1
157,"Yemen",2018,"Cardiovascular diseases","deaths",492.9,146.8,128.6,163.8
157,"Yemen",2019,"Cardiovascular diseases","deaths",497.5,150.7,132,170.2
157,"Yemen",2020,"Cardiovascular diseases","deaths",502.5,152.5,130.8,175.9
157,"Yemen",2021,"Cardiovascular diseases","deaths",490.7,150.4,129.1,177.5
157,"Yemen",2022,"Cardiovascular diseases","deaths",490.7,154,134.8,176.5
157,"Yemen",2023,"Cardiovascular diseases","deaths",483.8,154.8,136.8,173.8
43,"Albania",1990,"Cardiovascular diseases","deaths",401.286290917003,227.316052120686,205.947382584205,243.668521853291
43,"Albania",1991,"Cardiovascular diseases","deaths",392.492760282482,211.815971799302,192.021860282707,226.869839263203
43,"Albania",1992,"Cardiovascular diseases","deaths",383.668641254389,205.297047859378,186.072318112072,221.395347563995
43,"Albania",1993,"Cardiovascular diseases","deaths",375.627915494689,201.691196216356,182.006211661516,217.626664228206
43,"Albania",1994,"Cardiovascular diseases","deaths",369.898894244699,188.608492677733,172.061138295615,202.246291506691
43,"Albania",1995,"Cardiovascular diseases","deaths",370.90321546166,208.589518938713,189.112704185834,224.679160668723
43,"Albania",1996,"Cardiovascular diseases","deaths",375.32122024752,224.112516838668,204.873489299754,238.856567425046
43,"Albania",1997,"Cardiovascular diseases","deaths",372.650964630682,213.6028386268,195.337562453016,227.482340377254
43,"Albania",1998,"Cardiovascular diseases","deaths",366.557231876695,231.801007118884,212.240057998883,248.451764175573
43,"Albania",1999,"Cardiovascular diseases","deaths",363.784563557643,222.849508720567,204.959366983373,237.099118347446
43,"Albania",2000,"Cardiovascular diseases","deaths",364.713609889906,251.520481915896,231.721965881674,266.476665952757
43,"Albania",2001,"Cardiovascular diseases","deaths",362.787117217032,247.058822139157,228.273581995169,262.285120336451
139,"Algeria",1990,"Cardiovascular diseases","deaths",531.784337406206,207.741007168936,183.974896405591,234.238488998835
139,"Algeria",1991,"Cardiovascular diseases","deaths",522.17661420247,206.83553893761,182.111147927327,232.178771756422
139,"Algeria",1992,"Cardiovascular diseases","deaths",513.230261149648,206.327527917558,181.910309431095,231.829509181335
139,"Algeria",1993,"Cardiovascular diseases","deaths",505.466433549266,206.243030742541,181.770831404827,232.224905404976
139,"Algeria",1994,"Cardiovascular diseases","deaths",497.890845051692,205.977631372425,181.7136436846,231.211839259384
139,"Algeria",1995,"Cardiovascular diseases","deaths",490.902205450219,206.088549978984,181.714457278112,229.488206170995
139,"Algeria",1996,"Cardiovascular diseases","deaths",484.24298847194,206.339628367822,181.95905041979,231.148984106038
139,"Algeria",1997,"Cardiovascular diseases","deaths",476.401642913304,206.241675117283,181.661085049119,229.5795101794
139,"Algeria",1998,"Cardiovascular diseases","deaths",469.233448914762,206.659037788264,182.409187285971,230.158175889134
139,"Algeria",1999,"Cardiovascular diseases","deaths",460.966537294834,206.715845377385,181.685850801142,230.25021769891
139,"Algeria",2000,"Cardiovascular diseases","deaths",452.058313085028,206.543091712797,182.1867397383,229.793724413973
139,"Algeria",2001,"Cardiovascular diseases","deaths",442.311130962865,206.072035061615,180.770797792335,230.573498345488
97,"Argentina",1990,"Cardiovascular diseases","deaths",344.402839451849,297.717635275325,284.950947983512,307.346374785533
97,"Argentina",1991,"Cardiovascular diseases","deaths",327.336421927773,285.262101510375,271.035541357707,294.44166541148
97,"Argentina",1992,"Cardiovascular diseases","deaths",323.315762493429,286.1574006976,273.75195191272,296.016473346219
97,"Argentina",1993,"Cardiovascular diseases","deaths",313.236135535941,281.446494498229,269.878845790509,290.775649031565
97,"Argentina",1994,"Cardiovascular diseases","deaths",289.865478479583,262.217918760516,249.731452636856,271.614772692533
97,"Argentina",1995,"Cardiovascular diseases","deaths",288.699955504242,268.032963719806,254.704918211001,277.004990390376
97,"Argentina",1996,"Cardiovascular diseases","deaths",274.768555921807,258.844382014887,245.436071562509,268.620087537604
97,"Argentina",1997,"Cardiovascular diseases","deaths",263.795480737788,254.120235055036,240.806363045581,263.352940542552
97,"Argentina",1998,"Cardiovascular diseases","deaths",262.503326548315,259.269099927268,244.479118692271,269.161178026184
97,"Argentina",1999,"Cardiovascular diseases","deaths",260.181708556296,262.033984102487,246.255229434701,272.242385671418
97,"Argentina",2000,"Cardiovascular diseases","deaths",239.639185929093,242.146825466606,227.901902496682,252.468205533323
97,"Argentina",2001,"Cardiovascular diseases","deaths",234.70170417942,242.317031869285,227.03522848748,252.990419332597
33,"Armenia",1990,"Cardiovascular diseases","deaths",480.397486012444,316.866200816279,293.622292462869,333.593328200796
33,"Armenia",1991,"Cardiovascular diseases","deaths",512.774598652012,345.465543017385,320.737334350097,363.048768402881
33,"Armenia",1992,"Cardiovascular diseases","deaths",545.007424622168,373.515686543739,345.782463841016,394.825456040812
33,"Armenia",1993,"Cardiovascular diseases","deaths",558.881744811604,389.35338144375,357.124610133914,411.444437213009
33,"Armenia",1994,"Cardiovascular diseases","deaths",550.002638321098,382.827145500053,356.663696022404,403.688128199174
33,"Armenia",1995,"Cardiovascular diseases","deaths",537.72306429029,382.556159734656,356.878359432085,401.718862640628
33,"Armenia",1996,"Cardiovascular diseases","deaths",515.61180368782,377.817041338855,353.38733349796,395.935723102616
33,"Armenia",1997,"Cardiovascular diseases","deaths",493.643899342231,370.188257073299,348.241695660442,389.231914276995
33,"Armenia",1998,"Cardiovascular diseases","deaths",471.74721832989,365.22830912289,344.419380244201,384.097313908746
33,"Armenia",1999,"Cardiovascular diseases","deaths",460.005883612862,371.174899211986,350.25624850177,394.601550256659
33,"Armenia",2000,"Cardiovascular diseases","deaths",450.444333468442,376.091927571989,355.224788563125,396.386610877094
33,"Armenia",2001,"Cardiovascular diseases","deaths",442.276512875676,380.724358662889,359.84986110608,398.600440159038
34,"Azerbaijan",1990,"Cardiovascular diseases","deaths",555.495561528439,325.982931630953,297.103040084376,352.20864029212
34,"Azerbaijan",1991,"Cardiovascular diseases","deaths",557.40921588273,333.486465622502,303.557480195078,359.278176834509
34,"Azerbaijan",1992,"Cardiovascular diseases","deaths",577.186129689233,348.180342268731,319.597434766794,375.923740443363
34,"Azerbaijan",1993,"Cardiovascular diseases","deaths",601.786990384621,365.30425608238,332.875613285733,392.462043275743
34,"Azerbaijan",1994,"Cardiovascular diseases","deaths",606.973998479539,369.169438587947,339.102560011587,397.983610606372
34,"Azerbaijan",1995,"Cardiovascular diseases","deaths",603.553013303871,367.646252306852,338.658541564209,395.388342020906
34,"Azerbaijan",1996,"Cardiovascular diseases","deaths",581.639068403968,356.424438837212,327.506806636134,381.135292281688
34,"Azerbaijan",1997,"Cardiovascular diseases","deaths",558.829019700886,344.056222360001,317.053714304298,366.514460572552
34,"Azerbaijan",1998,"Cardiovascular diseases","deaths",546.40459821922,339.260192045283,311.179325218986,361.200255384922
34,"Azerbaijan",1999,"Cardiovascular diseases","deaths",542.059351354928,339.80923022609,315.66967578533,360.820449806546
34,"Azerbaijan",2000,"Cardiovascular diseases","deaths",537.323299138424,339.029876530807,316.107196416829,358.428824995314
34,"Azerbaijan",2001,"Cardiovascular diseases","deaths",530.875623596369,338.916779690669,318.831839049805,357.105901594725
57,"Belarus",1990,"Cardiovascular diseases","deaths",585.06824707661,661.793240549526,634.211156077089,679.517508810973
57,"Belarus",1991,"Cardiovascular diseases","deaths",597.356379281184,685.134466588068,654.358229332879,705.628903672789
57,"Belarus",1992,"Cardiovascular diseases","deaths",609.083401591404,700.508660780294,673.15859824303,723.429398922986
57,"Belarus",1993,"Cardiovascular diseases","deaths",638.137909073942,746.187452902249,715.567924717148,772.642500577476
57,"Belarus",1994,"Cardiovascular diseases","deaths",651.586927711128,767.468250659398,732.802173147162,793.138218879121
57,"Belarus",1995,"Cardiovascular diseases","deaths",655.211074989243,778.696674654256,748.373600111631,803.003792241622
57,"Belarus",1996,"Cardiovascular diseases","deaths",657.41292020641,789.753260804398,758.761684715486,812.258156880132
57,"Belarus",1997,"Cardiovascular diseases","deaths",668.614372467557,808.607176788353,777.73716878285,829.901715705576
57,"Belarus",1998,"Cardiovascular diseases","deaths",677.670653888295,828.520811190433,800.586666297087,850.439314320395
57,"Belarus",1999,"Cardiovascular diseases","deaths",677.690730642172,843.180256022336,813.061051115772,867.010968121776
57,"Belarus",2000,"Cardiovascular diseases","deaths",667.652297001589,836.991785069427,804.946464978267,859.125194251632
57,"Belarus",2001,"Cardiovascular diseases","deaths",664.188573666988,846.979331275248,818.416781543463,868.036768349217
108,"Belize",1990,"Cardiovascular diseases","deaths",249.99426340554,114.280722051614,107.662113843451,120.284235680968
108,"Belize",1991,"Cardiovascular diseases","deaths",245.649777171408,114.101191080686,107.536604918708,121.047921285788
108,"Belize",1992,"Cardiovascular diseases","deaths",244.667391293956,115.090125240845,109.192910497967,121.951772667384
108,"Belize",1993,"Cardiovascular diseases","deaths",248.580730780764,116.365698949779,110.568716789819,123.04463795582
108,"Belize",1994,"Cardiovascular diseases","deaths",256.775649704003,119.466856171104,112.766627994125,126.063633814823
108,"Belize",1995,"Cardiovascular diseases","deaths",259.887775534228,122.786973655542,115.935372736599,129.227781839627
108,"Belize",1996,"Cardiovascular diseases","deaths",269.370833158092,131.372372676187,124.180052210275,138.528274900247
108,"Belize",1997,"Cardiovascular diseases","deaths",268.049714155721,130.286567669101,122.927209142653,137.403982262525
108,"Belize",1998,"Cardiovascular diseases","deaths",270.870416039462,133.810599730133,126.649760882627,142.058134817204
108,"Belize",1999,"Cardiovascular diseases","deaths",278.675866977774,136.647592484045,128.845521739628,144.309569331676
108,"Belize",2000,"Cardiovascular diseases","deaths",291.760158582764,143.012553779927,134.666685844253,150.823795254497
108,"Belize",2001,"Cardiovascular diseases","deaths",261.676209008782,127.089186337863,119.68735437791,134.02082424625
44,"Bosnia and Herzegovina",1990,"Cardiovascular diseases","deaths",475.755000141943,318.656508811009,302.767001421117,335.784173179989
44,"Bosnia and Herzegovina",1991,"Cardiovascular diseases","deaths",466.033913480702,314.906425509892,296.770493943888,332.42524436604
44,"Bosnia and Herzegovina",1992,"Cardiovascular diseases","deaths",449.679053728808,291.509422128995,277.207818993634,308.596237067183
44,"Bosnia and Herzegovina",1993,"Cardiovascular diseases","deaths",440.585033764817,292.624517267421,275.442829342112,310.749965586384
44,"Bosnia and Herzegovina",1994,"Cardiovascular diseases","deaths",431.708075978917,298.960480376098,277.411759703226,318.488335987885
44,"Bosnia and Herzegovina",1995,"Cardiovascular diseases","deaths",428.025588965924,320.587639837176,294.555049713879,338.804400548426
44,"Bosnia and Herzegovina",1996,"Cardiovascular diseases","deaths",426.183179534277,341.014837739643,317.860130547495,359.365138081656
44,"Bosnia and Herzegovina",1997,"Cardiovascular diseases","deaths",421.369569949958,360.133340180464,337.987731988045,379.632173859288
44,"Bosnia and Herzegovina",1998,"Cardiovascular diseases","deaths",415.139111095072,374.138284239609,349.400588868324,397.200943212603
44,"Bosnia and Herzegovina",1999,"Cardiovascular diseases","deaths",412.353046594659,366.163211521432,342.857866140748,392.595683573174
44,"Bosnia and Herzegovina",2000,"Cardiovascular diseases","deaths",408.421230044796,366.195833931688,340.32012067889,389.67442651796
44,"Bosnia and Herzegovina",2001,"Cardiovascular diseases","deaths",406.483358911137,375.697390182098,347.921084215412,401.301394811398
193,"Botswana",1990,"Cardiovascular diseases","deaths",211.259684502129,90.5156537159364,74.0991758685504,110.718225169944
193,"Botswana",1991,"Cardiovascular diseases","deaths",206.602217579119,89.0338823981961,72.5178906217692,108.306408379422
193,"Botswana",1992,"Cardiovascular diseases","deaths",204.75677728517,88.7553552996694,72.6603646574463,106.434554402687
193,"Botswana",1993,"Cardiovascular diseases","deaths",202.507755747414,88.4752611042786,72.7017452314656,105.737522160914
193,"Botswana",1994,"Cardiovascular diseases","deaths",206.031209704346,90.8456048552382,74.5162337582138,107.832301797188
193,"Botswana",1995,"Cardiovascular diseases","deaths",211.040598201331,94.1730388498057,77.2576797516739,110.987364625856
193,"Botswana",1996,"Cardiovascular diseases","deaths",215.849551604998,97.6130234102051,80.5227833807973,114.741918233785
193,"Botswana",1997,"Cardiovascular diseases","deaths",222.942820671191,102.065699507968,83.61957761244,119.84834194699
193,"Botswana",1998,"Cardiovascular diseases","deaths",231.616540474098,107.428567181986,88.4815231924678,128.325489886416
193,"Botswana",1999,"Cardiovascular diseases","deaths",238.374163593431,112.081501648358,91.7738532796974,133.39546379789
193,"Botswana",2000,"Cardiovascular diseases","deaths",244.167702327275,116.495226975117,94.4874474356647,139.804330381363
193,"Botswana",2001,"Cardiovascular diseases","deaths",244.378195520839,118.395975761735,97.0082913888235,141.484056628449
135,"Brazil",1990,"Cardiovascular diseases","deaths",325.161867182724,170.314677732483,161.729386439977,177.12257234452
135,"Brazil",1991,"Cardiovascular diseases","deaths",307.086802843312,164.358940201077,156.384354035151,170.71021105931
135,"Brazil",1992,"Cardiovascular diseases","deaths",302.72870417614,166.446100771836,158.115014570906,173.187282648146
135,"Brazil",1993,"Cardiovascular diseases","deaths",305.10055774823,172.254931272318,162.421097602579,179.267871274266
135,"Brazil",1994,"Cardiovascular diseases","deaths",294.888277379672,169.963481478298,160.691799961694,177.245891599015
135,"Brazil",1995,"Cardiovascular diseases","deaths",283.590994800734,166.863676775148,156.999659495018,174.092535506835
135,"Brazil",1996,"Cardiovascular diseases","deaths",277.787520593397,166.791870439729,156.786477350205,174.088692458864
135,"Brazil",1997,"Cardiovascular diseases","deaths",268.136677163878,164.447801019479,154.786715369138,171.921775242029
135,"Brazil",1998,"Cardiovascular diseases","deaths",263.62477002945,165.724344745551,155.537311901351,172.882979185817
135,"Brazil",1999,"Cardiovascular diseases","deaths",257.047666548336,165.003301224162,154.697644796282,172.536315345559
135,"Brazil",2000,"Cardiovascular diseases","deaths",248.389615469007,162.838077238244,152.706320860719,170.029072398818
135,"Brazil",2001,"Cardiovascular diseases","deaths",242.11647480234,162.331597060534,151.594212634903,169.9429359475
6,"China",1990,"Cardiovascular diseases","deaths",496.645233018409,280.201474726539,237.285823554859,321.929751174874
6,"China",1991,"Cardiovascular diseases","deaths",489.583424954101,281.034683833494,237.432519921101,321.944935583168
6,"China",1992,"Cardiovascular diseases","deaths",479.634799720706,280.456269289427,240.901288394826,319.339713591651
6,"China",1993,"Cardiovascular diseases","deaths",467.388305711314,278.309860789817,237.71434909405,312.361597642762
6,"China",1994,"Cardiovascular diseases","deaths",455.038664522521,276.396755895126,238.121976998465,309.944965083109
6,"China",1995,"Cardiovascular diseases","deaths",442.260165678148,274.426844283832,240.68007367685,310.158796622741
6,"China",1996,"Cardiovascular diseases","deaths",429.868501649235,273.010905279011,238.78421264481,304.388283724136
6,"China",1997,"Cardiovascular diseases","deaths",418.930383208849,272.74472027055,238.120292185968,303.854346366433
6,"China",1998,"Cardiovascular diseases","deaths",409.28668960828,273.051710239712,239.271086986742,306.200809866731
6,"China",1999,"Cardiovascular diseases","deaths",400.304427850856,273.823673173611,245.759282846353,303.668117287574
6,"China",2000,"Cardiovascular diseases","deaths",389.966766740505,274.189118539788,248.519056908122,300.89527092297
6,"China",2001,"Cardiovascular diseases","deaths",377.54807663349,273.047017004751,247.664767290568,301.848079040934
125,"Colombia",1990,"Cardiovascular diseases","deaths",276.060065294803,131.669213641938,126.162208999418,135.477052511676
125,"Colombia",1991,"Cardiovascular diseases","deaths",267.576439966514,129.995015782696,123.93705889251,133.634738371807
125,"Colombia",1992,"Cardiovascular diseases","deaths",263.171556371242,129.601003103867,123.586618361878,133.307709098982
125,"Colombia",1993,"Cardiovascular diseases","deaths",259.330140741379,129.632750445275,123.53915726325,133.712379428545
125,"Colombia",1994,"Cardiovascular diseases","deaths",255.434869528027,129.084467921393,123.021017963716,133.235498315988
125,"Colombia",1995,"Cardiovascular diseases","deaths",250.83083744671,128.871589398378,123.378083379308,132.901545219786
125,"Colombia",1996,"Cardiovascular diseases","deaths",243.251237918086,127.991413406763,122.684990543279,132.147402316793
125,"Colombia",1997,"Cardiovascular diseases","deaths",223.455814927753,119.674746508285,113.794245116658,123.610821514533
125,"Colombia",1998,"Cardiovascular diseases","deaths",209.679636293762,113.828754913279,107.891924267094,117.621022104564
125,"Colombia",1999,"Cardiovascular diseases","deaths",209.145522091436,116.907656045838,110.888985287595,120.819915980521
125,"Colombia",2000,"Cardiovascular diseases","deaths",205.902327034923,118.289825225257,111.936648148943,122.188629349311
125,"Colombia",2001,"Cardiovascular diseases","deaths",198.000274015959,117.369730819322,110.612623362934,121.727252812683
126,"Costa Rica",1990,"Cardiovascular diseases","deaths",212.394837498648,108.508989856784,101.699836141347,113.07067672824
126,"Costa Rica",1991,"Cardiovascular diseases","deaths",213.39141214874,111.522915609269,105.043765130376,115.909802188774
126,"Costa Rica",1992,"Cardiovascular diseases","deaths",213.088125089234,112.78760890504,105.615739384746,117.339263681258
126,"Costa Rica",1993,"Cardiovascular diseases","deaths",212.972406046053,114.451991052604,107.2279003271,119.033580629068
126,"Costa Rica",1994,"Cardiovascular diseases","deaths",212.956782098198,116.833292717861,109.274539956431,121.602942142497
126,"Costa Rica",1995,"Cardiovascular diseases","deaths",207.406254854909,116.025334342813,109.120826571094,120.793762082747
126,"Costa Rica",1996,"Cardiovascular diseases","deaths",203.959571142321,116.234198359176,109.125165027686,120.748696042158
126,"Costa Rica",1997,"Cardiovascular diseases","deaths",189.521543479774,107.489752201379,101.060043841759,111.541529550907
126,"Costa Rica",1998,"Cardiovascular diseases","deaths",182.956326104036,106.373530227355,99.671906404204,110.763092651632
126,"Costa Rica",1999,"Cardiovascular diseases","deaths",183.63937200423,107.512999686024,100.755917217997,111.582532159658
126,"Costa Rica",2000,"Cardiovascular diseases","deaths",182.262433097291,109.258939382575,102.774274508646,113.416782088713
126,"Costa Rica",2001,"Cardiovascular diseases","deaths",176.253482097703,107.891207563225,100.88414652067,112.445716079777
109,"Cuba",1990,"Cardiovascular diseases","deaths",284.782865167217,276.182578779937,262.846491741496,286.355481757816
109,"Cuba",1991,"Cardiovascular diseases","deaths",281.658247322233,277.897679536251,264.433569860043,287.566178138972
109,"Cuba",1992,"Cardiovascular diseases","deaths",284.966667655695,287.829122642065,272.255751422813,298.189984395694
109,"Cuba",1993,"Cardiovascular diseases","deaths",287.476186961678,296.024503593244,280.067650500551,307.521322561902
109,"Cuba",1994,"Cardiovascular diseases","deaths",284.672707808518,296.986205847565,281.489625779915,307.757246303804
109,"Cuba",1995,"Cardiovascular diseases","deaths",282.895475667574,299.105811934356,281.752039000378,310.562690400481
109,"Cuba",1996,"Cardiovascular diseases","deaths",277.040836141857,298.853932189671,283.134136901829,310.37138474062
109,"Cuba",1997,"Cardiovascular diseases","deaths",264.035457599102,288.432566352708,273.301911185971,299.199693726214
109,"Cuba",1998,"Cardiovascular diseases","deaths",257.014616988794,285.58676616161,267.771827734708,295.245636959442
109,"Cuba",1999,"Cardiovascular diseases","deaths",249.575124508431,284.257996511793,265.100625194263,295.705431703121
109,"Cuba",2000,"Cardiovascular diseases","deaths",239.711952929122,277.303766006068,259.03502820013,288.107970914406
109,"Cuba",2001,"Cardiovascular diseases","deaths",230.442938100232,270.753307520399,253.15117098918,281.819346415732
110,"Dominica",1990,"Cardiovascular diseases","deaths",260.349185709661,251.128520952945,233.429626496017,269.978639948543
110,"Dominica",1991,"Cardiovascular diseases","deaths",261.682110199569,254.315039499999,233.955071874437,273.491663776263
110,"Dominica",1992,"Cardiovascular diseases","deaths",261.833625766102,259.409354458853,237.966360974701,279.109741408273
110,"Dominica",1993,"Cardiovascular diseases","deaths",261.859016341926,266.093438803074,243.390929834208,285.34243114058
110,"Dominica",1994,"Cardiovascular diseases","deaths",260.978875328899,271.193356944652,248.547277004284,290.752916508467
110,"Dominica",1995,"Cardiovascular diseases","deaths",259.230480676503,276.158199421613,250.779708063636,294.437617879444
110,"Dominica",1996,"Cardiovascular diseases","deaths",256.343703647441,279.724249811655,255.386923556555,298.051005173705
110,"Dominica",1997,"Cardiovascular diseases","deaths",250.006948582965,268.0310213694,246.163135158046,287.548070944926
110,"Dominica",1998,"Cardiovascular diseases","deaths",247.491086096547,271.899051497979,250.115106161336,292.83214955381
110,"Dominica",1999,"Cardiovascular diseases","deaths",240.170323201776,273.947831574699,249.436658303497,293.925363650191
110,"Dominica",2000,"Cardiovascular diseases","deaths",235.764410028054,270.154064707708,244.603406990361,289.9242898327
110,"Dominica",2001,"Cardiovascular diseases","deaths",231.502626653448,266.204577711109,241.215256440684,286.876727844663
111,"Dominican Republic",1990,"Cardiovascular diseases","deaths",292.372764274505,150.65067695403,136.730416230594,160.932262708817
111,"Dominican Republic",1991,"Cardiovascular diseases","deaths",281.250285378947,147.649167531223,134.077726883687,157.455602076767
111,"Dominican Republic",1992,"Cardiovascular diseases","deaths",270.730757078349,144.602924789577,131.775262982173,154.427781100671
111,"Dominican Republic",1993,"Cardiovascular diseases","deaths",260.770463138294,141.638624225302,129.293067641697,150.959580437849
111,"Dominican Republic",1994,"Cardiovascular diseases","deaths",251.276267286729,138.971453421197,127.269678394333,148.303250245139
111,"Dominican Republic",1995,"Cardiovascular diseases","deaths",243.30611289,137.095115695762,125.045619381866,146.280561528432
111,"Dominican Republic",1996,"Cardiovascular diseases","deaths",236.402116894907,136.386044418008,124.529819200467,145.585257344491
111,"Dominican Republic",1997,"Cardiovascular diseases","deaths",229.600458949935,135.249286997053,123.106583191093,144.763176415042
111,"Dominican Republic",1998,"Cardiovascular diseases","deaths",223.983538755444,134.584891873976,122.755326915249,144.373694655161
111,"Dominican Republic",1999,"Cardiovascular diseases","deaths",219.798286994586,134.946647499316,123.882977927026,144.25831760258
111,"Dominican Republic",2000,"Cardiovascular diseases","deaths",218.856247949767,137.081032240807,126.200559148368,147.195747016811
111,"Dominican Republic",2001,"Cardiovascular diseases","deaths",217.034211484697,138.958794160929,128.728617578655,149.745007384117
122,"Ecuador",1990,"Cardiovascular diseases","deaths",221.330476600594,107.21329645008,103.086122397582,110.69577024155
122,"Ecuador",1991,"Cardiovascular diseases","deaths",232.523252038371,113.082832524117,108.701207876066,116.403918361277
122,"Ecuador",1992,"Cardiovascular diseases","deaths",234.374743853904,114.927590719642,110.365436068611,118.53742242049
122,"Ecuador",1993,"Cardiovascular diseases","deaths",234.088900327041,116.087250834813,111.101826449277,119.416504003128
122,"Ecuador",1994,"Cardiovascular diseases","deaths",237.184758403028,119.893156067472,114.889023555855,123.419505641238
122,"Ecuador",1995,"Cardiovascular diseases","deaths",218.551136272219,111.750449010152,106.985450281431,115.205779122637
122,"Ecuador",1996,"Cardiovascular diseases","deaths",208.310395308195,107.796859029884,103.222700522935,111.082346840886
122,"Ecuador",1997,"Cardiovascular diseases","deaths",202.752830980789,106.195937121765,101.810059904987,109.545591530846
122,"Ecuador",1998,"Cardiovascular diseases","deaths",205.164090748712,110.493241853402,106.248751132508,113.636063547792
122,"Ecuador",1999,"Cardiovascular diseases","deaths",209.158987991334,114.906910531879,110.754163392061,118.263864699552
122,"Ecuador",2000,"Cardiovascular diseases","deaths",204.064603936732,114.100582719742,109.230919043142,117.639727605698
122,"Ecuador",2001,"Cardiovascular diseases","deaths",197.567400105928,112.73245980599,107.811221137146,116.015865310145
127,"El Salvador",1990,"Cardiovascular diseases","deaths",230.121046179731,126.273986159809,112.620249709233,137.269973063392
127,"El Salvador",1991,"Cardiovascular diseases","deaths",230.560370833351,128.548410516384,115.213590981041,139.947941483851
127,"El Salvador",1992,"Cardiovascular diseases","deaths",225.870573750261,127.935932181261,115.178779888781,139.496696905552
127,"El Salvador",1993,"Cardiovascular diseases","deaths",219.913353811298,126.429135800141,113.630399998142,138.098668316071
127,"El Salvador",1994,"Cardiovascular diseases","deaths",211.729216909929,123.463979218357,110.600532030707,134.519313728166
127,"El Salvador",1995,"Cardiovascular diseases","deaths",203.944995021923,120.77713863191,108.61305785264,130.72189400741
127,"El Salvador",1996,"Cardiovascular diseases","deaths",197.608438363744,118.842492016556,106.981382889189,129.344380900243
127,"El Salvador",1997,"Cardiovascular diseases","deaths",190.730469845646,116.506857826418,104.954375174156,126.308590303694
127,"El Salvador",1998,"Cardiovascular diseases","deaths",184.513935248636,114.651395231256,103.627285980359,124.136612677016
127,"El Salvador",1999,"Cardiovascular diseases","deaths",181.132147373158,114.80620018247,104.307697265906,124.368954399916
127,"El Salvador",2000,"Cardiovascular diseases","deaths",175.147524378016,113.342027426917,102.944740750343,123.044236956414
127,"El Salvador",2001,"Cardiovascular diseases","deaths",171.155906831238,113.200622825232,102.07351690553,123.533852306579
172,"Equatorial Guinea",1990,"Cardiovascular diseases","deaths",395.64162203616,147.775742541542,104.637873170292,185.876820453216
172,"Equatorial Guinea",1991,"Cardiovascular diseases","deaths",393.869493433204,144.943691496037,104.997811023478,180.675022877244
172,"Equatorial Guinea",1992,"Cardiovascular diseases","deaths",390.758388860259,141.430500280992,104.920583168121,175.956269434147
172,"Equatorial Guinea",1993,"Cardiovascular diseases","deaths",388.207623559685,138.315735001872,104.245794288389,176.63383627526
172,"Equatorial Guinea",1994,"Cardiovascular diseases","deaths",377.976596880173,131.939765521185,100.256357957645,169.242280357328
172,"Equatorial Guinea",1995,"Cardiovascular diseases","deaths",377.802175061965,129.739803834823,99.3835414814977,164.861423117098
172,"Equatorial Guinea",1996,"Cardiovascular diseases","deaths",375.685162801836,126.927136009669,96.8693025068754,159.541110361737
172,"Equatorial Guinea",1997,"Cardiovascular diseases","deaths",379.105789295394,126.818942971282,97.7659430488789,157.036568960234
172,"Equatorial Guinea",1998,"Cardiovascular diseases","deaths",376.827856156231,124.359754389344,96.8102721019458,151.552729241143
172,"Equatorial Guinea",1999,"Cardiovascular diseases","deaths",378.60225332578,123.498866537655,96.8017031999365,151.344521615661
172,"Equatorial Guinea",2000,"Cardiovascular diseases","deaths",378.642097865126,121.782005931746,95.5868016658001,147.565695817102
172,"Equatorial Guinea",2001,"Cardiovascular diseases","deaths",367.298104865607,116.700405344738,92.1774511235731,142.038380346975
22,"Fiji",1990,"Cardiovascular diseases","deaths",421.798132526325,179.34026850758,156.54789598536,205.471468338385
22,"Fiji",1991,"Cardiovascular diseases","deaths",423.912144157713,182.621405057723,159.90357676521,207.171450299297
22,"Fiji",1992,"Cardiovascular diseases","deaths",427.33573908985,186.912711609517,163.999100719162,209.07495062255
22,"Fiji",1993,"Cardiovascular diseases","deaths",430.170241508511,190.53914946328,167.943031172193,210.33742296208
22,"Fiji",1994,"Cardiovascular diseases","deaths",434.120366150356,194.830164085612,172.213843063886,213.364437080392
22,"Fiji",1995,"Cardiovascular diseases","deaths",436.643075186342,198.8946061439,176.532766488409,217.914359335616
22,"Fiji",1996,"Cardiovascular diseases","deaths",436.054516238331,201.819472808239,180.308188156631,221.202610384582
22,"Fiji",1997,"Cardiovascular diseases","deaths",436.655069283484,205.922041232833,184.271492401284,225.688728966182
22,"Fiji",1998,"Cardiovascular diseases","deaths",442.354855893156,212.973734208455,190.346636238186,231.521604170281
22,"Fiji",1999,"Cardiovascular diseases","deaths",442.244807686913,217.207831882927,194.760884713766,234.869146552559
22,"Fiji",2000,"Cardiovascular diseases","deaths",436.66735077907,219.696521199821,199.041617079346,236.32440306629
22,"Fiji",2001,"Cardiovascular diseases","deaths",437.880360157884,225.233031496583,205.583166563526,240.950828735178
173,"Gabon",1990,"Cardiovascular diseases","deaths",244.531144067981,119.032334986617,86.4375148551652,146.262096950607
173,"Gabon",1991,"Cardiovascular diseases","deaths",246.07745826067,120.652571670489,90.1241925449927,149.936141246019
173,"Gabon",1992,"Cardiovascular diseases","deaths",243.859607431468,120.060500676413,91.6918877354961,149.795172833911
173,"Gabon",1993,"Cardiovascular diseases","deaths",234.23050456489,115.350298840858,89.0528431068886,144.097913601016
173,"Gabon",1994,"Cardiovascular diseases","deaths",232.695245771429,115.261168962554,89.0587920711654,144.616904452511
173,"Gabon",1995,"Cardiovascular diseases","deaths",236.068777543106,117.773752900918,89.7706424657724,147.74917210799
173,"Gabon",1996,"Cardiovascular diseases","deaths",231.667792733459,116.062276011851,87.1512894565509,143.640616650196
173,"Gabon",1997,"Cardiovascular diseases","deaths",233.443902818892,117.684075015865,88.4093086432528,144.659184872475
173,"Gabon",1998,"Cardiovascular diseases","deaths",231.039243675691,117.027415602723,86.7185879005025,147.1497973799
173,"Gabon",1999,"Cardiovascular diseases","deaths",223.562818180331,113.53719690199,84.1065902047118,142.304485435667
173,"Gabon",2000,"Cardiovascular diseases","deaths",224.377633723504,114.544668095327,87.219500035977,141.37755973587
173,"Gabon",2001,"Cardiovascular diseases","deaths",224.718593278225,115.669345504018,89.0640541477711,144.68100419028
35,"Georgia",1990,"Cardiovascular diseases","deaths",714.991966610076,653.118683722284,608.762204988868,685.200146614912
35,"Georgia",1991,"Cardiovascular diseases","deaths",707.186523402793,666.665447579917,627.786676039352,698.920197952865
35,"Georgia",1992,"Cardiovascular diseases","deaths",702.380868207835,680.767706564391,641.91349971388,713.162076542523
35,"Georgia",1993,"Cardiovascular diseases","deaths",675.939648632707,673.36992923237,637.216620516649,708.64988878319
35,"Georgia",1994,"Cardiovascular diseases","deaths",651.205152886385,669.576103881224,631.024310876938,704.49372555423
35,"Georgia",1995,"Cardiovascular diseases","deaths",627.959023719797,664.994569000524,628.489269515794,703.586294491049
35,"Georgia",1996,"Cardiovascular diseases","deaths",626.322191614939,686.754986097616,648.348021220755,723.561731400061
35,"Georgia",1997,"Cardiovascular diseases","deaths",624.516060363166,707.625662918928,668.999647449731,747.110351289653
35,"Georgia",1998,"Cardiovascular diseases","deaths",625.760650603574,733.473028586769,692.932466424756,773.758623177425
35,"Georgia",1999,"Cardiovascular diseases","deaths",632.277019266976,765.146471572493,720.993706555239,811.5757275356
35,"Georgia",2000,"Cardiovascular diseases","deaths",632.166286750311,786.292306634131,740.205316548784,835.123845239121
35,"Georgia",2001,"Cardiovascular diseases","deaths",627.773926317401,803.934259921865,763.861027953751,848.644314974927
112,"Grenada",1990,"Cardiovascular diseases","deaths",364.052124051659,282.254904616311,262.48150095624,300.81673939598
112,"Grenada",1991,"Cardiovascular diseases","deaths",384.927899300998,300.838785578087,280.893902799339,319.80189831026
112,"Grenada",1992,"Cardiovascular diseases","deaths",370.367989782177,292.644947340063,274.602352627683,312.112661802805
112,"Grenada",1993,"Cardiovascular diseases","deaths",357.706884071654,286.590885960382,268.774570356244,304.275262449779
112,"Grenada",1994,"Cardiovascular diseases","deaths",350.963524952435,285.471908682877,264.843432271018,304.536233738401
112,"Grenada",1995,"Cardiovascular diseases","deaths",339.774964217616,279.474129339391,257.945903663325,296.98558557364
112,"Grenada",1996,"Cardiovascular diseases","deaths",316.47983414831,254.938022733117,235.496626205077,270.817652100829
112,"Grenada",1997,"Cardiovascular diseases","deaths",311.61659144386,261.466292107549,243.406934486715,277.318148373945
112,"Grenada",1998,"Cardiovascular diseases","deaths",303.218660806516,270.410994368796,253.845599444723,289.005996105501
112,"Grenada",1999,"Cardiovascular diseases","deaths",283.559752599685,254.024425974336,237.713220560615,271.471958120691
112,"Grenada",2000,"Cardiovascular diseases","deaths",272.558889987663,248.883995076504,233.719607847439,266.496665084509
112,"Grenada",2001,"Cardiovascular diseases","deaths",266.74537861265,244.571750830777,226.74004914537,260.409193752095
128,"Guatemala",1990,"Cardiovascular diseases","deaths",230.834726112474,79.6726792823406,74.689086144973,84.0278956709295
128,"Guatemala",1991,"Cardiovascular diseases","deaths",238.832591124912,83.9259147943648,79.4486233382926,87.7371683890419
128,"Guatemala",1992,"Cardiovascular diseases","deaths",246.044216794781,86.8146718677264,82.7973685109499,90.8774317093411
128,"Guatemala",1993,"Cardiovascular diseases","deaths",250.353121555191,89.4270648116121,85.1675357046577,93.7325294237667
128,"Guatemala",1994,"Cardiovascular diseases","deaths",243.0858279383,86.1361347915191,81.8095996532756,90.7206316241527
128,"Guatemala",1995,"Cardiovascular diseases","deaths",234.604265629758,81.2453443215726,76.2963115033181,84.9818322188227
128,"Guatemala",1996,"Cardiovascular diseases","deaths",225.407526732091,77.9051429549639,73.7494733256533,81.8133063059651
128,"Guatemala",1997,"Cardiovascular diseases","deaths",213.842416851715,75.5304787352888,71.8552040857133,79.1306288011261
128,"Guatemala",1998,"Cardiovascular diseases","deaths",213.386771082279,76.7780498918107,72.6891600280696,80.6918867613755
128,"Guatemala",1999,"Cardiovascular diseases","deaths",205.858501302084,75.2463506992257,71.452717244082,79.0685221800729
128,"Guatemala",2000,"Cardiovascular diseases","deaths",185.134924035286,67.4216067147622,63.6459741763543,70.7998429423792
128,"Guatemala",2001,"Cardiovascular diseases","deaths",177.032404757325,65.7479100458953,61.6079259653591,69.2533779519548
11,"Indonesia",1990,"Cardiovascular diseases","deaths",326.683862635186,152.431694845849,126.78776475511,179.188754238632
11,"Indonesia",1991,"Cardiovascular diseases","deaths",322.867227722458,152.749801943714,128.18635523166,178.828385140433
11,"Indonesia",1992,"Cardiovascular diseases","deaths",319.936071786208,153.737249556161,128.260743705812,179.515687925364
11,"Indonesia",1993,"Cardiovascular diseases","deaths",316.381208409788,154.538635509887,130.992043312031,178.506448240462
11,"Indonesia",1994,"Cardiovascular diseases","deaths",312.837783505337,155.450942855891,132.881333474352,177.682421541667
11,"Indonesia",1995,"Cardiovascular diseases","deaths",309.528835042833,156.521559588126,131.934995974671,178.043621002664
11,"Indonesia",1996,"Cardiovascular diseases","deaths",307.123595799066,158.36991809637,133.796887472396,179.61865655868
11,"Indonesia",1997,"Cardiovascular diseases","deaths",305.431044994235,160.663607220138,134.745827165676,181.937661899149
11,"Indonesia",1998,"Cardiovascular diseases","deaths",302.048840508586,161.989877356053,138.061046769115,185.857163603137
11,"Indonesia",1999,"Cardiovascular diseases","deaths",299.240163892723,163.531614228575,139.4651632336,187.260864549826
11,"Indonesia",2000,"Cardiovascular diseases","deaths",297.382595108793,165.403385787561,141.771193998034,188.170439551223
11,"Indonesia",2001,"Cardiovascular diseases","deaths",295.522420063016,167.165611003582,143.352713334628,191.263847435018
142,"Iran (Islamic Republic of)",1990,"Cardiovascular diseases","deaths",530.821606681781,182.890441877509,158.239502403988,205.858178184224
142,"Iran (Islamic Republic of)",1991,"Cardiovascular diseases","deaths",503.029628891078,175.304922095899,152.628857772484,196.908357955839
142,"Iran (Islamic Republic of)",1992,"Cardiovascular diseases","deaths",489.417156275634,172.997642499143,148.69366772778,194.238230973916
142,"Iran (Islamic Republic of)",1993,"Cardiovascular diseases","deaths",476.692334252257,173.109101477255,149.61724475777,193.183690701099
142,"Iran (Islamic Republic of)",1994,"Cardiovascular diseases","deaths",464.235196572925,175.656604803726,151.820522703471,194.473700816842
142,"Iran (Islamic Republic of)",1995,"Cardiovascular diseases","deaths",452.76737203324,178.533187124799,155.043694443975,196.607473399997
142,"Iran (Islamic Republic of)",1996,"Cardiovascular diseases","deaths",442.446483765117,179.833841241698,156.735549867213,198.60472275293
142,"Iran (Islamic Republic of)",1997,"Cardiovascular diseases","deaths",432.853359665712,180.826962497669,157.85431877242,199.028904316641
142,"Iran (Islamic Republic of)",1998,"Cardiovascular diseases","deaths",424.44358445266,182.023390602796,159.856766255177,200.672066152592
142,"Iran (Islamic Republic of)",1999,"Cardiovascular diseases","deaths",414.861277357952,182.560716256799,161.199761283359,200.633221773754
142,"Iran (Islamic Republic of)",2000,"Cardiovascular diseases","deaths",405.396289717259,183.049266122017,161.956843822661,200.84877504407
142,"Iran (Islamic Republic of)",2001,"Cardiovascular diseases","deaths",394.643559230787,182.682305530785,162.861634560623,200.721397336336
143,"Iraq",1990,"Cardiovascular diseases","deaths",544.833299784709,207.55447944618,179.206494904565,232.401049004231
143,"Iraq",1991,"Cardiovascular diseases","deaths",543.940746147437,207.935308822528,179.957896552376,232.212750598399
143,"Iraq",1992,"Cardiovascular diseases","deaths",550.035712318218,211.875453600001,182.972032946291,235.87990661496
143,"Iraq",1993,"Cardiovascular diseases","deaths",554.192785940139,211.980725556118,184.520586692721,235.757982605402
143,"Iraq",1994,"Cardiovascular diseases","deaths",555.830017157888,208.135619362914,183.0649835396,231.23261342589
143,"Iraq",1995,"Cardiovascular diseases","deaths",558.919205228691,205.153792683669,181.875120856519,227.503236752976
143,"Iraq",1996,"Cardiovascular diseases","deaths",562.090777730205,204.96020825372,180.945818623945,228.024273296091
143,"Iraq",1997,"Cardiovascular diseases","deaths",564.46077442941,204.781662527609,180.151377888411,227.331623950645
143,"Iraq",1998,"Cardiovascular diseases","deaths",565.919436359627,204.489411758066,180.924166433926,228.651818008724
143,"Iraq",1999,"Cardiovascular diseases","deaths",565.649659846276,203.648636675065,180.655079301995,228.163273238517
143,"Iraq",2000,"Cardiovascular diseases","deaths",564.127984801151,202.243763803335,180.143550547286,225.746508388178
143,"Iraq",2001,"Cardiovascular diseases","deaths",560.359994784276,200.434058984563,179.571314592368,223.026884658371
115,"Jamaica",1990,"Cardiovascular diseases","deaths",252.670060022947,199.680400448259,188.382814274075,210.033096041742
115,"Jamaica",1991,"Cardiovascular diseases","deaths",235.637322465086,187.573100189614,176.362160837261,198.473452132069
115,"Jamaica",1992,"Cardiovascular diseases","deaths",229.996610677033,185.302236809394,172.154037948141,196.141641531305
115,"Jamaica",1993,"Cardiovascular diseases","deaths",227.959196112811,185.585146017832,171.549014545914,198.751791696866
115,"Jamaica",1994,"Cardiovascular diseases","deaths",226.182062252478,185.826548085895,170.993901554997,200.475719079741
115,"Jamaica",1995,"Cardiovascular diseases","deaths",215.18261180743,178.378469713594,165.222391313777,191.820050479667
115,"Jamaica",1996,"Cardiovascular diseases","deaths",186.201987501088,155.999499492603,142.921819853499,167.642924909811
115,"Jamaica",1997,"Cardiovascular diseases","deaths",175.930242359383,149.105469508437,136.620692548757,160.147560574854
115,"Jamaica",1998,"Cardiovascular diseases","deaths",178.399336740841,152.908494956672,140.023723250368,163.316262987182
115,"Jamaica",1999,"Cardiovascular diseases","deaths",180.584801471569,156.380695743866,144.110094214417,165.959954370564
115,"Jamaica",2000,"Cardiovascular diseases","deaths",183.568435119734,163.235089960993,149.443038066723,173.551487864648
115,"Jamaica",2001,"Cardiovascular diseases","deaths",184.590757123998,166.669080086037,151.032205390997,177.623933938995
36,"Kazakhstan",1990,"Cardiovascular diseases","deaths",533.703872964535,332.480136013356,317.263207040128,344.610844730684
36,"Kazakhstan",1991,"Cardiovascular diseases","deaths",563.833655002573,358.087775272766,344.080334060236,369.491642672298
36,"Kazakhstan",1992,"Cardiovascular diseases","deaths",596.541158229788,383.724062790351,368.998635276069,397.063470903911
36,"Kazakhstan",1993,"Cardiovascular diseases","deaths",660.233895241583,432.875815007548,414.604520334326,445.526717650438
36,"Kazakhstan",1994,"Cardiovascular diseases","deaths",715.832601061948,475.683471706212,458.645658762808,488.589610169524
36,"Kazakhstan",1995,"Cardiovascular diseases","deaths",737.183097263255,495.228896846447,479.179953913667,508.78685209497
36,"Kazakhstan",1996,"Cardiovascular diseases","deaths",735.635893761235,497.428535579206,481.131884228207,510.737279473435
36,"Kazakhstan",1997,"Cardiovascular diseases","deaths",716.788261987311,485.705851556624,470.478805331151,498.72606304728
36,"Kazakhstan",1998,"Cardiovascular diseases","deaths",699.877323388281,477.093923088582,460.821663164053,490.75700501633
36,"Kazakhstan",1999,"Cardiovascular diseases","deaths",696.825282284092,481.434600505727,465.452083140052,494.764312217494
36,"Kazakhstan",2000,"Cardiovascular diseases","deaths",681.605192201095,477.250043578253,463.568640705837,488.969489456122
36,"Kazakhstan",2001,"Cardiovascular diseases","deaths",679.437331197155,482.106359737006,467.031866153479,495.952008219797
147,"Libya",1990,"Cardiovascular diseases","deaths",434.114682708455,181.715878154785,164.691649262928,202.145845024491
147,"Libya",1991,"Cardiovascular diseases","deaths",426.312425354414,180.227971407632,161.577979295501,198.730485663424
147,"Libya",1992,"Cardiovascular diseases","deaths",418.210117282528,178.966693242013,160.956189760807,196.22960488612
147,"Libya",1993,"Cardiovascular diseases","deaths",411.600858783326,178.483462329592,160.404465605951,194.124766019509
147,"Libya",1994,"Cardiovascular diseases","deaths",404.330940741654,177.72619995359,159.033706203708,193.47245975974
147,"Libya",1995,"Cardiovascular diseases","deaths",399.308027040771,177.100204059915,158.121521783942,192.742677104413
147,"Libya",1996,"Cardiovascular diseases","deaths",397.120100293191,177.223627291819,157.642251965223,192.449690442051
147,"Libya",1997,"Cardiovascular diseases","deaths",394.843320287627,176.925434273553,157.688270869277,193.501271555434
147,"Libya",1998,"Cardiovascular diseases","deaths",398.197363496793,179.326691472712,159.995119824762,196.980659753999
147,"Libya",1999,"Cardiovascular diseases","deaths",399.088026157006,180.791468882957,161.679035691505,198.922032264663
147,"Libya",2000,"Cardiovascular diseases","deaths",397.211359867048,180.274084160897,162.484350595552,199.715707253612
147,"Libya",2001,"Cardiovascular diseases","deaths",398.040530543065,180.910296084474,162.273497434318,201.180912829874
13,"Malaysia",1990,"Cardiovascular diseases","deaths",389.325527685276,164.944198859035,140.457835121661,186.213014998891
13,"Malaysia",1991,"Cardiovascular diseases","deaths",382.841347430137,163.679510134922,141.595175168535,184.410157752245
13,"Malaysia",1992,"Cardiovascular diseases","deaths",374.931119455833,160.902857890525,139.536873582948,181.703523466233
13,"Malaysia",1993,"Cardiovascular diseases","deaths",369.522414466689,158.864949478423,138.85588536033,178.055185676961
13,"Malaysia",1994,"Cardiovascular diseases","deaths",368.65572224712,158.843738592838,139.505788298428,178.092423314498
13,"Malaysia",1995,"Cardiovascular diseases","deaths",363.795666448142,157.324022679529,138.5153107451,176.932559405255
13,"Malaysia",1996,"Cardiovascular diseases","deaths",356.382559182644,156.153649113538,138.543522788017,174.534602022561
13,"Malaysia",1997,"Cardiovascular diseases","deaths",348.891685682121,153.989904545576,137.368027520108,170.692872132629
13,"Malaysia",1998,"Cardiovascular diseases","deaths",352.889029049641,157.228549721573,141.07394964326,173.3218554347
13,"Malaysia",1999,"Cardiovascular diseases","deaths",354.161183220282,158.669371785562,143.474005305939,172.906933276865
13,"Malaysia",2000,"Cardiovascular diseases","deaths",350.497155483012,157.523943791535,143.137536314317,172.257370344049
13,"Malaysia",2001,"Cardiovascular diseases","deaths",343.397435766599,155.483612313987,141.557267040337,168.5537876696
14,"Maldives",1990,"Cardiovascular diseases","deaths",442.338343211729,150.138249944017,123.282561986284,171.667658996569
14,"Maldives",1991,"Cardiovascular diseases","deaths",446.306911783899,152.139238072878,125.69602227206,173.491716325793
14,"Maldives",1992,"Cardiovascular diseases","deaths",447.312338410876,153.17927680937,128.375509704025,174.26896314847
14,"Maldives",1993,"Cardiovascular diseases","deaths",442.883084348333,152.999299709817,125.858043185672,173.972373048546
14,"Maldives",1994,"Cardiovascular diseases","deaths",440.11311199337,153.242086950585,126.570812449703,172.636243598734
14,"Maldives",1995,"Cardiovascular diseases","deaths",438.962570069374,154.799990763053,127.345739209569,172.490704632872
14,"Maldives",1996,"Cardiovascular diseases","deaths",431.125314987359,155.214291155333,127.746746060037,173.123856707906
14,"Maldives",1997,"Cardiovascular diseases","deaths",424.347059135701,154.736029544786,128.981153137159,172.907738934078
14,"Maldives",1998,"Cardiovascular diseases","deaths",412.923006120596,152.335382229522,128.81924104364,169.93779012331
14,"Maldives",1999,"Cardiovascular diseases","deaths",396.878441807322,149.953789391653,128.382510901439,165.944235094066
14,"Maldives",2000,"Cardiovascular diseases","deaths",387.557857800036,150.216404953173,130.908270200331,164.986755995485
14,"Maldives",2001,"Cardiovascular diseases","deaths",381.275157397874,152.660005396561,134.7006987953,168.15109728423
24,"Marshall Islands",1990,"Cardiovascular diseases","deaths",682.564990517247,204.7927226113,165.236480874539,247.760024559192
24,"Marshall Islands",1991,"Cardiovascular diseases","deaths",682.730318514893,203.424861757503,163.428740269105,246.453370921107
24,"Marshall Islands",1992,"Cardiovascular diseases","deaths",682.299257979429,202.041825417524,161.020627583265,245.193194173517
24,"Marshall Islands",1993,"Cardiovascular diseases","deaths",682.504406224718,200.979917952285,160.626737145467,245.431562698738
24,"Marshall Islands",1994,"Cardiovascular diseases","deaths",690.675243397203,202.02113573504,160.522675713214,245.239050350749
24,"Marshall Islands",1995,"Cardiovascular diseases","deaths",689.086217629802,200.331503976448,160.100691388837,241.139355095525
24,"Marshall Islands",1996,"Cardiovascular diseases","deaths",690.713843003599,199.890073891235,159.052811385593,239.645442516483
24,"Marshall Islands",1997,"Cardiovascular diseases","deaths",693.27657334766,199.941161988729,160.071314036645,239.638310789496
24,"Marshall Islands",1998,"Cardiovascular diseases","deaths",698.820775666709,201.159312971834,160.153967269547,242.06064654152
24,"Marshall Islands",1999,"Cardiovascular diseases","deaths",700.652668895428,201.034919508929,158.913087340509,242.103188939041
24,"Marshall Islands",2000,"Cardiovascular diseases","deaths",715.64935402486,205.121127120642,160.808713717826,246.628430400264
24,"Marshall Islands",2001,"Cardiovascular diseases","deaths",702.568830907152,201.59968746942,159.542482232028,241.729802530838
183,"Mauritius",1990,"Cardiovascular diseases","deaths",382.099926239529,218.597198385912,209.369595668325,226.087495213655
183,"Mauritius",1991,"Cardiovascular diseases","deaths",348.233565672778,198.698730021376,191.961034669432,205.91550365331
183,"Mauritius",1992,"Cardiovascular diseases","deaths",334.974298988827,193.589843274069,186.830501561081,200.600563952705
183,"Mauritius",1993,"Cardiovascular diseases","deaths",349.158573033152,206.592864009924,198.155738420408,212.902484009279
183,"Mauritius",1994,"Cardiovascular diseases","deaths",342.039593983327,206.230529781424,197.549358442281,213.935303709764
183,"Mauritius",1995,"Cardiovascular diseases","deaths",335.327280606944,205.468079830918,196.992835335277,213.11284235422
183,"Mauritius",1996,"Cardiovascular diseases","deaths",334.437905641991,208.363874578781,198.93935113112,216.136422718016
183,"Mauritius",1997,"Cardiovascular diseases","deaths",338.693586327921,216.088062298079,205.397913012172,224.955372615369
183,"Mauritius",1998,"Cardiovascular diseases","deaths",330.562743856348,217.06779717024,206.887476555403,225.957416381155
183,"Mauritius",1999,"Cardiovascular diseases","deaths",312.869611327054,209.556200771769,199.220537312643,218.182953176368
183,"Mauritius",2000,"Cardiovascular diseases","deaths",293.065612687319,201.000371152377,191.488362778267,209.418100295159
183,"Mauritius",2001,"Cardiovascular diseases","deaths",286.329197294372,201.035387010801,191.713292072466,209.334224113155
130,"Mexico",1990,"Cardiovascular diseases","deaths",182.311310054448,84.8973304925951,81.2494345925067,87.9444505585266
130,"Mexico",1991,"Cardiovascular diseases","deaths",181.836988544485,85.0871544042133,81.4874337192975,88.16543620439
130,"Mexico",1992,"Cardiovascular diseases","deaths",182.863477632836,85.5493706313488,82.0977192387476,88.4136026166532
130,"Mexico",1993,"Cardiovascular diseases","deaths",184.63801123179,86.5061328042027,82.8383261817117,89.3257258422239
130,"Mexico",1994,"Cardiovascular diseases","deaths",186.995417349919,87.624959022321,83.78670532216,90.6146831870273
130,"Mexico",1995,"Cardiovascular diseases","deaths",188.812066713277,89.5800837707921,85.4460122041393,92.6029918157842
130,"Mexico",1996,"Cardiovascular diseases","deaths",189.355645910507,91.4419428617624,87.1272619890306,94.7089880471608
130,"Mexico",1997,"Cardiovascular diseases","deaths",186.438864423238,91.6816837960832,87.5112172411518,95.0438197847413
130,"Mexico",1998,"Cardiovascular diseases","deaths",179.508980295927,91.5601425078015,86.7157290635355,94.6889448920337
130,"Mexico",1999,"Cardiovascular diseases","deaths",172.541795030828,90.6081444994626,86.0344654392494,94.1358217707445
130,"Mexico",2000,"Cardiovascular diseases","deaths",162.896775147393,88.4881147922715,83.4096333040145,91.9557179287224
130,"Mexico",2001,"Cardiovascular diseases","deaths",157.352481851097,89.3282887327832,84.2972206535377,92.8954230268117
38,"Mongolia",1990,"Cardiovascular diseases","deaths",562.943284497219,233.104276406186,208.388703064791,257.912217360827
38,"Mongolia",1991,"Cardiovascular diseases","deaths",594.74962831574,244.31766919983,218.730834159523,265.636861372316
38,"Mongolia",1992,"Cardiovascular diseases","deaths",619.006461786024,249.81598026426,225.620101479185,273.392449628885
38,"Mongolia",1993,"Cardiovascular diseases","deaths",627.751367767176,249.47281502355,228.896704217037,271.247811440689
38,"Mongolia",1994,"Cardiovascular diseases","deaths",623.886249758675,244.250821690188,225.984455233341,265.416614404456
38,"Mongolia",1995,"Cardiovascular diseases","deaths",647.929076156352,251.260148408607,231.867280177626,273.814496774606
38,"Mongolia",1996,"Cardiovascular diseases","deaths",664.800035688168,256.872348365085,235.18533208411,276.909323574037
38,"Mongolia",1997,"Cardiovascular diseases","deaths",669.872298020606,256.422301309627,234.75735951851,280.773280627532
38,"Mongolia",1998,"Cardiovascular diseases","deaths",662.097119573826,252.787542603351,229.256790071641,276.863394227923
38,"Mongolia",1999,"Cardiovascular diseases","deaths",655.416692690629,249.392707229922,225.957130170023,271.547488103105
38,"Mongolia",2000,"Cardiovascular diseases","deaths",654.340508833586,250.382821366239,224.677833293714,274.455039582641
38,"Mongolia",2001,"Cardiovascular diseases","deaths",654.705377259105,254.774456107017,231.129218002651,278.206941658112
50,"Montenegro",1990,"Cardiovascular diseases","deaths",509.23077281066,375.966947246063,349.996492405193,400.878437499402
50,"Montenegro",1991,"Cardiovascular diseases","deaths",508.655019980564,360.909462252999,335.635568848305,383.725007481827
50,"Montenegro",1992,"Cardiovascular diseases","deaths",507.655686297369,376.892282274196,352.733368880543,401.92215177387
50,"Montenegro",1993,"Cardiovascular diseases","deaths",512.148929273558,397.277580457304,373.064882494723,421.51556639545
50,"Montenegro",1994,"Cardiovascular diseases","deaths",518.459797758656,420.756283822351,395.675909182845,444.750655542565
50,"Montenegro",1995,"Cardiovascular diseases","deaths",520.019677538994,442.202387359623,415.49178217461,466.692125321566
50,"Montenegro",1996,"Cardiovascular diseases","deaths",520.430585226913,414.647114995794,388.589141638715,438.561360194598
50,"Montenegro",1997,"Cardiovascular diseases","deaths",519.313059626129,458.232940745822,432.432077960612,482.338614828217
50,"Montenegro",1998,"Cardiovascular diseases","deaths",518.882239035589,478.887931388246,450.215253485241,504.497557512729
50,"Montenegro",1999,"Cardiovascular diseases","deaths",508.833539018935,470.830270579146,442.364421390915,495.625380597163
50,"Montenegro",2000,"Cardiovascular diseases","deaths",503.526652093999,483.152820361477,454.523580635837,507.199443937915
50,"Montenegro",2001,"Cardiovascular diseases","deaths",502.416642431945,484.844296139294,455.023652697278,507.800054611573
195,"Namibia",1990,"Cardiovascular diseases","deaths",295.737328483159,126.957187774367,103.694297494661,155.808699214746
195,"Namibia",1991,"Cardiovascular diseases","deaths",294.634992143133,127.15880602861,102.591697512513,154.69153683264
195,"Namibia",1992,"Cardiovascular diseases","deaths",292.079470143779,126.470261579306,101.465206698889,152.438561525708
195,"Namibia",1993,"Cardiovascular diseases","deaths",286.359854173677,124.218437757015,100.178568901913,150.001290932173
195,"Namibia",1994,"Cardiovascular diseases","deaths",281.345494523613,122.166754778926,100.192737639373,146.870503248956
195,"Namibia",1995,"Cardiovascular diseases","deaths",273.539851089687,118.888228788618,97.2147880970945,142.664413466195
195,"Namibia",1996,"Cardiovascular diseases","deaths",267.649094046144,116.743888803941,95.8248389737707,140.057433398787
195,"Namibia",1997,"Cardiovascular diseases","deaths",264.092126830857,115.817142598255,94.2642779092482,139.930877095555
195,"Namibia",1998,"Cardiovascular diseases","deaths",260.504677943076,115.041560964208,93.0117387480626,139.083832403587
195,"Namibia",1999,"Cardiovascular diseases","deaths",259.095901644124,115.355175564862,93.1734393068132,140.203650905697
195,"Namibia",2000,"Cardiovascular diseases","deaths",258.632459578596,116.181494892885,93.9038881283436,141.077768122959
195,"Namibia",2001,"Cardiovascular diseases","deaths",254.825870338514,115.555527420103,94.0503701799605,139.002980026031
49,"North Macedonia",1990,"Cardiovascular diseases","deaths",594.868964723407,410.309870107611,390.714585825477,433.199528251315
49,"North Macedonia",1991,"Cardiovascular diseases","deaths",596.639046070908,420.177694943092,402.024093978516,437.600078188853
49,"North Macedonia",1992,"Cardiovascular diseases","deaths",601.441994137011,452.381802003486,431.688616162447,470.861135649881
49,"North Macedonia",1993,"Cardiovascular diseases","deaths",607.292762902034,452.85174803995,429.27967387287,472.636538221733
49,"North Macedonia",1994,"Cardiovascular diseases","deaths",608.453796800808,463.936960106268,438.824805141279,482.607866502918
49,"North Macedonia",1995,"Cardiovascular diseases","deaths",613.00867057531,488.206498537523,465.301166393554,508.36725859755
49,"North Macedonia",1996,"Cardiovascular diseases","deaths",611.905519217989,487.645321712787,464.692633027841,508.498869818091
49,"North Macedonia",1997,"Cardiovascular diseases","deaths",608.923054093903,504.126985935162,480.456023166192,523.222332380037
49,"North Macedonia",1998,"Cardiovascular diseases","deaths",602.058028096869,502.749449792812,475.447984619799,521.489645294279
49,"North Macedonia",1999,"Cardiovascular diseases","deaths",598.1313557783,503.534653377013,475.283370168759,522.317815183937
49,"North Macedonia",2000,"Cardiovascular diseases","deaths",592.809406411671,509.718231708066,482.363434557933,528.224441017084
49,"North Macedonia",2001,"Cardiovascular diseases","deaths",584.34523006695,493.843099647864,469.149820429455,512.288391233283
136,"Paraguay",1990,"Cardiovascular diseases","deaths",277.523431780344,136.183131962579,120.201324355108,148.454253697832
136,"Paraguay",1991,"Cardiovascular diseases","deaths",274.269682608093,135.953365595041,119.712710209082,147.98916028686
136,"Paraguay",1992,"Cardiovascular diseases","deaths",271.491165953965,136.094144882448,120.217178123358,146.943489373424
136,"Paraguay",1993,"Cardiovascular diseases","deaths",271.306953930111,137.575745756395,121.677275584431,147.966552197893
136,"Paraguay",1994,"Cardiovascular diseases","deaths",272.147100817364,139.516435381069,125.178185746083,149.883027062983
136,"Paraguay",1995,"Cardiovascular diseases","deaths",268.744483320149,139.269476507519,125.164224717257,149.135598420936
136,"Paraguay",1996,"Cardiovascular diseases","deaths",262.156130957444,137.601771744952,124.447300294325,146.641451664348
136,"Paraguay",1997,"Cardiovascular diseases","deaths",254.465678674453,135.292138884934,124.189132047764,144.578220538565
136,"Paraguay",1998,"Cardiovascular diseases","deaths",247.253641200102,133.392226746939,122.279389499554,141.794217481883
136,"Paraguay",1999,"Cardiovascular diseases","deaths",238.886104528818,130.773334203678,119.869543467207,139.593287034407
136,"Paraguay",2000,"Cardiovascular diseases","deaths",231.221952808055,128.573628378501,118.217391921442,137.874820217495
136,"Paraguay",2001,"Cardiovascular diseases","deaths",224.839381118723,127.319673043094,116.354097795613,136.614094609801
123,"Peru",1990,"Cardiovascular diseases","deaths",145.340962207086,75.9394909359235,67.8083802322037,83.2052140879312
123,"Peru",1991,"Cardiovascular diseases","deaths",149.84151016357,76.1078570430793,67.452036106546,83.834129255359
123,"Peru",1992,"Cardiovascular diseases","deaths",149.804433778723,82.0659363061298,72.3740915995459,90.1984364222877
123,"Peru",1993,"Cardiovascular diseases","deaths",151.581111532879,83.53261952157,73.5457999833496,91.7272394753754
123,"Peru",1994,"Cardiovascular diseases","deaths",151.421820434165,84.1373506397199,74.5285680961318,92.0491487599072
123,"Peru",1995,"Cardiovascular diseases","deaths",149.899721157123,86.9522601300404,78.7147258691102,94.8576417459945
123,"Peru",1996,"Cardiovascular diseases","deaths",148.265621505712,87.5713327571502,79.7112076155406,95.1603916847016
123,"Peru",1997,"Cardiovascular diseases","deaths",137.942514332763,82.1903152740495,75.0892142290205,89.3674403211572
123,"Peru",1998,"Cardiovascular diseases","deaths",128.931536293694,79.7033461609729,73.0848807150898,86.8690074598198
123,"Peru",1999,"Cardiovascular diseases","deaths",118.908086702328,72.8900824218189,66.4511973577083,80.5922413923147
123,"Peru",2000,"Cardiovascular diseases","deaths",110.18320678407,68.6971021972886,62.2270042124883,75.4186408413697
123,"Peru",2001,"Cardiovascular diseases","deaths",104.179530174919,65.9483884814525,60.1940772348275,72.5967956701591
61,"Republic of Moldova",1990,"Cardiovascular diseases","deaths",594.19834777821,471.48674928196,451.412002323761,491.34850130841
61,"Republic of Moldova",1991,"Cardiovascular diseases","deaths",621.71894171122,502.349330032579,481.186007736766,524.697016626768
61,"Republic of Moldova",1992,"Cardiovascular diseases","deaths",641.709893557236,523.962223201831,501.574643966747,543.603394261236
61,"Republic of Moldova",1993,"Cardiovascular diseases","deaths",684.158921999416,570.856475564416,547.978517584631,590.02376842839
61,"Republic of Moldova",1994,"Cardiovascular diseases","deaths",722.886317436037,616.1571766328,588.616533395977,640.125854268177
61,"Republic of Moldova",1995,"Cardiovascular diseases","deaths",733.68485702167,637.788685819637,614.708154161362,658.688631052284
61,"Republic of Moldova",1996,"Cardiovascular diseases","deaths",701.72444586306,621.478706420844,596.648981888351,641.503357688659
61,"Republic of Moldova",1997,"Cardiovascular diseases","deaths",656.924702785424,592.864575851623,567.94522403458,610.525726583028
61,"Republic of Moldova",1998,"Cardiovascular diseases","deaths",615.096044999478,571.432140802263,545.806637704901,590.636157216468
61,"Republic of Moldova",1999,"Cardiovascular diseases","deaths",603.894815741283,582.262057996227,555.616634242537,603.997159813271
61,"Republic of Moldova",2000,"Cardiovascular diseases","deaths",592.415963771259,591.550323692254,565.217602808566,611.974524964992
61,"Republic of Moldova",2001,"Cardiovascular diseases","deaths",577.047810541046,596.532376750637,571.460278764748,618.40844618194
116,"Saint Lucia",1990,"Cardiovascular diseases","deaths",350.443192635235,237.366492160819,223.057271626238,252.237709803899
116,"Saint Lucia",1991,"Cardiovascular diseases","deaths",338.32802864141,231.83638126846,218.510125656689,246.348177339595
116,"Saint Lucia",1992,"Cardiovascular diseases","deaths",320.404937503914,218.921824321204,205.570335144646,234.04764833726
116,"Saint Lucia",1993,"Cardiovascular diseases","deaths",311.602661369358,221.776393266503,207.451931206481,237.562248208964
116,"Saint Lucia",1994,"Cardiovascular diseases","deaths",307.776097016821,221.940416943276,207.78871667183,236.997876313171
116,"Saint Lucia",1995,"Cardiovascular diseases","deaths",296.511153766659,215.432740267584,202.382293217033,228.038886607527
116,"Saint Lucia",1996,"Cardiovascular diseases","deaths",283.255141928381,214.846164240958,202.600255552461,227.873720197228
116,"Saint Lucia",1997,"Cardiovascular diseases","deaths",272.006381049481,208.574165003412,193.682425051213,222.963948959056
116,"Saint Lucia",1998,"Cardiovascular diseases","deaths",258.758853020256,200.334129816241,184.914239042476,213.675487410081
116,"Saint Lucia",1999,"Cardiovascular diseases","deaths",251.282823553562,196.006964688007,182.038123733531,208.570229705712
116,"Saint Lucia",2000,"Cardiovascular diseases","deaths",229.219461741583,179.602601075378,166.845499411818,191.773928089761
116,"Saint Lucia",2001,"Cardiovascular diseases","deaths",220.671452056065,183.974488185099,171.38680793629,196.251744298224
117,"Saint Vincent and the Grenadines",1990,"Cardiovascular diseases","deaths",333.663183421758,228.006456207793,210.745963858792,243.341907553191
117,"Saint Vincent and the Grenadines",1991,"Cardiovascular diseases","deaths",334.006699976739,228.568688686607,210.808684407228,242.569882018136
117,"Saint Vincent and the Grenadines",1992,"Cardiovascular diseases","deaths",337.510432602853,230.531805959246,214.272323892395,244.807304112552
117,"Saint Vincent and the Grenadines",1993,"Cardiovascular diseases","deaths",343.30288484842,239.676266402715,222.941622875993,256.34853552486
117,"Saint Vincent and the Grenadines",1994,"Cardiovascular diseases","deaths",345.884261104954,247.118076072436,230.277472817695,265.829135637354
117,"Saint Vincent and the Grenadines",1995,"Cardiovascular diseases","deaths",341.344671679369,249.703076424452,229.891960613069,267.777773621359
117,"Saint Vincent and the Grenadines",1996,"Cardiovascular diseases","deaths",327.205314012383,237.482803971854,219.991383990537,254.190954733638
117,"Saint Vincent and the Grenadines",1997,"Cardiovascular diseases","deaths",330.879094401271,251.282471058668,234.860681571752,269.467038904941
117,"Saint Vincent and the Grenadines",1998,"Cardiovascular diseases","deaths",321.197102084684,246.779479082907,232.963832633579,264.340447852697
117,"Saint Vincent and the Grenadines",1999,"Cardiovascular diseases","deaths",306.105578153245,238.546074711073,223.155123917375,254.387223857609
117,"Saint Vincent and the Grenadines",2000,"Cardiovascular diseases","deaths",293.69099429557,225.118690619459,210.664883814345,240.159884821053
117,"Saint Vincent and the Grenadines",2001,"Cardiovascular diseases","deaths",284.757214258567,226.548404724202,209.893710364955,240.82017654022
53,"Serbia",1990,"Cardiovascular diseases","deaths",727.348059069014,606.455961706094,553.82749962259,649.269250899167
53,"Serbia",1991,"Cardiovascular diseases","deaths",725.362409283777,616.472944444452,558.070979449785,662.590195842339
53,"Serbia",1992,"Cardiovascular diseases","deaths",727.545061160683,636.390872514402,580.656331453327,683.306962752601
53,"Serbia",1993,"Cardiovascular diseases","deaths",735.521652071178,650.339592286457,593.295885049857,703.416157181823
53,"Serbia",1994,"Cardiovascular diseases","deaths",737.438612248489,659.257899427094,603.857550779476,709.781595457874
53,"Serbia",1995,"Cardiovascular diseases","deaths",739.478217507471,680.928025460985,629.670559820388,726.490277356913
53,"Serbia",1996,"Cardiovascular diseases","deaths",741.894908731166,691.674573979676,636.812422630392,736.313948887321
53,"Serbia",1997,"Cardiovascular diseases","deaths",741.725027294878,696.18770640834,648.588223116953,731.985576569127
53,"Serbia",1998,"Cardiovascular diseases","deaths",732.00792963092,699.143991493483,654.02966663233,727.849844990389
53,"Serbia",1999,"Cardiovascular diseases","deaths",716.282103384752,710.365523983356,671.223599585374,741.339277253922
53,"Serbia",2000,"Cardiovascular diseases","deaths",703.55283324083,728.258036674323,686.957709683265,758.375837580808
53,"Serbia",2001,"Cardiovascular diseases","deaths",690.819066516954,705.952891914967,665.438439780847,737.976826478639
196,"South Africa",1990,"Cardiovascular diseases","deaths",233.748092310136,117.546415823776,104.567614618003,132.704105773638
196,"South Africa",1991,"Cardiovascular diseases","deaths",233.03300645623,118.385866058184,104.838743898976,133.643255445648
196,"South Africa",1992,"Cardiovascular diseases","deaths",230.732642721558,118.695894420581,107.197709832665,132.440780494636
196,"South Africa",1993,"Cardiovascular diseases","deaths",240.654484767349,125.918411872948,114.173614901278,139.924102761687
196,"South Africa",1994,"Cardiovascular diseases","deaths",246.47377429658,131.111031957542,119.271946706185,145.198577938259
196,"South Africa",1995,"Cardiovascular diseases","deaths",249.751688463174,134.324197122217,122.237312684122,147.893918730974
196,"South Africa",1996,"Cardiovascular diseases","deaths",266.818635068914,145.259659675428,132.623815330969,156.997900220898
196,"South Africa",1997,"Cardiovascular diseases","deaths",265.119726897571,144.894196302541,132.319916509442,156.219577083
196,"South Africa",1998,"Cardiovascular diseases","deaths",271.143364921932,148.425348676713,136.146948138324,159.986448521749
196,"South Africa",1999,"Cardiovascular diseases","deaths",266.189187608249,146.067740434543,134.176278682046,156.941091691126
196,"South Africa",2000,"Cardiovascular diseases","deaths",259.322739884762,142.756437058182,130.894096295411,153.168199512484
196,"South Africa",2001,"Cardiovascular diseases","deaths",257.171179028001,142.627455498161,129.886878253822,153.327575240617
118,"Suriname",1990,"Cardiovascular diseases","deaths",314.543697087912,193.708048854111,177.48356860766,207.01929880543
118,"Suriname",1991,"Cardiovascular diseases","deaths",313.432415019631,192.898807909415,177.358999351869,206.577562117233
118,"Suriname",1992,"Cardiovascular diseases","deaths",314.783968133146,196.608020296234,180.001361275342,211.005159346449
118,"Suriname",1993,"Cardiovascular diseases","deaths",308.04358712448,195.633677458894,177.608654618899,210.822654294389
118,"Suriname",1994,"Cardiovascular diseases","deaths",307.561493902013,199.741551103514,182.669001546045,214.310916425785
118,"Suriname",1995,"Cardiovascular diseases","deaths",309.982978183023,195.501807848597,180.848522121956,208.175395556139
118,"Suriname",1996,"Cardiovascular diseases","deaths",308.263951209685,196.192478954381,181.60193682657,207.869230864819
118,"Suriname",1997,"Cardiovascular diseases","deaths",306.537586724075,195.578582750663,181.024018411619,206.983216163225
118,"Suriname",1998,"Cardiovascular diseases","deaths",303.666307555369,194.440415875205,180.095765264719,206.302598975263
118,"Suriname",1999,"Cardiovascular diseases","deaths",301.446590949548,194.799419288494,181.391909822906,205.42495050147
118,"Suriname",2000,"Cardiovascular diseases","deaths",290.917606136863,188.946935221783,177.024714625743,199.580605568779
118,"Suriname",2001,"Cardiovascular diseases","deaths",286.929190992631,190.229712167741,178.477389825437,200.379690738011
18,"Thailand",1990,"Cardiovascular diseases","deaths",230.009765910017,119.371592144255,98.1647204945881,140.514810848776
18,"Thailand",1991,"Cardiovascular diseases","deaths",232.477796861799,123.691327881811,102.348791753709,144.012354237339
18,"Thailand",1992,"Cardiovascular diseases","deaths",236.637987070286,128.920531637248,108.304772629961,149.602994636455
18,"Thailand",1993,"Cardiovascular diseases","deaths",237.730886958715,132.818578893073,112.782917541416,153.274707272252
18,"Thailand",1994,"Cardiovascular diseases","deaths",241.956760295372,138.585428522578,119.329337285056,160.948567260187
18,"Thailand",1995,"Cardiovascular diseases","deaths",241.616821821369,142.040302750534,122.366120993784,163.527660689616
18,"Thailand",1996,"Cardiovascular diseases","deaths",221.491211173696,133.707248245549,114.716192780667,152.980621674393
18,"Thailand",1997,"Cardiovascular diseases","deaths",195.643691705383,120.467740367758,103.380564617765,136.893435198762
18,"Thailand",1998,"Cardiovascular diseases","deaths",200.746863180705,126.179475294926,108.501557632001,142.495007896549
18,"Thailand",1999,"Cardiovascular diseases","deaths",221.210096569544,144.403306002782,125.086587743308,163.005143045682
18,"Thailand",2000,"Cardiovascular diseases","deaths",226.621199965319,153.59137665462,135.022373042411,173.403987404598
18,"Thailand",2001,"Cardiovascular diseases","deaths",225.9085113185,158.224033599212,139.786460088557,177.336371194045
29,"Tonga",1990,"Cardiovascular diseases","deaths",338.700448999898,172.781981451132,147.309247965864,200.834905700045
29,"Tonga",1991,"Cardiovascular diseases","deaths",338.840276018246,175.399351912917,149.620502957193,204.218343187049
29,"Tonga",1992,"Cardiovascular diseases","deaths",339.706438303557,178.270958880306,152.081741190166,207.241870389363
29,"Tonga",1993,"Cardiovascular diseases","deaths",339.458641179673,180.786846434037,155.271260575004,209.832566544001
29,"Tonga",1994,"Cardiovascular diseases","deaths",339.059958328238,183.114733823064,157.00299954248,212.356526988993
29,"Tonga",1995,"Cardiovascular diseases","deaths",340.016200453749,185.87137336425,160.571640909036,213.729134347595
29,"Tonga",1996,"Cardiovascular diseases","deaths",340.908001769619,188.875089705833,163.151645007336,214.807065142886
29,"Tonga",1997,"Cardiovascular diseases","deaths",341.230122168206,191.787274826984,163.866983337845,218.679602092091
29,"Tonga",1998,"Cardiovascular diseases","deaths",339.60741658875,193.435182810857,164.200773910563,222.267071768264
29,"Tonga",1999,"Cardiovascular diseases","deaths",339.148939655032,195.452435106241,167.332611987129,223.881293852906
29,"Tonga",2000,"Cardiovascular diseases","deaths",339.056229252074,197.366326801766,170.576929660775,225.722196427151
29,"Tonga",2001,"Cardiovascular diseases","deaths",338.477718453681,198.97428494646,171.93533138233,225.306714228111
40,"Turkmenistan",1990,"Cardiovascular diseases","deaths",584.783446596114,259.608456156268,247.005795969228,269.496489828771
40,"Turkmenistan",1991,"Cardiovascular diseases","deaths",600.993934411588,275.250683078655,263.450336571989,286.650997279572
40,"Turkmenistan",1992,"Cardiovascular diseases","deaths",629.259935044939,290.979618167712,278.030067918029,303.349124682227
40,"Turkmenistan",1993,"Cardiovascular diseases","deaths",670.403885777831,321.986202171676,305.433710882921,335.264084999637
40,"Turkmenistan",1994,"Cardiovascular diseases","deaths",680.641106075235,329.499738009467,315.764387325255,343.482604451612
40,"Turkmenistan",1995,"Cardiovascular diseases","deaths",691.099570130413,330.904530062957,316.340291818049,344.991922922504
40,"Turkmenistan",1996,"Cardiovascular diseases","deaths",696.707956582441,340.661765731605,327.250094567263,354.219054908309
40,"Turkmenistan",1997,"Cardiovascular diseases","deaths",689.580781880635,320.165124081605,307.272430824836,332.730845786703
40,"Turkmenistan",1998,"Cardiovascular diseases","deaths",676.581373706091,315.321017147969,302.787117037921,328.875383149465
40,"Turkmenistan",1999,"Cardiovascular diseases","deaths",663.945558386166,296.099199514164,284.513272354733,308.470010151907
40,"Turkmenistan",2000,"Cardiovascular diseases","deaths",664.493615236409,309.217451532327,297.21088619767,321.635248588401
40,"Turkmenistan",2001,"Cardiovascular diseases","deaths",664.764871228971,314.802301054642,301.960652264108,329.238237089651
416,"Tuvalu",1990,"Cardiovascular diseases","deaths",708.245597621136,404.423253665562,334.230132427818,477.150440474309
416,"Tuvalu",1991,"Cardiovascular diseases","deaths",728.087793362158,423.123879600131,352.125641367129,495.036087125725
416,"Tuvalu",1992,"Cardiovascular diseases","deaths",731.726392810048,434.297368668545,362.805761318998,505.800701149413
416,"Tuvalu",1993,"Cardiovascular diseases","deaths",738.540642840217,445.322742120079,377.51313882885,515.958232926529
416,"Tuvalu",1994,"Cardiovascular diseases","deaths",742.191335570488,454.603925835409,387.905584963561,523.60316986573
416,"Tuvalu",1995,"Cardiovascular diseases","deaths",744.384037540958,462.121816763085,391.255786784753,531.810334984912
416,"Tuvalu",1996,"Cardiovascular diseases","deaths",748.997516710381,470.470094622551,394.2461962001,540.560288795228
416,"Tuvalu",1997,"Cardiovascular diseases","deaths",753.02998895926,476.904185086881,401.069880714729,543.677634466143
416,"Tuvalu",1998,"Cardiovascular diseases","deaths",756.524286706251,481.967273303359,410.070769739407,549.523968170247
416,"Tuvalu",1999,"Cardiovascular diseases","deaths",754.350514995276,482.097453070844,417.947080109392,549.597556605213
416,"Tuvalu",2000,"Cardiovascular diseases","deaths",756.541556811728,483.965439002992,416.599449304637,548.456525317633
416,"Tuvalu",2001,"Cardiovascular diseases","deaths",752.529669730876,480.636612139769,414.388477409491,543.368106926821
155,"T<c3><bc>rkiye",1990,"Cardiovascular diseases","deaths",441.965706803635,213.948657225847,174.472558265729,244.789217823342
155,"T<c3><bc>rkiye",1991,"Cardiovascular diseases","deaths",432.40643047846,210.395611448059,173.920375557698,240.592556169152
155,"T<c3><bc>rkiye",1992,"Cardiovascular diseases","deaths",426.681137761102,209.894858041765,173.615921862879,238.772145170988
155,"T<c3><bc>rkiye",1993,"Cardiovascular diseases","deaths",420.377278085933,210.001021532006,175.813768030721,237.803047289966
155,"T<c3><bc>rkiye",1994,"Cardiovascular diseases","deaths",416.358549303837,211.148855023377,176.44928894754,238.6992615959
155,"T<c3><bc>rkiye",1995,"Cardiovascular diseases","deaths",410.23541974707,210.852407712406,179.449990246149,238.699952795722
155,"T<c3><bc>rkiye",1996,"Cardiovascular diseases","deaths",395.252344867772,206.041217033118,176.205403213496,232.134220812739
155,"T<c3><bc>rkiye",1997,"Cardiovascular diseases","deaths",387.397689462951,205.071078094547,176.376519863796,228.919524877878
155,"T<c3><bc>rkiye",1998,"Cardiovascular diseases","deaths",381.351177161288,205.273520506107,179.393582965044,230.470568428173
155,"T<c3><bc>rkiye",1999,"Cardiovascular diseases","deaths",361.025778126786,197.936885187112,174.086893347133,222.009464718546
155,"T<c3><bc>rkiye",2000,"Cardiovascular diseases","deaths",350.010460327691,195.938869490368,175.40158198037,218.670871947779
155,"T<c3><bc>rkiye",2001,"Cardiovascular diseases","deaths",333.217224834212,190.420415197921,171.321284798514,211.007271386995
63,"Ukraine",1990,"Cardiovascular diseases","deaths",630.927661899183,781.334532693693,750.742616056253,803.185381204662
63,"Ukraine",1991,"Cardiovascular diseases","deaths",656.125753270322,825.790250530657,792.463359399145,851.518647344752
63,"Ukraine",1992,"Cardiovascular diseases","deaths",677.076317861034,862.103201067335,831.865447104851,888.39712205577
63,"Ukraine",1993,"Cardiovascular diseases","deaths",716.093181547432,925.533201077868,888.786782927606,953.769698326534
63,"Ukraine",1994,"Cardiovascular diseases","deaths",737.913123607364,961.131472230404,921.829738293506,990.220295707356
63,"Ukraine",1995,"Cardiovascular diseases","deaths",749.622364044387,982.398518452936,941.852432632301,1013.49707536874
63,"Ukraine",1996,"Cardiovascular diseases","deaths",744.040766831037,977.015136937274,938.646920697374,1008.47650228757
63,"Ukraine",1997,"Cardiovascular diseases","deaths",728.03898990639,959.79045725004,924.530858285791,985.81172115725
63,"Ukraine",1998,"Cardiovascular diseases","deaths",703.020009661208,934.656523775343,903.107720069998,958.054344502241
63,"Ukraine",1999,"Cardiovascular diseases","deaths",703.841196406988,951.557664669489,917.120388651657,974.48588786688
63,"Ukraine",2000,"Cardiovascular diseases","deaths",704.447595011144,970.056620968357,932.143873478639,996.590847214535
63,"Ukraine",2001,"Cardiovascular diseases","deaths",687.482577392006,959.438813585931,921.117531876267,983.298117322476
133,"Venezuela (Bolivarian Republic of)",1990,"Cardiovascular diseases","deaths",381.724006845617,139.90073213618,135.158800137299,144.705131438551
133,"Venezuela (Bolivarian Republic of)",1991,"Cardiovascular diseases","deaths",376.678184086519,140.181795797184,134.574086699589,144.598397865896
133,"Venezuela (Bolivarian Republic of)",1992,"Cardiovascular diseases","deaths",370.455336025531,140.341489889086,134.949017082982,144.831198829577
133,"Venezuela (Bolivarian Republic of)",1993,"Cardiovascular diseases","deaths",363.736793433059,140.197199042918,134.053383679703,144.558841177121
133,"Venezuela (Bolivarian Republic of)",1994,"Cardiovascular diseases","deaths",360.88450415616,141.40425390114,134.504484620933,145.672641594555
133,"Venezuela (Bolivarian Republic of)",1995,"Cardiovascular diseases","deaths",348.675569801636,142.194116548684,135.28228679,146.918920095135
133,"Venezuela (Bolivarian Republic of)",1996,"Cardiovascular diseases","deaths",333.266967335474,140.44604330738,133.295320369483,144.946294842284
133,"Venezuela (Bolivarian Republic of)",1997,"Cardiovascular diseases","deaths",318.595060517322,135.932954984145,129.223063381709,140.745149881676
133,"Venezuela (Bolivarian Republic of)",1998,"Cardiovascular diseases","deaths",305.066009335495,132.647097529447,126.496914934024,137.002838393831
133,"Venezuela (Bolivarian Republic of)",1999,"Cardiovascular diseases","deaths",317.166593446382,139.999374478743,134.013836260718,144.396606925284
133,"Venezuela (Bolivarian Republic of)",2000,"Cardiovascular diseases","deaths",292.604791915518,130.418143369507,124.820188647411,134.73378089031
133,"Venezuela (Bolivarian Republic of)",2001,"Cardiovascular diseases","deaths",288.46751360842,132.798489775371,126.614078511733,136.95724291501
43,"Albania",2002,"Cardiovascular diseases","deaths",366.626534255753,274.843991436673,253.691995837896,293.235212716481
43,"Albania",2003,"Cardiovascular diseases","deaths",369.946694883671,311.272372633696,288.021457566346,331.865024049676
43,"Albania",2004,"Cardiovascular diseases","deaths",366.85018761957,313.749000745003,290.056327411847,333.012758349702
43,"Albania",2005,"Cardiovascular diseases","deaths",361.363196513577,317.994901722191,293.000769195263,338.197604219166
43,"Albania",2006,"Cardiovascular diseases","deaths",350.535823874337,318.205043450342,291.205102388842,338.442771170445
43,"Albania",2007,"Cardiovascular diseases","deaths",339.308717571122,283.658443088104,259.046620492916,303.143051878952
43,"Albania",2008,"Cardiovascular diseases","deaths",335.587707650045,309.646305003269,284.523683556237,330.692668829399
43,"Albania",2009,"Cardiovascular diseases","deaths",329.671624587408,312.44158320361,286.069334613219,335.758474353377
43,"Albania",2010,"Cardiovascular diseases","deaths",323.389705010048,328.68065854943,299.772838290054,353.837844277956
43,"Albania",2011,"Cardiovascular diseases","deaths",318.098172250098,344.268739979669,310.329423756488,371.375930846623
43,"Albania",2012,"Cardiovascular diseases","deaths",313.247728012038,361.043201627923,322.342380983288,391.645697525404
43,"Albania",2013,"Cardiovascular diseases","deaths",308.357676897319,379.235541432998,339.670656814001,414.644455506969
139,"Algeria",2002,"Cardiovascular diseases","deaths",433.214325331432,206.146316711453,180.566958873882,231.287123181261
139,"Algeria",2003,"Cardiovascular diseases","deaths",423.639597997952,206.233121241052,177.396666191865,232.744622963512
139,"Algeria",2004,"Cardiovascular diseases","deaths",414.156126463837,206.47392960096,177.227463174154,235.396435405174
139,"Algeria",2005,"Cardiovascular diseases","deaths",403.801192162872,206.063120336267,175.825793098889,235.958792984508
139,"Algeria",2006,"Cardiovascular diseases","deaths",396.469157807888,207.166414890347,176.548763435722,236.479320033271
139,"Algeria",2007,"Cardiovascular diseases","deaths",391.650060605073,209.718839030176,179.39967530906,239.212854456827
139,"Algeria",2008,"Cardiovascular diseases","deaths",386.67438154401,211.977795412611,182.723379572047,242.162655555066
139,"Algeria",2009,"Cardiovascular diseases","deaths",382.579558814988,214.94408709472,183.769094316665,244.921680990452
139,"Algeria",2010,"Cardiovascular diseases","deaths",380.008853657463,218.647599940718,186.98161027075,248.080777113442
139,"Algeria",2011,"Cardiovascular diseases","deaths",376.328723072715,221.575182706973,190.575484631073,251.088278809739
139,"Algeria",2012,"Cardiovascular diseases","deaths",374.436278217697,225.431530107166,194.07919758165,256.151691935941
139,"Algeria",2013,"Cardiovascular diseases","deaths",370.195526128558,227.361921315673,194.587114140387,258.768693932589
97,"Argentina",2002,"Cardiovascular diseases","deaths",233.125742974019,243.79363889078,227.612876892454,254.537354499507
97,"Argentina",2003,"Cardiovascular diseases","deaths",230.498184398368,246.411636124997,230.073157455308,257.68553994824
97,"Argentina",2004,"Cardiovascular diseases","deaths",218.029902165902,234.054304460218,219.723955978362,244.888912799795
97,"Argentina",2005,"Cardiovascular diseases","deaths",209.363447762822,226.308043885452,212.126205456348,236.419916516705
97,"Argentina",2006,"Cardiovascular diseases","deaths",204.973459549285,223.506881868376,209.704981799117,234.334213549877
97,"Argentina",2007,"Cardiovascular diseases","deaths",210.593151796158,234.946364868486,219.426723625281,246.0558905529
97,"Argentina",2008,"Cardiovascular diseases","deaths",198.942042485854,220.331962260696,206.143202039002,230.456216711742
97,"Argentina",2009,"Cardiovascular diseases","deaths",194.345837820397,216.954388608498,202.105193122966,227.260316690557
97,"Argentina",2010,"Cardiovascular diseases","deaths",198.055141766215,227.647246320234,212.34167325401,238.19574749711
97,"Argentina",2011,"Cardiovascular diseases","deaths",192.76918539304,223.012906995461,207.752511976942,233.049316810339
97,"Argentina",2012,"Cardiovascular diseases","deaths",186.572991265025,217.341483256806,201.571136755025,227.245163253689
97,"Argentina",2013,"Cardiovascular diseases","deaths",181.579047892514,214.827594390576,199.030510076247,224.973191134786
33,"Armenia",2002,"Cardiovascular diseases","deaths",441.535215269866,395.462651441562,370.859472647917,415.463457825452
33,"Armenia",2003,"Cardiovascular diseases","deaths",437.526059547602,406.483654036393,387.530935466963,426.056451631038
33,"Armenia",2004,"Cardiovascular diseases","deaths",433.891988307826,416.703900903447,396.579523933911,432.294174246486
33,"Armenia",2005,"Cardiovascular diseases","deaths",421.474245543896,421.462354385962,399.085908372415,437.596033036744
33,"Armenia",2006,"Cardiovascular diseases","deaths",412.427835132007,427.597008575973,404.394120359316,447.247239016209
33,"Armenia",2007,"Cardiovascular diseases","deaths",407.224685479734,435.75851485888,410.084484686289,454.566827653656
33,"Armenia",2008,"Cardiovascular diseases","deaths",397.323985312562,438.212394973777,412.939014408384,456.821699118821
33,"Armenia",2009,"Cardiovascular diseases","deaths",385.88838463792,438.018523060162,414.637652838755,457.687278355033
33,"Armenia",2010,"Cardiovascular diseases","deaths",374.094271867192,439.80821269703,413.299731136504,461.025194210371
33,"Armenia",2011,"Cardiovascular diseases","deaths",360.788911738177,438.156615003911,412.622980058855,460.964206621757
33,"Armenia",2012,"Cardiovascular diseases","deaths",348.10469141062,436.771942009253,406.753160342312,457.682744834968
33,"Armenia",2013,"Cardiovascular diseases","deaths",334.205064790218,431.883579988979,404.999597684404,455.9974686281
34,"Azerbaijan",2002,"Cardiovascular diseases","deaths",538.170141629818,345.392047689998,326.027804061252,363.08691476967
34,"Azerbaijan",2003,"Cardiovascular diseases","deaths",550.938752678956,355.845907143872,334.093433471132,374.363414703342
34,"Azerbaijan",2004,"Cardiovascular diseases","deaths",559.886618261943,363.068485601829,341.204621820076,383.30560881624
34,"Azerbaijan",2005,"Cardiovascular diseases","deaths",566.83662870681,367.879528094276,346.419812047081,388.426963760919
34,"Azerbaijan",2006,"Cardiovascular diseases","deaths",563.530246863317,368.469756783651,344.267574183353,390.116077268212
34,"Azerbaijan",2007,"Cardiovascular diseases","deaths",550.241710670067,360.808418926467,337.631135564398,383.695826822209
34,"Azerbaijan",2008,"Cardiovascular diseases","deaths",537.869382779105,355.457672922634,331.856983780853,378.495373850658
34,"Azerbaijan",2009,"Cardiovascular diseases","deaths",529.631776114047,352.796551268575,327.368207574276,376.053114372673
34,"Azerbaijan",2010,"Cardiovascular diseases","deaths",523.098897877082,350.348758057738,322.4498764564,377.441516055193
34,"Azerbaijan",2011,"Cardiovascular diseases","deaths",518.561410520883,351.297887222603,322.809916595774,378.413678784526
34,"Azerbaijan",2012,"Cardiovascular diseases","deaths",512.244413883391,348.853102773516,317.44837392173,373.550169450425
34,"Azerbaijan",2013,"Cardiovascular diseases","deaths",502.555240879827,344.709195221387,315.58059450552,365.843348114365
57,"Belarus",2002,"Cardiovascular diseases","deaths",671.061138508067,867.561240166456,834.45703151888,887.712811535405
57,"Belarus",2003,"Cardiovascular diseases","deaths",666.074470539341,873.39968940941,841.764362243735,894.989375066627
57,"Belarus",2004,"Cardiovascular diseases","deaths",636.887003484033,849.59544183928,817.296557632177,873.560142821286
57,"Belarus",2005,"Cardiovascular diseases","deaths",611.383676392669,827.92812885247,795.058163010646,848.431783030407
57,"Belarus",2006,"Cardiovascular diseases","deaths",604.04503646855,832.987158302062,797.949512350994,853.744970784116
57,"Belarus",2007,"Cardiovascular diseases","deaths",592.205112592227,829.556617216653,792.490095661196,852.325000855224
57,"Belarus",2008,"Cardiovascular diseases","deaths",584.780132133803,835.753498447744,800.261912291669,857.570835350939
57,"Belarus",2009,"Cardiovascular diseases","deaths",586.279524784038,854.716150652374,815.684110339987,876.229811296177
57,"Belarus",2010,"Cardiovascular diseases","deaths",585.05496089237,866.674317667484,822.838830453988,890.732442014854
57,"Belarus",2011,"Cardiovascular diseases","deaths",561.34338030041,841.718299064158,798.196836591417,868.896666184355
57,"Belarus",2012,"Cardiovascular diseases","deaths",543.066537997972,829.007508373071,791.35187918607,851.918454934935
57,"Belarus",2013,"Cardiovascular diseases","deaths",527.413464069857,818.396935784487,776.914789693459,842.787076107994
108,"Belize",2002,"Cardiovascular diseases","deaths",251.276101907336,122.08799792637,115.830843224772,128.33098692617
108,"Belize",2003,"Cardiovascular diseases","deaths",244.971402153757,120.702199335047,113.466610217023,127.084294603812
108,"Belize",2004,"Cardiovascular diseases","deaths",232.954028254192,112.700045774522,106.048305590067,118.590435032221
108,"Belize",2005,"Cardiovascular diseases","deaths",226.536270527728,110.110604546641,103.379049683291,116.433649399074
108,"Belize",2006,"Cardiovascular diseases","deaths",212.895398731541,106.930366852143,100.395214516064,112.897646372783
108,"Belize",2007,"Cardiovascular diseases","deaths",208.202737985622,101.313087507257,94.8398131618234,107.6092565664
108,"Belize",2008,"Cardiovascular diseases","deaths",202.039042982174,100.604037045014,93.8692410275221,106.655602880701
108,"Belize",2009,"Cardiovascular diseases","deaths",204.254777551173,103.407454443963,96.6754339306418,110.000103865743
108,"Belize",2010,"Cardiovascular diseases","deaths",194.597601377801,101.621165137339,94.3001977720663,107.7944202677
108,"Belize",2011,"Cardiovascular diseases","deaths",193.421941795527,101.506832041527,94.2281248021219,108.244561328025
108,"Belize",2012,"Cardiovascular diseases","deaths",188.422820355612,99.2216889802214,91.3275662630297,104.997591727378
108,"Belize",2013,"Cardiovascular diseases","deaths",186.952026789682,98.996206176142,91.4204259764134,105.018494401847
44,"Bosnia and Herzegovina",2002,"Cardiovascular diseases","deaths",400.934959951362,381.343873328182,354.736465977991,404.967605527748
44,"Bosnia and Herzegovina",2003,"Cardiovascular diseases","deaths",397.352237692737,391.548752690797,365.016658780542,415.112310968773
44,"Bosnia and Herzegovina",2004,"Cardiovascular diseases","deaths",394.940624548889,402.041235188012,376.350296982962,424.143284791096
44,"Bosnia and Herzegovina",2005,"Cardiovascular diseases","deaths",392.68159260379,415.754927672986,388.309518201847,439.661419289496
44,"Bosnia and Herzegovina",2006,"Cardiovascular diseases","deaths",385.990045438603,415.870556246226,386.122352156573,439.884343235667
44,"Bosnia and Herzegovina",2007,"Cardiovascular diseases","deaths",378.769158862045,426.256023306527,397.699747661145,450.178989312049
44,"Bosnia and Herzegovina",2008,"Cardiovascular diseases","deaths",369.432108130907,433.514097354962,406.799920122238,459.596929784345
44,"Bosnia and Herzegovina",2009,"Cardiovascular diseases","deaths",362.111841234437,441.413022314155,411.049629430852,469.825880449676
44,"Bosnia and Herzegovina",2010,"Cardiovascular diseases","deaths",355.26654833886,452.848349434441,421.987518950097,479.822139720567
44,"Bosnia and Herzegovina",2011,"Cardiovascular diseases","deaths",352.028665414381,467.200353656898,435.947947162503,495.956980570811
44,"Bosnia and Herzegovina",2012,"Cardiovascular diseases","deaths",342.379960013026,479.026298050313,445.989679076956,507.181837203728
44,"Bosnia and Herzegovina",2013,"Cardiovascular diseases","deaths",335.090005211302,488.980429229283,453.707827370909,516.265557286229
193,"Botswana",2002,"Cardiovascular diseases","deaths",234.677801307565,114.702752759969,94.5920829432256,135.992606421625
193,"Botswana",2003,"Cardiovascular diseases","deaths",217.824534871295,106.79778320721,88.8477790137709,126.749338287819
193,"Botswana",2004,"Cardiovascular diseases","deaths",200.496921205502,98.9425092584816,82.4778243597727,117.239520514993
193,"Botswana",2005,"Cardiovascular diseases","deaths",190.419966706074,95.1767564428223,79.631101092225,112.975232843014
193,"Botswana",2006,"Cardiovascular diseases","deaths",205.403297640499,104.050706526819,86.4172034421456,122.111241898155
193,"Botswana",2007,"Cardiovascular diseases","deaths",177.518186235664,91.6379636509618,76.0649735202054,108.46400664578
193,"Botswana",2008,"Cardiovascular diseases","deaths",171.398781172821,90.1484691228469,73.6991840870571,107.034852828832
193,"Botswana",2009,"Cardiovascular diseases","deaths",167.77839967436,90.0222819398297,73.0678808008779,108.467012924993
193,"Botswana",2010,"Cardiovascular diseases","deaths",163.287229334044,89.2328464645048,72.7161179874811,108.362071971149
193,"Botswana",2011,"Cardiovascular diseases","deaths",160.703565214282,89.7018038368934,73.4345316990247,108.483220492574
193,"Botswana",2012,"Cardiovascular diseases","deaths",159.213231101849,90.6668127053051,74.1403368234182,109.496593301908
193,"Botswana",2013,"Cardiovascular diseases","deaths",156.022309659344,90.6691000090604,73.805582423836,108.333128669043
135,"Brazil",2002,"Cardiovascular diseases","deaths",236.749678332294,162.461100032842,151.378179850575,169.715780213427
135,"Brazil",2003,"Cardiovascular diseases","deaths",233.259308591236,163.866103779098,152.681304796706,171.416233409053
135,"Brazil",2004,"Cardiovascular diseases","deaths",229.252830062198,164.848191633057,153.741630843981,171.954475669073
135,"Brazil",2005,"Cardiovascular diseases","deaths",217.950019727283,159.864982614175,148.746919670663,166.886645045121
135,"Brazil",2006,"Cardiovascular diseases","deaths",214.097614284864,161.380084422312,150.210605545013,168.159208709622
135,"Brazil",2007,"Cardiovascular diseases","deaths",209.465714011217,162.070748620303,150.854167354732,169.072821482526
135,"Brazil",2008,"Cardiovascular diseases","deaths",205.356530221473,163.453941948196,151.63893886948,170.754947200754
135,"Brazil",2009,"Cardiovascular diseases","deaths",200.24964197556,163.965649307559,151.714329273965,171.686246315601
135,"Brazil",2010,"Cardiovascular diseases","deaths",196.725676803361,166.10288070875,153.424303611931,173.89715444695
135,"Brazil",2011,"Cardiovascular diseases","deaths",192.785978175062,167.64914308256,155.051186132168,175.144609593025
135,"Brazil",2012,"Cardiovascular diseases","deaths",185.450651397738,165.496337775345,153.124573056729,173.917504157837
135,"Brazil",2013,"Cardiovascular diseases","deaths",180.58202965041,166.284589831458,153.323079527918,174.338977428918
6,"China",2002,"Cardiovascular diseases","deaths",361.614517211769,268.579103849874,243.512974055736,299.306508142461
6,"China",2003,"Cardiovascular diseases","deaths",345.754356946107,264.522345511574,241.633270775309,292.185420055191
6,"China",2004,"Cardiovascular diseases","deaths",325.301533466746,256.275063662393,232.987361258169,282.863021759111
6,"China",2005,"Cardiovascular diseases","deaths",311.007947913327,251.964249534552,229.218515545947,276.597321404024
6,"China",2006,"Cardiovascular diseases","deaths",302.308292326079,251.47664066461,230.908816549877,276.083959424854
6,"China",2007,"Cardiovascular diseases","deaths",295.945417510126,253.978244885587,232.976981097674,275.286073112033
6,"China",2008,"Cardiovascular diseases","deaths",288.418346263754,255.427450420749,234.116226285366,276.915914874695
6,"China",2009,"Cardiovascular diseases","deaths",281.884127612649,257.933764839181,235.946099731083,276.772173516812
6,"China",2010,"Cardiovascular diseases","deaths",273.015560157725,257.935769060012,236.895395178068,274.730829442732
6,"China",2011,"Cardiovascular diseases","deaths",266.154761059637,259.909011528205,238.894955205713,277.320039380634
6,"China",2012,"Cardiovascular diseases","deaths",256.675775143403,259.062893736584,236.610236411822,278.917515554407
6,"China",2013,"Cardiovascular diseases","deaths",254.069203059841,265.5739411334,241.970529975017,284.681203683433
125,"Colombia",2002,"Cardiovascular diseases","deaths",193.195240741084,117.926898085231,111.351086014601,122.290106272205
125,"Colombia",2003,"Cardiovascular diseases","deaths",188.55331057543,119.576616515518,112.772836662933,123.921420066555
125,"Colombia",2004,"Cardiovascular diseases","deaths",184.977674647489,120.786006590397,112.983077283264,125.179547014419
125,"Colombia",2005,"Cardiovascular diseases","deaths",181.917445302968,123.476716459275,115.967989647661,127.906286249665
125,"Colombia",2006,"Cardiovascular diseases","deaths",178.755042698529,125.282773787847,117.22953222673,129.950875196084
125,"Colombia",2007,"Cardiovascular diseases","deaths",173.222494190831,125.222843122451,117.625268789808,129.863848302379
125,"Colombia",2008,"Cardiovascular diseases","deaths",168.26145731768,125.699533068246,117.184520717303,130.379228132799
125,"Colombia",2009,"Cardiovascular diseases","deaths",160.438212923663,122.958740230829,114.697203492977,127.637983479522
125,"Colombia",2010,"Cardiovascular diseases","deaths",155.530297593346,123.90631458851,115.238252001053,129.085720681798
125,"Colombia",2011,"Cardiovascular diseases","deaths",151.094547921719,123.867491631734,114.95209852541,129.527448995339
125,"Colombia",2012,"Cardiovascular diseases","deaths",147.540497024648,124.856909458774,115.75002528622,130.356861184185
125,"Colombia",2013,"Cardiovascular diseases","deaths",146.350680891749,128.010077419081,117.869486431169,133.546076027054
126,"Costa Rica",2002,"Cardiovascular diseases","deaths",169.990336029657,105.510538197488,98.1500284524591,110.261123032523
126,"Costa Rica",2003,"Cardiovascular diseases","deaths",158.512090946085,102.175217018191,95.2874964288177,106.793407393619
126,"Costa Rica",2004,"Cardiovascular diseases","deaths",154.965166519315,102.793761882751,95.8825214084934,107.575006171996
126,"Costa Rica",2005,"Cardiovascular diseases","deaths",152.30746371527,102.639380121011,95.8276187914373,107.608762408652
126,"Costa Rica",2006,"Cardiovascular diseases","deaths",148.644899714373,102.006567539162,94.4997389605732,107.281735587312
126,"Costa Rica",2007,"Cardiovascular diseases","deaths",144.357159450063,102.260626132585,94.8479283084155,106.758387697803
126,"Costa Rica",2008,"Cardiovascular diseases","deaths",140.204243946546,102.097136148961,94.5103285560662,106.815158217884
126,"Costa Rica",2009,"Cardiovascular diseases","deaths",139.894825401547,104.141638716398,96.0139524099637,108.573874912433
126,"Costa Rica",2010,"Cardiovascular diseases","deaths",139.874178542717,107.852152027178,99.6088152200551,112.946230362484
126,"Costa Rica",2011,"Cardiovascular diseases","deaths",139.395351460192,110.54466198186,101.498732167793,115.404152089693
126,"Costa Rica",2012,"Cardiovascular diseases","deaths",138.997191747698,113.490161192098,104.254170392174,118.421732070376
126,"Costa Rica",2013,"Cardiovascular diseases","deaths",136.173123479017,113.582729520643,104.469881964411,118.834029181819
109,"Cuba",2002,"Cardiovascular diseases","deaths",220.559641459461,261.995254865034,245.782719618085,273.376096484348
109,"Cuba",2003,"Cardiovascular diseases","deaths",217.092890351811,268.296795361099,250.737657552004,278.89862208524
109,"Cuba",2004,"Cardiovascular diseases","deaths",216.618793854585,276.678811081397,259.156877120828,286.620991195123
109,"Cuba",2005,"Cardiovascular diseases","deaths",217.92542739735,286.192186404833,267.893030928901,297.827831952692
109,"Cuba",2006,"Cardiovascular diseases","deaths",210.41556242561,278.037345382293,260.604405476802,289.444857394119
109,"Cuba",2007,"Cardiovascular diseases","deaths",206.302636323467,279.483353160048,261.12241359723,290.31159146023
109,"Cuba",2008,"Cardiovascular diseases","deaths",208.287624053223,290.862199903032,273.381998856314,302.536025726556
109,"Cuba",2009,"Cardiovascular diseases","deaths",208.459980584103,296.554420313753,276.215260651784,309.38370886128
109,"Cuba",2010,"Cardiovascular diseases","deaths",208.306675199608,303.655782980219,282.978424220988,317.566518378438
109,"Cuba",2011,"Cardiovascular diseases","deaths",197.837287857843,292.412350222436,271.444724805481,306.706662946037
109,"Cuba",2012,"Cardiovascular diseases","deaths",193.20864669829,289.642952384755,270.019778661805,303.198217990774
109,"Cuba",2013,"Cardiovascular diseases","deaths",194.300285264678,297.308001479831,277.2953232677,310.848448819614
110,"Dominica",2002,"Cardiovascular diseases","deaths",228.452653967852,263.629904197713,242.172678069954,285.046327422818
110,"Dominica",2003,"Cardiovascular diseases","deaths",228.193401414701,260.950885992141,239.554432288885,283.432136926023
110,"Dominica",2004,"Cardiovascular diseases","deaths",225.676757995402,257.634239814058,237.075763368649,278.920258389975
110,"Dominica",2005,"Cardiovascular diseases","deaths",222.97679707999,246.14362835208,225.326140394853,266.153772256832
110,"Dominica",2006,"Cardiovascular diseases","deaths",221.078648026083,262.765415291396,240.364764934314,284.791041272037
110,"Dominica",2007,"Cardiovascular diseases","deaths",219.421595232758,260.943754542252,237.351968219774,282.151858118701
110,"Dominica",2008,"Cardiovascular diseases","deaths",216.986856838059,271.238454987277,242.656372971207,295.571110995544
110,"Dominica",2009,"Cardiovascular diseases","deaths",216.071367952666,273.706964518412,244.630894744973,296.785338146005
110,"Dominica",2010,"Cardiovascular diseases","deaths",215.514298949916,279.693287258913,252.065287985894,305.220061158664
110,"Dominica",2011,"Cardiovascular diseases","deaths",214.248464949444,273.379877974682,248.387776848243,298.777338998103
110,"Dominica",2012,"Cardiovascular diseases","deaths",215.260043797204,295.072994733492,267.033616076309,320.427787393127
110,"Dominica",2013,"Cardiovascular diseases","deaths",216.106722868474,288.348295148566,262.26007194352,313.211118039734
111,"Dominican Republic",2002,"Cardiovascular diseases","deaths",213.225626579676,139.225711300814,128.110252880797,151.846719780171
111,"Dominican Republic",2003,"Cardiovascular diseases","deaths",211.780968166774,140.824955084456,130.230245417574,153.887691540569
111,"Dominican Republic",2004,"Cardiovascular diseases","deaths",211.731356508402,143.321164768149,132.495919549042,156.57550303069
111,"Dominican Republic",2005,"Cardiovascular diseases","deaths",213.624226037211,147.111430904318,136.030656925319,161.003635101665
111,"Dominican Republic",2006,"Cardiovascular diseases","deaths",215.844847574656,151.712030794202,138.980991447993,166.176261254416
111,"Dominican Republic",2007,"Cardiovascular diseases","deaths",218.555452705759,156.319934144643,142.926757499559,170.162097595641
111,"Dominican Republic",2008,"Cardiovascular diseases","deaths",221.326960840034,160.645532761084,147.333697591547,174.834665980329
111,"Dominican Republic",2009,"Cardiovascular diseases","deaths",224.929214235256,165.668537348854,152.908116599647,180.535113754709
111,"Dominican Republic",2010,"Cardiovascular diseases","deaths",229.890269150299,171.581304503634,158.260989747014,187.004572830476
111,"Dominican Republic",2011,"Cardiovascular diseases","deaths",237.97940701592,180.413442636641,165.904942808371,197.102836081758
111,"Dominican Republic",2012,"Cardiovascular diseases","deaths",244.411838830688,187.608295976481,172.902929675983,205.165234542114
111,"Dominican Republic",2013,"Cardiovascular diseases","deaths",249.109124443305,193.030186930222,176.957266629135,211.022278386823
122,"Ecuador",2002,"Cardiovascular diseases","deaths",194.077551637157,113.918913248795,108.621172451671,117.360169099816
122,"Ecuador",2003,"Cardiovascular diseases","deaths",186.882873469591,111.879421895892,105.986348006663,115.128297049903
122,"Ecuador",2004,"Cardiovascular diseases","deaths",181.116324025318,111.54715765414,105.926987705725,114.915409956573
122,"Ecuador",2005,"Cardiovascular diseases","deaths",182.015860375708,115.45964709839,109.925860137819,119.198181730849
122,"Ecuador",2006,"Cardiovascular diseases","deaths",177.337907049834,115.86555397557,110.784659917396,119.725713952684
122,"Ecuador",2007,"Cardiovascular diseases","deaths",169.845988675894,112.44317161873,107.465166525763,116.041301011436
122,"Ecuador",2008,"Cardiovascular diseases","deaths",159.654140426419,108.296159030482,103.425647328156,111.728048946745
122,"Ecuador",2009,"Cardiovascular diseases","deaths",149.312794308233,102.497889085014,97.2266712482447,106.036156032834
122,"Ecuador",2010,"Cardiovascular diseases","deaths",141.065040128678,99.0962595920653,93.9482658681605,102.424794286045
122,"Ecuador",2011,"Cardiovascular diseases","deaths",137.105559412019,98.5789843021313,93.3482004844,101.88209608762
122,"Ecuador",2012,"Cardiovascular diseases","deaths",132.12383136918,97.5820553125027,91.8752689251798,101.085828857426
122,"Ecuador",2013,"Cardiovascular diseases","deaths",128.594278940782,96.3589088722806,90.5865024239716,100.052186035477
127,"El Salvador",2002,"Cardiovascular diseases","deaths",168.358650754462,114.037133199354,102.821062183636,124.196314199268
127,"El Salvador",2003,"Cardiovascular diseases","deaths",166.634119648061,115.69574934037,104.134363269776,126.482239796701
127,"El Salvador",2004,"Cardiovascular diseases","deaths",165.880282135968,118.072633720864,105.872074299269,129.342829600058
127,"El Salvador",2005,"Cardiovascular diseases","deaths",165.817609212065,120.971151682685,108.639788327828,133.036604908789
127,"El Salvador",2006,"Cardiovascular diseases","deaths",165.36297621762,123.582336251478,110.915019984931,134.852947334483
127,"El Salvador",2007,"Cardiovascular diseases","deaths",165.174611214289,126.471679445731,113.877905729694,138.653734953933
127,"El Salvador",2008,"Cardiovascular diseases","deaths",165.109422252582,129.360598481066,115.705042229702,143.137915677913
127,"El Salvador",2009,"Cardiovascular diseases","deaths",162.835573108415,130.306933555818,116.818706891568,143.801784835839
127,"El Salvador",2010,"Cardiovascular diseases","deaths",161.466115465299,131.868723774618,118.983936625827,145.495227590814
127,"El Salvador",2011,"Cardiovascular diseases","deaths",159.676087306288,133.061081849909,120.456641807262,147.109552867998
127,"El Salvador",2012,"Cardiovascular diseases","deaths",166.879723544733,141.842549695305,128.122529153177,154.900567544114
127,"El Salvador",2013,"Cardiovascular diseases","deaths",171.619884475798,148.31191369914,134.083226424617,160.668693604324
172,"Equatorial Guinea",2002,"Cardiovascular diseases","deaths",353.523698464965,110.649924823878,87.5210899842739,134.896486327936
172,"Equatorial Guinea",2003,"Cardiovascular diseases","deaths",337.427959908235,104.023198580348,82.3691114376655,128.306538119253
172,"Equatorial Guinea",2004,"Cardiovascular diseases","deaths",327.469391852266,99.6102871539265,78.7126017548644,123.922175366659
172,"Equatorial Guinea",2005,"Cardiovascular diseases","deaths",323.454407091854,97.2225336473189,76.2445047441189,121.395354759311
172,"Equatorial Guinea",2006,"Cardiovascular diseases","deaths",311.777547776534,92.7660660930749,72.5145264708444,116.162340667255
172,"Equatorial Guinea",2007,"Cardiovascular diseases","deaths",300.238546486583,88.6182205176128,69.5121754803117,113.068561401016
172,"Equatorial Guinea",2008,"Cardiovascular diseases","deaths",292.920548878745,85.6988430126193,66.5591053081968,110.708226946314
172,"Equatorial Guinea",2009,"Cardiovascular diseases","deaths",292.218710312684,85.1689484163301,65.2603493726307,110.07461598855
172,"Equatorial Guinea",2010,"Cardiovascular diseases","deaths",286.23463467504,82.8287607867163,62.4567938449135,106.981168777994
172,"Equatorial Guinea",2011,"Cardiovascular diseases","deaths",275.450047227385,78.5083872195993,56.5866270813883,102.963983038666
172,"Equatorial Guinea",2012,"Cardiovascular diseases","deaths",264.633286122134,74.7634116096022,52.8506007258736,98.2244199423825
172,"Equatorial Guinea",2013,"Cardiovascular diseases","deaths",255.506354000643,72.2056421578471,51.0950933735231,96.9700408277982
22,"Fiji",2002,"Cardiovascular diseases","deaths",442.461159338635,232.693726839476,214.571952485026,247.696317171891
22,"Fiji",2003,"Cardiovascular diseases","deaths",439.775827359374,235.572333222023,218.653461132272,251.880830414138
22,"Fiji",2004,"Cardiovascular diseases","deaths",441.552461488524,241.215334030748,223.614859528052,259.300478856178
22,"Fiji",2005,"Cardiovascular diseases","deaths",441.697838770299,245.82721466387,227.578204675732,264.451975332335
22,"Fiji",2006,"Cardiovascular diseases","deaths",444.433210580876,252.208414055331,233.972480277064,271.127938722958
22,"Fiji",2007,"Cardiovascular diseases","deaths",443.239422042809,257.187753154926,238.753188586906,277.111579206948
22,"Fiji",2008,"Cardiovascular diseases","deaths",443.864183927631,262.256338107685,242.602470596108,284.121402231723
22,"Fiji",2009,"Cardiovascular diseases","deaths",449.454564630669,270.408599722356,250.852462819413,292.224578975764
22,"Fiji",2010,"Cardiovascular diseases","deaths",444.899002652442,272.727646719272,252.298280258904,295.233613922681
22,"Fiji",2011,"Cardiovascular diseases","deaths",439.918584626054,274.500294908912,253.443885799769,298.984521974128
22,"Fiji",2012,"Cardiovascular diseases","deaths",437.865229809385,277.612615874588,255.688641488827,302.715634695413
22,"Fiji",2013,"Cardiovascular diseases","deaths",434.696215550393,279.600953525841,257.856866979005,306.288574788398
173,"Gabon",2002,"Cardiovascular diseases","deaths",229.272061580966,118.98400761309,91.8781682858308,147.398649550693
173,"Gabon",2003,"Cardiovascular diseases","deaths",227.895732835086,119.048083527995,91.1930260663755,146.07649824662
173,"Gabon",2004,"Cardiovascular diseases","deaths",226.993723053344,119.394423949492,91.7653917513385,147.835051236824
173,"Gabon",2005,"Cardiovascular diseases","deaths",228.736884958126,121.549593067241,92.8922447953457,149.388210464712
173,"Gabon",2006,"Cardiovascular diseases","deaths",229.163911449685,122.937620046212,95.0739326383742,152.860123838936
173,"Gabon",2007,"Cardiovascular diseases","deaths",229.698595127536,124.074523981388,96.6445454331998,155.677340826547
173,"Gabon",2008,"Cardiovascular diseases","deaths",227.306165602088,123.479813300059,94.9673662406407,155.115085941119
173,"Gabon",2009,"Cardiovascular diseases","deaths",224.476965455465,122.563704273683,94.8909975224951,155.114330198991
173,"Gabon",2010,"Cardiovascular diseases","deaths",219.716891262565,120.373917762934,93.123281643663,153.169632871932
173,"Gabon",2011,"Cardiovascular diseases","deaths",216.042361820963,119.317549634554,92.0770239275915,149.540782132438
173,"Gabon",2012,"Cardiovascular diseases","deaths",214.776013284437,119.771019163586,93.3204535687932,148.830752619907
173,"Gabon",2013,"Cardiovascular diseases","deaths",217.747735392804,122.779572566969,95.1253241217331,150.223580002324
35,"Georgia",2002,"Cardiovascular diseases","deaths",620.524561148936,814.096036889587,775.165876091408,846.585851785797
35,"Georgia",2003,"Cardiovascular diseases","deaths",595.974318206285,801.899189295361,765.754474555864,834.654386372492
35,"Georgia",2004,"Cardiovascular diseases","deaths",563.721470152753,777.271025820299,741.974917628676,805.879329651389
35,"Georgia",2005,"Cardiovascular diseases","deaths",534.347706628279,754.6145436288,721.381521971507,783.083003496524
35,"Georgia",2006,"Cardiovascular diseases","deaths",509.856152544191,743.332259065288,704.662226355522,776.375101272053
35,"Georgia",2007,"Cardiovascular diseases","deaths",513.266047551526,768.913122516105,732.003422013713,799.852296572659
35,"Georgia",2008,"Cardiovascular diseases","deaths",525.738898535016,809.851540794236,770.027066907312,841.204622530414
35,"Georgia",2009,"Cardiovascular diseases","deaths",521.457602891829,818.479043416082,776.417232981355,856.03499317736
35,"Georgia",2010,"Cardiovascular diseases","deaths",518.500458645086,829.001019387968,783.432459970974,865.130990415892
35,"Georgia",2011,"Cardiovascular diseases","deaths",481.523159729457,789.467146591536,741.198425402911,826.682995449639
35,"Georgia",2012,"Cardiovascular diseases","deaths",471.874211781216,784.285456622813,744.429349861843,818.110980633292
35,"Georgia",2013,"Cardiovascular diseases","deaths",462.627321495213,777.617386860854,734.554360736841,812.290069016332
112,"Grenada",2002,"Cardiovascular diseases","deaths",263.521487823905,252.048123217351,230.240302992703,268.813023235531
112,"Grenada",2003,"Cardiovascular diseases","deaths",255.509348879644,251.941650458773,233.952103098489,267.707506736872
112,"Grenada",2004,"Cardiovascular diseases","deaths",253.447061921304,256.882355673989,239.164001609841,272.489994450844
112,"Grenada",2005,"Cardiovascular diseases","deaths",247.482707741443,256.344601544822,237.083769181301,274.374085327668
112,"Grenada",2006,"Cardiovascular diseases","deaths",236.355273608758,241.618206776639,222.071139488009,258.392013079957
112,"Grenada",2007,"Cardiovascular diseases","deaths",221.935242520793,238.299060265048,218.405383506147,253.734427624159
112,"Grenada",2008,"Cardiovascular diseases","deaths",228.172283946686,248.779504119042,230.5470710561,263.659890765203
112,"Grenada",2009,"Cardiovascular diseases","deaths",220.422422333376,244.209477049766,226.797105740625,260.682370194804
112,"Grenada",2010,"Cardiovascular diseases","deaths",215.212651971876,245.545561701513,227.091753161793,261.434230404854
112,"Grenada",2011,"Cardiovascular diseases","deaths",209.919823465878,246.662082177429,228.790714440614,263.07604417049
112,"Grenada",2012,"Cardiovascular diseases","deaths",209.236646636784,250.698185000459,231.843850781183,266.54692055054
112,"Grenada",2013,"Cardiovascular diseases","deaths",210.074836535082,253.360256089912,235.429892580202,270.743215120699
128,"Guatemala",2002,"Cardiovascular diseases","deaths",168.094598749651,62.5070870218621,58.6304986730878,65.5862363604462
128,"Guatemala",2003,"Cardiovascular diseases","deaths",165.544947509389,62.9116195108345,59.2548886210655,65.9900792497979
128,"Guatemala",2004,"Cardiovascular diseases","deaths",163.163944196781,64.2809435745888,60.6542525246451,67.2872826753038
128,"Guatemala",2005,"Cardiovascular diseases","deaths",159.99957299354,64.2353615520322,60.6106427950275,67.0997382527167
128,"Guatemala",2006,"Cardiovascular diseases","deaths",160.602701025957,65.5641902154557,61.8809751524162,69.0924822917184
128,"Guatemala",2007,"Cardiovascular diseases","deaths",161.537691148609,67.2828748229066,63.7795665718592,70.7536977521196
128,"Guatemala",2008,"Cardiovascular diseases","deaths",158.241450779974,67.2223448703549,63.4087234942356,70.3477098834386
128,"Guatemala",2009,"Cardiovascular diseases","deaths",162.770429293836,70.3583845381971,66.6042107584668,73.7150135943561
128,"Guatemala",2010,"Cardiovascular diseases","deaths",167.52125059767,74.5450166920071,70.1840237657796,77.6543782662219
128,"Guatemala",2011,"Cardiovascular diseases","deaths",175.553741747442,80.3084814924158,75.6668467434104,84.0777619191124
128,"Guatemala",2012,"Cardiovascular diseases","deaths",177.312219458144,82.5409845484511,77.7558693330297,86.5196848094671
128,"Guatemala",2013,"Cardiovascular diseases","deaths",175.113771405678,83.2789965185149,78.2400842604369,86.9685373923037
11,"Indonesia",2002,"Cardiovascular diseases","deaths",295.056105465005,169.813397981298,145.734231850504,194.364615810124
11,"Indonesia",2003,"Cardiovascular diseases","deaths",297.475375008679,174.257305340548,150.994218810253,197.803748376626
11,"Indonesia",2004,"Cardiovascular diseases","deaths",321.58833616241,191.344802664302,168.630956955033,216.508545558237
11,"Indonesia",2005,"Cardiovascular diseases","deaths",304.176406193998,183.603017580959,164.134261477729,209.075402837409
11,"Indonesia",2006,"Cardiovascular diseases","deaths",307.126911422513,188.456797529163,166.411465835579,214.514849915138
11,"Indonesia",2007,"Cardiovascular diseases","deaths",309.567097360583,193.195022465495,169.49939443767,220.575491157028
11,"Indonesia",2008,"Cardiovascular diseases","deaths",312.345363060194,198.174919791681,175.050408565427,225.004780217473
11,"Indonesia",2009,"Cardiovascular diseases","deaths",312.8841048664,201.843303806067,176.883943629625,226.793122766817
11,"Indonesia",2010,"Cardiovascular diseases","deaths",311.802290642478,204.504396711732,179.650736995818,226.84414289096
11,"Indonesia",2011,"Cardiovascular diseases","deaths",308.465527005724,205.783416609989,181.526741204799,227.825168906782
11,"Indonesia",2012,"Cardiovascular diseases","deaths",310.000475482629,210.57908936827,187.034885873404,231.738273617821
11,"Indonesia",2013,"Cardiovascular diseases","deaths",309.546785649015,214.047396589336,187.387012961612,236.666888735743
142,"Iran (Islamic Republic of)",2002,"Cardiovascular diseases","deaths",384.074936328659,182.14433635252,162.450815258197,200.192057636777
142,"Iran (Islamic Republic of)",2003,"Cardiovascular diseases","deaths",386.741262254893,189.098031316104,169.368061767822,207.661577618981
142,"Iran (Islamic Republic of)",2004,"Cardiovascular diseases","deaths",358.974762980169,180.441775876034,161.233829309198,198.981323435794
142,"Iran (Islamic Republic of)",2005,"Cardiovascular diseases","deaths",347.412959443634,179.63974109211,158.835251633614,198.675335001301
142,"Iran (Islamic Republic of)",2006,"Cardiovascular diseases","deaths",337.585598333238,179.591036739356,157.729001141212,199.198597807489
142,"Iran (Islamic Republic of)",2007,"Cardiovascular diseases","deaths",329.599602778314,180.565932274808,158.916436444622,200.883802658972
142,"Iran (Islamic Republic of)",2008,"Cardiovascular diseases","deaths",321.810866009623,181.632450056125,160.974331218043,202.535652769211
142,"Iran (Islamic Republic of)",2009,"Cardiovascular diseases","deaths",314.879327772352,183.164546223924,162.768134451965,204.559812817529
142,"Iran (Islamic Republic of)",2010,"Cardiovascular diseases","deaths",307.51185730351,184.089520863203,164.253692224512,204.532126798537
142,"Iran (Islamic Republic of)",2011,"Cardiovascular diseases","deaths",300.669432771577,185.345070006101,163.934446572802,205.832611819236
142,"Iran (Islamic Republic of)",2012,"Cardiovascular diseases","deaths",292.947025241271,178.569052693236,157.087181459628,197.805014760822
142,"Iran (Islamic Republic of)",2013,"Cardiovascular diseases","deaths",288.22263817919,184.25105993786,161.701229092218,204.414232849523
143,"Iraq",2002,"Cardiovascular diseases","deaths",557.308144192638,199.333799127026,180.072428108301,221.346558289221
143,"Iraq",2003,"Cardiovascular diseases","deaths",555.445821706847,198.513929974198,179.337391808592,219.522445754053
143,"Iraq",2004,"Cardiovascular diseases","deaths",549.632844978617,196.512453869897,177.356265339347,216.126050123089
143,"Iraq",2005,"Cardiovascular diseases","deaths",544.537261104764,195.16829527078,176.115860457698,215.411586054061
143,"Iraq",2006,"Cardiovascular diseases","deaths",540.530890388048,194.048900855825,176.086031540475,213.726246722557
143,"Iraq",2007,"Cardiovascular diseases","deaths",538.65092265289,197.372718013673,178.819144421825,216.90517259395
143,"Iraq",2008,"Cardiovascular diseases","deaths",533.791257726636,202.426655361216,182.80972681255,222.811820854148
143,"Iraq",2009,"Cardiovascular diseases","deaths",523.7670483785,200.892064868322,180.633429769425,220.295127261962
143,"Iraq",2010,"Cardiovascular diseases","deaths",513.187288577485,196.70129986538,177.109802712708,215.583282378131
143,"Iraq",2011,"Cardiovascular diseases","deaths",496.027416417078,191.351665851012,173.38170874664,209.516376425299
143,"Iraq",2012,"Cardiovascular diseases","deaths",483.358217283077,187.586964144818,168.243900164533,204.417740600554
143,"Iraq",2013,"Cardiovascular diseases","deaths",467.017446430084,181.213589953865,162.009211760803,197.125572371567
115,"Jamaica",2002,"Cardiovascular diseases","deaths",183.895951963118,166.562001411562,152.063255131324,177.531541039223
115,"Jamaica",2003,"Cardiovascular diseases","deaths",181.416766280921,167.364456028755,154.095788967686,179.791023726723
115,"Jamaica",2004,"Cardiovascular diseases","deaths",174.425442756106,163.357231167501,150.609935274518,174.926726966522
115,"Jamaica",2005,"Cardiovascular diseases","deaths",161.770048471856,152.136775658465,139.568632032909,162.911076676715
115,"Jamaica",2006,"Cardiovascular diseases","deaths",152.257927421256,143.44132829853,131.06107911724,153.222390689867
115,"Jamaica",2007,"Cardiovascular diseases","deaths",152.768950542062,148.40628859287,136.044943376581,159.365429221303
115,"Jamaica",2008,"Cardiovascular diseases","deaths",161.53277924659,158.392146564925,146.34963442552,169.828659308305
115,"Jamaica",2009,"Cardiovascular diseases","deaths",158.758466761314,158.845769922063,146.261016360347,169.899879948472
115,"Jamaica",2010,"Cardiovascular diseases","deaths",165.153264405507,167.742133491826,155.068136492671,179.226006653032
115,"Jamaica",2011,"Cardiovascular diseases","deaths",164.322932419456,166.044031220026,153.681741200489,177.769481852285
115,"Jamaica",2012,"Cardiovascular diseases","deaths",172.204088401837,174.722165783864,160.362296714837,186.757835463092
115,"Jamaica",2013,"Cardiovascular diseases","deaths",181.16763872054,186.178988296058,169.718987796956,198.425268714655
36,"Kazakhstan",2002,"Cardiovascular diseases","deaths",691.4737236878,496.016732076379,480.088745229611,508.64327828333
36,"Kazakhstan",2003,"Cardiovascular diseases","deaths",708.918210841378,516.206774136797,499.463453436946,529.625865268845
36,"Kazakhstan",2004,"Cardiovascular diseases","deaths",702.831803463501,516.003062551201,499.44814845041,529.498220787736
36,"Kazakhstan",2005,"Cardiovascular diseases","deaths",707.220506623144,525.369591196854,510.794846551326,539.105853972888
36,"Kazakhstan",2006,"Cardiovascular diseases","deaths",708.753721551549,527.898382921544,510.918806956122,542.170745764491
36,"Kazakhstan",2007,"Cardiovascular diseases","deaths",700.209611726001,521.754337752374,503.455289998589,536.148051439234
36,"Kazakhstan",2008,"Cardiovascular diseases","deaths",672.354121680824,499.163886150411,482.62613707358,512.467243925926
36,"Kazakhstan",2009,"Cardiovascular diseases","deaths",624.018199464906,461.863130735565,442.834579565068,474.179825353201
36,"Kazakhstan",2010,"Cardiovascular diseases","deaths",597.239695348979,443.693347682916,427.199752311923,457.819277390005
36,"Kazakhstan",2011,"Cardiovascular diseases","deaths",567.645704173687,424.723568310526,407.254803712835,445.031641715389
36,"Kazakhstan",2012,"Cardiovascular diseases","deaths",521.976828771186,393.283677826609,375.424736645313,418.778653554293
36,"Kazakhstan",2013,"Cardiovascular diseases","deaths",496.900858528303,375.22337271784,354.870401590198,398.002401821791
147,"Libya",2002,"Cardiovascular diseases","deaths",399.795631634816,182.260482060829,161.755181409985,202.601601588745
147,"Libya",2003,"Cardiovascular diseases","deaths",397.688077506015,182.10255914037,160.579997552913,202.826727767896
147,"Libya",2004,"Cardiovascular diseases","deaths",397.967133936686,183.599596636302,158.725284090257,204.449006770481
147,"Libya",2005,"Cardiovascular diseases","deaths",397.180036324358,184.141885445078,158.290553062784,206.527391626643
147,"Libya",2006,"Cardiovascular diseases","deaths",395.822260249261,184.83509250246,158.348431209369,209.306969575192
147,"Libya",2007,"Cardiovascular diseases","deaths",390.796567176524,184.77003002327,157.153038027231,210.04476912319
147,"Libya",2008,"Cardiovascular diseases","deaths",384.622871648984,184.541531830822,157.237957347401,208.919927488452
147,"Libya",2009,"Cardiovascular diseases","deaths",382.702964754149,186.874395995288,159.380507584481,213.091161823613
147,"Libya",2010,"Cardiovascular diseases","deaths",375.860528522367,186.078279364428,158.730015031566,212.958392217957
147,"Libya",2011,"Cardiovascular diseases","deaths",369.16164076584,185.568518523028,157.473053976536,212.430151830458
147,"Libya",2012,"Cardiovascular diseases","deaths",362.922898682362,185.869927331533,157.664477288231,211.672301219701
147,"Libya",2013,"Cardiovascular diseases","deaths",365.323380528094,191.386307880981,163.371826694312,218.353104596364
13,"Malaysia",2002,"Cardiovascular diseases","deaths",340.329680310501,155.090616089748,140.658668558278,167.892633750192
13,"Malaysia",2003,"Cardiovascular diseases","deaths",332.180568340259,153.631128811194,140.065450182115,165.881206928634
13,"Malaysia",2004,"Cardiovascular diseases","deaths",319.699423892143,151.160728502596,138.427333695165,163.052320162455
13,"Malaysia",2005,"Cardiovascular diseases","deaths",306.047585605903,148.355467171148,136.481070943153,158.858070592034
13,"Malaysia",2006,"Cardiovascular diseases","deaths",291.13513537496,146.333910502805,134.691637351668,156.460397636543
13,"Malaysia",2007,"Cardiovascular diseases","deaths",280.51531319057,146.3515090999,135.927679332436,157.218050307044
13,"Malaysia",2008,"Cardiovascular diseases","deaths",272.388053429731,147.865261170162,137.994174814007,157.944320578234
13,"Malaysia",2009,"Cardiovascular diseases","deaths",265.121631192057,149.496182871845,138.718792637542,161.65518463482
13,"Malaysia",2010,"Cardiovascular diseases","deaths",260.482332406921,151.738655326198,141.115319787088,164.042471413099
13,"Malaysia",2011,"Cardiovascular diseases","deaths",252.50152578061,152.863300611271,141.012742313856,164.560715584869
13,"Malaysia",2012,"Cardiovascular diseases","deaths",245.231832495565,153.309658489689,141.713805265253,165.227172203773
13,"Malaysia",2013,"Cardiovascular diseases","deaths",242.214147680017,156.440400281418,143.570254095018,169.588034103729
14,"Maldives",2002,"Cardiovascular diseases","deaths",375.488766784145,155.054990642176,138.888048349148,169.221476113649
14,"Maldives",2003,"Cardiovascular diseases","deaths",367.561709761647,155.897403498674,140.63274913103,170.085169518829
14,"Maldives",2004,"Cardiovascular diseases","deaths",366.100732268957,159.147313482822,143.659362109618,174.201687394245
14,"Maldives",2005,"Cardiovascular diseases","deaths",356.581365361086,158.402101953648,144.313730857029,173.295334633918
14,"Maldives",2006,"Cardiovascular diseases","deaths",348.32753278804,158.203047344738,144.773279129022,172.637179754039
14,"Maldives",2007,"Cardiovascular diseases","deaths",340.63600750216,156.776133834497,143.428634406098,169.737637317946
14,"Maldives",2008,"Cardiovascular diseases","deaths",332.829310489621,154.198832743647,141.680790028036,167.684320576731
14,"Maldives",2009,"Cardiovascular diseases","deaths",328.377781404881,152.706986973452,141.365581497177,165.492633230966
14,"Maldives",2010,"Cardiovascular diseases","deaths",324.923893084184,151.461892696143,140.373952683296,164.315393295609
14,"Maldives",2011,"Cardiovascular diseases","deaths",320.14617039524,149.482641041571,138.88302479305,161.864018147843
14,"Maldives",2012,"Cardiovascular diseases","deaths",316.832681114302,147.284050077202,136.357850264923,159.607025550398
14,"Maldives",2013,"Cardiovascular diseases","deaths",314.866626212032,145.380410657969,134.305441245779,157.505192540067
24,"Marshall Islands",2002,"Cardiovascular diseases","deaths",702.549502221127,202.458535052646,160.495657288907,243.834278257609
24,"Marshall Islands",2003,"Cardiovascular diseases","deaths",704.169018239636,204.022458231597,163.024650500241,245.587725630774
24,"Marshall Islands",2004,"Cardiovascular diseases","deaths",705.521464895068,205.406846923686,165.595672258991,246.819611353648
24,"Marshall Islands",2005,"Cardiovascular diseases","deaths",705.29381205621,207.016169924855,167.293240412018,250.948482649659
24,"Marshall Islands",2006,"Cardiovascular diseases","deaths",706.016156610894,209.58784174069,169.860995917351,257.514365798478
24,"Marshall Islands",2007,"Cardiovascular diseases","deaths",709.069656137034,213.740215204471,171.411521824997,264.616383766664
24,"Marshall Islands",2008,"Cardiovascular diseases","deaths",713.015199643969,218.691712375857,176.071376501652,267.496526416498
24,"Marshall Islands",2009,"Cardiovascular diseases","deaths",716.144011273911,223.50038103786,181.671726500486,269.996245576547
24,"Marshall Islands",2010,"Cardiovascular diseases","deaths",716.862246951562,228.61831921556,187.505210788016,273.002208347025
24,"Marshall Islands",2011,"Cardiovascular diseases","deaths",717.149075215513,234.545545586295,193.361057819575,276.455483013867
24,"Marshall Islands",2012,"Cardiovascular diseases","deaths",716.829852622723,241.183936390599,198.372396746835,284.668051094435
24,"Marshall Islands",2013,"Cardiovascular diseases","deaths",716.790077617594,248.821101579907,204.115907377406,293.984936832821
183,"Mauritius",2002,"Cardiovascular diseases","deaths",283.441100572198,203.685188434407,194.969678986198,210.892095462963
183,"Mauritius",2003,"Cardiovascular diseases","deaths",277.984516615282,204.72423703784,194.947748903698,212.164029875651
183,"Mauritius",2004,"Cardiovascular diseases","deaths",273.37530134915,207.794506267134,197.495256306907,215.5624831387
183,"Mauritius",2005,"Cardiovascular diseases","deaths",278.908037007428,217.768454682991,206.601015864561,226.331499542201
183,"Mauritius",2006,"Cardiovascular diseases","deaths",264.253547307062,212.623197129551,201.173378532451,221.628071680705
183,"Mauritius",2007,"Cardiovascular diseases","deaths",257.97024597842,210.782383399476,200.631459375751,218.54921032033
183,"Mauritius",2008,"Cardiovascular diseases","deaths",244.731985309988,207.10899331318,196.524921462655,215.280433674853
183,"Mauritius",2009,"Cardiovascular diseases","deaths",232.198013114635,202.464931467032,191.052638246883,210.674438416934
183,"Mauritius",2010,"Cardiovascular diseases","deaths",221.233377993362,198.433277841788,187.164538499546,206.386941760903
183,"Mauritius",2011,"Cardiovascular diseases","deaths",212.375194939809,196.394591682253,182.769192020546,204.973312182978
183,"Mauritius",2012,"Cardiovascular diseases","deaths",207.661381329081,198.396442330314,185.151934331939,207.391288113613
183,"Mauritius",2013,"Cardiovascular diseases","deaths",206.337506552351,204.634447248135,191.411279272532,213.338900368796
130,"Mexico",2002,"Cardiovascular diseases","deaths",155.863497112292,91.6832429725564,86.370284157912,95.3605342012004
130,"Mexico",2003,"Cardiovascular diseases","deaths",153.969024258189,93.3693504114085,87.7932549837407,97.3815879622569
130,"Mexico",2004,"Cardiovascular diseases","deaths",150.843370518403,93.2784032714874,87.8867373315802,97.3394773389091
130,"Mexico",2005,"Cardiovascular diseases","deaths",149.469532784005,94.8961082936368,89.1152605246081,99.116164334003
130,"Mexico",2006,"Cardiovascular diseases","deaths",147.423420167825,94.7317271701767,88.9978040082255,98.7565911663962
130,"Mexico",2007,"Cardiovascular diseases","deaths",149.05614721118,97.6987643057211,91.9394684802338,102.094733351919
130,"Mexico",2008,"Cardiovascular diseases","deaths",150.93980165684,101.678856545887,95.5322785060532,105.671989635129
130,"Mexico",2009,"Cardiovascular diseases","deaths",148.790690065062,101.547083650407,95.2282546009848,105.563858620299
130,"Mexico",2010,"Cardiovascular diseases","deaths",153.916432890428,109.691062284929,102.953130773908,113.787824355381
130,"Mexico",2011,"Cardiovascular diseases","deaths",150.753123755706,109.070968308362,102.847680477409,113.352597066426
130,"Mexico",2012,"Cardiovascular diseases","deaths",147.916623688887,109.61514418168,102.724189938427,113.038802121744
130,"Mexico",2013,"Cardiovascular diseases","deaths",147.175667708288,112.333889924584,105.033894176138,116.181653214963
38,"Mongolia",2002,"Cardiovascular diseases","deaths",646.106095149737,254.763111836967,233.041568645432,275.227750332131
38,"Mongolia",2003,"Cardiovascular diseases","deaths",627.10899791579,252.286884619343,231.981763139499,272.971712143668
38,"Mongolia",2004,"Cardiovascular diseases","deaths",607.820940828763,248.701516301539,229.872759400391,266.867278467517
38,"Mongolia",2005,"Cardiovascular diseases","deaths",588.00061708945,246.180240855926,227.243941776416,263.742532409496
38,"Mongolia",2006,"Cardiovascular diseases","deaths",561.28981092178,240.386571406949,220.108601854488,257.260569532586
38,"Mongolia",2007,"Cardiovascular diseases","deaths",534.056234373173,232.33110356121,214.666240204697,247.632523064591
38,"Mongolia",2008,"Cardiovascular diseases","deaths",517.653854035908,230.26084119695,213.46570346347,245.274729216114
38,"Mongolia",2009,"Cardiovascular diseases","deaths",510.562364655024,231.86600843681,214.001254350323,248.125876289444
38,"Mongolia",2010,"Cardiovascular diseases","deaths",508.757512250411,235.188232370784,216.39373857162,251.686923427489
38,"Mongolia",2011,"Cardiovascular diseases","deaths",498.3781465955,235.546272778734,216.210528258758,252.181595773003
38,"Mongolia",2012,"Cardiovascular diseases","deaths",486.418275790957,232.441286436783,213.669766796939,250.457853124147
38,"Mongolia",2013,"Cardiovascular diseases","deaths",464.975591548558,224.631755560116,207.907684222695,244.054874579154
50,"Montenegro",2002,"Cardiovascular diseases","deaths",499.713738353527,502.385653653189,472.17606424316,525.250643693208
50,"Montenegro",2003,"Cardiovascular diseases","deaths",495.342179296321,520.186592012758,488.769821153456,545.047897337092
50,"Montenegro",2004,"Cardiovascular diseases","deaths",491.411872728593,528.766457033307,498.5097192846,552.330949563942
50,"Montenegro",2005,"Cardiovascular diseases","deaths",482.881960093993,463.023837657273,436.515024397031,484.623447237435
50,"Montenegro",2006,"Cardiovascular diseases","deaths",472.472302114403,556.346842111468,525.674207957163,582.650143059835
50,"Montenegro",2007,"Cardiovascular diseases","deaths",461.653937129776,473.348091593716,444.013571033009,494.863656965938
50,"Montenegro",2008,"Cardiovascular diseases","deaths",450.940499906815,455.126167961954,426.734235423014,476.292898539431
50,"Montenegro",2009,"Cardiovascular diseases","deaths",441.569064427194,545.892505694179,512.629354426705,574.271535742396
50,"Montenegro",2010,"Cardiovascular diseases","deaths",432.601007117762,534.193611640405,498.714945389574,564.489894292705
50,"Montenegro",2011,"Cardiovascular diseases","deaths",424.665702034467,548.50053439338,513.767907618046,583.585665707575
50,"Montenegro",2012,"Cardiovascular diseases","deaths",412.758005080401,556.51203565388,514.913869830369,595.640239983925
50,"Montenegro",2013,"Cardiovascular diseases","deaths",401.512240553161,549.759273805573,504.640577608083,592.568424793541
195,"Namibia",2002,"Cardiovascular diseases","deaths",256.768868912535,117.880681111846,96.2176436698485,141.038850268017
195,"Namibia",2003,"Cardiovascular diseases","deaths",256.548751976913,119.195527640153,97.6459319457353,142.057663322076
195,"Namibia",2004,"Cardiovascular diseases","deaths",248.619707308285,116.620688262853,96.8800659618293,138.779978336278
195,"Namibia",2005,"Cardiovascular diseases","deaths",242.799151291995,115.092496289731,96.1134449327533,137.565084297498
195,"Namibia",2006,"Cardiovascular diseases","deaths",234.101569023932,112.465107037488,93.173052751114,133.229694170281
195,"Namibia",2007,"Cardiovascular diseases","deaths",232.610136952729,113.738465977804,93.3643116235794,134.34609309405
195,"Namibia",2008,"Cardiovascular diseases","deaths",231.036589165512,114.964040947886,94.1568406882773,135.559170908543
195,"Namibia",2009,"Cardiovascular diseases","deaths",228.274125221408,115.11132756689,94.9108578819274,136.481133939518
195,"Namibia",2010,"Cardiovascular diseases","deaths",225.177536007684,114.825373635367,95.1960972926359,136.180143576004
195,"Namibia",2011,"Cardiovascular diseases","deaths",223.370106096515,115.334115015507,96.7948488427266,136.437238581058
195,"Namibia",2012,"Cardiovascular diseases","deaths",219.833752285111,114.644796921941,96.5094386061411,135.755899867445
195,"Namibia",2013,"Cardiovascular diseases","deaths",213.48569509184,111.999860795964,94.7346318742103,133.702635067149
49,"North Macedonia",2002,"Cardiovascular diseases","deaths",574.111288039446,514.496837118297,492.729241795448,532.868430640295
49,"North Macedonia",2003,"Cardiovascular diseases","deaths",558.569112771554,517.40267343033,493.112080653952,537.99116367478
49,"North Macedonia",2004,"Cardiovascular diseases","deaths",546.077963551296,512.715785365159,489.170920724591,532.567216781337
49,"North Macedonia",2005,"Cardiovascular diseases","deaths",540.751828492283,527.732270767322,501.512981661205,549.447675406431
49,"North Macedonia",2006,"Cardiovascular diseases","deaths",533.166473799279,527.990827860124,500.866520631074,551.284321066027
49,"North Macedonia",2007,"Cardiovascular diseases","deaths",524.261868998203,553.816556352183,526.228573472472,577.860067019459
49,"North Macedonia",2008,"Cardiovascular diseases","deaths",513.709415723358,544.59169011124,517.53025131326,565.798860246591
49,"North Macedonia",2009,"Cardiovascular diseases","deaths",501.815839722679,541.604201695957,514.570962354721,565.131886472434
49,"North Macedonia",2010,"Cardiovascular diseases","deaths",490.773850070561,547.60402730121,519.571401120726,573.444114811705
49,"North Macedonia",2011,"Cardiovascular diseases","deaths",484.787405074226,562.972056302125,532.824640744797,590.561724850412
49,"North Macedonia",2012,"Cardiovascular diseases","deaths",470.057246003308,577.660169907963,549.638573670307,603.185493138376
49,"North Macedonia",2013,"Cardiovascular diseases","deaths",458.151990294636,553.011822248103,527.840408099817,576.348965655396
136,"Paraguay",2002,"Cardiovascular diseases","deaths",221.535932049976,127.802629511726,117.139155652814,138.023161547296
136,"Paraguay",2003,"Cardiovascular diseases","deaths",220.766493706997,129.705461614314,118.829594544849,140.403963393245
136,"Paraguay",2004,"Cardiovascular diseases","deaths",225.061728028242,134.603477924653,123.500615882632,145.338586525604
136,"Paraguay",2005,"Cardiovascular diseases","deaths",228.90620599397,139.303393250721,128.116834960626,149.294488416761
136,"Paraguay",2006,"Cardiovascular diseases","deaths",229.911081657218,142.476731010699,131.063295878472,153.358847775651
136,"Paraguay",2007,"Cardiovascular diseases","deaths",231.904992379955,146.399048172994,134.403934776217,158.245535371246
136,"Paraguay",2008,"Cardiovascular diseases","deaths",230.980242416079,148.457225974634,136.298627922754,159.825552365791
136,"Paraguay",2009,"Cardiovascular diseases","deaths",231.605946905583,151.383601932315,140.054428649296,164.89090693146
136,"Paraguay",2010,"Cardiovascular diseases","deaths",233.144099223574,154.805695405047,143.372534725027,168.113815569395
136,"Paraguay",2011,"Cardiovascular diseases","deaths",232.57681448792,156.961619289622,145.51708639882,170.286361367663
136,"Paraguay",2012,"Cardiovascular diseases","deaths",231.423332454304,158.638322642049,146.719533840404,171.902551738644
136,"Paraguay",2013,"Cardiovascular diseases","deaths",228.156874812449,158.853157535245,146.324551703414,172.981315434382
123,"Peru",2002,"Cardiovascular diseases","deaths",100.958425789802,65.2469958852361,59.2100095709269,72.3884297419536
123,"Peru",2003,"Cardiovascular diseases","deaths",101.936959953071,68.4724941530188,61.775236924876,75.7780290306788
123,"Peru",2004,"Cardiovascular diseases","deaths",101.819103078449,70.4781347685428,62.8973253525595,77.5248084841442
123,"Peru",2005,"Cardiovascular diseases","deaths",98.2289226086858,68.8416553853311,60.8394423552863,75.8556869682157
123,"Peru",2006,"Cardiovascular diseases","deaths",92.7727249232482,64.8696015489869,57.1157869179258,72.1761157485938
123,"Peru",2007,"Cardiovascular diseases","deaths",89.208679521802,65.3619339291161,58.3442671582876,72.8138148860074
123,"Peru",2008,"Cardiovascular diseases","deaths",87.0204458550552,65.3812416857825,58.4457470478544,73.3410888963283
123,"Peru",2009,"Cardiovascular diseases","deaths",84.8204518364803,65.1790533784264,58.7608053904182,73.1190757529634
123,"Peru",2010,"Cardiovascular diseases","deaths",82.3942126560979,66.0178652749658,59.6422118603588,74.1423750067784
123,"Peru",2011,"Cardiovascular diseases","deaths",79.7219236745364,64.1921657983995,58.0035563874138,71.7748047952757
123,"Peru",2012,"Cardiovascular diseases","deaths",77.4954536011908,64.4030455052958,57.599200064313,72.5554476907324
123,"Peru",2013,"Cardiovascular diseases","deaths",74.484070532844,62.9704486898215,55.917386138548,70.3066180519332
61,"Republic of Moldova",2002,"Cardiovascular diseases","deaths",575.365254365552,614.643385473735,589.214600633245,637.428392195296
61,"Republic of Moldova",2003,"Cardiovascular diseases","deaths",573.317367511766,634.315517742845,606.775446879644,657.024547985967
61,"Republic of Moldova",2004,"Cardiovascular diseases","deaths",562.616230697228,640.992590851077,609.460288169331,665.637995896897
61,"Republic of Moldova",2005,"Cardiovascular diseases","deaths",560.765935718819,656.083585028074,628.283404084369,683.403282029619
61,"Republic of Moldova",2006,"Cardiovascular diseases","deaths",549.84324115066,658.07642870817,625.088401148837,682.735550802468
61,"Republic of Moldova",2007,"Cardiovascular diseases","deaths",540.769019388542,660.841294069303,627.658496510385,687.160562984163
61,"Republic of Moldova",2008,"Cardiovascular diseases","deaths",527.606704901785,659.644152216938,624.180927205294,684.026581115237
61,"Republic of Moldova",2009,"Cardiovascular diseases","deaths",518.373945551118,663.363239172185,625.089486099201,687.400344163827
61,"Republic of Moldova",2010,"Cardiovascular diseases","deaths",509.922767006278,666.752776382591,629.497687143439,692.760841141916
61,"Republic of Moldova",2011,"Cardiovascular diseases","deaths",486.425957269757,649.674252972692,615.923481932429,677.86010646935
61,"Republic of Moldova",2012,"Cardiovascular diseases","deaths",468.10311596932,639.68715561333,600.236712788258,666.438166398944
61,"Republic of Moldova",2013,"Cardiovascular diseases","deaths",456.322948447457,638.02630257287,598.129017137506,665.02999297183
116,"Saint Lucia",2002,"Cardiovascular diseases","deaths",218.444462114629,183.707363443523,170.026199246345,195.798722768546
116,"Saint Lucia",2003,"Cardiovascular diseases","deaths",219.3265924581,190.068055960286,175.877297796747,202.561964487038
116,"Saint Lucia",2004,"Cardiovascular diseases","deaths",213.133898143411,190.567006432163,174.82074602874,205.012976084911
116,"Saint Lucia",2005,"Cardiovascular diseases","deaths",217.586369697984,196.877333995416,180.893624780149,209.790463039499
116,"Saint Lucia",2006,"Cardiovascular diseases","deaths",208.590407982632,191.10875351851,176.306944624286,204.416572555426
116,"Saint Lucia",2007,"Cardiovascular diseases","deaths",201.790823393581,190.255178746378,174.496989055843,204.206125041843
116,"Saint Lucia",2008,"Cardiovascular diseases","deaths",194.033083586819,188.28992407189,173.036866284076,202.039492479636
116,"Saint Lucia",2009,"Cardiovascular diseases","deaths",195.195734640232,183.125564623711,168.936850832498,195.971989300814
116,"Saint Lucia",2010,"Cardiovascular diseases","deaths",191.029184808295,192.099720088232,176.933391281922,206.486494267439
116,"Saint Lucia",2011,"Cardiovascular diseases","deaths",182.44698491073,180.751630273124,166.511688601883,194.60055948859
116,"Saint Lucia",2012,"Cardiovascular diseases","deaths",180.101887225963,191.481871117963,174.574265552954,205.02805832554
116,"Saint Lucia",2013,"Cardiovascular diseases","deaths",184.863620798934,200.266806640095,182.000541019513,214.583804594664
117,"Saint Vincent and the Grenadines",2002,"Cardiovascular diseases","deaths",279.20177025533,228.178905434397,213.330450047892,242.83379470929
117,"Saint Vincent and the Grenadines",2003,"Cardiovascular diseases","deaths",271.839476587454,224.478188148107,210.892213906501,240.077609496748
117,"Saint Vincent and the Grenadines",2004,"Cardiovascular diseases","deaths",265.558116284389,233.565328775105,215.565580787764,249.375058954693
117,"Saint Vincent and the Grenadines",2005,"Cardiovascular diseases","deaths",269.603188830044,243.573666741941,228.110831894785,261.206409738988
117,"Saint Vincent and the Grenadines",2006,"Cardiovascular diseases","deaths",263.943836863015,232.155182813267,217.140388741598,250.143137885229
117,"Saint Vincent and the Grenadines",2007,"Cardiovascular diseases","deaths",269.702873359316,243.430044252126,228.366544734249,259.443080647454
117,"Saint Vincent and the Grenadines",2008,"Cardiovascular diseases","deaths",273.690545151991,264.586458998895,247.805805209341,281.725450837618
117,"Saint Vincent and the Grenadines",2009,"Cardiovascular diseases","deaths",266.306665638308,262.24972118924,246.222152631885,278.901324739045
117,"Saint Vincent and the Grenadines",2010,"Cardiovascular diseases","deaths",259.39495875381,257.787470785062,240.281468173855,273.77097713839
117,"Saint Vincent and the Grenadines",2011,"Cardiovascular diseases","deaths",254.736151826339,272.062692320104,251.694368659266,289.772692295069
117,"Saint Vincent and the Grenadines",2012,"Cardiovascular diseases","deaths",250.86196528206,270.812546399535,251.560638516194,287.533857053249
117,"Saint Vincent and the Grenadines",2013,"Cardiovascular diseases","deaths",246.773576341494,267.212142130252,247.610492267752,283.521900212973
53,"Serbia",2002,"Cardiovascular diseases","deaths",674.119018085836,736.738354486685,702.180557962502,766.252133477264
53,"Serbia",2003,"Cardiovascular diseases","deaths",656.332695421027,748.18464831472,709.367200813872,786.436662254906
53,"Serbia",2004,"Cardiovascular diseases","deaths",640.776117979904,754.193419844495,715.164114233829,785.218017949306
53,"Serbia",2005,"Cardiovascular diseases","deaths",624.313942026167,765.131114648648,727.342385888745,798.99227282709
53,"Serbia",2006,"Cardiovascular diseases","deaths",604.828760431035,735.41674974326,694.623717230883,766.889216966332
53,"Serbia",2007,"Cardiovascular diseases","deaths",585.07968023614,731.541002056203,695.085224979101,765.677470093884
53,"Serbia",2008,"Cardiovascular diseases","deaths",570.708959115236,727.002848801221,692.553455074043,761.04334200332
53,"Serbia",2009,"Cardiovascular diseases","deaths",553.467816667568,729.730918787263,696.297703129189,762.511067894598
53,"Serbia",2010,"Cardiovascular diseases","deaths",536.816858613781,720.326258530565,684.5583502434,758.203144664821
53,"Serbia",2011,"Cardiovascular diseases","deaths",521.175521124403,716.990859795341,682.071176222075,749.109585662784
53,"Serbia",2012,"Cardiovascular diseases","deaths",504.673545758017,706.980833022253,673.317748616176,745.208891181814
53,"Serbia",2013,"Cardiovascular diseases","deaths",491.826470348383,691.506560259684,655.624752567676,725.014261819764
196,"South Africa",2002,"Cardiovascular diseases","deaths",252.967980122837,141.774714763827,128.610319960057,151.861020027488
196,"South Africa",2003,"Cardiovascular diseases","deaths",247.743386905614,140.71041334033,128.006753172945,151.574609571503
196,"South Africa",2004,"Cardiovascular diseases","deaths",231.900015847468,134.188817975786,122.232823098708,143.458152918275
196,"South Africa",2005,"Cardiovascular diseases","deaths",229.363396819956,135.230953455446,122.599924226315,145.469552967559
196,"South Africa",2006,"Cardiovascular diseases","deaths",234.004171671689,140.691388523865,127.684621122783,151.943346304563
196,"South Africa",2007,"Cardiovascular diseases","deaths",235.181390870269,144.334858370051,131.266604804338,155.822122078164
196,"South Africa",2008,"Cardiovascular diseases","deaths",238.447415164815,148.73572327201,134.403403157489,160.871013843792
196,"South Africa",2009,"Cardiovascular diseases","deaths",248.601386521276,157.291251387338,142.737726057977,171.105654251447
196,"South Africa",2010,"Cardiovascular diseases","deaths",253.56742923118,162.505470216977,148.349763625825,176.858034811728
196,"South Africa",2011,"Cardiovascular diseases","deaths",257.579997042568,166.95294748713,152.492219484887,181.126621813862
196,"South Africa",2012,"Cardiovascular diseases","deaths",253.013837909636,165.872918631217,151.374362939668,180.527898464726
196,"South Africa",2013,"Cardiovascular diseases","deaths",251.305021817358,166.297908885901,151.255692239554,180.429351664513
118,"Suriname",2002,"Cardiovascular diseases","deaths",287.884249099122,191.185412433232,180.842663399503,200.921547706715
118,"Suriname",2003,"Cardiovascular diseases","deaths",285.270111101713,190.560974835144,179.686673927808,199.838211430979
118,"Suriname",2004,"Cardiovascular diseases","deaths",282.35004643407,190.507984810162,180.04976826261,199.441932386691
118,"Suriname",2005,"Cardiovascular diseases","deaths",278.68856826675,190.696209634709,179.833947718634,200.113013444752
118,"Suriname",2006,"Cardiovascular diseases","deaths",274.331684807223,189.689651292736,178.955373903341,199.797649560096
118,"Suriname",2007,"Cardiovascular diseases","deaths",268.821731914791,192.064666656827,181.902900773393,201.62854372024
118,"Suriname",2008,"Cardiovascular diseases","deaths",263.515535400775,192.029761303506,181.509658356708,202.968135351365
118,"Suriname",2009,"Cardiovascular diseases","deaths",259.211999750248,192.13766073931,181.82668039406,204.062152964926
118,"Suriname",2010,"Cardiovascular diseases","deaths",254.688219196543,193.746683647668,183.777264405479,206.670093989854
118,"Suriname",2011,"Cardiovascular diseases","deaths",248.95447198887,192.619162454975,182.323898366042,206.73513604559
118,"Suriname",2012,"Cardiovascular diseases","deaths",248.349216477095,199.825346332242,188.327878080554,215.935134228086
118,"Suriname",2013,"Cardiovascular diseases","deaths",242.464277472126,199.123051432565,187.630211412613,216.004642509575
18,"Thailand",2002,"Cardiovascular diseases","deaths",221.766571877995,159.998677178112,141.846734035273,179.020019728088
18,"Thailand",2003,"Cardiovascular diseases","deaths",216.896112828216,161.73540495922,143.038287513931,182.047633741051
18,"Thailand",2004,"Cardiovascular diseases","deaths",212.166445430629,164.08549346021,145.466925395656,183.651693184244
18,"Thailand",2005,"Cardiovascular diseases","deaths",204.539816688156,164.212023091899,145.141965155171,182.428553762107
18,"Thailand",2006,"Cardiovascular diseases","deaths",190.396378771498,159.338883219863,141.177972757766,175.996985963273
18,"Thailand",2007,"Cardiovascular diseases","deaths",180.391162128224,157.444005835104,139.899048143836,173.277032772932
18,"Thailand",2008,"Cardiovascular diseases","deaths",169.413209523406,154.514868544231,137.746061717622,170.960716034211
18,"Thailand",2009,"Cardiovascular diseases","deaths",158.313597437329,147.4700850313,131.847579208846,163.330240861327
18,"Thailand",2010,"Cardiovascular diseases","deaths",152.55529748529,145.497644724085,130.462538543157,159.689098680316
18,"Thailand",2011,"Cardiovascular diseases","deaths",142.334140961654,145.341360810844,130.012970461146,159.489037000896
18,"Thailand",2012,"Cardiovascular diseases","deaths",135.153242430998,148.19805388554,131.714360961875,162.495279929656
18,"Thailand",2013,"Cardiovascular diseases","deaths",132.282486046454,152.231471198835,135.137283032402,167.625846377251
29,"Tonga",2002,"Cardiovascular diseases","deaths",338.225186129713,200.588922282188,174.482660857158,225.432576855578
29,"Tonga",2003,"Cardiovascular diseases","deaths",338.476090494659,202.422448559274,176.263443661474,228.326244523476
29,"Tonga",2004,"Cardiovascular diseases","deaths",340.382477845331,205.191014618156,178.576756882214,233.832028076108
29,"Tonga",2005,"Cardiovascular diseases","deaths",342.606300175635,208.101963423141,181.255711627408,236.257035401714
29,"Tonga",2006,"Cardiovascular diseases","deaths",343.689417264538,210.556431318884,184.199867359467,237.534578569719
29,"Tonga",2007,"Cardiovascular diseases","deaths",344.917043746856,213.022088409429,185.031628117756,240.896998635954
29,"Tonga",2008,"Cardiovascular diseases","deaths",345.282378614962,215.238865918398,185.72865510217,245.649656236533
29,"Tonga",2009,"Cardiovascular diseases","deaths",365.174952428218,230.081738195262,200.250285559166,262.990579717274
29,"Tonga",2010,"Cardiovascular diseases","deaths",347.80549138375,221.031673067132,193.214212922693,253.8994544344
29,"Tonga",2011,"Cardiovascular diseases","deaths",346.556719218582,222.98313536899,192.58654753048,257.775111404749
29,"Tonga",2012,"Cardiovascular diseases","deaths",346.101727641089,225.748664403944,193.955303024039,261.892000730319
29,"Tonga",2013,"Cardiovascular diseases","deaths",345.963027438909,228.876219264739,195.946627944851,265.00434988191
40,"Turkmenistan",2002,"Cardiovascular diseases","deaths",672.503809472736,333.931611964731,319.974041432369,345.616522968722
40,"Turkmenistan",2003,"Cardiovascular diseases","deaths",682.279266127019,341.925986964583,328.279627443534,352.561991874205
40,"Turkmenistan",2004,"Cardiovascular diseases","deaths",677.179797786975,336.974076484578,323.846452086058,349.406830960402
40,"Turkmenistan",2005,"Cardiovascular diseases","deaths",669.978940228969,346.518765240067,333.212214597528,359.674039441454
40,"Turkmenistan",2006,"Cardiovascular diseases","deaths",657.611063042183,340.558464668421,327.316152708723,352.450135448215
40,"Turkmenistan",2007,"Cardiovascular diseases","deaths",647.966943301063,339.219577288775,324.047530123324,351.034782475654
40,"Turkmenistan",2008,"Cardiovascular diseases","deaths",619.955477320563,328.926491018132,314.782215598328,340.679634857424
40,"Turkmenistan",2009,"Cardiovascular diseases","deaths",584.659054746962,302.793977955043,289.547605915864,314.729120020721
40,"Turkmenistan",2010,"Cardiovascular diseases","deaths",565.045533381216,295.328757830927,280.983331047773,306.105625530196
40,"Turkmenistan",2011,"Cardiovascular diseases","deaths",561.646605811934,305.304830799428,292.557658965822,317.255199287513
40,"Turkmenistan",2012,"Cardiovascular diseases","deaths",558.932442954004,305.851751954861,292.15377029732,316.635561791465
40,"Turkmenistan",2013,"Cardiovascular diseases","deaths",554.288897037874,306.608664123188,292.691155918171,318.950218194593
416,"Tuvalu",2002,"Cardiovascular diseases","deaths",752.293859472351,479.873736394419,414.378407016716,540.86010589788
416,"Tuvalu",2003,"Cardiovascular diseases","deaths",751.632493278013,478.399885432578,410.909254856779,543.249884336863
416,"Tuvalu",2004,"Cardiovascular diseases","deaths",749.699320846298,475.948379162068,410.290697435127,538.560762147571
416,"Tuvalu",2005,"Cardiovascular diseases","deaths",743.252877246868,470.967923900701,405.738970491781,534.088526428447
416,"Tuvalu",2006,"Cardiovascular diseases","deaths",736.889694785847,466.885067569573,396.927611697214,531.437640456765
416,"Tuvalu",2007,"Cardiovascular diseases","deaths",731.488978778608,463.382184849313,394.106089801763,526.745680700474
416,"Tuvalu",2008,"Cardiovascular diseases","deaths",726.206377498529,460.373391287549,391.265220491688,521.567286752975
416,"Tuvalu",2009,"Cardiovascular diseases","deaths",726.290618709032,461.800544831222,391.39056487469,524.69403988469
416,"Tuvalu",2010,"Cardiovascular diseases","deaths",726.95744395334,464.008173046227,394.063217775815,530.013260513589
416,"Tuvalu",2011,"Cardiovascular diseases","deaths",726.13009017974,465.857333764965,397.663672971029,534.704693471983
416,"Tuvalu",2012,"Cardiovascular diseases","deaths",725.672484092262,467.777554437871,397.567081396183,535.32569306448
416,"Tuvalu",2013,"Cardiovascular diseases","deaths",724.919318540681,469.95914184223,397.426882885981,540.572060078553
155,"T<c3><bc>rkiye",2002,"Cardiovascular diseases","deaths",321.086092765349,187.626501271887,167.441592672444,209.925268415453
155,"T<c3><bc>rkiye",2003,"Cardiovascular diseases","deaths",317.331285943722,189.817719534047,169.537108967078,209.773790904664
155,"T<c3><bc>rkiye",2004,"Cardiovascular diseases","deaths",310.537471520048,191.092446563393,170.728914191996,209.367413363714
155,"T<c3><bc>rkiye",2005,"Cardiovascular diseases","deaths",310.064717463454,196.145249579205,175.527121620233,214.760662522891
155,"T<c3><bc>rkiye",2006,"Cardiovascular diseases","deaths",310.992246370183,202.327991977901,182.817392053901,221.504643685689
155,"T<c3><bc>rkiye",2007,"Cardiovascular diseases","deaths",300.153577735038,201.949309747595,183.621196981837,219.717409615013
155,"T<c3><bc>rkiye",2008,"Cardiovascular diseases","deaths",274.996189533202,192.655471299203,174.941647016284,209.873548520493
155,"T<c3><bc>rkiye",2009,"Cardiovascular diseases","deaths",242.349556085393,176.874579730918,161.120442960447,191.977358963714
155,"T<c3><bc>rkiye",2010,"Cardiovascular diseases","deaths",233.525190605432,177.307227891237,162.284129604007,191.883769389381
155,"T<c3><bc>rkiye",2011,"Cardiovascular diseases","deaths",235.861366723164,185.929315420178,170.75911813864,201.035995839476
155,"T<c3><bc>rkiye",2012,"Cardiovascular diseases","deaths",238.264142363955,194.339327943145,178.900561523433,210.062737922085
155,"T<c3><bc>rkiye",2013,"Cardiovascular diseases","deaths",251.18231442863,211.285890136413,192.704910756793,227.090138789938
63,"Ukraine",2002,"Cardiovascular diseases","deaths",685.472909004141,974.120948940521,934.664722540797,999.37030540638
63,"Ukraine",2003,"Cardiovascular diseases","deaths",691.685293811486,1001.30770677062,962.055701803,1027.17153960559
63,"Ukraine",2004,"Cardiovascular diseases","deaths",683.205360629055,1000.50022258148,963.352522504625,1023.59974074098
63,"Ukraine",2005,"Cardiovascular diseases","deaths",699.497030465524,1041.89034735684,999.472411923534,1063.60409874567
63,"Ukraine",2006,"Cardiovascular diseases","deaths",688.804416614761,1042.08475216194,999.816898263852,1065.06752195884
63,"Ukraine",2007,"Cardiovascular diseases","deaths",679.75234394452,1042.87863746674,1001.05988453149,1064.16142133624
63,"Ukraine",2008,"Cardiovascular diseases","deaths",668.547024805768,1036.24189019373,989.204322924382,1060.65949348576
63,"Ukraine",2009,"Cardiovascular diseases","deaths",642.210787276064,1009.21919171007,966.706223963345,1031.07228029272
63,"Ukraine",2010,"Cardiovascular diseases","deaths",627.552692339739,1003.57397822894,955.545097464258,1029.09736896167
63,"Ukraine",2011,"Cardiovascular diseases","deaths",597.305689328779,962.834903358435,916.492248999683,989.793535348505
63,"Ukraine",2012,"Cardiovascular diseases","deaths",586.349108284733,955.878248716769,907.572350989162,980.695022075354
63,"Ukraine",2013,"Cardiovascular diseases","deaths",585.872424025829,959.206250271171,910.283361201566,984.9780105838
133,"Venezuela (Bolivarian Republic of)",2002,"Cardiovascular diseases","deaths",281.813557948972,131.694166369096,125.171763531803,136.006351931244
133,"Venezuela (Bolivarian Republic of)",2003,"Cardiovascular diseases","deaths",280.619321658423,135.325187324256,128.559643590256,139.473298776964
133,"Venezuela (Bolivarian Republic of)",2004,"Cardiovascular diseases","deaths",274.559536094068,134.127387613566,127.835236923179,138.031607708778
133,"Venezuela (Bolivarian Republic of)",2005,"Cardiovascular diseases","deaths",267.156736609979,132.571355864246,125.970196180982,136.522711880429
133,"Venezuela (Bolivarian Republic of)",2006,"Cardiovascular diseases","deaths",263.134193413326,133.362773235176,126.49101396461,137.448566344071
133,"Venezuela (Bolivarian Republic of)",2007,"Cardiovascular diseases","deaths",260.00861556418,135.101230631607,127.923459022173,139.532332368879
133,"Venezuela (Bolivarian Republic of)",2008,"Cardiovascular diseases","deaths",259.461590263117,137.331283316669,130.267304789676,142.034609332928
133,"Venezuela (Bolivarian Republic of)",2009,"Cardiovascular diseases","deaths",257.437459641652,138.615403654258,131.30938675608,143.300162872
133,"Venezuela (Bolivarian Republic of)",2010,"Cardiovascular diseases","deaths",256.096707126446,144.326322092298,136.83625669921,148.932406617859
133,"Venezuela (Bolivarian Republic of)",2011,"Cardiovascular diseases","deaths",254.346521185694,147.324076047163,140.271724812097,151.63848107542
133,"Venezuela (Bolivarian Republic of)",2012,"Cardiovascular diseases","deaths",248.197201178659,146.149989975075,139.288134591679,150.835519883426
133,"Venezuela (Bolivarian Republic of)",2013,"Cardiovascular diseases","deaths",246.034407974009,148.337760505464,141.949215481145,153.22890686423
43,"Albania",2014,"Cardiovascular diseases","deaths",303.757820793728,396.896130099706,353.66253575265,435.052895574916
43,"Albania",2015,"Cardiovascular diseases","deaths",299.556808469894,419.166681131129,369.877789330904,459.635471559632
43,"Albania",2016,"Cardiovascular diseases","deaths",292.552870889688,436.673557659579,383.014220849317,475.423344966912
43,"Albania",2017,"Cardiovascular diseases","deaths",286.892815476656,456.225854613124,401.065710491468,499.641991899486
43,"Albania",2018,"Cardiovascular diseases","deaths",280.201618105528,451.027049615002,388.918570299498,493.167952541098
43,"Albania",2019,"Cardiovascular diseases","deaths",272.323517453391,454.236066285414,390.055742059705,493.804816937607
43,"Albania",2020,"Cardiovascular diseases","deaths",254.938622236371,454.999909742878,400.01816159838,493.547738983987
43,"Albania",2021,"Cardiovascular diseases","deaths",247.838542730244,476.018522987229,423.899462747248,522.145317585567
43,"Albania",2022,"Cardiovascular diseases","deaths",252.442053646278,480.753764962726,414.678985431149,527.070294185928
43,"Albania",2023,"Cardiovascular diseases","deaths",249.65430698334,436.529738879201,376.698235748734,491.940003771025
139,"Algeria",2014,"Cardiovascular diseases","deaths",369.070429212981,231.746792954365,199.22049478953,262.567535340264
139,"Algeria",2015,"Cardiovascular diseases","deaths",368.52814764466,236.573633853923,202.606174906973,268.858683676198
139,"Algeria",2016,"Cardiovascular diseases","deaths",364.214199378461,238.489388854726,203.826815326618,273.449954521006
139,"Algeria",2017,"Cardiovascular diseases","deaths",362.394209958075,242.005588989012,206.656122616247,278.603230023717
139,"Algeria",2018,"Cardiovascular diseases","deaths",359.38442812917,244.848589417421,208.424698560461,282.478853021919
139,"Algeria",2019,"Cardiovascular diseases","deaths",353.991321867034,246.592465163088,209.429718705382,285.904779485281
139,"Algeria",2020,"Cardiovascular diseases","deaths",338.09070147012,239.351190519201,196.908538574712,289.213047856356
139,"Algeria",2021,"Cardiovascular diseases","deaths",328.253404925923,236.331900595273,193.353872776273,288.192277863297
139,"Algeria",2022,"Cardiovascular diseases","deaths",325.612278974314,240.766962754656,197.518989543764,293.246697738771
139,"Algeria",2023,"Cardiovascular diseases","deaths",322.61847662276,245.697201478574,202.70967154215,296.845768112543
97,"Argentina",2014,"Cardiovascular diseases","deaths",175.010806885561,208.686113703832,193.373635369662,218.434911609594
97,"Argentina",2015,"Cardiovascular diseases","deaths",174.84409707251,211.725517028723,194.966218879028,221.684936572036
97,"Argentina",2016,"Cardiovascular diseases","deaths",179.195196131026,221.295799270229,203.906381143176,231.875834295539
97,"Argentina",2017,"Cardiovascular diseases","deaths",171.248786074095,213.148461575171,196.372377883795,223.72859581404
97,"Argentina",2018,"Cardiovascular diseases","deaths",166.193711521028,206.681008700615,190.569496481507,217.450542502551
97,"Argentina",2019,"Cardiovascular diseases","deaths",163.400247546945,207.086531306845,190.296529684202,217.548827611635
97,"Argentina",2020,"Cardiovascular diseases","deaths",159.061869560609,201.058693827993,185.644833235765,210.787297985272
97,"Argentina",2021,"Cardiovascular diseases","deaths",164.379150386119,211.428228951077,196.705345825763,221.68886167095
97,"Argentina",2022,"Cardiovascular diseases","deaths",175.133828167787,237.44388406313,217.821581178562,250.683049936981
97,"Argentina",2023,"Cardiovascular diseases","deaths",160.812833537358,223.471369301714,204.157640254417,238.044399153517
33,"Armenia",2014,"Cardiovascular diseases","deaths",323.842636582411,430.394034273037,404.025641308775,453.068344536642
33,"Armenia",2015,"Cardiovascular diseases","deaths",308.623348097391,423.669457472387,397.896450153145,445.152495560809
33,"Armenia",2016,"Cardiovascular diseases","deaths",304.966013855844,434.062174058472,405.971151891238,455.284154366963
33,"Armenia",2017,"Cardiovascular diseases","deaths",311.640545352247,455.650472452644,423.247960318509,477.958888459428
33,"Armenia",2018,"Cardiovascular diseases","deaths",300.513059956031,446.993789170394,413.124395408397,473.04970356131
33,"Armenia",2019,"Cardiovascular diseases","deaths",291.786334638368,445.878552063012,407.263538056983,468.854269477638
33,"Armenia",2020,"Cardiovascular diseases","deaths",282.838713422391,448.371584983939,417.105611632489,466.638966195076
33,"Armenia",2021,"Cardiovascular diseases","deaths",271.427451434959,435.96998099761,408.023538062156,453.297082150715
33,"Armenia",2022,"Cardiovascular diseases","deaths",259.389010025984,424.724718991397,389.074768250679,451.37980246455
33,"Armenia",2023,"Cardiovascular diseases","deaths",237.958554982453,412.441161376626,370.756771477786,445.980230339887
34,"Azerbaijan",2014,"Cardiovascular diseases","deaths",492.869042824095,341.442127938412,307.326826266969,363.253501167168
34,"Azerbaijan",2015,"Cardiovascular diseases","deaths",482.968164418239,338.713806208505,307.934228236806,365.233408823869
34,"Azerbaijan",2016,"Cardiovascular diseases","deaths",478.207707019669,342.117759492967,312.638019901625,368.179597837478
34,"Azerbaijan",2017,"Cardiovascular diseases","deaths",470.075198439397,342.441385914091,310.625303180805,370.364849948116
34,"Azerbaijan",2018,"Cardiovascular diseases","deaths",460.281024980028,343.015442619538,309.421788847807,373.257545186336
34,"Azerbaijan",2019,"Cardiovascular diseases","deaths",464.029607798777,355.953072375061,322.625483082798,385.15859270862
34,"Azerbaijan",2020,"Cardiovascular diseases","deaths",483.390698579181,380.473780767166,344.436525429254,417.324424630476
34,"Azerbaijan",2021,"Cardiovascular diseases","deaths",472.95389641985,373.678392821296,338.731338041918,411.649353289912
34,"Azerbaijan",2022,"Cardiovascular diseases","deaths",407.818957241197,329.40404802816,298.506127698607,363.339212312426
34,"Azerbaijan",2023,"Cardiovascular diseases","deaths",393.728441821748,334.644308801479,300.089817181289,366.526563297418
57,"Belarus",2014,"Cardiovascular diseases","deaths",509.444502139869,799.299227858285,751.927733009834,823.030850009228
57,"Belarus",2015,"Cardiovascular diseases","deaths",496.86600147081,793.059686217434,746.645364128946,818.336773598141
57,"Belarus",2016,"Cardiovascular diseases","deaths",486.546420441153,787.174616378867,741.656554719497,812.20537381214
57,"Belarus",2017,"Cardiovascular diseases","deaths",477.798022065107,788.411306511525,740.189077159226,815.538283449612
57,"Belarus",2018,"Cardiovascular diseases","deaths",473.948334065168,785.852562704591,740.876810912582,813.965385653602
57,"Belarus",2019,"Cardiovascular diseases","deaths",468.004833492688,786.353949089071,738.053613816669,815.659479964997
57,"Belarus",2020,"Cardiovascular diseases","deaths",451.66753394877,767.374735641121,716.140165864238,797.122356534165
57,"Belarus",2021,"Cardiovascular diseases","deaths",446.505834492765,765.976595454881,713.452194752085,799.646488968892
57,"Belarus",2022,"Cardiovascular diseases","deaths",460.516546215905,799.038052204825,752.572848539248,843.210916274069
57,"Belarus",2023,"Cardiovascular diseases","deaths",458.808566204792,805.651908324134,752.90247520931,846.835165619223
108,"Belize",2014,"Cardiovascular diseases","deaths",187.564464991039,100.532876582511,92.709266544544,106.524121099683
108,"Belize",2015,"Cardiovascular diseases","deaths",188.175140077105,106.069164578786,98.0754908253937,112.488346713359
108,"Belize",2016,"Cardiovascular diseases","deaths",190.141575793073,106.278673647071,97.2311878232537,112.276616254926
108,"Belize",2017,"Cardiovascular diseases","deaths",191.624745151231,112.928488949556,103.873012356396,119.937045818958
108,"Belize",2018,"Cardiovascular diseases","deaths",190.835188164993,114.019732873853,106.080266676752,120.733427314669
108,"Belize",2019,"Cardiovascular diseases","deaths",186.52960044945,114.849710837253,107.14132792744,121.362646404569
108,"Belize",2020,"Cardiovascular diseases","deaths",184.166226019873,114.265236830831,107.121416705814,121.764379079936
108,"Belize",2021,"Cardiovascular diseases","deaths",181.624764786873,113.71699198094,106.230920232726,121.14052554765
108,"Belize",2022,"Cardiovascular diseases","deaths",172.532800568184,107.064657742244,98.7215105701171,116.25951462872
108,"Belize",2023,"Cardiovascular diseases","deaths",169.679563907811,108.690678289211,99.2654274096976,119.914112981314
44,"Bosnia and Herzegovina",2014,"Cardiovascular diseases","deaths",331.664829668436,504.115009021919,469.323872316164,531.139492066843
44,"Bosnia and Herzegovina",2015,"Cardiovascular diseases","deaths",332.099401680367,528.814477068153,490.021307087015,560.937015173496
44,"Bosnia and Herzegovina",2016,"Cardiovascular diseases","deaths",323.602887269016,526.529093331291,488.120169333838,559.176136829064
44,"Bosnia and Herzegovina",2017,"Cardiovascular diseases","deaths",321.012934445982,546.652168356482,507.04825821386,586.144871178368
44,"Bosnia and Herzegovina",2018,"Cardiovascular diseases","deaths",319.231698740787,558.323083637374,522.470180498558,594.17289559117
44,"Bosnia and Herzegovina",2019,"Cardiovascular diseases","deaths",315.474132627813,569.470674850088,527.35905595982,605.108301797215
44,"Bosnia and Herzegovina",2020,"Cardiovascular diseases","deaths",310.525736367876,581.997120157862,537.18241754542,615.590409398158
44,"Bosnia and Herzegovina",2021,"Cardiovascular diseases","deaths",302.077314138329,573.467622608218,519.501269352467,609.730681345951
44,"Bosnia and Herzegovina",2022,"Cardiovascular diseases","deaths",298.017551214294,570.448699221984,521.388403907042,610.462061247729
44,"Bosnia and Herzegovina",2023,"Cardiovascular diseases","deaths",295.347372576024,581.283710058807,524.34321778866,631.104224524691
193,"Botswana",2014,"Cardiovascular diseases","deaths",153.696383903486,91.2154286182518,74.4040991070983,108.580363119055
193,"Botswana",2015,"Cardiovascular diseases","deaths",155.165687853031,93.8957403679065,77.3437867343179,111.171732407497
193,"Botswana",2016,"Cardiovascular diseases","deaths",155.856698396483,96.1677898997934,79.7719978111007,114.690416317297
193,"Botswana",2017,"Cardiovascular diseases","deaths",151.850107679303,95.692804219264,78.099874238424,115.143963856232
193,"Botswana",2018,"Cardiovascular diseases","deaths",149.831660384627,96.5230772275421,77.9812917016258,117.20588597598
193,"Botswana",2019,"Cardiovascular diseases","deaths",147.960902064333,97.4163117910498,78.1142908147141,119.594317195224
193,"Botswana",2020,"Cardiovascular diseases","deaths",147.646049296652,99.7372979264897,79.0531175834057,123.476901246959
193,"Botswana",2021,"Cardiovascular diseases","deaths",174.700082477162,122.595160212284,96.8465909304142,151.252160638621
193,"Botswana",2022,"Cardiovascular diseases","deaths",155.572485106575,107.714810324629,84.4112486540329,133.680462743075
193,"Botswana",2023,"Cardiovascular diseases","deaths",156.702968299824,110.023646877736,85.2541748169826,136.743426236857
135,"Brazil",2014,"Cardiovascular diseases","deaths",175.224108598702,166.14866547833,152.99236579363,174.084750605713
135,"Brazil",2015,"Cardiovascular diseases","deaths",173.231832054297,169.579219112578,155.547188619311,177.726331855333
135,"Brazil",2016,"Cardiovascular diseases","deaths",171.786616529386,173.046904970344,158.637277404723,181.944333910103
135,"Brazil",2017,"Cardiovascular diseases","deaths",165.13593329362,171.435197785936,156.816669413813,180.121302439352
135,"Brazil",2018,"Cardiovascular diseases","deaths",159.35536148565,169.914199627754,154.709997801165,178.732840437013
135,"Brazil",2019,"Cardiovascular diseases","deaths",156.175079090745,172.169104117064,156.666664452927,181.205066221569
135,"Brazil",2020,"Cardiovascular diseases","deaths",150.543352428826,170.089538928128,156.456905167373,178.094408135254
135,"Brazil",2021,"Cardiovascular diseases","deaths",149.96578037374,173.570784004973,160.379160042322,181.746266646329
135,"Brazil",2022,"Cardiovascular diseases","deaths",152.773945374713,182.455784806312,166.136437671207,191.650519427215
135,"Brazil",2023,"Cardiovascular diseases","deaths",146.966273933929,179.019681341741,161.374218647679,188.801160441971
6,"China",2014,"Cardiovascular diseases","deaths",247.48882027421,268.901426190021,244.929537884881,288.142181462201
6,"China",2015,"Cardiovascular diseases","deaths",248.07845350946,279.490464327373,254.717937210963,296.44365346065
6,"China",2016,"Cardiovascular diseases","deaths",254.910070123451,297.190257963704,269.813209936015,315.877475063771
6,"China",2017,"Cardiovascular diseases","deaths",256.157004177525,308.350370815952,280.364226357989,328.05476166658
6,"China",2018,"Cardiovascular diseases","deaths",238.039612028583,295.799281857079,267.066111077778,315.953042937814
6,"China",2019,"Cardiovascular diseases","deaths",214.261333856815,276.748752177748,247.495281379956,297.977432635413
6,"China",2020,"Cardiovascular diseases","deaths",199.482112585959,267.878151386558,238.887846866168,287.156076197965
6,"China",2021,"Cardiovascular diseases","deaths",215.173327319452,300.687457708311,266.944274891044,324.907861014681
6,"China",2022,"Cardiovascular diseases","deaths",217.108591294733,317.826040316728,273.713504259276,352.891867746556
6,"China",2023,"Cardiovascular diseases","deaths",208.029404331549,314.672216006135,269.464282464524,350.403457443662
125,"Colombia",2014,"Cardiovascular diseases","deaths",147.19733775819,134.179516239401,122.764354447756,140.045546425211
125,"Colombia",2015,"Cardiovascular diseases","deaths",147.502810433006,139.367099412955,128.033581369971,145.521164773109
125,"Colombia",2016,"Cardiovascular diseases","deaths",144.464457061115,139.97611640093,128.730129186191,146.53326778905
125,"Colombia",2017,"Cardiovascular diseases","deaths",142.510740791085,143.298239533656,131.249957491607,150.104027495836
125,"Colombia",2018,"Cardiovascular diseases","deaths",141.669944873164,146.502821620101,134.04474788527,153.487253080296
125,"Colombia",2019,"Cardiovascular diseases","deaths",136.594393408477,144.859470201698,132.489802268186,151.642405373136
125,"Colombia",2020,"Cardiovascular diseases","deaths",137.407747378012,145.801942512754,135.464810741607,151.618095558063
125,"Colombia",2021,"Cardiovascular diseases","deaths",135.965348455996,147.459014494857,138.087642440913,152.927745087969
125,"Colombia",2022,"Cardiovascular diseases","deaths",135.756533646156,151.750917084121,140.15278294643,158.661634221756
125,"Colombia",2023,"Cardiovascular diseases","deaths",130.222485531582,148.852112197649,134.521135654401,157.265255131923
126,"Costa Rica",2014,"Cardiovascular diseases","deaths",135.186706608881,117.052268170568,107.532156388494,122.282015263775
126,"Costa Rica",2015,"Cardiovascular diseases","deaths",130.371128776891,116.470460825058,106.55474892747,121.755308964
126,"Costa Rica",2016,"Cardiovascular diseases","deaths",127.035648187099,116.411954614181,106.018529477408,121.794221567016
126,"Costa Rica",2017,"Cardiovascular diseases","deaths",126.416885814459,119.024208842039,108.9079548443,124.790339678126
126,"Costa Rica",2018,"Cardiovascular diseases","deaths",122.973200047258,118.437850461121,108.171455262541,124.421438057285
126,"Costa Rica",2019,"Cardiovascular diseases","deaths",116.682904995275,115.798009249659,105.823599983586,122.071755171105
126,"Costa Rica",2020,"Cardiovascular diseases","deaths",116.831777286467,116.260405185133,107.18986860768,122.125955136074
126,"Costa Rica",2021,"Cardiovascular diseases","deaths",123.804760220407,128.054539284023,117.777457892073,134.478841557712
126,"Costa Rica",2022,"Cardiovascular diseases","deaths",130.188983714235,139.670167712002,127.380814427563,147.767468206575
126,"Costa Rica",2023,"Cardiovascular diseases","deaths",133.302340113014,149.374299440529,135.638164551333,159.394181504091
109,"Cuba",2014,"Cardiovascular diseases","deaths",197.831835910875,310.612515657271,288.445755213614,324.472290114775
109,"Cuba",2015,"Cardiovascular diseases","deaths",198.030524484278,318.099891675391,296.409681614647,330.884146289689
109,"Cuba",2016,"Cardiovascular diseases","deaths",197.84547905166,322.327519899827,300.144270593078,335.324348099616
109,"Cuba",2017,"Cardiovascular diseases","deaths",202.036060832885,338.859426436295,316.44076132025,353.086492701029
109,"Cuba",2018,"Cardiovascular diseases","deaths",200.138181347205,340.370767608474,318.326891187034,355.932054717042
109,"Cuba",2019,"Cardiovascular diseases","deaths",197.191784133086,342.253483703302,321.095271648045,357.728467494661
109,"Cuba",2020,"Cardiovascular diseases","deaths",199.85863417242,353.62835712327,330.887056494779,365.086670463652
109,"Cuba",2021,"Cardiovascular diseases","deaths",214.970729708535,387.796843493233,370.020249462141,398.276183178938
109,"Cuba",2022,"Cardiovascular diseases","deaths",176.843002577663,323.756099541324,297.39444228859,352.563764498675
109,"Cuba",2023,"Cardiovascular diseases","deaths",179.907714236748,335.914982539907,302.467946318972,370.851430810161
110,"Dominica",2014,"Cardiovascular diseases","deaths",215.988529270694,285.275628003569,259.374338187236,310.286896012705
110,"Dominica",2015,"Cardiovascular diseases","deaths",216.551142068856,306.498239597509,279.978451833942,334.608831118477
110,"Dominica",2016,"Cardiovascular diseases","deaths",215.699039021312,310.741874066292,282.991622774122,342.174741767116
110,"Dominica",2017,"Cardiovascular diseases","deaths",214.580726469439,291.531231741041,264.918857142621,323.204856214276
110,"Dominica",2018,"Cardiovascular diseases","deaths",213.059516438861,295.540286921112,264.802686918322,327.755426743729
110,"Dominica",2019,"Cardiovascular diseases","deaths",212.547598965202,301.657221635144,267.608090518514,336.920023783104
110,"Dominica",2020,"Cardiovascular diseases","deaths",216.587298909382,313.891738506783,277.011426211515,353.244130080662
110,"Dominica",2021,"Cardiovascular diseases","deaths",209.160367317406,308.638784101393,266.858469031135,351.440536548205
110,"Dominica",2022,"Cardiovascular diseases","deaths",200.698203506911,301.620148133949,260.899173076377,345.484745181229
110,"Dominica",2023,"Cardiovascular diseases","deaths",199.448240860802,306.506103246818,267.027834032957,350.966206927048
111,"Dominican Republic",2014,"Cardiovascular diseases","deaths",252.744191303834,197.814061804157,179.919135516626,217.842097611758
111,"Dominican Republic",2015,"Cardiovascular diseases","deaths",262.379546915271,207.306961092761,189.300540891244,229.835781913385
111,"Dominican Republic",2016,"Cardiovascular diseases","deaths",268.359666096807,214.547617187587,197.441415946832,236.771990186637
111,"Dominican Republic",2017,"Cardiovascular diseases","deaths",273.737540372655,220.796385571472,203.208806310544,245.530963767436
111,"Dominican Republic",2018,"Cardiovascular diseases","deaths",280.379280199088,227.822464754752,209.699358469165,254.797658436176
111,"Dominican Republic",2019,"Cardiovascular diseases","deaths",284.256929652578,233.160746700018,215.130374001623,261.465758626547
111,"Dominican Republic",2020,"Cardiovascular diseases","deaths",301.22101261825,248.733078626524,231.946730186949,278.351288882245
111,"Dominican Republic",2021,"Cardiovascular diseases","deaths",304.591248557716,253.376350244906,234.442422473417,285.01999087094
111,"Dominican Republic",2022,"Cardiovascular diseases","deaths",311.003026559224,260.119930877011,240.427825670295,293.132678673036
111,"Dominican Republic",2023,"Cardiovascular diseases","deaths",308.051912684981,258.931574733787,237.531665197222,293.429097623653
122,"Ecuador",2014,"Cardiovascular diseases","deaths",127.410722961523,97.8490667307095,91.8255797726237,101.567683596429
122,"Ecuador",2015,"Cardiovascular diseases","deaths",126.903458382642,100.060670406941,93.7122443482764,103.847059410032
122,"Ecuador",2016,"Cardiovascular diseases","deaths",130.370031628324,105.573415739879,98.9127329337613,109.500781304843
122,"Ecuador",2017,"Cardiovascular diseases","deaths",131.933338963979,110.694464356422,103.549515153781,114.850751955483
122,"Ecuador",2018,"Cardiovascular diseases","deaths",132.685381211877,114.222058154365,106.563352635639,118.627936226778
122,"Ecuador",2019,"Cardiovascular diseases","deaths",137.346122203692,120.777977140467,113.467740810139,125.195583376235
122,"Ecuador",2020,"Cardiovascular diseases","deaths",147.472936071384,125.773206759656,120.364561270939,129.131101967005
122,"Ecuador",2021,"Cardiovascular diseases","deaths",149.842792542478,129.789322790654,124.265278502453,133.632714240921
122,"Ecuador",2022,"Cardiovascular diseases","deaths",150.396934219738,134.891961521378,127.639402527056,139.658279007233
122,"Ecuador",2023,"Cardiovascular diseases","deaths",145.931418499873,140.579275043667,129.513064649549,146.749887515697
127,"El Salvador",2014,"Cardiovascular diseases","deaths",176.951781074182,154.967320038577,140.768163129325,167.271258178593
127,"El Salvador",2015,"Cardiovascular diseases","deaths",180.60449042694,159.818792335546,145.290947911611,172.89283585754
127,"El Salvador",2016,"Cardiovascular diseases","deaths",176.853572613441,158.204001487959,143.821395523237,171.127086754984
127,"El Salvador",2017,"Cardiovascular diseases","deaths",176.632268234271,160.107680994848,145.833352964056,171.698235364899
127,"El Salvador",2018,"Cardiovascular diseases","deaths",176.913131758009,162.387993749703,147.027840180101,175.093212180755
127,"El Salvador",2019,"Cardiovascular diseases","deaths",178.722731638242,165.973083426395,151.143144656337,179.615994417474
127,"El Salvador",2020,"Cardiovascular diseases","deaths",185.760341673098,173.675848014344,157.826642763382,189.380326607531
127,"El Salvador",2021,"Cardiovascular diseases","deaths",195.194238559831,183.201912330485,165.401159736097,199.749303755337
127,"El Salvador",2022,"Cardiovascular diseases","deaths",190.441180403405,180.517771083047,162.302187377339,198.633594379615
127,"El Salvador",2023,"Cardiovascular diseases","deaths",187.575043450664,181.118106261108,162.969600234406,200.398674189708
172,"Equatorial Guinea",2014,"Cardiovascular diseases","deaths",253.651772916654,71.9587690620003,50.0734089991503,95.1295723888496
172,"Equatorial Guinea",2015,"Cardiovascular diseases","deaths",258.122962544569,72.4676180550464,49.8254424541506,95.3245366467406
172,"Equatorial Guinea",2016,"Cardiovascular diseases","deaths",257.726429209872,72.2339219015442,49.8250774782133,96.0210758629778
172,"Equatorial Guinea",2017,"Cardiovascular diseases","deaths",261.423621030413,73.9417032158899,54.7084153051276,96.6281347727382
172,"Equatorial Guinea",2018,"Cardiovascular diseases","deaths",262.249509557261,74.5958260281691,54.7961510065254,96.989899325011
172,"Equatorial Guinea",2019,"Cardiovascular diseases","deaths",261.803108560215,74.8538624716589,55.1435145134427,97.2174580228994
172,"Equatorial Guinea",2020,"Cardiovascular diseases","deaths",268.915445191275,76.8631100648,57.4702367656514,99.476148595398
172,"Equatorial Guinea",2021,"Cardiovascular diseases","deaths",278.181799110911,80.4689414899538,61.1585418631205,102.221524688742
172,"Equatorial Guinea",2022,"Cardiovascular diseases","deaths",298.047861941915,87.7169736335687,68.4046569470358,109.295427929477
172,"Equatorial Guinea",2023,"Cardiovascular diseases","deaths",304.109910334889,92.1368051165702,70.5820108490153,113.96333618443
22,"Fiji",2014,"Cardiovascular diseases","deaths",429.914022742706,280.644756201288,258.547219268373,307.580756490451
22,"Fiji",2015,"Cardiovascular diseases","deaths",425.937367260084,282.087212892136,256.241813738155,311.375305706982
22,"Fiji",2016,"Cardiovascular diseases","deaths",422.007878191202,282.958727826884,254.375814086291,312.817716580298
22,"Fiji",2017,"Cardiovascular diseases","deaths",414.887842443268,282.595079998692,253.118706977656,310.945869433396
22,"Fiji",2018,"Cardiovascular diseases","deaths",410.451397179737,283.898968790955,250.786413486785,312.742953184743
22,"Fiji",2019,"Cardiovascular diseases","deaths",401.627643862867,281.510039806918,247.063218752513,311.791825674447
22,"Fiji",2020,"Cardiovascular diseases","deaths",397.166563579621,282.233099929682,246.822539608432,314.106220994038
22,"Fiji",2021,"Cardiovascular diseases","deaths",395.269077876687,285.35758152833,251.955959528709,318.084101353148
22,"Fiji",2022,"Cardiovascular diseases","deaths",409.17714314245,299.017061161332,265.120400466132,331.728852145605
22,"Fiji",2023,"Cardiovascular diseases","deaths",420.586017793331,310.415295746653,276.550143288199,346.462332847189
173,"Gabon",2014,"Cardiovascular diseases","deaths",217.448037359736,123.546986057146,95.6944029429866,151.821003956186
173,"Gabon",2015,"Cardiovascular diseases","deaths",222.813520795966,127.04567049172,98.9843564734347,157.027323375253
173,"Gabon",2016,"Cardiovascular diseases","deaths",219.332907484198,125.878582441739,97.0042625194361,156.734784517572
173,"Gabon",2017,"Cardiovascular diseases","deaths",214.948266412416,124.103766733603,96.0806624574109,156.026550249799
173,"Gabon",2018,"Cardiovascular diseases","deaths",212.193484253636,123.265543745531,96.5476799602993,156.011280329731
173,"Gabon",2019,"Cardiovascular diseases","deaths",210.651102723968,123.131537202811,96.4711594377204,154.171428706311
173,"Gabon",2020,"Cardiovascular diseases","deaths",213.036518356039,124.609612271988,97.0281936365523,155.130823781511
173,"Gabon",2021,"Cardiovascular diseases","deaths",208.810115787118,122.710911331052,96.3175790954564,152.564101711768
173,"Gabon",2022,"Cardiovascular diseases","deaths",223.267816295904,132.450820051227,105.18180959834,160.949451724828
173,"Gabon",2023,"Cardiovascular diseases","deaths",222.607812423958,133.834631370331,105.975570451989,160.888234113003
35,"Georgia",2014,"Cardiovascular diseases","deaths",460.978336527978,779.493369997953,736.501741060145,815.713988804372
35,"Georgia",2015,"Cardiovascular diseases","deaths",451.223001197081,764.912427725662,720.007529989377,803.564400548558
35,"Georgia",2016,"Cardiovascular diseases","deaths",433.57710807323,740.157805792656,699.736702785628,777.462074326836
35,"Georgia",2017,"Cardiovascular diseases","deaths",426.44434022916,728.011042859566,686.241094714125,760.8197401361
35,"Georgia",2018,"Cardiovascular diseases","deaths",419.201207040293,718.391372805776,680.027954083305,750.691984553949
35,"Georgia",2019,"Cardiovascular diseases","deaths",402.356951010203,690.843185300781,649.382502625962,720.170634007082
35,"Georgia",2020,"Cardiovascular diseases","deaths",407.615245760693,700.371190571436,663.24664214175,729.9971442964
35,"Georgia",2021,"Cardiovascular diseases","deaths",409.086212432556,699.840039303773,661.652398103835,729.801572468501
35,"Georgia",2022,"Cardiovascular diseases","deaths",397.152156328911,677.087745271492,633.376546307539,718.884831564991
35,"Georgia",2023,"Cardiovascular diseases","deaths",365.16756029009,628.446210998677,582.131095249568,671.779785787912
112,"Grenada",2014,"Cardiovascular diseases","deaths",206.074365373067,263.64830994242,248.429981226667,281.123424166974
112,"Grenada",2015,"Cardiovascular diseases","deaths",198.120108386174,250.006135654007,234.709836840236,263.941846817961
112,"Grenada",2016,"Cardiovascular diseases","deaths",200.490596188002,252.786752759955,235.884144668351,267.308035605738
112,"Grenada",2017,"Cardiovascular diseases","deaths",196.930325756768,253.680657892839,236.486615814743,268.552196138274
112,"Grenada",2018,"Cardiovascular diseases","deaths",199.827140746252,263.515583142998,244.999059763395,280.081451715264
112,"Grenada",2019,"Cardiovascular diseases","deaths",197.196900577236,269.017743243399,251.159053013835,286.881205201165
112,"Grenada",2020,"Cardiovascular diseases","deaths",205.656799225099,274.43370065471,258.791690626832,291.68380920947
112,"Grenada",2021,"Cardiovascular diseases","deaths",218.898525422079,292.096756087027,272.347197457946,311.247067269567
112,"Grenada",2022,"Cardiovascular diseases","deaths",206.134617767456,275.07532605851,252.069061137878,300.066552737169
112,"Grenada",2023,"Cardiovascular diseases","deaths",199.253481281817,271.908476857597,243.406429147923,298.38075380993
128,"Guatemala",2014,"Cardiovascular diseases","deaths",177.015329355211,85.8486601304945,79.9698374987538,89.4933618130145
128,"Guatemala",2015,"Cardiovascular diseases","deaths",177.956716603046,88.3869876203956,83.5604016809531,92.0965893876123
128,"Guatemala",2016,"Cardiovascular diseases","deaths",177.184845426174,89.7899063086712,84.7965368277666,93.6404334557438
128,"Guatemala",2017,"Cardiovascular diseases","deaths",178.322926230992,93.34852468423,88.2537365566533,97.0721524007576
128,"Guatemala",2018,"Cardiovascular diseases","deaths",178.481897168313,93.816010164534,88.8858514701028,97.4433980359552
128,"Guatemala",2019,"Cardiovascular diseases","deaths",180.647539330965,96.7016809624482,90.1916492147365,100.800358200885
128,"Guatemala",2020,"Cardiovascular diseases","deaths",196.478812454229,101.237525825857,96.3201300604331,104.87887930165
128,"Guatemala",2021,"Cardiovascular diseases","deaths",207.438669723506,106.963891266924,101.655866612502,110.960336166612
128,"Guatemala",2022,"Cardiovascular diseases","deaths",197.704670743993,104.580066414387,98.4358164592715,110.342880817864
128,"Guatemala",2023,"Cardiovascular diseases","deaths",181.725340695781,99.6918763285064,90.1565091569309,109.789813643129
11,"Indonesia",2014,"Cardiovascular diseases","deaths",306.85527119278,216.185750538531,191.606266995423,237.88374445406
11,"Indonesia",2015,"Cardiovascular diseases","deaths",306.859373056245,220.392283010102,195.466383918443,243.454022520845
11,"Indonesia",2016,"Cardiovascular diseases","deaths",302.219609822385,221.446012264304,195.818253294799,243.476765442416
11,"Indonesia",2017,"Cardiovascular diseases","deaths",294.555504093045,220.398560417052,194.958287913379,244.22572788971
11,"Indonesia",2018,"Cardiovascular diseases","deaths",290.17884820449,222.035227034364,195.593570500564,246.013527866264
11,"Indonesia",2019,"Cardiovascular diseases","deaths",284.830289586816,223.073152468567,196.163347730821,248.888009493393
11,"Indonesia",2020,"Cardiovascular diseases","deaths",285.770853268783,229.719495533833,201.445159135594,256.344323943261
11,"Indonesia",2021,"Cardiovascular diseases","deaths",302.585227044977,250.730009695724,219.637369162332,283.759481310752
11,"Indonesia",2022,"Cardiovascular diseases","deaths",278.293406334298,232.034756649778,196.839791651486,263.489740883257
11,"Indonesia",2023,"Cardiovascular diseases","deaths",277.237063985557,236.14103090568,204.878354838039,264.055046287559
142,"Iran (Islamic Republic of)",2014,"Cardiovascular diseases","deaths",283.932875741032,180.865376911213,160.379777723696,199.437491152108
142,"Iran (Islamic Republic of)",2015,"Cardiovascular diseases","deaths",282.134636839774,183.423971145908,163.903781266886,202.810669178913
142,"Iran (Islamic Republic of)",2016,"Cardiovascular diseases","deaths",275.395844131412,185.48457938469,164.392264451524,204.152133114845
142,"Iran (Islamic Republic of)",2017,"Cardiovascular diseases","deaths",265.33187269816,182.738827850341,160.861535018567,200.636563597622
142,"Iran (Islamic Republic of)",2018,"Cardiovascular diseases","deaths",258.858527925016,182.355239908739,157.95271019837,200.044589963584
142,"Iran (Islamic Republic of)",2019,"Cardiovascular diseases","deaths",248.868291656279,180.568414084306,152.468411750515,200.252834383732
142,"Iran (Islamic Republic of)",2020,"Cardiovascular diseases","deaths",244.667292988123,168.026182880929,143.162913310574,190.258085285036
142,"Iran (Islamic Republic of)",2021,"Cardiovascular diseases","deaths",224.912549023791,154.240648842563,126.209535650654,175.828104530574
142,"Iran (Islamic Republic of)",2022,"Cardiovascular diseases","deaths",216.365420078023,151.916023276958,125.758161785285,172.838938015177
142,"Iran (Islamic Republic of)",2023,"Cardiovascular diseases","deaths",217.504244109477,155.021768053014,130.568889653809,177.216089647534
143,"Iraq",2014,"Cardiovascular diseases","deaths",454.986596002043,176.480963955705,158.11686420284,193.368855462339
143,"Iraq",2015,"Cardiovascular diseases","deaths",453.474201901975,177.776212630191,158.009580193464,195.205310734607
143,"Iraq",2016,"Cardiovascular diseases","deaths",438.475512420884,174.615014056023,154.628561540711,192.83119611496
143,"Iraq",2017,"Cardiovascular diseases","deaths",428.648269778221,173.756159925809,154.379717033097,192.185981434777
143,"Iraq",2018,"Cardiovascular diseases","deaths",430.700614426142,178.550237374446,161.270828517317,197.484902362896
143,"Iraq",2019,"Cardiovascular diseases","deaths",427.180591144402,180.811738725633,161.342153300246,201.480879713008
143,"Iraq",2020,"Cardiovascular diseases","deaths",426.342320852819,184.022646585571,158.490440719343,210.514920942516
143,"Iraq",2021,"Cardiovascular diseases","deaths",413.560213181222,180.17641924212,153.423705105194,207.123118248595
143,"Iraq",2022,"Cardiovascular diseases","deaths",424.125574158695,186.88721282716,160.040304079409,211.306652286606
143,"Iraq",2023,"Cardiovascular diseases","deaths",429.664210312278,193.516654870945,165.24161736683,219.520879984639
115,"Jamaica",2014,"Cardiovascular diseases","deaths",192.082176837305,204.960232142884,187.809374796083,218.293910210054
115,"Jamaica",2015,"Cardiovascular diseases","deaths",199.372457404044,208.659180292406,190.550984487726,221.640831701507
115,"Jamaica",2016,"Cardiovascular diseases","deaths",202.624524925449,215.218433902029,197.881278125716,227.778755646644
115,"Jamaica",2017,"Cardiovascular diseases","deaths",202.640627479177,216.884819330511,202.326032146851,229.089404646544
115,"Jamaica",2018,"Cardiovascular diseases","deaths",200.243335181516,218.170324316059,201.522331586592,231.427571431928
115,"Jamaica",2019,"Cardiovascular diseases","deaths",195.96718084551,216.894941147428,200.150683364285,230.982379690156
115,"Jamaica",2020,"Cardiovascular diseases","deaths",194.832391850936,219.178571998801,202.979456870954,235.308022022222
115,"Jamaica",2021,"Cardiovascular diseases","deaths",197.566134318859,225.612185254953,208.516366931577,242.126812370264
115,"Jamaica",2022,"Cardiovascular diseases","deaths",191.443977982398,222.593264586153,203.174302976463,242.067332715832
115,"Jamaica",2023,"Cardiovascular diseases","deaths",186.458239808267,221.806296159581,197.034036232988,243.306186263523
36,"Kazakhstan",2014,"Cardiovascular diseases","deaths",451.324168655987,343.822149389727,326.339565782597,366.78771464505
36,"Kazakhstan",2015,"Cardiovascular diseases","deaths",394.075803201902,304.958933630464,289.34810077657,326.279510666651
36,"Kazakhstan",2016,"Cardiovascular diseases","deaths",359.883010602908,281.855676308582,266.662587082171,305.557239046615
36,"Kazakhstan",2017,"Cardiovascular diseases","deaths",348.369572142649,277.148747811511,260.384627949367,298.037778294611
36,"Kazakhstan",2018,"Cardiovascular diseases","deaths",341.121036286177,276.582632889675,261.251587532458,297.909552068693
36,"Kazakhstan",2019,"Cardiovascular diseases","deaths",333.93398474586,274.591187526341,257.830892369211,296.702271026332
36,"Kazakhstan",2020,"Cardiovascular diseases","deaths",341.239926050334,285.467099412916,269.673033212829,306.36085523583
36,"Kazakhstan",2021,"Cardiovascular diseases","deaths",341.362261982531,284.82147827414,269.660090024465,309.815628442858
36,"Kazakhstan",2022,"Cardiovascular diseases","deaths",287.731590940326,236.952126919561,220.051320600119,257.620181837511
36,"Kazakhstan",2023,"Cardiovascular diseases","deaths",294.383719587575,248.750076397349,233.149263883631,269.429947723259
147,"Libya",2014,"Cardiovascular diseases","deaths",364.492929306251,195.121341570627,166.602924564346,223.535228755416
147,"Libya",2015,"Cardiovascular diseases","deaths",366.538876886059,199.901579593592,172.911861309003,228.003581998507
147,"Libya",2016,"Cardiovascular diseases","deaths",363.873692009638,202.585550702072,174.168507890461,230.692632186329
147,"Libya",2017,"Cardiovascular diseases","deaths",358.399488494535,204.009163133299,174.965972932525,233.673186143025
147,"Libya",2018,"Cardiovascular diseases","deaths",362.172377006991,211.432122114761,181.16297148236,241.638609064989
147,"Libya",2019,"Cardiovascular diseases","deaths",356.338234868211,213.167103527818,181.532445387788,244.5101700073
147,"Libya",2020,"Cardiovascular diseases","deaths",374.384160640526,226.936261211106,186.268542589424,266.497827463693
147,"Libya",2021,"Cardiovascular diseases","deaths",401.842284400697,248.499858951088,198.879167435364,298.112730352779
147,"Libya",2022,"Cardiovascular diseases","deaths",371.371621541741,231.383211575346,192.762307853669,265.871836859134
147,"Libya",2023,"Cardiovascular diseases","deaths",367.97044384842,234.412804482252,199.09477861242,265.338427225469
13,"Malaysia",2014,"Cardiovascular diseases","deaths",238.372756052448,159.27152118758,147.611113948608,172.127326361224
13,"Malaysia",2015,"Cardiovascular diseases","deaths",237.971778098896,164.566327061041,152.523664270829,176.166984378698
13,"Malaysia",2016,"Cardiovascular diseases","deaths",237.694090961863,170.07007134663,157.492035224429,182.328169925562
13,"Malaysia",2017,"Cardiovascular diseases","deaths",236.452386357297,173.795981791107,159.82423745947,187.176246450563
13,"Malaysia",2018,"Cardiovascular diseases","deaths",236.919383613209,178.323452513911,163.980908683913,191.694659518283
13,"Malaysia",2019,"Cardiovascular diseases","deaths",229.780599605125,177.238552774459,161.659246132138,191.280235624604
13,"Malaysia",2020,"Cardiovascular diseases","deaths",220.927764033757,175.255902418674,160.918139409685,188.782289008148
13,"Malaysia",2021,"Cardiovascular diseases","deaths",227.883448835549,184.786674530815,168.327942304336,199.932591041235
13,"Malaysia",2022,"Cardiovascular diseases","deaths",247.962349332018,205.447271877012,186.039811112942,221.845624860109
13,"Malaysia",2023,"Cardiovascular diseases","deaths",229.405989640626,194.64142384045,176.218213620889,211.5840444126
14,"Maldives",2014,"Cardiovascular diseases","deaths",309.70340751483,141.917272632859,130.075058273191,153.950067727039
14,"Maldives",2015,"Cardiovascular diseases","deaths",305.062358633962,138.809518459495,126.90730737103,150.421716653877
14,"Maldives",2016,"Cardiovascular diseases","deaths",303.404802370951,137.285155254045,125.346640392265,149.029755597568
14,"Maldives",2017,"Cardiovascular diseases","deaths",301.454069139056,135.278337434883,123.504268652867,146.342838942781
14,"Maldives",2018,"Cardiovascular diseases","deaths",297.262191054436,132.641126546123,120.637847513494,143.456606349779
14,"Maldives",2019,"Cardiovascular diseases","deaths",292.011417965394,129.909240161439,117.113897566888,141.297169506302
14,"Maldives",2020,"Cardiovascular diseases","deaths",290.334944649334,127.387235305028,114.462442257047,139.353881110633
14,"Maldives",2021,"Cardiovascular diseases","deaths",299.727708830768,127.181953308237,113.292067388048,140.507680329941
14,"Maldives",2022,"Cardiovascular diseases","deaths",311.009911902435,130.910251319793,116.752977344665,145.540306128675
14,"Maldives",2023,"Cardiovascular diseases","deaths",325.29898440855,135.250730152529,120.637855282426,149.891001245324
24,"Marshall Islands",2014,"Cardiovascular diseases","deaths",714.828285531799,256.158674490837,209.698148658336,297.858887346612
24,"Marshall Islands",2015,"Cardiovascular diseases","deaths",710.055314296614,263.158943473212,216.535924170607,303.940809961942
24,"Marshall Islands",2016,"Cardiovascular diseases","deaths",706.060634631606,271.11418147315,224.034280668497,311.931166057402
24,"Marshall Islands",2017,"Cardiovascular diseases","deaths",700.720886587406,279.03987646243,230.08798231733,321.438458756473
24,"Marshall Islands",2018,"Cardiovascular diseases","deaths",694.311438218133,286.953917596571,236.978965502618,330.118568926682
24,"Marshall Islands",2019,"Cardiovascular diseases","deaths",686.328502907244,294.369339723699,245.80007625326,340.09331547431
24,"Marshall Islands",2020,"Cardiovascular diseases","deaths",690.6618880916,307.64582779767,260.079095344819,356.635528031427
24,"Marshall Islands",2021,"Cardiovascular diseases","deaths",727.812566231917,339.188809294669,281.637356170234,396.774349381426
24,"Marshall Islands",2022,"Cardiovascular diseases","deaths",709.557060317873,337.710780704821,284.210283303217,387.510800770253
24,"Marshall Islands",2023,"Cardiovascular diseases","deaths",713.371102075615,350.119887042999,298.468090127983,398.901322760614
183,"Mauritius",2014,"Cardiovascular diseases","deaths",205.747262944428,209.726494450375,195.236074053386,218.816073772942
183,"Mauritius",2015,"Cardiovascular diseases","deaths",208.20220065816,218.228121757588,203.715792812003,227.538239485987
183,"Mauritius",2016,"Cardiovascular diseases","deaths",209.952115791792,228.137334446169,212.781416353997,238.519829907364
183,"Mauritius",2017,"Cardiovascular diseases","deaths",204.726336229977,230.607069341859,214.307524764341,241.324066371493
183,"Mauritius",2018,"Cardiovascular diseases","deaths",211.340792733661,249.635882569092,233.015950544765,261.355770412166
183,"Mauritius",2019,"Cardiovascular diseases","deaths",204.648222581157,245.621423064691,229.17827794163,256.563146254295
183,"Mauritius",2020,"Cardiovascular diseases","deaths",207.427679348315,255.38079858889,239.601480790176,266.095223581515
183,"Mauritius",2021,"Cardiovascular diseases","deaths",224.188035425046,286.135450838939,269.982048191314,297.599338781634
183,"Mauritius",2022,"Cardiovascular diseases","deaths",228.725963271721,300.672592708208,282.652453258883,314.664370769097
183,"Mauritius",2023,"Cardiovascular diseases","deaths",237.8659584133,320.194236183348,298.845941372362,337.149981666369
130,"Mexico",2014,"Cardiovascular diseases","deaths",148.923014056814,116.872556173978,109.431212078568,120.882360485956
130,"Mexico",2015,"Cardiovascular diseases","deaths",150.746687598727,122.061468585677,114.298233733547,126.153797011613
130,"Mexico",2016,"Cardiovascular diseases","deaths",152.434882670671,126.907880047174,119.150058035662,131.242923264481
130,"Mexico",2017,"Cardiovascular diseases","deaths",154.434291939172,132.358516683518,124.774733290101,136.683190614161
130,"Mexico",2018,"Cardiovascular diseases","deaths",155.619486791914,137.022206456363,129.351856015384,141.686136493153
130,"Mexico",2019,"Cardiovascular diseases","deaths",156.032712180059,141.037758239042,132.377345592669,145.909064256203
130,"Mexico",2020,"Cardiovascular diseases","deaths",158.769688490215,146.071399014541,139.543875550303,150.094240794392
130,"Mexico",2021,"Cardiovascular diseases","deaths",163.346397123918,153.076598347818,145.998168105064,157.04184562492
130,"Mexico",2022,"Cardiovascular diseases","deaths",158.273716691988,151.495822391572,143.126399670236,156.264010989698
130,"Mexico",2023,"Cardiovascular diseases","deaths",151.359407848476,148.128265885175,138.30830095244,153.985235493437
38,"Mongolia",2014,"Cardiovascular diseases","deaths",440.283725876757,212.860615430238,194.844977964818,232.191078292392
38,"Mongolia",2015,"Cardiovascular diseases","deaths",419.751282932151,205.403178933661,188.432012671471,222.719160530814
38,"Mongolia",2016,"Cardiovascular diseases","deaths",395.768694704669,196.057209003423,180.34407060581,213.420121952315
38,"Mongolia",2017,"Cardiovascular diseases","deaths",369.213457692808,185.253441826617,169.710267381052,200.357282785411
38,"Mongolia",2018,"Cardiovascular diseases","deaths",347.792716297747,177.92541810965,164.697934277581,191.208877090276
38,"Mongolia",2019,"Cardiovascular diseases","deaths",326.412548704189,168.481444250412,156.227315795627,182.252994508185
38,"Mongolia",2020,"Cardiovascular diseases","deaths",317.479352502091,166.320490801791,154.855880800506,178.810216598632
38,"Mongolia",2021,"Cardiovascular diseases","deaths",346.472104014822,185.044531264587,171.0275342968,199.100627958789
38,"Mongolia",2022,"Cardiovascular diseases","deaths",342.111309096044,186.311613401178,168.659845825706,200.433104507907
38,"Mongolia",2023,"Cardiovascular diseases","deaths",315.784068319153,179.178303843967,160.814872047168,197.043750202286
50,"Montenegro",2014,"Cardiovascular diseases","deaths",393.261459436825,552.649668982316,508.552994810295,601.381953424116
50,"Montenegro",2015,"Cardiovascular diseases","deaths",387.138813318217,575.505013564319,529.893198504459,624.496498631207
50,"Montenegro",2016,"Cardiovascular diseases","deaths",374.107542170565,569.887820531695,520.011251470076,624.555100551479
50,"Montenegro",2017,"Cardiovascular diseases","deaths",363.033355951876,503.498577084457,457.488135533378,553.174385269471
50,"Montenegro",2018,"Cardiovascular diseases","deaths",356.243247836431,565.332944106015,507.005184067811,623.450738427475
50,"Montenegro",2019,"Cardiovascular diseases","deaths",344.71973102202,465.278743021907,415.93320993965,512.415822593899
50,"Montenegro",2020,"Cardiovascular diseases","deaths",342.961069325906,525.988420349217,472.525470992433,581.451453967506
50,"Montenegro",2021,"Cardiovascular diseases","deaths",331.915837476195,537.562957324881,476.584185871125,609.094758225059
50,"Montenegro",2022,"Cardiovascular diseases","deaths",330.232213825897,549.850944810784,490.441360395251,612.65549884556
50,"Montenegro",2023,"Cardiovascular diseases","deaths",330.701061028198,543.882474751562,491.690128767585,597.980804162796
195,"Namibia",2014,"Cardiovascular diseases","deaths",206.652885090979,108.8691667023,90.6766959998712,130.092386605408
195,"Namibia",2015,"Cardiovascular diseases","deaths",205.00965623582,108.46675041501,90.3627153433319,129.062898580323
195,"Namibia",2016,"Cardiovascular diseases","deaths",200.540067283571,106.630591203936,88.8335944743649,127.109068781381
195,"Namibia",2017,"Cardiovascular diseases","deaths",193.611497175479,103.436406498371,86.0309161608528,124.420607006435
195,"Namibia",2018,"Cardiovascular diseases","deaths",190.511381439299,102.327504624311,84.6495543463051,123.975984185393
195,"Namibia",2019,"Cardiovascular diseases","deaths",188.818139903448,102.183467974706,84.3401114765527,124.196555219558
195,"Namibia",2020,"Cardiovascular diseases","deaths",182.857509224108,99.3299230702019,81.2466555377671,120.283951408198
195,"Namibia",2021,"Cardiovascular diseases","deaths",205.419120316706,109.741380676355,89.4770711020523,134.718800271277
195,"Namibia",2022,"Cardiovascular diseases","deaths",189.942624946911,99.7843670214039,80.8728995071229,121.378847341299
195,"Namibia",2023,"Cardiovascular diseases","deaths",189.115827601033,100.048624755084,80.1861398283225,121.673709474165
49,"North Macedonia",2014,"Cardiovascular diseases","deaths",448.045160572397,564.480791486281,535.084469154237,590.070524213327
49,"North Macedonia",2015,"Cardiovascular diseases","deaths",438.538756930548,583.800711480133,556.094279833617,611.676288513665
49,"North Macedonia",2016,"Cardiovascular diseases","deaths",425.524856595895,574.133694072353,543.794927801651,603.841463128704
49,"North Macedonia",2017,"Cardiovascular diseases","deaths",418.006124687983,583.143617061934,551.23034823814,613.57606410129
49,"North Macedonia",2018,"Cardiovascular diseases","deaths",409.669014775165,569.332494855348,534.672424256929,600.009964136208
49,"North Macedonia",2019,"Cardiovascular diseases","deaths",402.402445108361,591.681903747157,556.27516058298,622.668842532397
49,"North Macedonia",2020,"Cardiovascular diseases","deaths",382.774078553891,602.467004673209,569.008168038713,631.737053782663
49,"North Macedonia",2021,"Cardiovascular diseases","deaths",372.978886662086,568.903614813017,536.352632768814,598.900567325081
49,"North Macedonia",2022,"Cardiovascular diseases","deaths",376.341680487296,597.19112133651,555.406194144491,632.879889739399
49,"North Macedonia",2023,"Cardiovascular diseases","deaths",370.159310641427,605.786147843046,562.543759494407,649.628631766979
136,"Paraguay",2014,"Cardiovascular diseases","deaths",229.376970753248,162.023200865956,149.856089902373,175.819701916442
136,"Paraguay",2015,"Cardiovascular diseases","deaths",231.22454487838,165.378544209279,151.77843504808,180.121955917263
136,"Paraguay",2016,"Cardiovascular diseases","deaths",234.435867270536,169.763568994138,156.667107421104,184.561464363334
136,"Paraguay",2017,"Cardiovascular diseases","deaths",237.966985960861,174.393777437459,159.09645911751,190.550391775775
136,"Paraguay",2018,"Cardiovascular diseases","deaths",239.762554427493,178.154900553196,162.173243047646,195.388978679499
136,"Paraguay",2019,"Cardiovascular diseases","deaths",241.070753626196,181.882775104265,166.758493655644,198.612032493276
136,"Paraguay",2020,"Cardiovascular diseases","deaths",241.868848879788,184.481917145584,169.267468918659,199.692780514572
136,"Paraguay",2021,"Cardiovascular diseases","deaths",247.22520271607,187.85725263809,174.408705338677,200.180802601984
136,"Paraguay",2022,"Cardiovascular diseases","deaths",226.175885359548,170.674871466533,153.588850940353,186.19180215518
136,"Paraguay",2023,"Cardiovascular diseases","deaths",225.765652253482,174.168417865484,156.061725950973,192.663508960338
123,"Peru",2014,"Cardiovascular diseases","deaths",71.9747864323111,61.5218304509412,54.4251168330149,68.453664244266
123,"Peru",2015,"Cardiovascular diseases","deaths",69.6043736487323,60.2665306605966,53.4683183659076,67.1745088606594
123,"Peru",2016,"Cardiovascular diseases","deaths",70.943830645249,62.9410273041391,56.2921393204203,69.1670978306495
123,"Peru",2017,"Cardiovascular diseases","deaths",75.4799931123373,72.846311038948,65.7154085023636,79.6655028280413
123,"Peru",2018,"Cardiovascular diseases","deaths",78.8804443048693,76.7078189467551,69.0415912020596,84.4117570792623
123,"Peru",2019,"Cardiovascular diseases","deaths",79.5317682783051,80.3728336838515,73.1924243979214,88.8955420822295
123,"Peru",2020,"Cardiovascular diseases","deaths",80.7337856331262,81.321491072011,73.4745937777664,90.8198386894257
123,"Peru",2021,"Cardiovascular diseases","deaths",90.453344754664,94.8211766839794,83.7719697195584,106.314375959726
123,"Peru",2022,"Cardiovascular diseases","deaths",83.61192505869,91.1894337614786,79.2018002569242,104.233008563478
123,"Peru",2023,"Cardiovascular diseases","deaths",88.9707508844365,87.7578157158242,74.8543904274741,102.578558062379
61,"Republic of Moldova",2014,"Cardiovascular diseases","deaths",451.207755151928,645.103680295317,606.216613950358,671.768374702808
61,"Republic of Moldova",2015,"Cardiovascular diseases","deaths",444.973722313785,650.412118536203,612.631104256378,679.37858841816
61,"Republic of Moldova",2016,"Cardiovascular diseases","deaths",427.125511688009,637.069889187372,593.873000359805,666.200906071933
61,"Republic of Moldova",2017,"Cardiovascular diseases","deaths",408.14376142785,623.776124900605,580.124070984722,649.754863617029
61,"Republic of Moldova",2018,"Cardiovascular diseases","deaths",389.4049468334,610.380495659568,561.335627862812,638.050915635437
61,"Republic of Moldova",2019,"Cardiovascular diseases","deaths",360.398463897112,580.391013969412,536.152692546259,608.972262069713
61,"Republic of Moldova",2020,"Cardiovascular diseases","deaths",325.886993382126,538.232637248384,509.107952427347,557.579564719508
61,"Republic of Moldova",2021,"Cardiovascular diseases","deaths",308.869756686469,519.456348292286,495.583438057442,539.527822557913
61,"Republic of Moldova",2022,"Cardiovascular diseases","deaths",320.763542395475,552.613325630065,508.407859330224,580.288469212621
61,"Republic of Moldova",2023,"Cardiovascular diseases","deaths",316.738162378193,564.457768975245,514.139812582003,599.813777384897
116,"Saint Lucia",2014,"Cardiovascular diseases","deaths",170.583766400248,198.063614290719,179.447649843095,213.524913655135
116,"Saint Lucia",2015,"Cardiovascular diseases","deaths",170.305292381638,194.986631515256,178.083494257119,209.63751549045
116,"Saint Lucia",2016,"Cardiovascular diseases","deaths",169.529146837877,191.511047922606,176.578100070404,204.589115275627
116,"Saint Lucia",2017,"Cardiovascular diseases","deaths",165.526754092713,191.428328221497,175.337230725883,204.990772343208
116,"Saint Lucia",2018,"Cardiovascular diseases","deaths",162.114400184831,196.062528951073,179.027532481139,209.882888327479
116,"Saint Lucia",2019,"Cardiovascular diseases","deaths",158.866118118632,197.65343268262,179.348752516881,210.179175748191
116,"Saint Lucia",2020,"Cardiovascular diseases","deaths",159.413893537746,202.442616162727,185.68927803178,215.822955612106
116,"Saint Lucia",2021,"Cardiovascular diseases","deaths",163.989163789301,212.417567531066,196.534040820501,229.069793136895
116,"Saint Lucia",2022,"Cardiovascular diseases","deaths",160.651283307313,212.302788062775,192.363981608283,232.718769637443
116,"Saint Lucia",2023,"Cardiovascular diseases","deaths",162.740338405084,221.575148981195,194.388889780759,242.439912732466
117,"Saint Vincent and the Grenadines",2014,"Cardiovascular diseases","deaths",240.86089610721,274.028551232327,255.007974520911,291.458712895294
117,"Saint Vincent and the Grenadines",2015,"Cardiovascular diseases","deaths",228.380426694035,264.644654020603,243.693118817556,282.483364884516
117,"Saint Vincent and the Grenadines",2016,"Cardiovascular diseases","deaths",229.133286136135,269.436398832969,250.712655415168,287.126181590165
117,"Saint Vincent and the Grenadines",2017,"Cardiovascular diseases","deaths",227.583235021881,273.7018273063,252.400908747066,292.776266534155
117,"Saint Vincent and the Grenadines",2018,"Cardiovascular diseases","deaths",226.497426478989,272.462235519889,254.006869627562,290.641324187243
117,"Saint Vincent and the Grenadines",2019,"Cardiovascular diseases","deaths",222.876714073327,284.776226611483,264.872141984948,303.333691327031
117,"Saint Vincent and the Grenadines",2020,"Cardiovascular diseases","deaths",228.832483789882,291.883457708258,272.591532682948,311.555941029706
117,"Saint Vincent and the Grenadines",2021,"Cardiovascular diseases","deaths",227.759185880438,305.387894843851,281.68626523619,328.022987705457
117,"Saint Vincent and the Grenadines",2022,"Cardiovascular diseases","deaths",229.115503307772,315.856453631825,287.296668027006,345.414254373768
117,"Saint Vincent and the Grenadines",2023,"Cardiovascular diseases","deaths",229.129898976823,325.419425068294,289.689226466342,358.905831080788
53,"Serbia",2014,"Cardiovascular diseases","deaths",481.493408682392,692.219230805981,655.917882082273,729.333720951502
53,"Serbia",2015,"Cardiovascular diseases","deaths",473.628272208718,703.720110274327,665.092032495418,740.036080041195
53,"Serbia",2016,"Cardiovascular diseases","deaths",461.605253003577,686.426779459307,650.757916394247,724.161780243345
53,"Serbia",2017,"Cardiovascular diseases","deaths",453.30467515338,700.094242793111,663.428936067258,737.830120150431
53,"Serbia",2018,"Cardiovascular diseases","deaths",445.294986073477,688.724365382601,649.47480396673,724.553091793024
53,"Serbia",2019,"Cardiovascular diseases","deaths",437.133875895196,679.23239933311,636.976513175032,710.623458549695
53,"Serbia",2020,"Cardiovascular diseases","deaths",435.308600923549,693.762293559539,648.280498522931,722.381038778231
53,"Serbia",2021,"Cardiovascular diseases","deaths",436.185680063065,704.634858599891,646.452065719483,735.458222015892
53,"Serbia",2022,"Cardiovascular diseases","deaths",427.867800328267,676.765319462097,621.685764663517,715.766150167558
53,"Serbia",2023,"Cardiovascular diseases","deaths",421.416783828749,679.594505922821,598.578893573811,744.156266575152
196,"South Africa",2014,"Cardiovascular diseases","deaths",253.940952969609,169.398999450299,154.782508316818,184.366432101847
196,"South Africa",2015,"Cardiovascular diseases","deaths",253.132386832841,170.156471455568,156.24815913773,185.255677910742
196,"South Africa",2016,"Cardiovascular diseases","deaths",247.221048266145,167.755384237141,154.859289308651,181.282064631518
196,"South Africa",2017,"Cardiovascular diseases","deaths",237.964568223361,163.330624500139,148.939903428783,177.409945435572
196,"South Africa",2018,"Cardiovascular diseases","deaths",232.966032475899,161.621811065211,146.397604801994,173.990582266758
196,"South Africa",2019,"Cardiovascular diseases","deaths",218.178789265068,153.585523053287,139.233115138229,166.052010951531
196,"South Africa",2020,"Cardiovascular diseases","deaths",200.894569789295,143.50644347674,130.998146897658,154.970875190971
196,"South Africa",2021,"Cardiovascular diseases","deaths",203.366036071519,145.354086024563,134.089782326426,156.519495400701
196,"South Africa",2022,"Cardiovascular diseases","deaths",197.757452048788,144.433917668899,130.582735768728,157.339873581766
196,"South Africa",2023,"Cardiovascular diseases","deaths",200.21516361993,149.179945469806,133.831804509364,164.698033251473
118,"Suriname",2014,"Cardiovascular diseases","deaths",241.191022289133,206.157992249894,193.83585110497,223.422669228358
118,"Suriname",2015,"Cardiovascular diseases","deaths",239.853116440043,213.450619099867,199.348194379065,231.925178848363
118,"Suriname",2016,"Cardiovascular diseases","deaths",239.981748304479,216.884079006665,202.968926037944,236.044836395941
118,"Suriname",2017,"Cardiovascular diseases","deaths",240.272393626007,221.60381656992,206.894332440723,240.588734687883
118,"Suriname",2018,"Cardiovascular diseases","deaths",239.80114903714,228.56904909152,211.918177401685,250.279259650699
118,"Suriname",2019,"Cardiovascular diseases","deaths",237.40418174665,233.238783534083,215.680443849907,256.444887315183
118,"Suriname",2020,"Cardiovascular diseases","deaths",232.222916800956,231.064356974995,214.309198217542,256.688223503195
118,"Suriname",2021,"Cardiovascular diseases","deaths",245.464378678234,253.547268638613,234.793376700547,288.380612065849
118,"Suriname",2022,"Cardiovascular diseases","deaths",222.98570590492,230.046809308035,212.512172804932,260.054702683006
118,"Suriname",2023,"Cardiovascular diseases","deaths",217.416478250567,228.758227587101,208.051149852403,256.781568797423
18,"Thailand",2014,"Cardiovascular diseases","deaths",127.010536559286,153.048285195885,135.648916131498,167.181034567165
18,"Thailand",2015,"Cardiovascular diseases","deaths",124.235318125664,156.506762473653,139.638352726085,169.552075759357
18,"Thailand",2016,"Cardiovascular diseases","deaths",122.281572718283,161.18568730215,144.851026031652,175.181231831235
18,"Thailand",2017,"Cardiovascular diseases","deaths",111.473914101347,153.566844222869,138.447658461681,167.741108006233
18,"Thailand",2018,"Cardiovascular diseases","deaths",106.225036892413,152.655942603112,139.33047402784,167.337532911514
18,"Thailand",2019,"Cardiovascular diseases","deaths",107.148077780824,160.318607591945,144.347651272238,175.986159947799
18,"Thailand",2020,"Cardiovascular diseases","deaths",104.803083736978,162.866672686984,149.283268917646,179.36380845238
18,"Thailand",2021,"Cardiovascular diseases","deaths",104.445181644007,168.244625877455,153.930135713959,186.484821184009
18,"Thailand",2022,"Cardiovascular diseases","deaths",111.48123339485,185.837653060372,168.535342229912,204.93933481963
18,"Thailand",2023,"Cardiovascular diseases","deaths",105.266235965089,180.98726916229,160.371264085167,198.906799512924
29,"Tonga",2014,"Cardiovascular diseases","deaths",345.249397238546,231.656705409562,198.435981229828,264.990829628715
29,"Tonga",2015,"Cardiovascular diseases","deaths",342.545102010506,233.171491008589,199.468962268092,266.410576640994
29,"Tonga",2016,"Cardiovascular diseases","deaths",339.656800303777,234.668600019567,198.558485507952,267.872199287513
29,"Tonga",2017,"Cardiovascular diseases","deaths",335.62773846014,235.433948213268,199.804449008577,269.390485319994
29,"Tonga",2018,"Cardiovascular diseases","deaths",332.331427255872,236.802331991858,200.508094343425,273.508047978315
29,"Tonga",2019,"Cardiovascular diseases","deaths",328.48931610431,237.790428561866,198.661882751509,277.816341068589
29,"Tonga",2020,"Cardiovascular diseases","deaths",333.393968499702,245.110942481421,203.269631790186,291.329820782952
29,"Tonga",2021,"Cardiovascular diseases","deaths",358.430587002674,267.677237525238,218.209274232411,322.378330097848
29,"Tonga",2022,"Cardiovascular diseases","deaths",346.142559413588,260.53462985699,217.426204670324,306.132557033116
29,"Tonga",2023,"Cardiovascular diseases","deaths",349.800605405101,266.581700417121,220.634315418569,312.164146448563
40,"Turkmenistan",2014,"Cardiovascular diseases","deaths",557.15663746579,307.615597873871,294.364263821517,319.354495858198
40,"Turkmenistan",2015,"Cardiovascular diseases","deaths",551.320655317614,307.540635891235,294.501032356656,319.979899067018
40,"Turkmenistan",2016,"Cardiovascular diseases","deaths",544.097433366541,310.576277414623,295.635465851665,325.543272517134
40,"Turkmenistan",2017,"Cardiovascular diseases","deaths",540.923321392417,315.835815790752,297.768434973922,334.62237198017
40,"Turkmenistan",2018,"Cardiovascular diseases","deaths",534.857688860127,319.511774932429,301.798473187905,338.866769677914
40,"Turkmenistan",2019,"Cardiovascular diseases","deaths",526.396552218974,321.372123366755,304.122677431741,338.655509147136
40,"Turkmenistan",2020,"Cardiovascular diseases","deaths",517.300389691972,323.74557728426,303.156287412229,345.531875879724
40,"Turkmenistan",2021,"Cardiovascular diseases","deaths",517.526502681728,331.507926262896,306.465062947629,358.910987329508
40,"Turkmenistan",2022,"Cardiovascular diseases","deaths",510.586220849902,331.232594232894,307.472846467818,356.863020337152
40,"Turkmenistan",2023,"Cardiovascular diseases","deaths",506.271191201182,335.033875122315,307.63195512508,366.026683365036
416,"Tuvalu",2014,"Cardiovascular diseases","deaths",722.921267060207,470.905730128207,395.257683303719,539.197359619751
416,"Tuvalu",2015,"Cardiovascular diseases","deaths",718.196379856526,469.890376242439,404.102617176737,540.567641371827
416,"Tuvalu",2016,"Cardiovascular diseases","deaths",713.2533931028,471.271019640853,405.745483831761,540.262996651663
416,"Tuvalu",2017,"Cardiovascular diseases","deaths",708.656732694498,468.97137152617,401.385315571087,541.623195162731
416,"Tuvalu",2018,"Cardiovascular diseases","deaths",701.060114311033,466.600399298254,401.472268186695,540.153371405213
416,"Tuvalu",2019,"Cardiovascular diseases","deaths",688.233951491146,462.219864876089,396.38345717964,534.927340574022
416,"Tuvalu",2020,"Cardiovascular diseases","deaths",700.522896536025,470.376149531237,404.998394152351,547.24621016332
416,"Tuvalu",2021,"Cardiovascular diseases","deaths",743.188587989039,503.303034538751,424.05129046561,584.623887631057
416,"Tuvalu",2022,"Cardiovascular diseases","deaths",707.739547734016,475.373264334763,408.112384304069,549.020498390742
416,"Tuvalu",2023,"Cardiovascular diseases","deaths",678.56468062238,465.8389528138,402.137955605714,540.883097343762
155,"T<c3><bc>rkiye",2014,"Cardiovascular diseases","deaths",261.391071440529,225.613156006919,205.283525207461,242.404192401992
155,"T<c3><bc>rkiye",2015,"Cardiovascular diseases","deaths",265.501275321516,233.50236144877,215.028234530512,249.7446862182
155,"T<c3><bc>rkiye",2016,"Cardiovascular diseases","deaths",266.329920717282,237.127223113756,218.023923972825,253.829524298912
155,"T<c3><bc>rkiye",2017,"Cardiovascular diseases","deaths",258.793876908415,233.958417367036,214.26407612082,252.735455318758
155,"T<c3><bc>rkiye",2018,"Cardiovascular diseases","deaths",250.089822015305,230.638540874336,207.833123731233,251.983896015756
155,"T<c3><bc>rkiye",2019,"Cardiovascular diseases","deaths",246.504498761429,232.995791898393,206.131431628676,253.740047551754
155,"T<c3><bc>rkiye",2020,"Cardiovascular diseases","deaths",247.832805699983,239.876275957432,212.650390280283,263.921899897672
155,"T<c3><bc>rkiye",2021,"Cardiovascular diseases","deaths",249.311631461865,244.608722973269,214.775069996405,270.797831674947
155,"T<c3><bc>rkiye",2022,"Cardiovascular diseases","deaths",236.175266755024,235.443309386429,204.447589460671,263.561171033544
155,"T<c3><bc>rkiye",2023,"Cardiovascular diseases","deaths",219.273978443502,225.007822664482,188.564923720402,261.721860465601
63,"Ukraine",2014,"Cardiovascular diseases","deaths",561.213196050681,931.296870225912,881.198592186652,957.782682503999
63,"Ukraine",2015,"Cardiovascular diseases","deaths",529.504362880025,891.412976649529,840.572554292054,915.926987630579
63,"Ukraine",2016,"Cardiovascular diseases","deaths",515.022638390997,883.984821752592,835.710380021495,908.826144277058
63,"Ukraine",2017,"Cardiovascular diseases","deaths",518.202096940257,907.590053927438,855.456140402774,934.695877214865
63,"Ukraine",2018,"Cardiovascular diseases","deaths",504.289333973876,892.552304426969,836.25672593451,920.514279002229
63,"Ukraine",2019,"Cardiovascular diseases","deaths",501.840350144709,897.910958045764,844.534885715486,927.547536162108
63,"Ukraine",2020,"Cardiovascular diseases","deaths",514.649091807904,935.208810322901,887.21393386795,964.545671127213
63,"Ukraine",2021,"Cardiovascular diseases","deaths",476.933180878918,861.450546556058,819.518559981544,890.752385522492
63,"Ukraine",2022,"Cardiovascular diseases","deaths",436.473537408519,787.902657528833,733.868520094163,840.241355257757
63,"Ukraine",2023,"Cardiovascular diseases","deaths",427.549222381765,842.3085553506,771.642369497945,915.652872099585
133,"Venezuela (Bolivarian Republic of)",2014,"Cardiovascular diseases","deaths",252.052904006176,158.566440129683,150.102983427241,163.824127847976
133,"Venezuela (Bolivarian Republic of)",2015,"Cardiovascular diseases","deaths",258.201889038094,166.414456193991,158.085434928883,171.36124206527
133,"Venezuela (Bolivarian Republic of)",2016,"Cardiovascular diseases","deaths",264.951600489243,175.688475063874,166.687941877953,181.416539280893
133,"Venezuela (Bolivarian Republic of)",2017,"Cardiovascular diseases","deaths",269.834935146871,182.136019155024,172.697686751363,188.25215719618
133,"Venezuela (Bolivarian Republic of)",2018,"Cardiovascular diseases","deaths",285.148791934067,197.317473233299,185.678635405313,205.426272852174
133,"Venezuela (Bolivarian Republic of)",2019,"Cardiovascular diseases","deaths",305.621637008296,227.05477389975,214.070053079643,236.959632974018
133,"Venezuela (Bolivarian Republic of)",2020,"Cardiovascular diseases","deaths",315.028751310904,254.221021265384,239.525877994581,266.542721926746
133,"Venezuela (Bolivarian Republic of)",2021,"Cardiovascular diseases","deaths",319.632395458375,271.548039406251,253.48339046483,288.194364314585
133,"Venezuela (Bolivarian Republic of)",2022,"Cardiovascular diseases","deaths",327.470623257712,289.98267854227,268.133382961113,310.995441906254
133,"Venezuela (Bolivarian Republic of)",2023,"Cardiovascular diseases","deaths",344.544381817805,323.367428570154,301.472344615035,344.314411225448
